4566.56494140625 -3263.563232421875 6259.40234375 1906.228515625 -9029.0087890625 7471.31494140625 4310.23828125 3680.154052734375 -8350.283203125 -3033.413330078125 -3496.595458984375 6494.16748046875 1964.7464599609375 4414.10009765625 -2044.27197265625 -7496.357421875 179.13983154296875 -10764.787109375 5640.0673828125 592.1558837890625 output 2 10 1 9 8 5 3 6 7 4 indices 2 -1 3 4 -1 1 3 4 2 1 -1 4 9 -1 1 2 2 1 3 4 -1 4 1 2 2 1 3 4 -1 6 1 2 -1 8 1 2 2 1 3 4 value 0.0 0.0 0.0 0.0 0.0 0.0 0.0 0.0 0.0 0.0 0.0 0.0 1.0 1.0 0.0 0.0 0.0 0.0 0.0 0.0 1.0 1.0 0.0 0.0 0.0 0.0 0.0 0.0 1.0 1.0 0.0 0.0 3.0 1.0 0.0 0.0 0.0 0.0 0.0 0.0 
2577.349609375 -8092.119140625 -10068.0439453125 7816.62646484375 1274.225341796875 -4473.52099609375 4567.2099609375 -3693.781494140625 -2069.077392578125 53.00236892700195 8637.65625 8870.408203125 -4895.97509765625 -3396.939453125 -2028.6441650390625 -8886.0712890625 -4290.16015625 10067.455078125 6295.4599609375 1734.9398193359375 output 1 3 4 10 6 9 2 5 7 8 indices 2 -1 3 4 -1 1 3 4 2 1 -1 4 2 1 3 -1 6 -1 1 2 -1 8 1 2 2 1 3 4 -1 5 1 2 2 1 3 4 2 1 3 4 value 0.0 0.0 0.0 0.0 0.0 0.0 0.0 0.0 0.0 0.0 0.0 0.0 0.0 0.0 0.0 0.0 1.0 1.0 0.0 0.0 3.0 1.0 0.0 0.0 0.0 0.0 0.0 0.0 3.0 1.0 0.0 0.0 0.0 0.0 0.0 0.0 0.0 0.0 0.0 0.0 
-8474.3564453125 -5826.97119140625 -2810.251953125 8394.4462890625 -7679.32421875 6156.64111328125 -7664.76123046875 -4229.99365234375 2628.789794921875 1341.450927734375 8173.056640625 -2761.217041015625 7867.16943359375 7545.7412109375 3385.768310546875 -10599.990234375 5022.3193359375 7025.87109375 -448.4101867675781 -7045.97900390625 output 7 9 2 3 4 1 10 8 6 5 indices 2 -1 3 4 -1 1 3 4 2 1 -1 4 2 1 3 -1 2 1 3 4 2 1 3 4 -1 8 1 2 -1 10 1 2 2 1 3 4 -1 7 1 2 value 0.0 0.0 0.0 0.0 0.0 0.0 0.0 0.0 0.0 0.0 0.0 0.0 0.0 0.0 0.0 0.0 0.0 0.0 0.0 0.0 0.0 0.0 0.0 0.0 3.0 1.0 0.0 0.0 3.0 1.0 0.0 0.0 0.0 0.0 0.0 0.0 1.0 1.0 0.0 0.0 
-2154.081298828125 -1701.3741455078125 1656.310302734375 3962.658203125 -3412.117431640625 3315.596435546875 2305.571533203125 -376.0969543457031 -5445.1337890625 1154.331787109375 -1067.337890625 4530.4501953125 866.5752563476562 -1690.828857421875 5664.6240234375 -2896.11279296875 2605.4248046875 5034.34033203125 -1019.8358154296875 -11332.9638671875 output 1 5 3 6 9 2 4 7 8 10 indices 9 -1 2 3 -1 1 3 4 2 1 -1 4 2 1 3 -1 2 1 3 4 2 1 3 4 2 1 3 4 2 1 3 4 -1 10 1 2 -1 1 2 3 value 1.0 1.0 0.0 0.0 0.0 0.0 0.0 0.0 0.0 0.0 0.0 0.0 0.0 0.0 0.0 0.0 0.0 0.0 0.0 0.0 0.0 0.0 0.0 0.0 0.0 0.0 0.0 0.0 0.0 0.0 0.0 0.0 3.0 1.0 0.0 0.0 3.0 1.0 0.0 0.0 
5881.693359375 -6588.41015625 -6778.9970703125 4304.0634765625 6450.17578125 -6434.01025390625 354.2031555175781 7378.48876953125 -2001.52197265625 6837.20849609375 5379.4375 1849.9866943359375 3667.710205078125 -7029.50048828125 2376.79150390625 7325.1083984375 -10900.9931640625 -6031.7626953125 -4428.4990234375 -1611.1722412109375 output 2 5 4 8 6 3 1 7 10 9 indices 2 -1 3 4 -1 1 3 4 2 1 -1 4 2 1 3 -1 2 1 3 4 2 1 3 4 -1 10 1 2 -1 7 1 2 2 1 3 4 -1 8 1 2 value 0.0 0.0 0.0 0.0 0.0 0.0 0.0 0.0 0.0 0.0 0.0 0.0 0.0 0.0 0.0 0.0 0.0 0.0 0.0 0.0 0.0 0.0 0.0 0.0 3.0 1.0 0.0 0.0 3.0 1.0 0.0 0.0 0.0 0.0 0.0 0.0 1.0 1.0 0.0 0.0 
2806.082275390625 4730.18603515625 -2726.346923828125 -8268.689453125 7307.07958984375 -3928.183837890625 -8023.32666015625 6811.99365234375 -1767.0357666015625 -6758.38916015625 2979.333984375 5516.3740234375 -953.3795166015625 6091.57470703125 187.41929626464844 -1669.4000244140625 -5823.3623046875 3945.344970703125 6013.5361328125 -6470.81103515625 output 6 1 3 10 2 5 8 9 4 7 indices 2 -1 3 4 -1 8 1 3 2 1 -1 4 2 1 3 -1 2 1 3 4 -1 2 1 3 2 1 3 4 -1 6 1 2 2 1 3 4 2 1 3 4 value 0.0 0.0 0.0 0.0 3.0 1.0 0.0 0.0 0.0 0.0 0.0 0.0 0.0 0.0 0.0 0.0 0.0 0.0 0.0 0.0 3.0 1.0 0.0 0.0 0.0 0.0 0.0 0.0 1.0 1.0 0.0 0.0 0.0 0.0 0.0 0.0 0.0 0.0 0.0 0.0 
-2415.33056640625 2479.543212890625 106.68285369873047 4453.91162109375 2880.60693359375 7826.40966796875 1627.531982421875 1123.5399169921875 5265.07568359375 -5225.09716796875 -8067.8056640625 -7725.6318359375 -662.6748046875 -1900.3001708984375 -6576.37158203125 -2458.564697265625 3212.10546875 4763.75244140625 4630.17919921875 -3337.56201171875 output 9 3 2 1 8 6 7 5 10 4 indices 2 -1 3 4 -1 1 3 4 -1 6 1 2 2 1 3 -1 2 1 3 4 -1 7 1 2 -1 3 1 2 2 1 3 4 2 1 3 4 2 1 3 4 value 0.0 0.0 0.0 0.0 0.0 0.0 0.0 0.0 3.0 1.0 0.0 0.0 0.0 0.0 0.0 0.0 0.0 0.0 0.0 0.0 3.0 1.0 0.0 0.0 1.0 1.0 0.0 0.0 0.0 0.0 0.0 0.0 0.0 0.0 0.0 0.0 0.0 0.0 0.0 0.0 
-4149.49169921875 3000.572265625 -3567.571533203125 3610.212890625 1709.7177734375 -8592.0556640625 4120.13623046875 11051.31640625 -1220.8192138671875 -6630.49072265625 6446.27587890625 3657.76513671875 -3961.59423828125 5509.4130859375 7263.31005859375 2503.27783203125 -11031.455078125 -6040.39501953125 4391.49169921875 -8069.61572265625 output 2 1 9 5 3 10 8 6 4 7 indices 2 -1 3 4 -1 1 3 4 -1 5 1 2 -1 3 1 2 -1 4 1 2 2 1 3 4 2 1 3 4 2 1 3 4 2 1 3 4 2 1 3 4 value 0.0 0.0 0.0 0.0 0.0 0.0 0.0 0.0 3.0 1.0 0.0 0.0 3.0 1.0 0.0 0.0 1.0 1.0 0.0 0.0 0.0 0.0 0.0 0.0 0.0 0.0 0.0 0.0 0.0 0.0 0.0 0.0 0.0 0.0 0.0 0.0 0.0 0.0 0.0 0.0 
7628.13330078125 4124.53759765625 2837.7685546875 6920.1328125 -3383.6494140625 389.61785888671875 -6819.79931640625 -1437.296875 -73.17088317871094 -7229.533203125 11613.3251953125 -4602.49560546875 -1551.19677734375 -10045.708984375 -5891.16455078125 7142.619140625 3458.47021484375 5293.0029296875 -7818.716796875 -554.87548828125 output 1 9 2 8 3 10 4 7 5 6 indices 2 -1 3 4 -1 7 1 3 -1 2 1 4 2 1 3 -1 2 1 3 4 2 1 3 4 -1 3 1 2 2 1 3 4 2 1 3 4 2 1 3 4 value 0.0 0.0 0.0 0.0 3.0 1.0 0.0 0.0 1.0 1.0 0.0 0.0 0.0 0.0 0.0 0.0 0.0 0.0 0.0 0.0 0.0 0.0 0.0 0.0 3.0 1.0 0.0 0.0 0.0 0.0 0.0 0.0 0.0 0.0 0.0 0.0 0.0 0.0 0.0 0.0 
7184.8134765625 -4843.24560546875 -6565.8779296875 -6533.642578125 4060.07373046875 -6651.85205078125 4450.51953125 3667.14990234375 -3228.515869140625 -1149.3419189453125 6520.8056640625 4833.4296875 -8587.865234375 3993.8212890625 -3603.838134765625 8842.1298828125 -7431.85595703125 -2776.501220703125 7201.74072265625 618.052001953125 output 1 3 5 2 9 7 8 4 6 10 indices 2 -1 3 4 -1 5 1 3 2 1 -1 4 2 1 3 -1 8 -1 1 2 -1 2 1 3 2 1 3 4 -1 6 1 2 2 1 3 4 2 1 3 4 value 0.0 0.0 0.0 0.0 3.0 1.0 0.0 0.0 0.0 0.0 0.0 0.0 0.0 0.0 0.0 0.0 1.0 1.0 0.0 0.0 1.0 1.0 0.0 0.0 0.0 0.0 0.0 0.0 1.0 1.0 0.0 0.0 0.0 0.0 0.0 0.0 0.0 0.0 0.0 0.0 
1159.3525390625 4264.8984375 -765.0349731445312 -7091.83642578125 -150.05868530273438 12147.1416015625 -3194.712646484375 -6902.87939453125 -6280.8583984375 11709.37890625 6764.31982421875 2256.1103515625 -8812.767578125 -5643.47314453125 8499.84375 -5930.50830078125 -1366.2415771484375 960.5072631835938 4146.1572265625 -5769.33837890625 output 5 3 1 6 8 10 2 4 7 9 indices 2 -1 3 4 -1 9 1 3 -1 2 1 4 2 1 3 -1 2 1 3 4 2 1 3 4 2 1 3 4 2 1 3 4 -1 3 1 2 2 1 3 4 value 0.0 0.0 0.0 0.0 3.0 1.0 0.0 0.0 3.0 1.0 0.0 0.0 0.0 0.0 0.0 0.0 0.0 0.0 0.0 0.0 0.0 0.0 0.0 0.0 0.0 0.0 0.0 0.0 0.0 0.0 0.0 0.0 1.0 1.0 0.0 0.0 0.0 0.0 0.0 0.0 
-8408.2138671875 377.2552795410156 -2008.209716796875 4660.8154296875 -6534.25830078125 -672.2249755859375 7754.3251953125 -169.61961364746094 11335.1513671875 1374.8656005859375 -2794.20556640625 -7974.6328125 3366.11865234375 -1410.6607666015625 -4988.14306640625 1611.0068359375 9305.419921875 90.80128479003906 -7027.98486328125 2112.393798828125 output 10 8 2 5 9 4 7 6 3 1 indices 2 -1 3 4 -1 1 3 4 2 1 -1 4 2 1 3 -1 -1 6 1 2 -1 5 1 2 2 1 3 4 2 1 3 4 2 1 3 4 2 1 3 4 value 0.0 0.0 0.0 0.0 0.0 0.0 0.0 0.0 0.0 0.0 0.0 0.0 0.0 0.0 0.0 0.0 3.0 1.0 0.0 0.0 5.0 1.0 0.0 0.0 0.0 0.0 0.0 0.0 0.0 0.0 0.0 0.0 0.0 0.0 0.0 0.0 0.0 0.0 0.0 0.0 
-4356.92626953125 -607.6474609375 -7212.87744140625 569.5473022460938 -7083.54931640625 -1873.4573974609375 4547.775390625 -8407.810546875 9721.4521484375 7652.83642578125 685.38720703125 3254.923583984375 -5936.44287109375 -7511.19189453125 6575.43701171875 -3266.26708984375 7664.20263671875 7904.75244140625 -4604.458984375 2284.31494140625 output 3 2 1 10 6 9 5 8 4 7 indices 5 -1 2 3 -1 1 3 4 2 1 -1 4 -1 1 2 3 -1 4 1 2 2 1 3 4 2 1 3 4 2 1 3 4 2 1 3 4 2 1 3 4 value 1.0 1.0 0.0 0.0 0.0 0.0 0.0 0.0 0.0 0.0 0.0 0.0 3.0 1.0 0.0 0.0 3.0 1.0 0.0 0.0 0.0 0.0 0.0 0.0 0.0 0.0 0.0 0.0 0.0 0.0 0.0 0.0 0.0 0.0 0.0 0.0 0.0 0.0 0.0 0.0 
7950.47900390625 5246.29443359375 -4327.32666015625 -7564.6748046875 1160.2974853515625 2897.840087890625 5390.083984375 6775.10205078125 -7338.85888671875 -2344.713623046875 -1926.7117919921875 -128.2801055908203 -7848.8505859375 -5366.6591796875 -7060.5673828125 7258.16015625 3081.0283203125 -2013.076171875 10920.42578125 -4759.99267578125 output 1 10 9 6 2 7 5 8 3 4 indices 2 -1 3 4 -1 6 1 3 2 1 -1 4 -1 2 1 3 2 1 3 4 -1 4 1 2 2 1 3 4 2 1 3 4 2 1 3 4 2 1 3 4 value 0.0 0.0 0.0 0.0 3.0 1.0 0.0 0.0 0.0 0.0 0.0 0.0 3.0 1.0 0.0 0.0 0.0 0.0 0.0 0.0 1.0 1.0 0.0 0.0 0.0 0.0 0.0 0.0 0.0 0.0 0.0 0.0 0.0 0.0 0.0 0.0 0.0 0.0 0.0 0.0 
2838.3212890625 -7967.96923828125 7931.82177734375 6186.05908203125 -799.95654296875 -3593.618408203125 448.4237060546875 -1120.59521484375 95.8050537109375 -3085.513671875 -11072.287109375 3563.691650390625 5868.24609375 -7036.36376953125 5320.5615234375 11360.2001953125 -4669.67236328125 -4328.13818359375 -5961.26318359375 6022.2470703125 output 9 3 5 4 1 7 2 8 10 6 indices -1 4 2 3 -1 1 3 4 2 1 -1 4 8 -1 1 2 2 1 3 4 2 1 3 4 2 1 3 4 -1 1 2 3 2 1 3 4 2 1 3 4 value 3.0 1.0 0.0 0.0 0.0 0.0 0.0 0.0 0.0 0.0 0.0 0.0 1.0 1.0 0.0 0.0 0.0 0.0 0.0 0.0 0.0 0.0 0.0 0.0 0.0 0.0 0.0 0.0 3.0 1.0 0.0 0.0 0.0 0.0 0.0 0.0 0.0 0.0 0.0 0.0 
3782.518310546875 -357.04730224609375 6923.857421875 -2916.890625 -2024.384033203125 -6594.44677734375 -1316.4530029296875 4803.501953125 -4083.344482421875 -2981.73681640625 -6149.5390625 -72.77519226074219 9073.7099609375 9500.5673828125 1098.18115234375 3177.4951171875 -8480.1474609375 -4697.2822265625 1175.601806640625 138.6151123046875 output 1 2 7 8 4 6 9 5 3 10 indices 2 -1 3 4 -1 1 3 4 -1 5 1 2 2 1 3 -1 7 -1 1 2 2 1 3 4 -1 3 1 2 2 1 3 4 2 1 3 4 2 1 3 4 value 0.0 0.0 0.0 0.0 0.0 0.0 0.0 0.0 3.0 1.0 0.0 0.0 0.0 0.0 0.0 0.0 1.0 1.0 0.0 0.0 0.0 0.0 0.0 0.0 3.0 1.0 0.0 0.0 0.0 0.0 0.0 0.0 0.0 0.0 0.0 0.0 0.0 0.0 0.0 0.0 
-4555.82958984375 8325.8232421875 -5874.236328125 -5102.439453125 6180.193359375 -6459.38916015625 -4629.41455078125 -6501.22509765625 -204.62237548828125 9229.490234375 -50.14553451538086 -3869.858642578125 8274.865234375 -831.947021484375 -5518.5986328125 1927.6402587890625 8112.44921875 8421.697265625 -1734.6605224609375 -5139.79052734375 output 10 6 3 7 9 5 1 8 2 4 indices 2 -1 3 4 -1 1 3 4 2 1 -1 4 -1 10 6 1 2 1 3 4 9 -1 1 2 2 1 3 4 2 1 3 4 -1 4 1 2 6 3 1 2 value 0.0 0.0 0.0 0.0 0.0 0.0 0.0 0.0 0.0 0.0 0.0 0.0 3.0 1.0 8.885005453373493e-21 0.0 0.0 0.0 0.0 0.0 1.0 8.885005453373493e-21 0.0 0.0 0.0 0.0 0.0 0.0 0.0 0.0 0.0 0.0 3.0 1.0 0.0 0.0 1.0 0.0 0.0 0.0 
5896.34814453125 6427.01806640625 -3519.71923828125 -2545.713134765625 -2133.347900390625 -6888.6533203125 -5742.203125 9358.7080078125 -3785.322509765625 8596.0517578125 2667.036865234375 4034.068115234375 -3670.81494140625 27.916166305541992 10213.79296875 -8031.298828125 -995.9523315429688 -7898.07421875 1070.181640625 -3080.022705078125 output 1 8 10 9 3 2 7 4 5 6 indices -1 9 2 3 -1 1 3 4 2 1 -1 4 2 1 3 -1 2 1 3 4 2 1 3 4 2 1 3 4 2 1 3 4 -1 2 1 3 2 1 3 4 value 3.0 1.0 0.0 0.0 1.0 1.0 0.0 0.0 0.0 0.0 0.0 0.0 0.0 0.0 0.0 0.0 0.0 0.0 0.0 0.0 0.0 0.0 0.0 0.0 0.0 0.0 0.0 0.0 0.0 0.0 0.0 0.0 3.0 1.0 0.0 0.0 0.0 0.0 0.0 0.0 
-4332.5087890625 -8602.0673828125 -9723.767578125 10664.8359375 6447.6142578125 1865.6085205078125 8545.5068359375 10685.7236328125 -2953.094970703125 -2753.40478515625 2762.673095703125 -8732.484375 538.6318359375 6445.21484375 1245.9586181640625 2303.322998046875 -337.9294128417969 -4954.28515625 -2193.084228515625 -6922.4638671875 output 1 10 6 9 8 3 4 7 2 5 indices -1 5 2 3 -1 1 3 4 2 1 -1 4 -1 1 2 3 -1 4 1 2 2 1 3 4 2 1 3 4 2 1 3 4 2 1 3 4 2 1 3 4 value 3.0 1.0 0.0 0.0 0.0 0.0 0.0 0.0 0.0 0.0 0.0 0.0 3.0 1.0 0.0 0.0 1.0 1.0 0.0 0.0 0.0 0.0 0.0 0.0 0.0 0.0 0.0 0.0 0.0 0.0 0.0 0.0 0.0 0.0 0.0 0.0 0.0 0.0 0.0 0.0 
-1007.4274291992188 2042.0228271484375 4927.94921875 786.4072265625 180.14279174804688 6548.681640625 11466.9443359375 5557.96630859375 -4648.958984375 312.3723449707031 4867.60400390625 -1303.6756591796875 2967.634521484375 -283.98834228515625 -3716.835693359375 -4096.26220703125 -6938.86328125 3385.086669921875 -8098.189453125 -12948.611328125 output 1 3 4 2 6 7 10 8 5 9 indices 2 -1 3 4 -1 1 3 4 2 1 -1 4 -1 10 1 2 2 1 3 4 2 1 3 4 2 1 3 4 -1 4 1 2 2 1 3 4 -1 8 1 2 value 0.0 0.0 0.0 0.0 0.0 0.0 0.0 0.0 0.0 0.0 0.0 0.0 3.0 1.0 0.0 0.0 0.0 0.0 0.0 0.0 0.0 0.0 0.0 0.0 0.0 0.0 0.0 0.0 1.0 1.0 0.0 0.0 0.0 0.0 0.0 0.0 3.0 1.0 0.0 0.0 
88.55680847167969 5134.8876953125 3516.10107421875 -4063.4716796875 1766.8817138671875 8700.876953125 -1825.146728515625 7658.41943359375 4436.56298828125 -5105.6474609375 4442.31298828125 -9397.37890625 -7793.46826171875 -3663.269775390625 -9725.306640625 -1036.3011474609375 555.4327392578125 -1164.46240234375 4538.07275390625 2936.346923828125 output 1 3 4 8 7 6 5 2 9 10 indices 2 -1 3 4 -1 1 3 4 -1 6 1 2 2 1 3 -1 2 1 3 4 -1 9 1 2 2 1 3 4 2 1 3 4 -1 3 1 2 2 1 3 4 value 0.0 0.0 0.0 0.0 0.0 0.0 0.0 0.0 3.0 1.0 0.0 0.0 0.0 0.0 0.0 0.0 0.0 0.0 0.0 0.0 3.0 1.0 0.0 0.0 0.0 0.0 0.0 0.0 0.0 0.0 0.0 0.0 1.0 1.0 0.0 0.0 0.0 0.0 0.0 0.0 
3128.850830078125 10660.205078125 -4138.9892578125 920.7803344726562 -4065.154541015625 -5738.40966796875 -720.3407592773438 -3428.715087890625 201.98486328125 10604.7607421875 1821.042724609375 574.1510620117188 -4442.55908203125 -1689.3009033203125 -1365.8997802734375 -2742.5634765625 2056.252197265625 -7626.39404296875 7524.81298828125 -1534.513671875 output 1 5 2 7 3 8 4 9 10 6 indices -1 9 2 3 -1 1 3 4 2 1 -1 4 2 1 3 -1 2 1 3 4 2 1 3 4 2 1 3 4 -1 1 2 3 -1 8 1 2 2 1 3 4 value 3.0 1.0 0.0 0.0 0.0 0.0 0.0 0.0 0.0 0.0 0.0 0.0 0.0 0.0 0.0 0.0 0.0 0.0 0.0 0.0 0.0 0.0 0.0 0.0 0.0 0.0 0.0 0.0 1.0 1.0 0.0 0.0 3.0 1.0 0.0 0.0 0.0 0.0 0.0 0.0 
6334.5810546875 2272.6015625 -11221.0693359375 -1823.0155029296875 4633.060546875 -6503.01708984375 7172.01708984375 4313.43798828125 -9524.478515625 -7517.93701171875 -4172.7841796875 2917.92578125 1340.6248779296875 -7249.35791015625 6664.19384765625 2985.355224609375 -2436.233642578125 7491.35107421875 1210.0882568359375 3112.655517578125 output 8 4 10 9 6 2 5 7 3 1 indices 2 -1 3 4 -1 1 3 4 2 1 -1 4 -1 5 1 2 -1 7 1 2 2 1 3 4 -1 4 1 2 2 1 3 4 2 1 3 4 2 1 3 4 value 0.0 0.0 0.0 0.0 0.0 0.0 0.0 0.0 0.0 0.0 0.0 0.0 3.0 1.0 0.0 0.0 3.0 1.0 0.0 0.0 0.0 0.0 0.0 0.0 1.0 1.0 0.0 0.0 0.0 0.0 0.0 0.0 0.0 0.0 0.0 0.0 0.0 0.0 0.0 0.0 
-8969.9775390625 3122.796142578125 -2420.635498046875 -2668.076904296875 8916.6572265625 4648.38330078125 -4340.7900390625 -6379.2978515625 -7033.02392578125 -7028.60791015625 -3614.874267578125 -6727.2236328125 8969.5966796875 2681.8037109375 -2421.801025390625 9889.9853515625 2667.85693359375 2430.470947265625 8246.9912109375 29.767322540283203 output 7 3 8 1 5 4 6 2 9 10 indices 2 -1 3 4 8 -1 1 3 5 -1 1 2 2 1 3 -1 -1 2 1 3 2 1 3 4 2 1 3 4 -1 3 1 2 2 1 3 4 2 1 3 4 value 0.0 0.0 0.0 0.0 1.0 1.0 0.0 0.0 1.0 0.0 0.0 0.0 0.0 0.0 0.0 0.0 3.0 1.0 0.0 0.0 0.0 0.0 0.0 0.0 0.0 0.0 0.0 0.0 2.0 1.0 0.0 0.0 0.0 0.0 0.0 0.0 0.0 0.0 0.0 0.0 
10867.4658203125 2607.295166015625 -6148.5166015625 1236.0086669921875 1843.1697998046875 5731.3076171875 -5550.64697265625 -2498.56982421875 1593.681396484375 6926.71875 8228.33203125 -654.6093139648438 -4846.4306640625 3384.185546875 -3015.40087890625 -4571.12451171875 -4749.51904296875 -6174.88623046875 1777.865966796875 -5986.326171875 output 2 7 5 3 1 6 10 8 9 4 indices 9 -1 2 3 -1 1 3 4 2 1 -1 4 2 1 3 -1 -1 1 2 3 2 1 3 4 2 1 3 4 -1 5 1 2 -1 8 1 2 2 1 3 4 value 1.0 1.0 0.0 0.0 0.0 0.0 0.0 0.0 0.0 0.0 0.0 0.0 0.0 0.0 0.0 0.0 1.0 1.0 0.0 0.0 0.0 0.0 0.0 0.0 0.0 0.0 0.0 0.0 1.0 1.0 0.0 0.0 3.0 1.0 0.0 0.0 0.0 0.0 0.0 0.0 
-710.4608764648438 -6302.25341796875 1282.60986328125 -2896.1669921875 2963.648193359375 -215.6083221435547 -2831.20556640625 -1735.0047607421875 -7226.759765625 9403.53125 -4528.947265625 -8600.74609375 7347.90869140625 8227.287109375 10371.7548828125 5533.580078125 -2228.550537109375 -1296.11328125 -4439.99755859375 -2118.505615234375 output 2 3 8 7 5 9 4 10 6 1 indices 2 -1 3 4 -1 1 3 4 2 1 -1 4 2 1 3 -1 2 1 3 4 -1 9 1 2 -1 6 1 2 2 1 3 4 -1 7 1 2 2 1 3 4 value 0.0 0.0 0.0 0.0 0.0 0.0 0.0 0.0 0.0 0.0 0.0 0.0 0.0 0.0 0.0 0.0 0.0 0.0 0.0 0.0 3.0 1.0 0.0 0.0 3.0 1.0 0.0 0.0 0.0 0.0 0.0 0.0 1.0 1.0 0.0 0.0 0.0 0.0 0.0 0.0 
-1039.12841796875 5649.24072265625 2743.982421875 1207.53076171875 8789.888671875 2538.520751953125 -8121.7158203125 -796.3485107421875 1516.9425048828125 -7762.81982421875 -7452.87744140625 3663.97412109375 8195.1748046875 -433.6444396972656 -4509.5234375 -11263.91015625 -2298.818115234375 119.96833038330078 2176.07470703125 7077.48828125 output 1 10 2 3 7 5 8 4 6 9 indices 2 -1 3 4 -1 1 3 4 2 1 -1 4 2 1 3 -1 2 1 3 4 2 1 3 4 2 1 3 4 -1 9 1 2 10 -1 1 2 -1 8 1 2 value 0.0 0.0 0.0 0.0 0.0 0.0 0.0 0.0 0.0 0.0 0.0 0.0 0.0 0.0 0.0 0.0 0.0 0.0 0.0 0.0 0.0 0.0 0.0 0.0 0.0 0.0 0.0 0.0 3.0 1.0 0.0 0.0 1.0 1.0 0.0 0.0 3.0 1.0 0.0 0.0 
25.016254425048828 -2061.408935546875 5716.8017578125 2096.758544921875 -2050.734375 3735.474853515625 -689.7357177734375 -3850.134521484375 -11413.4091796875 971.0244140625 4143.84033203125 1520.104736328125 7659.75537109375 1835.20654296875 -11353.7958984375 5951.62255859375 4868.15185546875 1035.8450927734375 3094.10888671875 -11234.4931640625 output 1 5 8 3 6 9 2 7 10 4 indices 7 -1 2 3 -1 1 3 4 2 1 -1 4 2 1 3 -1 2 1 3 4 2 1 3 4 -1 10 1 2 2 1 3 4 2 1 3 4 -1 1 2 3 value 1.0 1.0 0.0 0.0 0.0 0.0 0.0 0.0 0.0 0.0 0.0 0.0 0.0 0.0 0.0 0.0 0.0 0.0 0.0 0.0 0.0 0.0 0.0 0.0 3.0 1.0 0.0 0.0 0.0 0.0 0.0 0.0 0.0 0.0 0.0 0.0 3.0 1.0 0.0 0.0 
427.68426513671875 7792.8857421875 -743.2261352539062 12621.248046875 7619.919921875 2480.728515625 -3035.96728515625 -6624.8994140625 8498.2841796875 -2019.865478515625 -6877.77880859375 206.34567260742188 -3781.544921875 -5702.27587890625 -2486.48779296875 -432.0514221191406 7156.32177734375 -3318.79052734375 -6777.20556640625 -5003.3251953125 output 2 1 8 6 10 7 4 9 5 3 indices 2 -1 3 4 -1 4 1 3 2 1 -1 4 -1 8 1 2 2 1 3 4 2 1 3 4 2 1 3 4 -1 2 1 3 2 1 3 4 2 1 3 4 value 0.0 0.0 0.0 0.0 3.0 1.0 0.0 0.0 0.0 0.0 0.0 0.0 3.0 1.0 0.0 0.0 0.0 0.0 0.0 0.0 0.0 0.0 0.0 0.0 0.0 0.0 0.0 0.0 1.0 1.0 0.0 0.0 0.0 0.0 0.0 0.0 0.0 0.0 0.0 0.0 
-5314.0517578125 2989.85986328125 4837.40576171875 5134.30419921875 -6298.87646484375 -6645.52294921875 80.98361206054688 -3532.68017578125 1463.6199951171875 -6784.3759765625 5780.51025390625 -24.06367301940918 -4106.26806640625 5680.52001953125 7827.75341796875 -3370.45947265625 515.1415405273438 10921.19140625 -4786.21826171875 -4368.7734375 output 6 8 5 4 3 10 1 7 9 2 indices 2 -1 3 4 -1 1 3 4 -1 4 1 2 9 -1 1 2 2 1 3 4 2 1 3 4 2 1 3 4 2 1 3 4 -1 3 1 2 2 1 3 4 value 0.0 0.0 0.0 0.0 0.0 0.0 0.0 0.0 3.0 1.0 0.0 0.0 1.0 1.0 0.0 0.0 0.0 0.0 0.0 0.0 0.0 0.0 0.0 0.0 0.0 0.0 0.0 0.0 0.0 0.0 0.0 0.0 3.0 1.0 0.0 0.0 0.0 0.0 0.0 0.0 
4139.6494140625 -6844.65087890625 -7988.1201171875 -4693.4423828125 1694.5809326171875 -769.053955078125 -1150.9283447265625 -5940.33642578125 -6790.74658203125 12093.65625 5534.34619140625 -12.878908157348633 1052.042724609375 2077.083251953125 -2444.6376953125 4286.3916015625 2827.9248046875 3395.54736328125 3125.888427734375 -3592.315673828125 output 1 10 3 6 9 7 8 5 2 4 indices -1 3 2 4 -1 1 3 4 5 -1 1 2 2 1 3 -1 -1 1 2 3 2 1 3 4 2 1 3 4 2 1 3 4 2 1 3 4 2 1 3 4 value 3.0 1.0 0.0 0.0 0.0 0.0 0.0 0.0 1.0 1.0 0.0 0.0 0.0 0.0 0.0 0.0 3.0 1.0 0.0 0.0 0.0 0.0 0.0 0.0 0.0 0.0 0.0 0.0 0.0 0.0 0.0 0.0 0.0 0.0 0.0 0.0 0.0 0.0 0.0 0.0 
41.63194274902344 -1291.1114501953125 -4439.736328125 12344.6806640625 -5413.26708984375 -6718.29541015625 7282.8505859375 -3941.97021484375 7056.16650390625 7106.30419921875 -8226.9736328125 -5285.546875 -752.9200439453125 7500.05810546875 -7491.02197265625 -3786.444091796875 5633.73779296875 -866.449462890625 6309.5322265625 -5061.22607421875 output 5 9 4 10 1 3 6 8 2 7 indices 2 -1 3 4 -1 5 1 3 -1 1 2 4 2 1 3 -1 3 4 1 2 2 1 3 4 2 1 3 4 2 1 3 4 2 1 3 4 2 1 3 4 value 1.0 1.0 0.0 0.0 2.0 1.0 0.0 0.0 3.0 1.0 0.0 0.0 0.0 0.0 0.0 0.0 1.0 0.0 0.0 0.0 0.0 0.0 0.0 0.0 0.0 0.0 0.0 0.0 0.0 0.0 0.0 0.0 0.0 0.0 0.0 0.0 0.0 0.0 0.0 0.0 
7322.81298828125 -2193.4150390625 2963.33056640625 776.1448364257812 732.0096435546875 -2117.139892578125 -10485.298828125 2359.676513671875 8815.20703125 2953.387939453125 -274.83245849609375 6632.5400390625 1768.998779296875 6930.97607421875 5216.294921875 -12210.2470703125 -7514.07763671875 5420.6171875 -8544.4453125 -8552.541015625 output 10 4 9 6 7 5 1 2 3 8 indices 2 -1 3 4 -1 1 3 4 7 -1 1 2 2 1 3 -1 2 1 3 4 2 1 3 4 -1 8 1 2 -1 3 1 2 2 1 3 4 2 1 3 4 value 0.0 0.0 0.0 0.0 0.0 0.0 0.0 0.0 1.0 1.0 0.0 0.0 0.0 0.0 0.0 0.0 0.0 0.0 0.0 0.0 0.0 0.0 0.0 0.0 3.0 1.0 0.0 0.0 3.0 1.0 0.0 0.0 0.0 0.0 0.0 0.0 0.0 0.0 0.0 0.0 
-8232.484375 -8967.533203125 786.6911010742188 1656.5213623046875 6164.97021484375 2999.68603515625 6038.9296875 6915.55517578125 4837.24169921875 -11778.07421875 -4231.8994140625 4430.7919921875 -12044.998046875 -9249.8193359375 7223.35986328125 7844.841796875 3930.15283203125 4835.5302734375 -4471.962890625 1312.49951171875 output 8 4 9 2 6 10 7 1 5 3 indices 2 -1 3 4 -1 1 3 4 2 1 -1 4 2 1 3 -1 -1 10 1 2 2 1 3 4 2 1 3 4 -1 5 1 2 2 1 3 4 -1 8 1 2 value 0.0 0.0 0.0 0.0 0.0 0.0 0.0 0.0 0.0 0.0 0.0 0.0 0.0 0.0 0.0 0.0 3.0 1.0 0.0 0.0 0.0 0.0 0.0 0.0 0.0 0.0 0.0 0.0 3.0 1.0 0.0 0.0 0.0 0.0 0.0 0.0 1.0 1.0 0.0 0.0 
7967.5263671875 10080.6171875 5488.890625 4787.86083984375 -6596.82421875 -3452.003662109375 3075.5263671875 9705.048828125 -3695.0146484375 -2634.040283203125 -4372.3037109375 -8495.646484375 -1659.968505859375 -4062.538818359375 -1915.0118408203125 -9589.517578125 -7533.63720703125 -5074.6123046875 9240.81640625 8734.83203125 output 6 8 7 2 10 1 4 5 3 9 indices -1 8 2 3 -1 1 3 4 2 1 -1 4 2 1 3 -1 2 1 3 4 2 1 3 4 -1 1 2 3 -1 7 1 2 2 1 3 4 2 1 3 4 value 3.0 1.0 0.0 0.0 0.0 0.0 0.0 0.0 0.0 0.0 0.0 0.0 0.0 0.0 0.0 0.0 0.0 0.0 0.0 0.0 0.0 0.0 0.0 0.0 1.0 1.0 0.0 0.0 3.0 1.0 0.0 0.0 0.0 0.0 0.0 0.0 0.0 0.0 0.0 0.0 
3979.91845703125 2178.189208984375 -6860.9638671875 -2156.185791015625 -5364.923828125 -1042.169677734375 4287.2861328125 -7029.21728515625 -4266.23974609375 6981.2080078125 3434.70166015625 3234.250732421875 -9123.7705078125 -1648.3563232421875 5677.36962890625 10717.412109375 2404.895263671875 -5627.79052734375 5831.72705078125 -5607.34130859375 output 5 7 2 3 9 4 10 1 6 8 indices 2 -1 3 4 -1 1 3 4 8 -1 1 2 -1 3 1 2 2 1 3 4 2 1 3 4 2 1 3 4 -1 4 1 2 2 1 3 4 2 1 3 4 value 0.0 0.0 0.0 0.0 0.0 0.0 0.0 0.0 1.0 1.0 0.0 0.0 3.0 1.0 0.0 0.0 0.0 0.0 0.0 0.0 0.0 0.0 0.0 0.0 0.0 0.0 0.0 0.0 3.0 1.0 0.0 0.0 0.0 0.0 0.0 0.0 0.0 0.0 0.0 0.0 
-3745.70849609375 7183.87548828125 -1760.6397705078125 5623.73388671875 -4676.2744140625 273.0322265625 -4528.2568359375 -4636.0087890625 -505.55364990234375 2345.1220703125 4881.80419921875 -6153.6298828125 2156.317626953125 3082.644775390625 5251.359375 -6442.88330078125 6397.978515625 -8839.982421875 -3471.026611328125 7564.09619140625 output 4 3 1 10 2 5 7 6 8 9 indices 2 -1 3 4 -1 1 3 4 2 1 -1 4 10 -1 1 2 2 1 3 4 2 1 3 4 2 1 3 4 2 1 3 4 -1 4 1 2 -1 9 1 2 value 0.0 0.0 0.0 0.0 0.0 0.0 0.0 0.0 0.0 0.0 0.0 0.0 1.0 1.0 0.0 0.0 0.0 0.0 0.0 0.0 0.0 0.0 0.0 0.0 0.0 0.0 0.0 0.0 0.0 0.0 0.0 0.0 3.0 1.0 0.0 0.0 3.0 1.0 0.0 0.0 
7914.97216796875 -6023.400390625 7984.55126953125 -6740.92138671875 -8727.6396484375 -4941.81201171875 -923.0595703125 44.06705093383789 -8410.8408203125 4970.4462890625 -241.9382781982422 4920.25830078125 -8253.328125 -6629.5234375 8592.9990234375 -6315.87841796875 7047.5966796875 9297.4736328125 -4983.3125 11419.2900390625 output 1 4 6 9 10 5 3 7 2 8 indices 2 -1 3 4 -1 1 3 4 2 1 -1 4 9 -1 1 2 2 1 3 4 2 1 3 4 -1 4 1 2 2 1 3 4 -1 7 1 2 2 1 3 4 value 0.0 0.0 0.0 0.0 0.0 0.0 0.0 0.0 0.0 0.0 0.0 0.0 1.0 1.0 0.0 0.0 0.0 0.0 0.0 0.0 0.0 0.0 0.0 0.0 3.0 1.0 0.0 0.0 0.0 0.0 0.0 0.0 3.0 1.0 0.0 0.0 0.0 0.0 0.0 0.0 
2701.594482421875 -7613.04052734375 -11295.5576171875 3912.728271484375 -313.9592590332031 -3502.05126953125 734.445556640625 7529.080078125 2877.096923828125 -4888.013671875 4831.66455078125 -1939.5755615234375 149.08995056152344 -2135.903076171875 450.5126037597656 -1996.8643798828125 -1229.3199462890625 3672.5849609375 1094.4327392578125 6961.05517578125 output 1 5 6 10 4 9 2 8 7 3 indices -1 7 2 3 -1 1 3 4 2 1 -1 4 -1 1 2 3 2 1 3 4 2 1 3 4 -1 4 1 2 2 1 3 4 2 1 3 4 2 1 3 4 value 3.0 1.0 0.0 0.0 0.0 0.0 0.0 0.0 0.0 0.0 0.0 0.0 3.0 1.0 0.0 0.0 0.0 0.0 0.0 0.0 0.0 0.0 0.0 0.0 1.0 1.0 0.0 0.0 0.0 0.0 0.0 0.0 0.0 0.0 0.0 0.0 0.0 0.0 0.0 0.0 
-2124.150146484375 -4320.4462890625 7434.33056640625 3656.27197265625 -1915.509033203125 1508.413330078125 -1498.9736328125 -6605.55126953125 -5241.80615234375 -7651.82373046875 7513.39892578125 5791.1591796875 -2628.990966796875 11253.1533203125 -4204.14306640625 5367.2333984375 4463.6259765625 -4410.091796875 -1797.7821044921875 -4588.318359375 output 9 4 5 10 1 3 8 7 6 2 indices 7 -1 2 3 -1 1 3 4 2 1 -1 4 2 1 3 -1 -1 1 2 3 2 1 3 4 -1 5 1 2 2 1 3 4 2 1 3 4 2 1 3 4 value 1.0 1.0 0.0 0.0 0.0 0.0 0.0 0.0 0.0 0.0 0.0 0.0 0.0 0.0 0.0 0.0 3.0 1.0 0.0 0.0 0.0 0.0 0.0 0.0 3.0 1.0 0.0 0.0 0.0 0.0 0.0 0.0 0.0 0.0 0.0 0.0 0.0 0.0 0.0 0.0 
8654.65625 7686.6552734375 -6944.39111328125 10193.8046875 -3126.33935546875 9372.333984375 -6818.748046875 -3302.34130859375 7745.31689453125 -6513.00146484375 -935.0756225585938 -2218.187744140625 5955.1337890625 -7830.13134765625 -9207.548828125 510.1126403808594 3897.0283203125 -6651.18994140625 779.9682006835938 -1248.0546875 output 3 2 8 4 6 10 9 7 5 1 indices -1 7 2 3 -1 1 3 4 2 1 -1 4 2 1 3 -1 2 1 3 4 -1 1 2 3 -1 6 1 2 2 1 3 4 2 1 3 4 2 1 3 4 value 3.0 1.0 0.0 0.0 0.0 0.0 0.0 0.0 0.0 0.0 0.0 0.0 0.0 0.0 0.0 0.0 0.0 0.0 0.0 0.0 1.0 1.0 0.0 0.0 3.0 1.0 0.0 0.0 0.0 0.0 0.0 0.0 0.0 0.0 0.0 0.0 0.0 0.0 0.0 0.0 
-4515.55859375 -8786.3076171875 1738.0196533203125 -3528.7841796875 -3988.8544921875 -4727.5634765625 6915.88818359375 -1539.244140625 -3409.09521484375 2237.9345703125 -1041.4449462890625 1615.4718017578125 3047.360107421875 -1696.2342529296875 -242.68910217285156 -1170.557373046875 1430.1153564453125 8088.15576171875 66.25890350341797 9507.12890625 output 8 3 1 2 7 4 9 10 5 6 indices -1 8 2 3 -1 1 3 4 2 1 -1 4 2 1 3 -1 2 1 3 4 2 1 3 4 2 1 3 4 10 -1 1 2 2 1 3 4 -1 1 2 3 value 3.0 1.0 0.0 0.0 0.0 0.0 0.0 0.0 0.0 0.0 0.0 0.0 0.0 0.0 0.0 0.0 0.0 0.0 0.0 0.0 0.0 0.0 0.0 0.0 0.0 0.0 0.0 0.0 1.0 1.0 0.0 0.0 0.0 0.0 0.0 0.0 3.0 1.0 0.0 0.0 
6482.849609375 5906.1220703125 6826.66357421875 5580.759765625 -3609.9951171875 2603.4384765625 4816.7978515625 -6440.90625 -2501.52099609375 4697.478515625 -3839.600341796875 -4428.79150390625 157.1623077392578 -5947.92724609375 -1072.068359375 2774.586669921875 -1553.0435791015625 -1156.2568359375 -5707.2451171875 -3588.503173828125 output 1 8 5 3 9 10 6 7 4 2 indices -1 4 2 3 -1 1 3 4 2 1 -1 4 -1 9 1 2 2 1 3 4 2 1 3 4 2 1 3 4 2 1 3 4 -1 1 2 3 2 1 3 4 value 3.0 1.0 0.0 0.0 0.0 0.0 0.0 0.0 0.0 0.0 0.0 0.0 3.0 1.0 0.0 0.0 0.0 0.0 0.0 0.0 0.0 0.0 0.0 0.0 0.0 0.0 0.0 0.0 0.0 0.0 0.0 0.0 1.0 1.0 0.0 0.0 0.0 0.0 0.0 0.0 
-6180.79638671875 -494.062255859375 2190.853515625 -368.0806884765625 10537.9501953125 5932.34814453125 -2441.486328125 3343.22412109375 -3511.979736328125 578.4568481445312 -4213.68701171875 362.3431091308594 -5496.26513671875 9602.509765625 12115.6181640625 -5786.29345703125 -891.3518676757812 -9027.314453125 -2108.854736328125 -4143.130859375 output 4 2 3 8 9 10 1 6 5 7 indices 2 -1 3 4 -1 1 3 4 -1 9 1 2 2 1 3 -1 2 1 3 4 2 1 3 4 2 1 3 4 2 1 3 4 -1 10 1 2 -1 3 1 2 value 0.0 0.0 0.0 0.0 0.0 0.0 0.0 0.0 3.0 1.0 0.0 0.0 0.0 0.0 0.0 0.0 0.0 0.0 0.0 0.0 0.0 0.0 0.0 0.0 0.0 0.0 0.0 0.0 0.0 0.0 0.0 0.0 3.0 1.0 0.0 0.0 1.0 1.0 0.0 0.0 
1338.415283203125 -5815.5400390625 1340.8629150390625 -1871.7427978515625 -3603.8505859375 6550.27685546875 8218.5888671875 -6690.1123046875 -2889.815185546875 -2478.12646484375 -8035.357421875 -3834.584228515625 -4122.1806640625 -1669.220703125 8206.0458984375 3133.2529296875 6373.75439453125 5716.36376953125 -6826.4638671875 6959.43310546875 output 1 2 5 7 6 10 3 9 8 4 indices 2 -1 3 4 -1 1 3 4 2 1 -1 4 -1 5 1 2 9 -1 1 2 2 1 3 4 2 1 3 4 2 1 3 4 -1 4 1 2 2 1 3 4 value 0.0 0.0 0.0 0.0 0.0 0.0 0.0 0.0 0.0 0.0 0.0 0.0 3.0 1.0 0.0 0.0 1.0 1.0 0.0 0.0 0.0 0.0 0.0 0.0 0.0 0.0 0.0 0.0 0.0 0.0 0.0 0.0 3.0 1.0 0.0 0.0 0.0 0.0 0.0 0.0 
1611.5145263671875 8276.8076171875 -6355.7744140625 2222.92041015625 -1242.9522705078125 -3622.55078125 978.4619140625 2648.35107421875 4813.921875 -1369.20361328125 8708.8828125 -7325.7373046875 -8848.447265625 -5692.01806640625 7871.99365234375 6716.7060546875 1294.61328125 -2414.4501953125 -8832.21484375 559.1748657226562 output 3 9 6 5 8 1 4 2 10 7 indices 2 -1 3 4 -1 1 3 4 8 -1 1 2 2 1 3 -1 2 1 3 4 -1 3 1 2 2 1 3 4 -1 6 1 2 2 1 3 4 2 1 3 4 value 0.0 0.0 0.0 0.0 0.0 0.0 0.0 0.0 1.0 1.0 0.0 0.0 0.0 0.0 0.0 0.0 0.0 0.0 0.0 0.0 3.0 1.0 0.0 0.0 0.0 0.0 0.0 0.0 3.0 1.0 0.0 0.0 0.0 0.0 0.0 0.0 0.0 0.0 0.0 0.0 
-7175.7802734375 6233.3857421875 2469.50341796875 5947.01611328125 1948.0831298828125 -5385.2099609375 -7844.1005859375 -1542.450927734375 -7177.83740234375 -6618.642578125 -3964.235595703125 5704.2509765625 923.100830078125 -3627.240234375 5857.77880859375 -2345.82568359375 6934.36328125 3176.946044921875 8029.1240234375 -1542.2294921875 output 7 3 8 10 9 2 6 1 4 5 indices 2 -1 3 4 -1 5 1 3 2 1 -1 4 2 1 3 -1 -1 7 1 2 2 1 3 4 -1 2 1 3 2 1 3 4 2 1 3 4 2 1 3 4 value 0.0 0.0 0.0 0.0 3.0 1.0 0.0 0.0 0.0 0.0 0.0 0.0 0.0 0.0 0.0 0.0 3.0 1.0 0.0 0.0 0.0 0.0 0.0 0.0 1.0 1.0 0.0 0.0 0.0 0.0 0.0 0.0 0.0 0.0 0.0 0.0 0.0 0.0 0.0 0.0 
-968.799072265625 6374.05712890625 2138.04248046875 -8631.5 -1682.92333984375 8997.98046875 3080.353271484375 4196.57470703125 -6567.22900390625 -5478.57666015625 -2588.2041015625 9915.333984375 5366.2265625 -4000.835693359375 5908.7392578125 -6009.4326171875 2487.812255859375 -2458.69677734375 -7174.01806640625 -2904.904541015625 output 2 8 7 9 4 1 3 6 10 5 indices 2 -1 3 4 -1 9 1 3 2 1 -1 4 2 1 3 -1 2 1 3 4 -1 2 1 3 2 1 3 4 2 1 3 4 -1 6 1 2 2 1 3 4 value 0.0 0.0 0.0 0.0 3.0 1.0 0.0 0.0 0.0 0.0 0.0 0.0 0.0 0.0 0.0 0.0 0.0 0.0 0.0 0.0 3.0 1.0 0.0 0.0 0.0 0.0 0.0 0.0 0.0 0.0 0.0 0.0 1.0 1.0 0.0 0.0 0.0 0.0 0.0 0.0 
-4109.02294921875 5553.1123046875 -1185.14404296875 282.1746520996094 2370.56103515625 -5577.01953125 2441.2177734375 9057.876953125 -3243.78271484375 -8077.333984375 -8923.787109375 8663.1162109375 -1386.180419921875 5211.2373046875 2214.322998046875 -2606.167236328125 5090.74853515625 -6834.93603515625 6731.06689453125 -5672.0615234375 output 1 7 2 5 3 9 10 8 4 6 indices 2 -1 3 4 4 -1 1 3 2 1 -1 4 -1 5 1 2 -1 2 1 3 2 1 3 4 2 1 3 4 2 1 3 4 2 1 3 4 2 1 3 4 value 0.0 0.0 0.0 0.0 1.0 1.0 0.0 0.0 0.0 0.0 0.0 0.0 3.0 1.0 0.0 0.0 3.0 1.0 0.0 0.0 0.0 0.0 0.0 0.0 0.0 0.0 0.0 0.0 0.0 0.0 0.0 0.0 0.0 0.0 0.0 0.0 0.0 0.0 0.0 0.0 
-6283.56494140625 7107.45654296875 4441.072265625 -5247.04541015625 4751.8525390625 6994.74267578125 -6260.48046875 6763.1806640625 -3977.7041015625 378.4377746582031 -8115.27001953125 5626.2421875 5759.4443359375 -1563.7508544921875 -978.3824462890625 -6920.23486328125 3976.368408203125 -9757.9033203125 6686.6640625 -3381.125244140625 output 2 9 8 5 6 4 1 3 7 10 indices 2 -1 3 4 -1 1 3 4 -1 9 1 2 2 1 3 -1 -1 3 1 2 2 1 3 4 2 1 3 4 2 1 3 4 -1 5 1 2 2 1 3 4 value 0.0 0.0 0.0 0.0 0.0 0.0 0.0 0.0 3.0 1.0 0.0 0.0 0.0 0.0 0.0 0.0 1.0 1.0 0.0 0.0 0.0 0.0 0.0 0.0 0.0 0.0 0.0 0.0 0.0 0.0 0.0 0.0 3.0 1.0 0.0 0.0 0.0 0.0 0.0 0.0 
4820.84326171875 -4583.17529296875 -190.02699279785156 572.0863647460938 -6436.900390625 11049.205078125 -6496.32421875 -6045.5029296875 5539.83251953125 -5255.99267578125 -4161.0205078125 -2079.4833984375 2732.716552734375 2404.493896484375 2005.16357421875 7551.17529296875 -686.5792846679688 -5544.15673828125 2872.295654296875 1931.3502197265625 output 1 5 9 4 6 2 3 8 7 10 indices 2 -1 3 4 3 -1 1 4 8 -1 1 2 -1 2 1 3 2 1 3 4 2 1 3 4 2 1 3 4 -1 4 1 2 2 1 3 4 2 1 3 4 value 0.0 0.0 0.0 0.0 1.0 1.0 0.0 0.0 1.0 1.0 0.0 0.0 3.0 1.0 0.0 0.0 0.0 0.0 0.0 0.0 0.0 0.0 0.0 0.0 0.0 0.0 0.0 0.0 1.0 1.0 0.0 0.0 0.0 0.0 0.0 0.0 0.0 0.0 0.0 0.0 
5722.28515625 2115.434326171875 -4800.3857421875 -52.164188385009766 -724.3142700195312 -7613.017578125 5453.1455078125 61.281986236572266 1296.8349609375 -8092.984375 5562.82177734375 11242.083984375 -10995.525390625 5132.66943359375 3055.167724609375 9957.318359375 -9248.71875 -4907.712890625 4678.6884765625 -7842.9091796875 output 8 6 1 4 10 5 3 9 2 7 indices 2 -1 3 4 6 -1 1 3 2 1 -1 4 2 1 3 -1 -1 2 1 3 -1 5 1 2 2 1 3 4 2 1 3 4 2 1 3 4 2 1 3 4 value 0.0 0.0 0.0 0.0 1.0 1.0 0.0 0.0 0.0 0.0 0.0 0.0 0.0 0.0 0.0 0.0 3.0 1.0 0.0 0.0 3.0 1.0 0.0 0.0 0.0 0.0 0.0 0.0 0.0 0.0 0.0 0.0 0.0 0.0 0.0 0.0 0.0 0.0 0.0 0.0 
-4588.830078125 6285.61328125 5058.642578125 -8572.6875 -2793.110107421875 -4245.98193359375 1903.2215576171875 8248.013671875 -3270.923095703125 9954.0166015625 591.199462890625 6676.34716796875 8082.82080078125 -6671.703125 88.13160705566406 -2571.29931640625 871.1390380859375 -6270.9443359375 -5942.29150390625 -2831.37451171875 output 9 8 3 10 1 5 4 6 7 2 indices 2 -1 3 4 -1 8 1 3 2 1 -1 4 -1 2 1 3 2 1 3 4 2 1 3 4 2 1 3 4 -1 4 1 2 2 1 3 4 2 1 3 4 value 0.0 0.0 0.0 0.0 3.0 1.0 0.0 0.0 0.0 0.0 0.0 0.0 3.0 1.0 0.0 0.0 0.0 0.0 0.0 0.0 0.0 0.0 0.0 0.0 0.0 0.0 0.0 0.0 1.0 1.0 0.0 0.0 0.0 0.0 0.0 0.0 0.0 0.0 0.0 0.0 
2151.44970703125 6315.896484375 -4154.4697265625 -4336.923828125 -470.6790466308594 -2415.153076171875 -5442.36669921875 3614.9169921875 7182.9580078125 -3614.200439453125 -3537.406005859375 -1950.72607421875 -2911.935302734375 3208.836181640625 -1400.490478515625 4485.56787109375 2460.150390625 -6612.35205078125 6122.7890625 1304.1380615234375 output 9 5 10 1 8 7 4 6 2 3 indices -1 9 2 3 -1 1 3 4 -1 1 2 4 2 1 3 -1 2 1 3 4 2 1 3 4 2 1 3 4 2 1 3 4 -1 3 1 2 2 1 3 4 value 3.0 1.0 0.0 0.0 0.0 0.0 0.0 0.0 1.0 1.0 0.0 0.0 0.0 0.0 0.0 0.0 0.0 0.0 0.0 0.0 0.0 0.0 0.0 0.0 0.0 0.0 0.0 0.0 0.0 0.0 0.0 0.0 3.0 1.0 0.0 0.0 0.0 0.0 0.0 0.0 
3227.4794921875 4339.64208984375 -389.9795227050781 -542.1788940429688 -718.1060791015625 3359.9853515625 -9502.033203125 8887.0400390625 6825.123046875 -5686.63232421875 4942.7060546875 -6642.32666015625 -8621.76171875 -1089.35546875 7410.40966796875 1683.39892578125 -2979.89404296875 -7201.77587890625 -193.943603515625 2892.202880859375 output 1 8 5 6 9 7 4 3 10 2 indices 9 -1 2 3 4 -1 1 3 2 1 -1 4 -1 1 2 3 2 1 3 4 2 1 3 4 2 1 3 4 2 1 3 4 -1 2 1 3 2 1 3 4 value 1.0 1.0 0.0 0.0 1.0 1.0 0.0 0.0 0.0 0.0 0.0 0.0 1.0 1.0 0.0 0.0 0.0 0.0 0.0 0.0 0.0 0.0 0.0 0.0 0.0 0.0 0.0 0.0 0.0 0.0 0.0 0.0 3.0 1.0 0.0 0.0 0.0 0.0 0.0 0.0 
5845.359375 -2349.115966796875 2749.53076171875 8573.779296875 -4041.1796875 3936.27685546875 -6973.7236328125 -10016.9453125 -639.0309448242188 2745.508056640625 11214.91015625 -7614.7890625 529.0713500976562 5832.08251953125 -6509.2294921875 7939.7724609375 -7474.5986328125 -5572.68408203125 5298.890625 -3473.884765625 output 4 9 3 8 2 7 5 1 10 6 indices 2 -1 3 4 -1 4 1 3 2 1 -1 4 -1 9 1 2 2 1 3 4 2 1 3 4 2 1 3 4 2 1 3 4 -1 2 1 3 2 1 3 4 value 0.0 0.0 0.0 0.0 3.0 1.0 0.0 0.0 0.0 0.0 0.0 0.0 3.0 1.0 0.0 0.0 0.0 0.0 0.0 0.0 0.0 0.0 0.0 0.0 0.0 0.0 0.0 0.0 0.0 0.0 0.0 0.0 1.0 1.0 0.0 0.0 0.0 0.0 0.0 0.0 
11994.892578125 9272.486328125 -5434.22802734375 -1931.5166015625 -5143.1943359375 -755.9995727539062 -1284.6883544921875 -6837.892578125 -1068.9539794921875 129.0526123046875 -3780.214111328125 -7284.33056640625 -1960.0740966796875 190.84210205078125 1573.559814453125 10865.7412109375 6450.42529296875 3575.6787109375 -1347.5255126953125 -7224.0615234375 output 6 10 4 9 1 8 5 7 3 2 indices -1 6 2 3 -1 1 3 4 2 1 -1 4 2 1 3 -1 -1 1 2 3 -1 5 1 2 2 1 3 4 2 1 3 4 2 1 3 4 2 1 3 4 value 3.0 1.0 0.0 0.0 0.0 0.0 0.0 0.0 0.0 0.0 0.0 0.0 0.0 0.0 0.0 0.0 1.0 1.0 0.0 0.0 3.0 1.0 0.0 0.0 0.0 0.0 0.0 0.0 0.0 0.0 0.0 0.0 0.0 0.0 0.0 0.0 0.0 0.0 0.0 0.0 
-1095.76953125 1950.7078857421875 -978.0637817382812 10092.6025390625 1081.6798095703125 2014.545166015625 -5480.6484375 1739.104248046875 -1865.9124755859375 2850.035400390625 7392.466796875 -4433.4169921875 -5027.6162109375 -1529.53173828125 -5810.9482421875 -2350.825927734375 7508.2109375 -1793.4404296875 4276.60107421875 -8539.7802734375 output 7 8 10 6 9 3 1 5 2 4 indices 2 -1 3 4 -1 10 1 3 2 1 -1 4 2 1 3 -1 2 1 3 4 2 1 3 4 -1 2 1 3 2 1 3 4 2 1 3 4 -1 7 1 2 value 0.0 0.0 0.0 0.0 3.0 1.0 0.0 0.0 0.0 0.0 0.0 0.0 0.0 0.0 0.0 0.0 0.0 0.0 0.0 0.0 0.0 0.0 0.0 0.0 1.0 1.0 0.0 0.0 0.0 0.0 0.0 0.0 0.0 0.0 0.0 0.0 3.0 1.0 0.0 0.0 
1592.87060546875 2464.19921875 -9329.4970703125 -8607.849609375 4366.326171875 2462.552734375 698.5013427734375 8739.90625 -1343.6729736328125 -5667.0517578125 4522.81787109375 -3772.080322265625 -2521.298583984375 2153.848388671875 -3108.5166015625 1238.080810546875 4808.7802734375 572.0404052734375 313.6895751953125 416.3542785644531 output 3 9 6 5 2 8 7 10 1 4 indices 2 -1 3 4 -1 10 1 3 2 1 -1 4 -1 2 1 3 2 1 3 4 2 1 3 4 2 1 3 4 2 1 3 4 2 1 3 4 -1 4 1 2 value 0.0 0.0 0.0 0.0 3.0 1.0 0.0 0.0 0.0 0.0 0.0 0.0 3.0 1.0 0.0 0.0 0.0 0.0 0.0 0.0 0.0 0.0 0.0 0.0 0.0 0.0 0.0 0.0 0.0 0.0 0.0 0.0 0.0 0.0 0.0 0.0 1.0 1.0 0.0 0.0 
4713.02880859375 -1709.8380126953125 1538.48681640625 2927.304931640625 -8271.0498046875 9556.2548828125 3229.009521484375 -1615.4901123046875 5305.9150390625 -4407.77197265625 1952.2958984375 4719.666015625 -4736.4111328125 -8282.1494140625 3738.342529296875 2574.391845703125 -6351.4560546875 -1804.677978515625 -1118.1610107421875 -1957.690185546875 output 1 8 2 6 3 9 7 10 4 5 indices 2 -1 3 4 -1 1 3 4 -1 7 1 2 2 1 3 -1 2 1 3 4 2 1 3 4 -1 10 1 2 2 1 3 4 2 1 3 4 -1 3 1 2 value 0.0 0.0 0.0 0.0 0.0 0.0 0.0 0.0 3.0 1.0 0.0 0.0 0.0 0.0 0.0 0.0 0.0 0.0 0.0 0.0 0.0 0.0 0.0 0.0 3.0 1.0 0.0 0.0 0.0 0.0 0.0 0.0 0.0 0.0 0.0 0.0 1.0 1.0 0.0 0.0 
-10556.89453125 1874.863525390625 2720.01806640625 -3898.802001953125 -58.72710418701172 -566.3236083984375 4070.43115234375 1453.4583740234375 6107.1220703125 -4993.57568359375 -11570.7919921875 -2933.00830078125 1827.572509765625 949.0433959960938 4728.3916015625 10043.3046875 4688.173828125 -6597.8154296875 -1955.2952880859375 4668.8544921875 output 3 2 9 5 7 4 8 10 1 6 indices 2 -1 3 4 -1 1 3 4 8 -1 1 2 2 1 3 -1 2 1 3 4 2 1 3 4 2 1 3 4 -1 9 1 2 -1 3 1 2 2 1 3 4 value 0.0 0.0 0.0 0.0 0.0 0.0 0.0 0.0 1.0 1.0 0.0 0.0 0.0 0.0 0.0 0.0 0.0 0.0 0.0 0.0 0.0 0.0 0.0 0.0 0.0 0.0 0.0 0.0 3.0 1.0 0.0 0.0 3.0 1.0 0.0 0.0 0.0 0.0 0.0 0.0 
-3241.947998046875 -5123.00634765625 -5855.41796875 7594.2021484375 7655.2373046875 -7538.1220703125 -3713.81591796875 3622.064208984375 4530.302734375 -835.7705078125 132.5194854736328 5190.29248046875 -716.3306884765625 9588.0859375 -3306.431640625 -7373.21826171875 -4430.82470703125 -8491.9501953125 8946.7099609375 3367.421630859375 output 8 9 3 5 10 6 7 2 4 1 indices 7 -1 2 3 -1 1 3 4 2 1 -1 4 2 1 3 -1 2 1 3 4 2 1 3 4 -1 9 1 2 2 1 3 4 -1 1 2 3 2 1 3 4 value 1.0 1.0 0.0 0.0 0.0 0.0 0.0 0.0 0.0 0.0 0.0 0.0 0.0 0.0 0.0 0.0 0.0 0.0 0.0 0.0 0.0 0.0 0.0 0.0 3.0 1.0 0.0 0.0 0.0 0.0 0.0 0.0 3.0 1.0 0.0 0.0 0.0 0.0 0.0 0.0 
6740.1796875 2879.757568359375 -5709.34033203125 -8454.9677734375 -2529.73095703125 4114.56494140625 4672.642578125 -2705.415771484375 2867.510498046875 5520.900390625 -8705.4638671875 -197.2607421875 5086.33544921875 5543.29638671875 -5648.859375 -1284.5924072265625 -2708.760498046875 -5656.22314453125 5935.48681640625 239.94070434570312 output 1 7 5 3 6 8 2 9 4 10 indices 2 -1 3 4 -1 9 1 3 2 1 -1 4 2 1 3 -1 2 1 3 4 2 1 3 4 -1 2 1 3 2 1 3 4 -1 7 1 2 2 1 3 4 value 0.0 0.0 0.0 0.0 3.0 1.0 0.0 0.0 0.0 0.0 0.0 0.0 0.0 0.0 0.0 0.0 0.0 0.0 0.0 0.0 0.0 0.0 0.0 0.0 3.0 1.0 0.0 0.0 0.0 0.0 0.0 0.0 1.0 1.0 0.0 0.0 0.0 0.0 0.0 0.0 
3234.498291015625 9181.5439453125 -7594.8193359375 -513.5648803710938 -1600.62939453125 -6527.3271484375 8137.9677734375 162.0059051513672 2714.6806640625 -4940.419921875 1591.77197265625 4025.86376953125 -5551.90625 -5352.37158203125 -3020.198486328125 -361.10906982421875 -411.9749450683594 -759.1508178710938 2500.609619140625 5084.52978515625 output 10 6 9 8 2 7 3 5 4 1 indices -1 3 2 4 -1 1 3 4 -1 9 1 2 2 1 3 -1 2 1 3 4 2 1 3 4 2 1 3 4 2 1 3 4 -1 1 2 3 2 1 3 4 value 3.0 1.0 0.0 0.0 0.0 0.0 0.0 0.0 3.0 1.0 0.0 0.0 0.0 0.0 0.0 0.0 0.0 0.0 0.0 0.0 0.0 0.0 0.0 0.0 0.0 0.0 0.0 0.0 0.0 0.0 0.0 0.0 1.0 1.0 0.0 0.0 0.0 0.0 0.0 0.0 
7938.59228515625 -3696.46484375 -9253.8310546875 4780.84130859375 7579.28076171875 -1728.4815673828125 -5197.46142578125 -670.31298828125 -5276.69873046875 -3399.512939453125 1008.73193359375 -3132.853759765625 7792.44287109375 -1479.4412841796875 -5805.74267578125 -3468.626953125 2551.661376953125 3481.20751953125 -1336.9752197265625 9313.6455078125 output 8 5 6 1 3 7 9 10 2 4 indices 2 -1 3 4 -1 1 3 4 2 1 -1 4 2 1 3 -1 2 1 3 4 10 -1 1 2 2 1 3 4 -1 6 1 2 2 1 3 4 -1 8 1 2 value 0.0 0.0 0.0 0.0 0.0 0.0 0.0 0.0 0.0 0.0 0.0 0.0 0.0 0.0 0.0 0.0 0.0 0.0 0.0 0.0 1.0 1.0 0.0 0.0 0.0 0.0 0.0 0.0 3.0 1.0 0.0 0.0 0.0 0.0 0.0 0.0 3.0 1.0 0.0 0.0 
5790.59912109375 -1717.90185546875 2874.62841796875 3424.00439453125 2643.346435546875 -9741.013671875 1131.948974609375 8519.8701171875 -3835.983154296875 5059.88134765625 -2593.0595703125 -6852.0244140625 -6349.6962890625 -9126.41015625 7086.6982421875 8274.5986328125 -1580.4569091796875 -4974.78662109375 -5168.025390625 7133.78173828125 output 4 8 2 1 3 7 6 9 5 10 indices 2 -1 3 4 -1 1 3 4 -1 9 1 2 2 1 3 -1 2 1 3 4 2 1 3 4 2 1 3 4 -1 3 1 2 -1 8 1 2 2 1 3 4 value 0.0 0.0 0.0 0.0 0.0 0.0 0.0 0.0 3.0 1.0 0.0 0.0 0.0 0.0 0.0 0.0 0.0 0.0 0.0 0.0 0.0 0.0 0.0 0.0 0.0 0.0 0.0 0.0 3.0 1.0 0.0 0.0 1.0 1.0 0.0 0.0 0.0 0.0 0.0 0.0 
6865.39697265625 3630.029541015625 -7896.3681640625 -2002.81982421875 -5452.3017578125 -7498.76318359375 -725.0191040039062 8860.533203125 -1429.2109375 3349.188232421875 399.8381652832031 2080.0712890625 -2053.734375 -6569.75439453125 9726.994140625 -5267.748046875 -3346.74462890625 -4557.955078125 3911.150146484375 7977.21923828125 output 3 2 6 5 4 10 1 8 7 9 indices 2 -1 3 4 -1 1 3 4 -1 9 1 2 2 1 3 -1 2 1 3 4 2 1 3 4 2 1 3 4 2 1 3 4 10 -1 1 2 -1 3 1 2 value 0.0 0.0 0.0 0.0 0.0 0.0 0.0 0.0 3.0 1.0 0.0 0.0 0.0 0.0 0.0 0.0 0.0 0.0 0.0 0.0 0.0 0.0 0.0 0.0 0.0 0.0 0.0 0.0 0.0 0.0 0.0 0.0 1.0 1.0 0.0 0.0 3.0 1.0 0.0 0.0 
-1931.026611328125 6480.98046875 2195.64990234375 -3714.488037109375 -820.8092651367188 -6457.171875 -9777.013671875 -269.471435546875 -1953.177734375 9640.9912109375 6871.306640625 60.562644958496094 508.3210144042969 -6198.5546875 2399.007568359375 5617.75 6381.02734375 -7664.1083984375 -3873.28466796875 2503.510986328125 output 5 1 10 4 3 7 2 9 6 8 indices 2 -1 3 4 5 -1 1 3 2 4 1 -1 2 1 3 -1 -1 9 1 2 2 1 3 4 2 1 3 4 2 1 3 4 -1 3 2 1 2 1 3 4 value 0.0 0.0 0.0 0.0 1.0 2.2323568493483224e-24 0.0 0.0 1.0 0.0 0.0 0.0 0.0 0.0 0.0 0.0 3.0 1.0 0.0 0.0 0.0 0.0 0.0 0.0 0.0 0.0 0.0 0.0 0.0 0.0 0.0 0.0 3.0 1.0 2.2323568493483224e-24 0.0 0.0 0.0 0.0 0.0 
10072.4990234375 -1106.9415283203125 5713.10986328125 -1311.2205810546875 -3740.354736328125 6171.396484375 -7161.3427734375 2696.828125 -6579.34716796875 -2442.1142578125 1955.7916259765625 -6060.48779296875 -7250.87646484375 1375.168212890625 1262.9765625 1446.5482177734375 221.41798400878906 2900.328369140625 5506.12646484375 -3669.505126953125 output 7 4 3 9 8 2 1 10 6 5 indices 2 -1 3 4 -1 1 3 4 -1 6 1 2 2 1 3 -1 -1 3 1 2 -1 5 1 2 2 1 3 4 2 1 3 4 2 1 3 4 2 1 3 4 value 0.0 0.0 0.0 0.0 0.0 0.0 0.0 0.0 3.0 1.0 0.0 0.0 0.0 0.0 0.0 0.0 1.0 1.0 0.0 0.0 3.0 1.0 0.0 0.0 0.0 0.0 0.0 0.0 0.0 0.0 0.0 0.0 0.0 0.0 0.0 0.0 0.0 0.0 0.0 0.0 
-5592.1298828125 -6333.943359375 1453.929443359375 3442.3681640625 6686.2607421875 -7535.4599609375 7286.57373046875 9654.9091796875 -3726.3701171875 -5769.73291015625 -1899.8460693359375 4588.33544921875 -7085.06103515625 -1399.80419921875 -710.4628295898438 9057.0166015625 -2556.870849609375 2459.27734375 6143.97705078125 -8162.9658203125 output 1 5 10 3 2 4 8 6 9 7 indices 2 -1 3 4 -1 1 3 4 2 1 -1 4 -1 10 1 2 -1 4 1 2 2 1 3 4 2 1 3 4 2 1 3 4 2 1 3 4 -1 5 1 2 value 0.0 0.0 0.0 0.0 0.0 0.0 0.0 0.0 0.0 0.0 0.0 0.0 3.0 1.0 0.0 0.0 1.0 1.0 0.0 0.0 0.0 0.0 0.0 0.0 0.0 0.0 0.0 0.0 0.0 0.0 0.0 0.0 0.0 0.0 0.0 0.0 3.0 1.0 0.0 0.0 
-8278.470703125 4795.50927734375 5365.81787109375 -11739.6298828125 -9068.716796875 -2158.435302734375 5934.3251953125 -6849.58544921875 -4349.78955078125 2360.572998046875 -9619.107421875 4351.88671875 8722.2958984375 3794.48828125 9082.2138671875 -1899.7044677734375 -6841.82958984375 4136.05859375 9053.2607421875 3208.83935546875 output 8 10 7 5 9 1 6 3 2 4 indices 2 -1 3 4 -1 3 1 4 7 -1 1 2 2 1 3 -1 2 1 3 4 2 1 3 4 -1 2 1 3 2 1 3 4 2 1 3 4 2 1 3 4 value 0.0 0.0 0.0 0.0 3.0 1.0 0.0 0.0 1.0 1.0 0.0 0.0 0.0 0.0 0.0 0.0 0.0 0.0 0.0 0.0 0.0 0.0 0.0 0.0 3.0 1.0 0.0 0.0 0.0 0.0 0.0 0.0 0.0 0.0 0.0 0.0 0.0 0.0 0.0 0.0 
-5193.43798828125 -8653.541015625 -3709.74462890625 538.9476928710938 2585.668701171875 8306.1943359375 3329.590087890625 -8261.744140625 -5700.46826171875 2515.397705078125 3160.17333984375 608.7218017578125 -860.1776123046875 -8701.0771484375 -1022.2894897460938 2834.055419921875 9840.9599609375 4304.34912109375 -2430.274169921875 6508.6953125 output 1 7 4 6 9 3 10 8 5 2 indices -1 2 3 4 3 -1 1 4 -1 1 2 4 2 1 3 -1 2 1 3 4 2 1 3 4 2 1 3 4 2 1 3 4 2 1 3 4 2 1 3 4 value 3.0 1.0 0.0 0.0 1.0 1.0 0.0 0.0 3.0 1.0 0.0 0.0 0.0 0.0 0.0 0.0 0.0 0.0 0.0 0.0 0.0 0.0 0.0 0.0 0.0 0.0 0.0 0.0 0.0 0.0 0.0 0.0 0.0 0.0 0.0 0.0 0.0 0.0 0.0 0.0 
2748.58154296875 -4691.197265625 -3141.49951171875 6547.86376953125 356.90899658203125 5371.5458984375 -3110.6884765625 2733.759033203125 6042.03857421875 -5348.927734375 -8607.32421875 -7332.21875 -656.2171020507812 -4202.4951171875 -5466.55322265625 12398.044921875 4735.681640625 -5899.1875 7099.072265625 422.8131103515625 output 4 6 7 1 9 5 10 3 8 2 indices 2 -1 3 4 -1 1 3 4 2 1 -1 4 2 1 3 -1 2 1 3 4 -1 7 1 2 8 -1 1 2 -1 6 1 2 2 1 3 4 2 1 3 4 value 0.0 0.0 0.0 0.0 0.0 0.0 0.0 0.0 0.0 0.0 0.0 0.0 0.0 0.0 0.0 0.0 0.0 0.0 0.0 0.0 3.0 1.0 0.0 0.0 1.0 1.0 0.0 0.0 3.0 1.0 0.0 0.0 0.0 0.0 0.0 0.0 0.0 0.0 0.0 0.0 
4770.2822265625 2320.93505859375 1606.903076171875 6669.6982421875 -9261.0419921875 -7396.95947265625 3236.29833984375 -1558.4747314453125 -4930.4140625 -1103.7691650390625 -6268.6162109375 -6140.0869140625 -112.99341583251953 -7152.31396484375 -670.6055297851562 3701.01171875 3262.276611328125 7305.5322265625 8367.9111328125 3354.427001953125 output 5 3 6 7 4 1 10 9 2 8 indices 2 -1 3 4 -1 1 3 4 -1 5 1 2 2 1 3 -1 9 -1 1 2 2 1 3 4 2 1 3 4 2 1 3 4 -1 3 1 2 2 1 3 4 value 0.0 0.0 0.0 0.0 0.0 0.0 0.0 0.0 3.0 1.0 0.0 0.0 0.0 0.0 0.0 0.0 1.0 1.0 0.0 0.0 0.0 0.0 0.0 0.0 0.0 0.0 0.0 0.0 0.0 0.0 0.0 0.0 3.0 1.0 0.0 0.0 0.0 0.0 0.0 0.0 
-6752.248046875 6267.1162109375 8943.919921875 7745.818359375 -45.9461784362793 695.2701416015625 -4196.3798828125 -329.88531494140625 -3940.55078125 -1234.935546875 -3861.131103515625 -7706.2841796875 8850.6357421875 7531.16064453125 -9739.494140625 -5740.619140625 8755.7998046875 1496.7901611328125 1985.39453125 -8724.4306640625 output 1 4 5 8 6 10 9 7 2 3 indices 2 -1 3 4 -1 10 1 3 2 1 -1 4 2 1 3 -1 -1 2 1 3 2 1 3 4 2 1 3 4 2 1 3 4 2 1 3 4 -1 5 1 2 value 0.0 0.0 0.0 0.0 3.0 1.0 0.0 0.0 0.0 0.0 0.0 0.0 0.0 0.0 0.0 0.0 1.0 1.0 0.0 0.0 0.0 0.0 0.0 0.0 0.0 0.0 0.0 0.0 0.0 0.0 0.0 0.0 0.0 0.0 0.0 0.0 3.0 1.0 0.0 0.0 
5950.7919921875 -5309.74267578125 531.7796630859375 -1258.037109375 -1282.375244140625 -2418.44140625 2407.462646484375 -635.9774780273438 -7923.3779296875 2684.169189453125 5688.77783203125 -2161.94091796875 -11504.42578125 9144.50390625 6450.6923828125 8435.64453125 1744.0916748046875 -2005.7603759765625 -2063.417236328125 -6474.41845703125 output 4 9 2 3 10 5 7 8 6 1 indices 2 -1 3 4 8 -1 1 3 2 1 -1 4 2 1 3 -1 2 1 3 4 2 1 3 4 2 1 3 4 -1 10 1 2 2 1 3 4 -1 2 1 3 value 0.0 0.0 0.0 0.0 1.0 1.0 0.0 0.0 0.0 0.0 0.0 0.0 0.0 0.0 0.0 0.0 0.0 0.0 0.0 0.0 0.0 0.0 0.0 0.0 0.0 0.0 0.0 0.0 3.0 1.0 0.0 0.0 0.0 0.0 0.0 0.0 3.0 1.0 0.0 0.0 
7798.7119140625 6572.4228515625 -5263.99609375 -7869.36962890625 -207.39691162109375 -11445.271484375 2637.831787109375 6383.75 -2060.57861328125 5354.04052734375 -9353.521484375 3873.2119140625 2768.72900390625 -3645.7919921875 -1274.009765625 9.200276374816895 -745.18994140625 -119.34688568115234 5699.42041015625 887.1552124023438 output 3 2 9 8 6 5 4 1 10 7 indices -1 3 2 4 -1 1 3 4 -1 9 1 2 2 1 3 -1 2 1 3 4 2 1 3 4 2 1 3 4 2 1 3 4 -1 1 2 3 2 1 3 4 value 3.0 1.0 0.0 0.0 0.0 0.0 0.0 0.0 3.0 1.0 0.0 0.0 0.0 0.0 0.0 0.0 0.0 0.0 0.0 0.0 0.0 0.0 0.0 0.0 0.0 0.0 0.0 0.0 0.0 0.0 0.0 0.0 1.0 1.0 0.0 0.0 0.0 0.0 0.0 0.0 
9194.5263671875 4746.09326171875 6450.06884765625 -7025.064453125 5202.45849609375 -9418.6416015625 1337.6466064453125 -9562.583984375 1268.01025390625 9649.8994140625 -7226.373046875 7722.75439453125 -5974.98583984375 3526.7421875 2299.531494140625 -2668.40185546875 -7386.61669921875 -6300.79638671875 -5164.26708984375 9329.998046875 output 5 10 6 7 9 4 3 2 8 1 indices 2 -1 3 4 -1 1 3 4 2 1 -1 4 -1 8 1 2 -1 4 1 2 2 1 3 4 2 1 3 4 -1 5 1 2 2 1 3 4 2 1 3 4 value 0.0 0.0 0.0 0.0 0.0 0.0 0.0 0.0 0.0 0.0 0.0 0.0 3.0 1.0 0.0 0.0 3.0 1.0 0.0 0.0 0.0 0.0 0.0 0.0 0.0 0.0 0.0 0.0 1.0 1.0 0.0 0.0 0.0 0.0 0.0 0.0 0.0 0.0 0.0 0.0 
7510.302734375 -7410.61474609375 -4542.912109375 4528.5166015625 1990.0213623046875 2700.10595703125 1300.4765625 -1088.63818359375 10024.1357421875 4341.71240234375 -8910.8779296875 885.2648315429688 -2648.02587890625 -4650.1533203125 1634.4854736328125 -1342.3409423828125 795.3841552734375 -6897.93115234375 -7152.990234375 8934.078125 output 1 5 3 8 4 2 10 6 7 9 indices 9 -1 2 3 -1 1 3 4 2 1 -1 4 5 -1 1 2 -1 1 2 3 2 1 3 4 2 1 3 4 2 1 3 4 -1 4 1 2 2 1 3 4 value 1.0 1.0 0.0 0.0 0.0 0.0 0.0 0.0 0.0 0.0 0.0 0.0 1.0 1.0 0.0 0.0 3.0 1.0 0.0 0.0 0.0 0.0 0.0 0.0 0.0 0.0 0.0 0.0 0.0 0.0 0.0 0.0 1.0 1.0 0.0 0.0 0.0 0.0 0.0 0.0 
-514.6295166015625 -2158.517822265625 3314.259521484375 3497.87060546875 -1299.7100830078125 7744.69677734375 -4280.677734375 -379.9181823730469 -8886.501953125 -7516.7041015625 2413.912841796875 5320.7880859375 5696.24658203125 273.1087646484375 3298.759765625 3843.5107421875 1197.5692138671875 -3048.15185546875 -939.2294311523438 -7576.68310546875 output 2 8 6 3 4 5 10 1 9 7 indices 3 -1 2 4 -1 1 3 4 -1 5 1 2 2 1 3 -1 -1 1 2 3 2 1 3 4 2 1 3 4 2 1 3 4 2 1 3 4 2 1 3 4 value 1.0 1.0 0.0 0.0 0.0 0.0 0.0 0.0 3.0 1.0 0.0 0.0 0.0 0.0 0.0 0.0 3.0 1.0 0.0 0.0 0.0 0.0 0.0 0.0 0.0 0.0 0.0 0.0 0.0 0.0 0.0 0.0 0.0 0.0 0.0 0.0 0.0 0.0 0.0 0.0 
5377.755859375 -4152.4814453125 -3577.606689453125 -3478.71533203125 5321.5478515625 2443.9140625 4321.0234375 -6161.041015625 7006.43994140625 10829.9482421875 -10489.150390625 5048.59033203125 1547.1732177734375 -4839.7607421875 5745.52587890625 2413.529541015625 -6154.14501953125 3905.784423828125 -9098.564453125 -6009.767578125 output 9 6 10 2 7 4 1 3 8 5 indices 2 -1 3 4 5 -1 1 3 2 1 -1 4 2 1 3 -1 -1 10 1 2 2 1 3 4 2 1 3 4 2 1 3 4 2 1 3 4 -1 2 1 3 value 0.0 0.0 0.0 0.0 1.0 1.0 0.0 0.0 0.0 0.0 0.0 0.0 0.0 0.0 0.0 0.0 3.0 1.0 0.0 0.0 0.0 0.0 0.0 0.0 0.0 0.0 0.0 0.0 0.0 0.0 0.0 0.0 0.0 0.0 0.0 0.0 3.0 1.0 0.0 0.0 
393.1799011230469 -7034.5703125 -8846.66015625 -4423.5546875 -9735.7392578125 8130.8994140625 5213.04248046875 -2579.5029296875 3141.23388671875 9686.86328125 -2994.4482421875 -3211.69873046875 3230.974609375 -3835.731689453125 1575.483642578125 4487.8134765625 5294.28759765625 -3472.8271484375 2728.645263671875 2252.309814453125 output 1 7 9 4 10 8 5 3 2 6 indices -1 6 2 3 -1 1 3 4 2 1 -1 4 2 1 3 -1 -1 1 2 3 -1 5 1 2 2 1 3 4 2 1 3 4 2 1 3 4 2 1 3 4 value 3.0 1.0 0.0 0.0 0.0 0.0 0.0 0.0 0.0 0.0 0.0 0.0 0.0 0.0 0.0 0.0 3.0 1.0 0.0 0.0 1.0 1.0 0.0 0.0 0.0 0.0 0.0 0.0 0.0 0.0 0.0 0.0 0.0 0.0 0.0 0.0 0.0 0.0 0.0 0.0 
4137.65625 5526.98388671875 7815.314453125 4770.9921875 1543.6102294921875 8587.48828125 -7995.1171875 1582.7410888671875 -2711.422607421875 -3213.2607421875 -4948.81591796875 -7002.82958984375 8221.8642578125 -5047.98779296875 2747.891357421875 -72.50070190429688 1714.820556640625 3856.646240234375 -10525.8017578125 -8988.2734375 output 5 8 7 2 1 3 9 4 10 6 indices 2 -1 3 4 -1 1 3 4 -1 10 1 2 2 1 3 -1 -1 3 1 2 2 1 3 4 2 1 3 4 2 1 3 4 2 1 3 4 -1 5 1 2 value 0.0 0.0 0.0 0.0 0.0 0.0 0.0 0.0 3.0 1.0 0.0 0.0 0.0 0.0 0.0 0.0 1.0 1.0 0.0 0.0 0.0 0.0 0.0 0.0 0.0 0.0 0.0 0.0 0.0 0.0 0.0 0.0 0.0 0.0 0.0 0.0 3.0 1.0 0.0 0.0 
8049.7919921875 304.6692199707031 -1181.96240234375 -5976.1787109375 -6970.27197265625 6036.4697265625 6741.759765625 7853.5595703125 -2542.245849609375 -7191.45263671875 3222.94482421875 5105.4658203125 -4579.662109375 6197.20556640625 -3412.6884765625 -8479.6025390625 -3564.4609375 -9528.41796875 4236.79541015625 5678.283203125 output 4 10 6 7 3 9 8 5 2 1 indices 2 -1 3 4 4 -1 1 3 2 1 -1 4 -1 9 1 2 2 1 3 4 2 1 3 4 2 1 3 4 2 1 3 4 -1 2 1 3 2 1 3 4 value 0.0 0.0 0.0 0.0 1.0 1.0 0.0 0.0 0.0 0.0 0.0 0.0 3.0 1.0 0.0 0.0 0.0 0.0 0.0 0.0 0.0 0.0 0.0 0.0 0.0 0.0 0.0 0.0 0.0 0.0 0.0 0.0 3.0 1.0 0.0 0.0 0.0 0.0 0.0 0.0 
-6268.46142578125 8042.05078125 -5069.42626953125 8787.7724609375 -3931.115966796875 -8738.9326171875 9949.51953125 8013.54248046875 4218.935546875 -8284.3896484375 9202.326171875 -8742.3759765625 -4312.43994140625 -1180.561767578125 -2809.665283203125 -4980.03076171875 -4084.345458984375 3705.82080078125 3104.672607421875 3377.104736328125 output 10 4 6 5 3 8 7 9 1 2 indices 2 -1 3 4 -1 1 3 4 -1 8 1 2 -1 3 1 2 2 1 3 4 2 1 3 4 2 1 3 4 -1 4 1 2 2 1 3 4 2 1 3 4 value 0.0 0.0 0.0 0.0 0.0 0.0 0.0 0.0 3.0 1.0 0.0 0.0 3.0 1.0 0.0 0.0 0.0 0.0 0.0 0.0 0.0 0.0 0.0 0.0 0.0 0.0 0.0 0.0 1.0 1.0 0.0 0.0 0.0 0.0 0.0 0.0 0.0 0.0 0.0 0.0 
-9801.6005859375 -5377.52783203125 -5064.2822265625 8630.9560546875 -4719.9140625 2140.304931640625 8144.880859375 6714.64501953125 -5690.84228515625 -8618.3701171875 7296.63525390625 -5985.80859375 7925.70361328125 -1007.9913330078125 5024.15869140625 -3288.73193359375 654.7655029296875 -1151.19775390625 -3769.505126953125 7943.72119140625 output 1 5 9 8 6 7 4 10 2 3 indices 2 -1 3 4 -1 1 3 4 2 1 -1 4 -1 5 1 2 -1 9 1 2 2 1 3 4 2 1 3 4 2 1 3 4 -1 4 1 2 2 1 3 4 value 0.0 0.0 0.0 0.0 0.0 0.0 0.0 0.0 0.0 0.0 0.0 0.0 3.0 1.0 0.0 0.0 3.0 1.0 0.0 0.0 0.0 0.0 0.0 0.0 0.0 0.0 0.0 0.0 0.0 0.0 0.0 0.0 1.0 1.0 0.0 0.0 0.0 0.0 0.0 0.0 
1802.5570068359375 1272.2366943359375 -2709.6904296875 -91.4096450805664 -9786.982421875 3559.857666015625 7030.61767578125 8687.388671875 -1168.182373046875 85.06214904785156 6016.087890625 -1244.50537109375 5011.22265625 5800.10302734375 -9226.498046875 -3147.760986328125 8183.41015625 -7235.47119140625 -5152.54150390625 -7685.5009765625 output 4 7 1 5 2 3 8 10 9 6 indices 2 -1 3 4 -1 1 3 4 2 1 -1 4 -1 10 1 2 -1 4 1 2 2 1 3 4 2 1 3 4 2 1 3 4 2 1 3 4 -1 5 1 2 value 0.0 0.0 0.0 0.0 0.0 0.0 0.0 0.0 0.0 0.0 0.0 0.0 3.0 1.0 0.0 0.0 1.0 1.0 0.0 0.0 0.0 0.0 0.0 0.0 0.0 0.0 0.0 0.0 0.0 0.0 0.0 0.0 0.0 0.0 0.0 0.0 3.0 1.0 0.0 0.0 
-4408.99560546875 -7230.78271484375 5867.2333984375 5942.306640625 3428.416015625 3942.630615234375 6100.7734375 -4760.1875 6255.9072265625 -6171.380859375 -8213.65234375 7374.2080078125 -11166.66015625 748.368408203125 6596.94189453125 3060.7197265625 3652.47509765625 -4876.13427734375 -8112.439453125 1970.25244140625 output 10 7 1 9 5 4 8 2 3 6 indices -1 2 3 4 -1 1 3 4 2 1 -1 4 2 1 3 -1 2 1 3 4 2 1 3 4 2 1 3 4 2 1 3 4 2 1 3 4 2 1 3 4 value 5.0 1.0 0.0 0.0 3.0 1.0 0.0 0.0 0.0 0.0 0.0 0.0 0.0 0.0 0.0 0.0 0.0 0.0 0.0 0.0 0.0 0.0 0.0 0.0 0.0 0.0 0.0 0.0 0.0 0.0 0.0 0.0 0.0 0.0 0.0 0.0 0.0 0.0 0.0 0.0 
-2076.956787109375 -6445.06005859375 -5023.734375 135.41937255859375 3923.9287109375 1122.517822265625 -10952.8896484375 2129.0703125 3158.61767578125 -7996.7060546875 -2818.467041015625 7204.359375 2823.8251953125 -4517.25439453125 7990.69140625 1588.7401123046875 -1563.1551513671875 -1192.2696533203125 4538.13916015625 7971.18359375 output 9 2 4 6 10 8 3 7 5 1 indices 2 -1 3 4 -1 1 3 4 2 1 -1 4 2 1 3 -1 -1 9 1 2 2 1 3 4 2 1 3 4 2 1 3 4 10 -1 1 2 -1 5 1 2 value 0.0 0.0 0.0 0.0 0.0 0.0 0.0 0.0 0.0 0.0 0.0 0.0 0.0 0.0 0.0 0.0 3.0 1.0 0.0 0.0 0.0 0.0 0.0 0.0 0.0 0.0 0.0 0.0 0.0 0.0 0.0 0.0 1.0 1.0 0.0 0.0 3.0 1.0 0.0 0.0 
359.5531921386719 2927.329833984375 -1923.03564453125 -6114.8017578125 -10933.9453125 10615.298828125 5280.41455078125 2455.454833984375 126.75787353515625 8525.7880859375 3157.91943359375 4861.06005859375 1847.0042724609375 -6504.146484375 -392.1396789550781 -7668.79931640625 6238.63623046875 -7148.26806640625 -3761.164794921875 -1948.9161376953125 output 6 4 9 7 8 2 10 3 5 1 indices 2 -1 3 4 -1 1 3 4 2 1 -1 4 2 1 3 -1 -1 8 1 2 2 1 3 4 2 1 3 4 -1 10 1 2 2 1 3 4 -1 5 1 2 value 0.0 0.0 0.0 0.0 0.0 0.0 0.0 0.0 0.0 0.0 0.0 0.0 0.0 0.0 0.0 0.0 3.0 1.0 0.0 0.0 0.0 0.0 0.0 0.0 0.0 0.0 0.0 0.0 3.0 1.0 0.0 0.0 0.0 0.0 0.0 0.0 1.0 1.0 0.0 0.0 
-10610.46484375 4299.61083984375 1441.1890869140625 5853.7255859375 3257.90673828125 404.09234619140625 -2698.796630859375 7018.37744140625 5941.046875 -5976.76806640625 6273.4521484375 7550.4140625 -9329.2294921875 7941.689453125 -1540.74072265625 -7704.88427734375 1711.5980224609375 -7709.97998046875 5554.0390625 -11676.27734375 output 7 1 8 9 10 5 3 6 2 4 indices 2 -1 3 4 -1 1 3 4 2 1 -1 4 2 1 3 -1 2 1 3 4 -1 10 1 2 2 1 3 4 -1 6 1 2 2 1 3 4 -1 8 1 2 value 0.0 0.0 0.0 0.0 0.0 0.0 0.0 0.0 0.0 0.0 0.0 0.0 0.0 0.0 0.0 0.0 0.0 0.0 0.0 0.0 3.0 1.0 0.0 0.0 0.0 0.0 0.0 0.0 1.0 1.0 0.0 0.0 0.0 0.0 0.0 0.0 3.0 1.0 0.0 0.0 
8680.09765625 -779.55224609375 -3605.9462890625 500.9501037597656 1139.53271484375 -6264.7978515625 5632.6455078125 6437.3125 664.996826171875 1116.7342529296875 4211.1728515625 2779.110107421875 -6589.8544921875 1386.5479736328125 -6274.78857421875 -985.4507446289062 4838.2822265625 -6221.6962890625 -8696.138671875 2030.842041015625 output 8 10 7 2 5 6 4 1 9 3 indices 2 -1 3 4 4 -1 1 3 -1 2 1 4 -1 3 1 2 2 1 3 4 2 1 3 4 2 1 3 4 2 1 3 4 2 1 3 4 2 1 3 4 value 0.0 0.0 0.0 0.0 1.0 1.0 0.0 0.0 3.0 1.0 0.0 0.0 3.0 1.0 0.0 0.0 0.0 0.0 0.0 0.0 0.0 0.0 0.0 0.0 0.0 0.0 0.0 0.0 0.0 0.0 0.0 0.0 0.0 0.0 0.0 0.0 0.0 0.0 0.0 0.0 
10301.087890625 257.4451599121094 1815.34716796875 5774.56103515625 -3016.321044921875 6109.23291015625 5947.1171875 3362.922119140625 -5026.033203125 -2943.243896484375 2988.367431640625 -2691.642822265625 -8288.484375 -3258.384765625 6198.9150390625 -8774.8642578125 -3556.812744140625 -1337.1395263671875 -7363.18359375 3501.11376953125 output 8 6 9 5 7 10 3 2 4 1 indices 2 -1 3 4 -1 8 1 3 2 1 -1 4 2 1 3 -1 2 1 3 4 2 1 3 4 2 1 3 4 -1 9 1 2 -1 2 1 3 2 1 3 4 value 0.0 0.0 0.0 0.0 3.0 1.0 0.0 0.0 0.0 0.0 0.0 0.0 0.0 0.0 0.0 0.0 0.0 0.0 0.0 0.0 0.0 0.0 0.0 0.0 0.0 0.0 0.0 0.0 3.0 1.0 0.0 0.0 1.0 1.0 0.0 0.0 0.0 0.0 0.0 0.0 
-187.9126434326172 -4954.59521484375 6862.498046875 9172.8154296875 -6684.31494140625 -6882.40576171875 7023.18798828125 -503.2059020996094 6254.25439453125 1200.1329345703125 -32.02104187011719 -7281.9130859375 -8945.326171875 7423.759765625 -6698.26025390625 -3701.2119140625 8387.9921875 1748.158203125 -5980.09765625 3778.4658203125 output 6 1 4 5 9 2 7 10 8 3 indices 2 -1 3 4 -1 6 1 3 2 1 -1 4 2 1 3 -1 2 1 3 4 -1 1 2 3 2 1 3 4 2 1 3 4 2 1 3 4 2 1 3 4 value 1.0 1.0 0.0 0.0 3.0 1.0 0.0 0.0 0.0 0.0 0.0 0.0 0.0 0.0 0.0 0.0 0.0 0.0 0.0 0.0 3.0 1.0 0.0 0.0 0.0 0.0 0.0 0.0 0.0 0.0 0.0 0.0 0.0 0.0 0.0 0.0 0.0 0.0 0.0 0.0 
-7086.28125 -5999.0009765625 -7305.50390625 30.19626235961914 7084.50732421875 2719.912353515625 9276.814453125 -3125.90771484375 -6131.9453125 8781.6806640625 798.8587036132812 -4331.66748046875 -6941.7333984375 2577.69775390625 2161.682373046875 5108.09228515625 4699.53857421875 -1885.0418701171875 3444.062255859375 -3875.960693359375 output 10 9 4 3 8 5 7 2 1 6 indices -1 6 2 3 -1 1 3 4 1 4 2 -1 2 1 3 -1 -1 3 1 2 -1 5 1 2 2 1 3 4 2 1 3 4 2 1 3 4 2 1 3 4 value 3.0 1.0 0.0 0.0 0.0 0.0 0.0 0.0 1.0 0.0 0.0 0.0 0.0 0.0 0.0 0.0 2.0 1.0 0.0 0.0 1.0 1.0 0.0 0.0 0.0 0.0 0.0 0.0 0.0 0.0 0.0 0.0 0.0 0.0 0.0 0.0 0.0 0.0 0.0 0.0 
5440.43017578125 -4184.49267578125 -3184.209716796875 2821.03173828125 -2375.283447265625 -174.41796875 -351.1739501953125 -2777.010009765625 -10371.4287109375 142.44911193847656 4900.37451171875 6333.41357421875 4034.834716796875 515.7125854492188 -8122.8173828125 -302.3506164550781 1772.8985595703125 -4149.0185546875 8256.375 1774.6827392578125 output 2 6 10 7 1 9 4 3 8 5 indices 2 -1 3 4 -1 1 3 4 6 -1 1 2 3 -1 1 2 2 1 3 4 -1 9 1 2 2 1 3 4 2 1 3 4 -1 4 1 2 2 1 3 4 value 0.0 0.0 0.0 0.0 0.0 0.0 0.0 0.0 1.0 0.0 0.0 0.0 1.0 0.0 0.0 0.0 0.0 0.0 0.0 0.0 3.0 1.0 0.0 0.0 0.0 0.0 0.0 0.0 0.0 0.0 0.0 0.0 3.0 1.0 0.0 0.0 0.0 0.0 0.0 0.0 
1669.2811279296875 4551.78466796875 1416.4222412109375 7611.72119140625 7478.7783203125 689.3456420898438 3200.364013671875 -7778.4482421875 -8175.853515625 1956.998046875 -2620.01123046875 -5877.43994140625 -5817.02880859375 -4340.01904296875 1377.9166259765625 -7059.7265625 -3809.88916015625 5182.2080078125 5280.0205078125 5063.57568359375 output 4 8 6 7 5 9 2 1 10 3 indices 2 -1 3 4 -1 4 1 3 2 1 -1 4 -1 6 1 2 2 1 3 4 -1 2 1 3 2 1 3 4 2 1 3 4 2 1 3 4 2 1 3 4 value 0.0 0.0 0.0 0.0 3.0 1.0 0.0 0.0 0.0 0.0 0.0 0.0 3.0 1.0 0.0 0.0 0.0 0.0 0.0 0.0 1.0 1.0 0.0 0.0 0.0 0.0 0.0 0.0 0.0 0.0 0.0 0.0 0.0 0.0 0.0 0.0 0.0 0.0 0.0 0.0 
-230.5660858154297 2405.83349609375 -5728.94921875 -7673.6298828125 10429.8115234375 -7410.8134765625 6839.208984375 -4554.6044921875 8835.3388671875 6021.6689453125 -6967.34765625 -6648.0478515625 -5888.2841796875 10634.224609375 -5138.01806640625 -3600.08447265625 4520.46826171875 10469.9541015625 -6671.6630859375 355.4986267089844 output 1 10 8 6 2 4 3 5 9 7 indices 2 -1 3 4 -1 8 1 3 2 1 -1 4 2 1 3 -1 2 1 3 4 2 1 3 4 2 1 3 4 9 -1 1 2 -1 2 1 3 2 1 3 4 value 0.0 0.0 0.0 0.0 3.0 1.0 0.0 0.0 0.0 0.0 0.0 0.0 0.0 0.0 0.0 0.0 0.0 0.0 0.0 0.0 0.0 0.0 0.0 0.0 0.0 0.0 0.0 0.0 1.0 1.0 0.0 0.0 3.0 1.0 0.0 0.0 0.0 0.0 0.0 0.0 
6218.90283203125 4434.1796875 7008.17333984375 -3529.134033203125 4973.595703125 3181.665771484375 2240.516357421875 -3610.52294921875 -3770.09716796875 11604.8583984375 -5119.60107421875 6195.51708984375 -6503.2705078125 232.1641387939453 4059.484619140625 -5547.49560546875 -5286.935546875 -5073.6416015625 -3820.769287109375 -7887.59033203125 output 2 3 1 5 6 7 9 10 4 8 indices 2 -1 3 4 -1 1 3 4 2 1 -1 4 2 1 3 -1 -1 10 1 2 2 1 3 4 2 1 3 4 2 1 3 4 -1 5 1 2 -1 9 1 2 value 0.0 0.0 0.0 0.0 0.0 0.0 0.0 0.0 0.0 0.0 0.0 0.0 0.0 0.0 0.0 0.0 3.0 1.0 0.0 0.0 0.0 0.0 0.0 0.0 0.0 0.0 0.0 0.0 0.0 0.0 0.0 0.0 1.0 1.0 0.0 0.0 3.0 1.0 0.0 0.0 
4997.62353515625 10501.4326171875 -9691.3681640625 -5822.68603515625 1064.78564453125 2561.406005859375 -2044.69873046875 -3560.67919921875 960.4795532226562 6096.611328125 4983.0341796875 -1375.5142822265625 -8093.8251953125 6856.42333984375 2528.606201171875 -5196.22119140625 -4673.14208984375 -6425.90234375 9968.5048828125 -3634.8701171875 output 9 4 8 10 6 3 5 1 7 2 indices -1 9 2 3 -1 1 3 4 2 1 -1 4 -1 1 2 3 2 1 3 4 2 1 3 4 2 1 3 4 2 1 3 4 -1 4 1 2 2 1 3 4 value 3.0 1.0 0.0 0.0 0.0 0.0 0.0 0.0 0.0 0.0 0.0 0.0 1.0 1.0 0.0 0.0 0.0 0.0 0.0 0.0 0.0 0.0 0.0 0.0 0.0 0.0 0.0 0.0 0.0 0.0 0.0 0.0 3.0 1.0 0.0 0.0 0.0 0.0 0.0 0.0 
-8684.16796875 -7996.7861328125 3826.65234375 9067.353515625 6276.01513671875 8018.443359375 -4571.1337890625 -5070.55712890625 -2140.763916015625 -1009.1968383789062 1941.1712646484375 6005.466796875 -4664.029296875 2352.758544921875 5702.548828125 -4671.3623046875 7595.9013671875 -8688.9912109375 -5282.19482421875 1992.8709716796875 output 10 7 6 2 3 8 9 1 4 5 indices 5 -1 2 3 3 -1 1 4 9 -1 1 2 2 1 3 -1 -1 2 1 3 2 1 3 4 2 1 3 4 2 1 3 4 -1 1 2 3 2 1 3 4 value 1.0 1.0 0.0 0.0 1.0 1.0 0.0 0.0 1.0 1.0 0.0 0.0 0.0 0.0 0.0 0.0 1.0 1.0 0.0 0.0 0.0 0.0 0.0 0.0 0.0 0.0 0.0 0.0 0.0 0.0 0.0 0.0 1.0 1.0 0.0 0.0 0.0 0.0 0.0 0.0 
-1572.6258544921875 7556.18603515625 274.04766845703125 1106.289306640625 4316.54052734375 5660.97265625 -2101.885986328125 -9652.25390625 -840.8096923828125 -9470.8046875 -2843.0302734375 3739.689697265625 -3542.882080078125 2940.1064453125 4794.21875 7165.8310546875 3113.8251953125 -2608.686767578125 -1597.3985595703125 -6437.330078125 output 3 8 1 6 7 10 4 5 9 2 indices 2 -1 3 4 -1 1 3 4 2 1 -1 4 -1 10 1 2 2 1 3 4 2 1 3 4 2 1 3 4 -1 4 1 2 2 1 3 4 -1 8 1 2 value 0.0 0.0 0.0 0.0 0.0 0.0 0.0 0.0 0.0 0.0 0.0 0.0 3.0 1.0 0.0 0.0 0.0 0.0 0.0 0.0 0.0 0.0 0.0 0.0 0.0 0.0 0.0 0.0 3.0 1.0 0.0 0.0 0.0 0.0 0.0 0.0 1.0 1.0 0.0 0.0 
4896.998046875 -4730.97314453125 -4964.73681640625 -4082.292236328125 -5044.4189453125 -4478.56005859375 7871.34619140625 10562.103515625 -1028.387939453125 -2837.648681640625 -7272.25927734375 4374.7666015625 -7650.103515625 -4614.46630859375 5145.88427734375 -2325.4462890625 5849.751953125 -3643.616455078125 2195.92626953125 11776.1328125 output 8 9 1 5 2 3 7 6 10 4 indices 2 -1 3 4 -1 1 3 4 2 1 -1 4 -1 7 1 2 -1 4 1 2 2 1 3 4 -1 5 1 2 2 1 3 4 2 1 3 4 2 1 3 4 value 0.0 0.0 0.0 0.0 0.0 0.0 0.0 0.0 0.0 0.0 0.0 0.0 3.0 1.0 0.0 0.0 1.0 1.0 0.0 0.0 0.0 0.0 0.0 0.0 3.0 1.0 0.0 0.0 0.0 0.0 0.0 0.0 0.0 0.0 0.0 0.0 0.0 0.0 0.0 0.0 
2493.420654296875 -4146.8642578125 7888.16943359375 -5331.080078125 8094.53564453125 4108.51953125 -4088.309814453125 5893.43359375 -4244.54638671875 8692.3310546875 -3887.51171875 -1010.412109375 -3848.0478515625 3272.603515625 -9512.603515625 732.9610595703125 3167.63671875 -5638.28857421875 3937.25634765625 -6573.20458984375 output 7 4 5 3 2 10 9 1 6 8 indices 2 -1 3 4 -1 1 3 4 10 -1 1 2 2 1 3 -1 -1 3 1 2 -1 5 1 2 2 1 3 4 2 1 3 4 2 1 3 4 -1 6 1 2 value 0.0 0.0 0.0 0.0 0.0 0.0 0.0 0.0 1.0 1.0 0.0 0.0 0.0 0.0 0.0 0.0 1.0 1.0 0.0 0.0 1.0 1.0 0.0 0.0 0.0 0.0 0.0 0.0 0.0 0.0 0.0 0.0 0.0 0.0 0.0 0.0 3.0 1.0 0.0 0.0 
5698.4931640625 -867.8860473632812 -1812.79833984375 -1660.7340087890625 7777.20166015625 -5272.42626953125 -8065.255859375 6024.91748046875 -8629.8701171875 -6981.75341796875 8453.06640625 -1779.1407470703125 -8230.3583984375 741.2552490234375 6219.4912109375 -1382.2696533203125 2214.672607421875 3769.304443359375 -3624.642333984375 7408.73291015625 output 3 6 8 1 9 10 4 7 5 2 indices 2 -1 3 4 10 -1 1 3 2 1 -1 4 2 1 3 -1 -1 2 1 3 2 1 3 4 2 1 3 4 2 1 3 4 2 1 3 4 -1 5 1 2 value 0.0 0.0 0.0 0.0 1.0 1.0 0.0 0.0 0.0 0.0 0.0 0.0 0.0 0.0 0.0 0.0 3.0 1.0 0.0 0.0 0.0 0.0 0.0 0.0 0.0 0.0 0.0 0.0 0.0 0.0 0.0 0.0 0.0 0.0 0.0 0.0 3.0 1.0 0.0 0.0 
12489.6591796875 5042.3046875 5360.4677734375 402.1402587890625 8207.5048828125 -4944.962890625 -5299.22265625 3302.291015625 710.57861328125 -8938.06640625 4307.42236328125 -8100.5146484375 -7208.087890625 -10576.1826171875 -6023.53515625 8508.0029296875 -6216.21728515625 7533.6162109375 -6328.56982421875 7771.37158203125 output 10 8 2 1 3 6 5 7 4 9 indices -1 7 2 3 -1 1 3 4 2 1 -1 4 2 1 3 -1 2 1 3 4 2 1 3 4 -1 1 2 3 2 1 3 4 2 1 3 4 2 1 3 4 value 3.0 1.0 0.0 0.0 0.0 0.0 0.0 0.0 0.0 0.0 0.0 0.0 0.0 0.0 0.0 0.0 0.0 0.0 0.0 0.0 0.0 0.0 0.0 0.0 5.0 1.0 0.0 0.0 0.0 0.0 0.0 0.0 0.0 0.0 0.0 0.0 0.0 0.0 0.0 0.0 
-1604.355224609375 -276.9432678222656 419.64996337890625 2133.263671875 -6626.64697265625 7606.869140625 2844.66845703125 -6885.8349609375 -2096.84326171875 1616.595458984375 -2133.306396484375 8708.88671875 5539.88720703125 -4931.48095703125 -6447.96875 5661.58203125 4925.93505859375 -8619.638671875 5178.98046875 -5013.2998046875 output 7 10 2 6 3 8 5 1 4 9 indices 6 -1 2 3 -1 1 3 4 2 1 -1 4 2 1 3 -1 2 1 3 4 -1 9 1 2 2 1 3 4 2 1 3 4 -1 1 2 3 2 1 3 4 value 1.0 1.0 0.0 0.0 0.0 0.0 0.0 0.0 0.0 0.0 0.0 0.0 0.0 0.0 0.0 0.0 0.0 0.0 0.0 0.0 3.0 1.0 0.0 0.0 0.0 0.0 0.0 0.0 0.0 0.0 0.0 0.0 3.0 1.0 0.0 0.0 0.0 0.0 0.0 0.0 
-8876.8935546875 -4036.031982421875 -6085.95068359375 5510.83056640625 -1368.0467529296875 -5289.0087890625 -722.84912109375 10594.1748046875 3364.357666015625 -74.22837829589844 6527.46728515625 -6422.1845703125 8534.2265625 5526.83203125 -8355.0859375 -4996.29052734375 5588.89453125 8343.71875 1393.88037109375 -9157.8125 output 2 4 9 7 5 6 10 3 8 1 indices 2 -1 3 4 -1 1 3 4 4 -1 1 2 9 -1 1 2 2 1 3 4 2 1 3 4 2 1 3 4 2 1 3 4 10 -1 1 2 -1 3 1 2 value 0.0 0.0 0.0 0.0 0.0 0.0 0.0 0.0 1.0 1.0 0.0 0.0 1.0 1.0 0.0 0.0 0.0 0.0 0.0 0.0 0.0 0.0 0.0 0.0 0.0 0.0 0.0 0.0 0.0 0.0 0.0 0.0 1.0 1.0 0.0 0.0 3.0 1.0 0.0 0.0 
-11821.1748046875 6956.9912109375 3774.0283203125 -4972.25 1807.7623291015625 2986.501953125 4575.32861328125 -9509.66015625 -5737.7822265625 -5399.88037109375 -36.1617546081543 552.2634887695312 6413.22509765625 3117.59423828125 -4368.2001953125 4240.31689453125 -2178.90625 -80.92111206054688 7571.88134765625 2109.044189453125 output 6 3 7 10 2 4 5 1 8 9 indices 2 -1 3 4 -1 1 3 4 2 1 -1 4 -1 9 1 2 2 1 3 4 2 1 3 4 -1 4 1 2 2 1 3 4 -1 7 1 2 2 1 3 4 value 0.0 0.0 0.0 0.0 0.0 0.0 0.0 0.0 0.0 0.0 0.0 0.0 3.0 1.0 0.0 0.0 0.0 0.0 0.0 0.0 0.0 0.0 0.0 0.0 3.0 1.0 0.0 0.0 0.0 0.0 0.0 0.0 1.0 1.0 0.0 0.0 0.0 0.0 0.0 0.0 
2561.574462890625 -7128.25048828125 6913.8984375 -540.866455078125 2173.33251953125 -4750.109375 -7137.03173828125 3757.71630859375 1400.4964599609375 -4858.9951171875 -6587.68701171875 4661.56640625 4541.5087890625 -5847.509765625 -3537.04638671875 5350.77783203125 6530.12060546875 3747.853271484375 -6859.166015625 5607.81787109375 output 7 2 9 8 10 6 4 5 3 1 indices -1 5 2 3 -1 1 3 4 2 1 -1 4 2 1 3 -1 9 -1 1 2 2 1 3 4 2 1 3 4 2 1 3 4 -1 1 2 3 2 1 3 4 value 3.0 1.0 0.0 0.0 0.0 0.0 0.0 0.0 0.0 0.0 0.0 0.0 0.0 0.0 0.0 0.0 1.0 1.0 0.0 0.0 0.0 0.0 0.0 0.0 0.0 0.0 0.0 0.0 0.0 0.0 0.0 0.0 3.0 1.0 0.0 0.0 0.0 0.0 0.0 0.0 
-5812.890625 -7022.79736328125 -9194.50390625 -1462.5040283203125 657.8683471679688 3546.585205078125 8063.19970703125 -4789.23193359375 -3668.034912109375 878.72998046875 7756.18212890625 799.4337158203125 5484.19677734375 5250.29931640625 -6339.07080078125 -31.401615142822266 8730.822265625 4153.39990234375 -5677.7685546875 -1322.5135498046875 output 7 9 6 4 1 2 8 10 5 3 indices -1 5 2 3 -1 1 3 4 2 1 -1 4 2 1 3 -1 9 -1 1 2 2 1 3 4 2 1 3 4 2 1 3 4 -1 1 2 3 2 1 3 4 value 3.0 1.0 0.0 0.0 0.0 0.0 0.0 0.0 0.0 0.0 0.0 0.0 0.0 0.0 0.0 0.0 1.0 1.0 0.0 0.0 0.0 0.0 0.0 0.0 0.0 0.0 0.0 0.0 0.0 0.0 0.0 0.0 3.0 1.0 0.0 0.0 0.0 0.0 0.0 0.0 
7838.0947265625 -731.3577880859375 -8645.85546875 5519.6142578125 -3222.33642578125 7385.75146484375 -3154.466552734375 10.834452629089355 7542.82861328125 -11448.2724609375 8587.9873046875 -6941.767578125 -9272.26953125 5181.4130859375 -3280.624755859375 5236.91748046875 -3213.58056640625 -9840.14453125 6820.22216796875 5627.0126953125 output 8 3 10 1 6 5 9 4 7 2 indices 2 -1 3 4 -1 1 3 4 2 1 -1 4 10 -1 1 2 -1 4 1 2 2 1 3 4 2 1 3 4 2 1 3 4 2 1 3 4 -1 5 1 2 value 0.0 0.0 0.0 0.0 0.0 0.0 0.0 0.0 0.0 0.0 0.0 0.0 1.0 1.0 0.0 0.0 3.0 1.0 0.0 0.0 0.0 0.0 0.0 0.0 0.0 0.0 0.0 0.0 0.0 0.0 0.0 0.0 0.0 0.0 0.0 0.0 3.0 1.0 0.0 0.0 
-397.50262451171875 3066.085693359375 -7987.123046875 -6137.75146484375 6070.572265625 -8542.9560546875 -1556.2711181640625 7387.56298828125 5855.66650390625 -5706.81201171875 -3975.312744140625 9490.1005859375 5016.15087890625 -1190.5926513671875 -12061.3544921875 6920.130859375 2809.0625 -5412.19970703125 6226.111328125 126.43147277832031 output 4 6 8 2 9 3 5 7 10 1 indices 2 -1 3 4 6 3 1 -1 -1 9 1 2 2 1 3 -1 2 1 3 4 -1 3 1 2 2 1 3 4 2 1 3 4 2 4 1 3 2 1 3 4 value 0.0 0.0 0.0 0.0 1.0 0.0 0.0 0.0 3.0 1.0 0.0 0.0 0.0 0.0 0.0 0.0 0.0 0.0 0.0 0.0 3.0 1.0 0.0 0.0 0.0 0.0 0.0 0.0 0.0 0.0 0.0 0.0 1.0 0.0 0.0 0.0 0.0 0.0 0.0 0.0 
-752.3513793945312 4391.33544921875 255.95687866210938 650.3709716796875 -2037.3389892578125 2269.60546875 -2761.29248046875 5084.28857421875 23.332481384277344 -5740.39599609375 1189.2249755859375 3330.20654296875 -5354.357421875 -8787.7685546875 1211.157470703125 -8025.349609375 12388.236328125 6005.98779296875 -4162.568359375 821.718994140625 output 10 7 8 5 2 9 6 1 4 3 indices 2 -1 3 4 9 -1 1 3 2 1 -1 4 2 1 3 -1 2 1 3 4 2 1 3 4 -1 2 1 3 2 1 3 4 -1 7 1 2 2 1 3 4 value 0.0 0.0 0.0 0.0 1.0 1.0 0.0 0.0 0.0 0.0 0.0 0.0 0.0 0.0 0.0 0.0 0.0 0.0 0.0 0.0 0.0 0.0 0.0 0.0 3.0 1.0 0.0 0.0 0.0 0.0 0.0 0.0 3.0 1.0 0.0 0.0 0.0 0.0 0.0 0.0 
-4275.08154296875 -9829.265625 -5103.60888671875 -8452.3896484375 -1934.6131591796875 5193.28564453125 11598.99609375 4784.41064453125 -2681.525146484375 -8207.888671875 12049.2314453125 -1468.470458984375 -4532.474609375 7540.17822265625 -1713.230712890625 5980.12451171875 570.8129272460938 -1479.1585693359375 -3978.50634765625 5939.173828125 output 8 3 4 6 9 5 1 2 10 7 indices -1 9 2 3 -1 1 3 4 2 1 -1 4 -1 1 2 3 2 1 3 4 2 1 3 4 2 1 3 4 2 1 3 4 -1 4 1 2 2 1 3 4 value 3.0 1.0 0.0 0.0 0.0 0.0 0.0 0.0 0.0 0.0 0.0 0.0 3.0 1.0 0.0 0.0 0.0 0.0 0.0 0.0 0.0 0.0 0.0 0.0 0.0 0.0 0.0 0.0 0.0 0.0 0.0 0.0 1.0 1.0 0.0 0.0 0.0 0.0 0.0 0.0 
-3192.62548828125 3343.055908203125 -575.5661010742188 -9982.384765625 -1838.736083984375 4158.5849609375 -7874.271484375 482.8963928222656 8761.1083984375 -664.335205078125 -4319.6142578125 -12576.6298828125 -286.2926940917969 3568.447998046875 8778.2666015625 5320.18505859375 8710.2294921875 1768.787109375 -8162.49755859375 4581.39208984375 output 10 4 6 2 5 9 8 7 3 1 indices 2 -1 3 4 -1 1 3 4 2 1 -1 4 8 3 1 2 2 1 3 4 -1 4 1 2 2 1 3 4 -1 6 1 2 2 1 3 4 2 1 3 4 value 0.0 0.0 0.0 0.0 0.0 0.0 0.0 0.0 0.0 0.0 0.0 0.0 1.0 0.0 0.0 0.0 0.0 0.0 0.0 0.0 4.0 1.0 0.0 0.0 0.0 0.0 0.0 0.0 3.0 1.0 0.0 0.0 0.0 0.0 0.0 0.0 0.0 0.0 0.0 0.0 
8203.5908203125 3592.33544921875 721.5400390625 -91.61087799072266 3690.794677734375 7727.6181640625 -4239.05419921875 7808.18408203125 -8299.068359375 5195.052734375 -737.2036743164062 -9783.8974609375 -995.88232421875 -10779.5986328125 3931.470458984375 -10506.583984375 -6955.50244140625 2978.173583984375 4679.3154296875 3860.326171875 output 1 10 3 4 5 9 2 6 7 8 indices 2 -1 3 4 3 -1 1 4 -1 7 1 2 2 1 3 -1 2 1 3 4 2 1 3 4 -1 2 1 3 2 1 3 4 2 1 3 4 2 1 3 4 value 0.0 0.0 0.0 0.0 1.0 1.0 0.0 0.0 3.0 1.0 0.0 0.0 0.0 0.0 0.0 0.0 0.0 0.0 0.0 0.0 0.0 0.0 0.0 0.0 3.0 1.0 0.0 0.0 0.0 0.0 0.0 0.0 0.0 0.0 0.0 0.0 0.0 0.0 0.0 0.0 
5236.09716796875 2174.338623046875 -3743.48193359375 -3558.98828125 8841.67578125 -1691.7908935546875 9033.9052734375 8831.62109375 -7728.19091796875 -2600.319091796875 -8956.5791015625 -7638.93701171875 -7743.8125 -206.25888061523438 -1821.2628173828125 1938.71240234375 3652.357421875 9512.6474609375 3229.291259765625 -6761.025390625 output 1 4 9 8 7 5 6 2 10 3 indices 2 -1 3 4 4 -1 1 3 2 1 -1 4 -1 6 1 2 2 1 3 4 -1 2 1 3 2 1 3 4 2 1 3 4 2 1 3 4 2 1 3 4 value 0.0 0.0 0.0 0.0 1.0 1.0 0.0 0.0 0.0 0.0 0.0 0.0 3.0 1.0 0.0 0.0 0.0 0.0 0.0 0.0 3.0 1.0 0.0 0.0 0.0 0.0 0.0 0.0 0.0 0.0 0.0 0.0 0.0 0.0 0.0 0.0 0.0 0.0 0.0 0.0 
1316.9144287109375 5225.4658203125 -2650.82177734375 6282.61767578125 2890.262451171875 688.397705078125 -2721.1630859375 -6385.13671875 -244.80995178222656 2670.853759765625 -1245.3590087890625 -3399.36767578125 -4497.4326171875 3565.6640625 -1382.292724609375 -1803.937255859375 9911.7998046875 -4181.49609375 -1377.0970458984375 -2663.0615234375 output 1 5 3 9 4 6 10 8 7 2 indices -1 4 2 3 -1 1 3 4 2 1 -1 4 -1 8 1 2 2 1 3 4 2 1 3 4 2 1 3 4 -1 1 2 3 2 1 3 4 2 1 3 4 value 3.0 1.0 0.0 0.0 0.0 0.0 0.0 0.0 0.0 0.0 0.0 0.0 3.0 1.0 0.0 0.0 0.0 0.0 0.0 0.0 0.0 0.0 0.0 0.0 0.0 0.0 0.0 0.0 1.0 1.0 0.0 0.0 0.0 0.0 0.0 0.0 0.0 0.0 0.0 0.0 
-3170.9384765625 6251.447265625 -7787.30224609375 -2991.0966796875 -792.3116455078125 -4751.7509765625 3297.60107421875 -3355.8720703125 -3346.90966796875 2557.34814453125 6560.453125 5004.271484375 6023.20068359375 3239.2626953125 -7631.34130859375 650.0181884765625 2292.119873046875 -7226.31298828125 4555.42919921875 622.6851806640625 output 9 3 2 8 5 1 6 7 10 4 indices 2 -1 3 4 -1 1 3 4 6 -1 1 2 2 1 3 -1 2 1 3 4 -1 9 1 2 2 1 3 4 2 1 3 4 -1 3 1 2 2 1 3 4 value 0.0 0.0 0.0 0.0 0.0 0.0 0.0 0.0 1.0 1.0 0.0 0.0 0.0 0.0 0.0 0.0 0.0 0.0 0.0 0.0 3.0 1.0 0.0 0.0 0.0 0.0 0.0 0.0 0.0 0.0 0.0 0.0 3.0 1.0 0.0 0.0 0.0 0.0 0.0 0.0 
-4325.16015625 -5944.18310546875 7137.26904296875 5661.6123046875 -5673.87060546875 1283.46240234375 -929.6099853515625 -6362.357421875 6493.54541015625 1180.4359130859375 -1619.057373046875 5314.65673828125 -2342.921630859375 9159.11328125 -4853.19873046875 -2475.725830078125 4122.87060546875 -3003.089599609375 1990.1331787109375 -4813.9248046875 output 1 4 10 9 5 2 7 6 3 8 indices 2 -1 3 4 4 -1 1 3 2 1 -1 4 -1 8 1 2 2 1 3 4 2 1 3 4 -1 2 1 3 -1 7 1 2 2 1 3 4 2 1 3 4 value 0.0 0.0 0.0 0.0 1.0 1.0 0.0 0.0 0.0 0.0 0.0 0.0 3.0 1.0 0.0 0.0 0.0 0.0 0.0 0.0 0.0 0.0 0.0 0.0 1.0 1.0 0.0 0.0 1.0 1.0 0.0 0.0 0.0 0.0 0.0 0.0 0.0 0.0 0.0 0.0 
6525.60205078125 -10440.1904296875 1751.774169921875 4979.66162109375 -4633.96875 -924.738525390625 -2231.233642578125 -9324.6611328125 543.6827392578125 6762.513671875 4155.23486328125 7294.27783203125 -916.9946899414062 -4318.50634765625 2430.840087890625 4566.45068359375 -5822.80029296875 6026.55615234375 -1802.1363525390625 -4621.36328125 output 9 5 6 2 8 1 4 10 7 3 indices -1 10 2 3 -1 1 3 4 2 1 -1 4 2 1 3 -1 2 1 3 4 -1 1 2 3 2 1 3 4 2 1 3 4 2 1 3 4 -1 6 1 2 value 3.0 1.0 0.0 0.0 0.0 0.0 0.0 0.0 0.0 0.0 0.0 0.0 0.0 0.0 0.0 0.0 0.0 0.0 0.0 0.0 3.0 1.0 0.0 0.0 0.0 0.0 0.0 0.0 0.0 0.0 0.0 0.0 0.0 0.0 0.0 0.0 1.0 1.0 0.0 0.0 
-4226.67919921875 -3852.544189453125 1643.0364990234375 -7741.92041015625 -2201.697998046875 8336.173828125 5001.98779296875 -10328.7080078125 -3641.066162109375 -9560.7900390625 -2631.94970703125 6326.13134765625 -5684.63427734375 6155.05419921875 7490.5244140625 4255.685546875 3180.2119140625 8133.98095703125 1070.266357421875 -1723.0633544921875 output 1 5 4 2 10 8 9 3 6 7 indices 2 -1 3 4 -1 1 3 4 2 1 -1 4 -1 10 1 2 2 1 3 4 2 1 3 4 2 1 3 4 2 1 3 4 -1 4 1 2 -1 9 1 2 value 0.0 0.0 0.0 0.0 0.0 0.0 0.0 0.0 0.0 0.0 0.0 0.0 3.0 1.0 0.0 0.0 0.0 0.0 0.0 0.0 0.0 0.0 0.0 0.0 0.0 0.0 0.0 0.0 0.0 0.0 0.0 0.0 3.0 1.0 0.0 0.0 1.0 1.0 0.0 0.0 
-3792.14404296875 -2733.0791015625 2371.9873046875 4571.48779296875 4127.556640625 -11915.2373046875 -10789.291015625 5400.15234375 6904.1474609375 4871.9755859375 -408.52972412109375 5697.8505859375 644.8424682617188 -3427.77099609375 2939.250732421875 3028.54638671875 -2820.939208984375 -11074.615234375 823.119140625 5580.68896484375 output 1 4 6 10 2 5 8 7 3 9 indices 5 -1 2 3 -1 1 3 4 -1 1 2 4 2 1 3 -1 -1 3 1 2 2 1 3 4 2 1 3 4 2 1 3 4 2 1 3 4 2 1 3 4 value 1.0 1.0 0.0 0.0 0.0 0.0 0.0 0.0 3.0 1.0 0.0 0.0 0.0 0.0 0.0 0.0 3.0 1.0 0.0 0.0 0.0 0.0 0.0 0.0 0.0 0.0 0.0 0.0 0.0 0.0 0.0 0.0 0.0 0.0 0.0 0.0 0.0 0.0 0.0 0.0 
3084.702880859375 -6492.39453125 2865.40869140625 -5256.35498046875 7606.88134765625 3576.44091796875 -2539.544921875 -6899.42626953125 -4496.9794921875 8858.5244140625 -4493.33154296875 9346.650390625 -1825.302490234375 4167.7802734375 7599.05419921875 -9512.46484375 -11084.9482421875 -244.37001037597656 3284.05908203125 2455.614013671875 output 3 10 7 5 6 9 4 2 1 8 indices 2 -1 3 4 -1 1 3 4 2 1 -1 4 6 -1 1 2 2 1 3 4 -1 8 1 2 2 1 3 4 -1 4 1 2 2 1 3 4 2 1 3 4 value 0.0 0.0 0.0 0.0 0.0 0.0 0.0 0.0 0.0 0.0 0.0 0.0 1.0 1.0 0.0 0.0 0.0 0.0 0.0 0.0 3.0 1.0 0.0 0.0 0.0 0.0 0.0 0.0 3.0 1.0 0.0 0.0 0.0 0.0 0.0 0.0 0.0 0.0 0.0 0.0 
-8418.9384765625 5364.60986328125 749.7627563476562 -4509.6103515625 5196.41650390625 -79.24633026123047 -3289.26171875 8495.9189453125 7665.0322265625 -1504.1138916015625 3435.104736328125 2501.453857421875 307.44598388671875 -5351.63427734375 -34.281620025634766 -2496.273681640625 -1235.8074951171875 -2478.86328125 -4375.47265625 57.75956726074219 output 4 1 10 9 8 7 2 5 3 6 indices 2 -1 3 4 -1 1 3 4 2 1 -1 4 -1 7 1 2 2 1 3 4 2 1 3 4 -1 9 1 2 2 1 3 4 -1 4 1 2 2 1 3 4 value 0.0 0.0 0.0 0.0 0.0 0.0 0.0 0.0 0.0 0.0 0.0 0.0 3.0 1.0 0.0 0.0 0.0 0.0 0.0 0.0 0.0 0.0 0.0 0.0 3.0 1.0 0.0 0.0 0.0 0.0 0.0 0.0 1.0 1.0 0.0 0.0 0.0 0.0 0.0 0.0 
-2630.802001953125 -9225.4814453125 8308.6923828125 6129.521484375 4005.203125 -3045.0107421875 -6178.25146484375 -156.4152374267578 -5987.212890625 -1509.2181396484375 8824.212890625 6078.12939453125 -7258.22509765625 -7171.94921875 -3705.367919921875 -8426.9091796875 -7282.76123046875 9035.7265625 11904.5126953125 8291.60546875 output 2 6 10 9 4 5 7 8 1 3 indices -1 5 2 3 -1 1 3 4 2 1 -1 4 2 1 3 -1 10 -1 1 2 2 1 3 4 2 1 3 4 2 1 3 4 2 1 3 4 -1 1 2 3 value 3.0 1.0 0.0 0.0 0.0 0.0 0.0 0.0 0.0 0.0 0.0 0.0 0.0 0.0 0.0 0.0 1.0 1.0 0.0 0.0 0.0 0.0 0.0 0.0 0.0 0.0 0.0 0.0 0.0 0.0 0.0 0.0 0.0 0.0 0.0 0.0 3.0 1.0 0.0 0.0 
-1130.00341796875 4605.55126953125 -1452.023681640625 3524.43798828125 -6659.86083984375 -6556.2138671875 4997.01708984375 3663.224853515625 3151.930908203125 -8599.2890625 7550.9814453125 -4341.85400390625 -282.3432922363281 -2384.87109375 -4769.14697265625 4630.89794921875 7333.20361328125 8921.50390625 -8739.75390625 -3463.388427734375 output 5 6 4 9 1 2 8 10 3 7 indices 2 -1 3 4 -1 1 3 4 2 1 -1 4 2 1 3 -1 -1 7 1 2 2 1 3 4 9 -1 1 2 2 1 3 4 -1 5 1 2 2 1 3 4 value 0.0 0.0 0.0 0.0 0.0 0.0 0.0 0.0 0.0 0.0 0.0 0.0 0.0 0.0 0.0 0.0 3.0 1.0 0.0 0.0 0.0 0.0 0.0 0.0 1.0 1.0 0.0 0.0 0.0 0.0 0.0 0.0 3.0 1.0 0.0 0.0 0.0 0.0 0.0 0.0 
6789.0439453125 7472.37158203125 8223.6884765625 7594.4140625 -5235.50927734375 7770.52099609375 -8397.912109375 -10591.0498046875 4222.25146484375 1786.4029541015625 8274.3515625 6182.87841796875 -7365.244140625 -4783.9228515625 90.21846771240234 -10853.5615234375 -394.1713562011719 -9193.0673828125 -6206.716796875 4615.0146484375 output 6 2 1 3 10 7 4 8 9 5 indices 2 -1 3 4 -1 8 1 3 2 1 -1 4 2 1 3 -1 2 1 3 4 2 1 3 4 -1 2 1 3 -1 7 1 2 2 1 3 4 2 1 3 4 value 0.0 0.0 0.0 0.0 3.0 1.0 0.0 0.0 0.0 0.0 0.0 0.0 0.0 0.0 0.0 0.0 0.0 0.0 0.0 0.0 0.0 0.0 0.0 0.0 1.0 1.0 0.0 0.0 3.0 1.0 0.0 0.0 0.0 0.0 0.0 0.0 0.0 0.0 0.0 0.0 
-8735.5234375 2188.597412109375 62.56657409667969 -7557.31103515625 5643.0537109375 -2010.173583984375 -2926.33056640625 -4103.71923828125 7078.43017578125 -986.5630493164062 -6208.73291015625 2919.87841796875 89.4884262084961 -6854.48876953125 -6695.58349609375 4944.86181640625 3193.902587890625 6601.20458984375 8498.728515625 4857.71337890625 output 9 10 5 3 7 2 4 1 6 8 indices 2 -1 3 4 -1 4 1 3 2 1 -1 4 10 -1 1 2 2 1 3 4 2 1 3 4 2 1 3 4 2 1 3 4 2 1 3 4 -1 2 1 3 value 0.0 0.0 0.0 0.0 3.0 1.0 0.0 0.0 0.0 0.0 0.0 0.0 1.0 1.0 0.0 0.0 0.0 0.0 0.0 0.0 0.0 0.0 0.0 0.0 0.0 0.0 0.0 0.0 0.0 0.0 0.0 0.0 0.0 0.0 0.0 0.0 3.0 1.0 0.0 0.0 
-5420.830078125 7210.2802734375 2929.164306640625 -5122.2958984375 676.889404296875 -3855.489990234375 -395.7782287597656 -15.090557098388672 -5595.57177734375 5736.36181640625 -8539.3173828125 -3390.202880859375 5558.1005859375 -5312.13525390625 6397.5693359375 -9458.7919921875 8117.986328125 5882.77587890625 -3728.212646484375 8324.5888671875 output 6 4 3 2 8 7 9 10 1 5 indices 2 -1 3 4 -1 1 3 4 2 1 -1 4 9 -1 1 2 2 1 3 4 2 1 3 4 2 1 3 4 -1 4 1 2 -1 8 1 2 2 1 3 4 value 0.0 0.0 0.0 0.0 0.0 0.0 0.0 0.0 0.0 0.0 0.0 0.0 1.0 1.0 0.0 0.0 0.0 0.0 0.0 0.0 0.0 0.0 0.0 0.0 0.0 0.0 0.0 0.0 3.0 1.0 0.0 0.0 3.0 1.0 0.0 0.0 0.0 0.0 0.0 0.0 
-10090.9365234375 -366.1596374511719 -5855.53466796875 -655.1970825195312 -4704.1015625 2185.617431640625 4425.34033203125 -6014.4951171875 6329.24267578125 8434.2294921875 7084.4345703125 7468.83056640625 6273.40087890625 -8264.111328125 -2647.841552734375 2652.624267578125 579.2835693359375 -9153.3046875 -1393.288330078125 3711.966064453125 output 6 5 10 8 3 1 2 9 7 4 indices 2 -1 3 4 5 -1 1 3 2 1 -1 4 2 1 3 -1 -1 9 1 2 2 1 3 4 2 1 3 4 2 1 3 4 -1 2 1 3 2 1 3 4 value 0.0 0.0 0.0 0.0 1.0 1.0 0.0 0.0 0.0 0.0 0.0 0.0 0.0 0.0 0.0 0.0 3.0 1.0 0.0 0.0 0.0 0.0 0.0 0.0 0.0 0.0 0.0 0.0 0.0 0.0 0.0 0.0 3.0 1.0 0.0 0.0 0.0 0.0 0.0 0.0 
9351.1796875 3834.32373046875 9388.998046875 -4574.2822265625 -6805.8466796875 -2021.3892822265625 10317.4365234375 5101.9375 7863.6201171875 859.5371704101562 -8794.2880859375 5611.54541015625 -7892.2509765625 -2244.161376953125 -637.8594970703125 3314.675537109375 -4900.82470703125 -9830.2998046875 -7890.1640625 -51.886749267578125 output 1 4 8 6 10 7 3 9 2 5 indices 2 -1 3 4 -1 1 3 4 4 -1 1 2 -1 9 1 2 2 1 3 4 2 1 3 4 2 1 3 4 2 1 3 4 -1 3 1 2 2 1 3 4 value 0.0 0.0 0.0 0.0 0.0 0.0 0.0 0.0 1.0 1.0 0.0 0.0 3.0 1.0 0.0 0.0 0.0 0.0 0.0 0.0 0.0 0.0 0.0 0.0 0.0 0.0 0.0 0.0 0.0 0.0 0.0 0.0 3.0 1.0 0.0 0.0 0.0 0.0 0.0 0.0 
1648.666259765625 -246.04226684570312 -8129.26171875 -9908.017578125 -7383.70458984375 -4474.28857421875 6486.86572265625 -6241.33935546875 -4601.7783203125 -4278.162109375 4648.34130859375 4716.3466796875 8973.4365234375 6646.0439453125 9143.623046875 1690.09375 -4778.77880859375 6826.5126953125 -6007.40869140625 5268.853515625 output 1 4 8 7 6 9 10 3 2 5 indices 2 -1 3 4 -1 5 1 3 2 1 -1 4 2 1 3 -1 7 -1 1 2 2 1 3 4 -1 2 1 3 2 1 3 4 2 1 3 4 2 1 3 4 value 0.0 0.0 0.0 0.0 3.0 1.0 0.0 0.0 0.0 0.0 0.0 0.0 0.0 0.0 0.0 0.0 1.0 1.0 0.0 0.0 0.0 0.0 0.0 0.0 3.0 1.0 0.0 0.0 0.0 0.0 0.0 0.0 0.0 0.0 0.0 0.0 0.0 0.0 0.0 0.0 
5283.09716796875 -5822.43896484375 5739.6005859375 8597.19140625 3544.612060546875 -1587.7158203125 3504.60791015625 -5149.99560546875 -8640.4150390625 5135.904296875 -5574.498046875 4115.37841796875 -9001.3564453125 -6320.1806640625 6323.43701171875 10602.181640625 1096.889892578125 -2213.452392578125 -2275.975341796875 -7356.87353515625 output 1 4 9 3 2 8 6 5 7 10 indices 2 -1 3 4 -1 1 3 4 2 1 -1 4 2 1 3 -1 2 1 3 4 2 1 3 4 2 1 3 4 -1 10 1 2 -1 8 1 2 -1 9 1 2 value 0.0 0.0 0.0 0.0 0.0 0.0 0.0 0.0 0.0 0.0 0.0 0.0 0.0 0.0 0.0 0.0 0.0 0.0 0.0 0.0 0.0 0.0 0.0 0.0 0.0 0.0 0.0 0.0 3.0 1.0 0.0 0.0 1.0 1.0 0.0 0.0 3.0 1.0 0.0 0.0 
-141.68991088867188 -2565.24658203125 1995.4429931640625 1942.0333251953125 6554.7958984375 -5471.55859375 5911.76806640625 9311.83984375 -6835.26513671875 3936.23828125 -9452.6845703125 -0.3647414445877075 -7737.30908203125 -2201.051025390625 9852.240234375 377.0754089355469 -4025.607421875 1788.5926513671875 3878.30908203125 -7117.55859375 output 4 2 9 5 6 7 1 10 3 8 indices 4 -1 2 3 -1 1 3 4 2 1 -1 4 -1 10 1 2 2 1 3 4 2 1 3 4 2 1 3 4 2 1 3 4 2 1 3 4 -1 1 2 3 value 1.0 1.0 0.0 0.0 0.0 0.0 0.0 0.0 0.0 0.0 0.0 0.0 3.0 1.0 0.0 0.0 0.0 0.0 0.0 0.0 0.0 0.0 0.0 0.0 0.0 0.0 0.0 0.0 0.0 0.0 0.0 0.0 0.0 0.0 0.0 0.0 3.0 1.0 0.0 0.0 
6340.47314453125 -11490.4521484375 -8810.6611328125 2791.352294921875 -3337.014892578125 -527.64794921875 7196.35791015625 2386.70068359375 -6398.00927734375 -7540.71728515625 6092.49853515625 5992.9130859375 -4161.3671875 6363.41064453125 -713.8945922851562 -3177.136474609375 5712.08154296875 -859.9097900390625 -1920.464111328125 6061.4873046875 output 2 7 10 6 4 9 1 5 8 3 indices -1 8 2 3 -1 1 3 4 2 1 -1 4 2 1 3 -1 2 1 3 4 -1 1 2 3 2 1 3 4 -1 6 1 2 2 1 3 4 2 1 3 4 value 3.0 1.0 0.0 0.0 0.0 0.0 0.0 0.0 0.0 0.0 0.0 0.0 0.0 0.0 0.0 0.0 0.0 0.0 0.0 0.0 3.0 1.0 0.0 0.0 0.0 0.0 0.0 0.0 1.0 1.0 0.0 0.0 0.0 0.0 0.0 0.0 0.0 0.0 0.0 0.0 
6074.14892578125 9137.333984375 6935.64990234375 -7105.06591796875 2400.467041015625 -6833.4619140625 -5873.50146484375 7895.732421875 -4436.23828125 9415.119140625 -3620.952880859375 -9566.232421875 -443.4636535644531 -3298.341796875 6345.49951171875 2382.7998046875 -12129.8603515625 6312.07421875 4748.251953125 -8339.95703125 output 1 8 2 10 3 6 7 9 4 5 indices -1 6 2 3 -1 1 3 4 2 1 -1 4 2 1 3 -1 2 1 3 4 -1 7 1 2 -1 1 2 3 2 1 3 4 2 1 3 4 2 1 3 4 value 3.0 1.0 0.0 0.0 0.0 0.0 0.0 0.0 0.0 0.0 0.0 0.0 0.0 0.0 0.0 0.0 0.0 0.0 0.0 0.0 3.0 1.0 0.0 0.0 1.0 1.0 0.0 0.0 0.0 0.0 0.0 0.0 0.0 0.0 0.0 0.0 0.0 0.0 0.0 0.0 
2080.212646484375 4050.138671875 1624.4764404296875 -5156.2255859375 -5885.646484375 1233.8936767578125 -3495.31591796875 9931.3330078125 7753.013671875 -5280.68017578125 2499.490478515625 -2823.13037109375 -1210.40625 6870.18896484375 7294.40283203125 -2812.395263671875 -6045.80712890625 -288.501708984375 -4614.42041015625 -5724.62158203125 output 1 7 4 3 9 10 2 6 5 8 indices 2 -1 3 4 -1 1 3 4 2 1 -1 4 -1 10 1 2 2 1 3 4 2 1 3 4 2 1 3 4 2 1 3 4 2 1 3 4 -1 4 1 2 value 0.0 0.0 0.0 0.0 0.0 0.0 0.0 0.0 0.0 0.0 0.0 0.0 3.0 1.0 0.0 0.0 0.0 0.0 0.0 0.0 0.0 0.0 0.0 0.0 0.0 0.0 0.0 0.0 0.0 0.0 0.0 0.0 0.0 0.0 0.0 0.0 5.0 1.0 0.0 0.0 
3701.6923828125 741.3950805664062 -3037.973876953125 1003.6728515625 5686.43115234375 -165.03892517089844 3307.690185546875 -1876.6361083984375 -4748.189453125 -4308.56494140625 -512.8858642578125 7922.591796875 -3131.305419921875 6821.9521484375 5267.248046875 8271.1865234375 3534.309326171875 -10049.20703125 -10067.0166015625 -8361.3515625 output 10 5 2 7 6 8 1 3 4 9 indices 2 -1 3 4 8 3 1 -1 2 1 -1 4 2 1 3 -1 2 4 1 3 2 1 3 4 2 1 3 4 -1 9 1 2 -1 5 1 2 2 1 3 4 value 0.0 0.0 0.0 0.0 1.0 0.0 0.0 0.0 0.0 0.0 0.0 0.0 0.0 0.0 0.0 0.0 1.0 0.0 0.0 0.0 0.0 0.0 0.0 0.0 0.0 0.0 0.0 0.0 3.0 1.0 0.0 0.0 3.0 1.0 0.0 0.0 0.0 0.0 0.0 0.0 
-8283.2138671875 -4052.56298828125 -2101.081787109375 -4465.53076171875 4170.10546875 -4609.98046875 -178.73428344726562 -5397.50341796875 1724.9951171875 9080.2080078125 -9968.283203125 -5152.0048828125 3832.854736328125 6393.1552734375 7858.21484375 -310.6528625488281 681.9782104492188 1439.0008544921875 2263.165283203125 7075.87109375 output 8 3 4 2 6 1 9 10 5 7 indices 2 -1 3 4 5 -1 1 3 2 1 -1 4 -1 2 1 3 -1 6 1 2 -1 4 1 2 2 1 3 4 2 1 3 4 2 1 3 4 2 1 3 4 value 0.0 0.0 0.0 0.0 1.0 1.0 0.0 0.0 0.0 0.0 0.0 0.0 1.0 1.0 0.0 0.0 3.0 1.0 0.0 0.0 1.0 1.0 0.0 0.0 0.0 0.0 0.0 0.0 0.0 0.0 0.0 0.0 0.0 0.0 0.0 0.0 0.0 0.0 0.0 0.0 
4096.9775390625 7743.9599609375 -1157.837890625 -8714.33984375 501.55255126953125 4610.77880859375 2245.373046875 -3059.7001953125 -7902.830078125 553.9111328125 3485.39111328125 -3408.090087890625 3774.32470703125 8333.140625 2897.95068359375 -9517.3857421875 -7337.9619140625 1268.89892578125 -602.9395141601562 2188.826416015625 output 2 8 6 4 1 7 3 10 9 5 indices 2 -1 3 4 -1 1 3 4 2 1 -1 4 7 -1 1 2 2 1 3 4 2 1 3 4 -1 8 1 2 -1 4 1 2 2 1 3 4 2 1 3 4 value 0.0 0.0 0.0 0.0 0.0 0.0 0.0 0.0 0.0 0.0 0.0 0.0 1.0 1.0 0.0 0.0 0.0 0.0 0.0 0.0 0.0 0.0 0.0 0.0 3.0 1.0 0.0 0.0 3.0 1.0 0.0 0.0 0.0 0.0 0.0 0.0 0.0 0.0 0.0 0.0 
-9167.669921875 2430.537353515625 8077.01318359375 5112.072265625 6523.970703125 -4496.1259765625 -1692.88671875 -1400.767822265625 -4844.73779296875 4938.37353515625 3639.711669921875 3205.0302734375 -9335.9169921875 -5229.06591796875 -3719.788330078125 2083.86767578125 5669.826171875 1121.3599853515625 4850.4775390625 -7765.28125 output 1 5 8 6 2 9 3 10 4 7 indices 2 -1 3 4 -1 10 1 3 2 1 -1 4 -1 2 1 3 2 1 3 4 2 1 3 4 2 1 3 4 2 1 3 4 2 1 3 4 -1 4 1 2 value 0.0 0.0 0.0 0.0 3.0 1.0 0.0 0.0 0.0 0.0 0.0 0.0 1.0 1.0 0.0 0.0 0.0 0.0 0.0 0.0 0.0 0.0 0.0 0.0 0.0 0.0 0.0 0.0 0.0 0.0 0.0 0.0 0.0 0.0 0.0 0.0 3.0 1.0 0.0 0.0 
-5669.5478515625 4234.15185546875 -2843.021240234375 1191.7979736328125 -3608.214111328125 -2862.9931640625 -9566.2431640625 -406.526611328125 4053.121337890625 -1787.04150390625 -5476.33984375 -3580.442138671875 7911.115234375 -2778.839111328125 8229.34765625 -1914.501708984375 4179.693359375 4723.3154296875 2790.08837890625 3181.0791015625 output 2 1 4 6 3 5 7 8 9 10 indices 2 -1 3 4 -1 1 3 4 9 -1 1 2 2 1 3 -1 2 1 3 4 -1 3 1 2 2 1 3 4 2 1 3 4 -1 6 1 2 2 1 3 4 value 0.0 0.0 0.0 0.0 0.0 0.0 0.0 0.0 1.0 1.0 0.0 0.0 0.0 0.0 0.0 0.0 0.0 0.0 0.0 0.0 3.0 1.0 0.0 0.0 0.0 0.0 0.0 0.0 0.0 0.0 0.0 0.0 3.0 1.0 0.0 0.0 0.0 0.0 0.0 0.0 
1043.8968505859375 -1592.459228515625 7544.70166015625 135.74867248535156 2299.769287109375 4799.52294921875 -4769.42236328125 -4107.1064453125 -489.9128112792969 3315.761962890625 7445.48828125 3752.49609375 -4297.7666015625 -4173.642578125 -7552.16357421875 4548.5595703125 -6535.6435546875 -2273.690673828125 5311.0537109375 -4405.18994140625 output 6 2 10 1 7 4 9 8 5 3 indices 6 -1 2 3 -1 1 3 4 2 1 -1 4 2 1 3 -1 2 1 3 4 -1 7 1 2 -1 1 2 3 2 1 3 4 2 1 3 4 2 1 3 4 value 1.0 1.0 0.0 0.0 0.0 0.0 0.0 0.0 0.0 0.0 0.0 0.0 0.0 0.0 0.0 0.0 0.0 0.0 0.0 0.0 3.0 1.0 0.0 0.0 3.0 1.0 0.0 0.0 0.0 0.0 0.0 0.0 0.0 0.0 0.0 0.0 0.0 0.0 0.0 0.0 
-6519.947265625 -2868.017578125 -1504.6131591796875 -3794.83544921875 5446.8828125 1668.40966796875 2067.718505859375 -6839.74853515625 -1711.987060546875 -8971.3232421875 2028.5830078125 -61.148067474365234 7093.4609375 7628.65576171875 -8110.27490234375 4400.5830078125 -1371.6966552734375 3305.071533203125 2581.873291015625 5532.35302734375 output 1 2 5 4 6 3 7 10 9 8 indices 2 -1 3 4 7 -1 1 3 2 1 -1 4 2 1 3 -1 -1 2 1 3 2 1 3 4 -1 5 1 2 2 1 3 4 2 1 3 4 2 1 3 4 value 0.0 0.0 0.0 0.0 1.0 1.0 0.0 0.0 0.0 0.0 0.0 0.0 0.0 0.0 0.0 0.0 3.0 1.0 0.0 0.0 0.0 0.0 0.0 0.0 3.0 1.0 0.0 0.0 0.0 0.0 0.0 0.0 0.0 0.0 0.0 0.0 0.0 0.0 0.0 0.0 
-8340.7353515625 4470.849609375 6486.20751953125 2326.17236328125 4215.03466796875 -1250.3304443359375 3392.56591796875 -4041.1611328125 2696.02734375 1974.2030029296875 -3130.70849609375 -6384.2802734375 2297.243896484375 9954.533203125 2746.01708984375 -1748.1568603515625 -5454.99267578125 -9830.580078125 -4906.66015625 4528.75146484375 output 4 8 3 2 5 7 10 1 9 6 indices 2 -1 3 4 -1 1 3 4 2 1 -1 4 2 1 3 -1 2 1 3 4 7 -1 1 2 -1 9 1 2 2 1 3 4 -1 6 1 2 2 1 3 4 value 0.0 0.0 0.0 0.0 0.0 0.0 0.0 0.0 0.0 0.0 0.0 0.0 0.0 0.0 0.0 0.0 0.0 0.0 0.0 0.0 1.0 1.0 0.0 0.0 3.0 1.0 0.0 0.0 0.0 0.0 0.0 0.0 3.0 1.0 0.0 0.0 0.0 0.0 0.0 0.0 
209.52005004882812 -4376.1875 -318.73065185546875 9356.396484375 -6713.0205078125 -6638.130859375 -5714.423828125 -6053.912109375 -4609.43408203125 774.2278442382812 8788.880859375 2365.625244140625 4693.63916015625 -118.01171875 -8417.3125 -6061.99365234375 2468.23681640625 12155.087890625 9612.64453125 -1403.1015625 output 8 3 4 1 7 10 6 9 2 5 indices 9 -1 2 3 -1 1 3 4 -1 1 2 4 2 1 3 -1 2 1 3 4 2 1 3 4 2 1 3 4 2 1 3 4 -1 3 1 2 2 1 3 4 value 1.0 1.0 0.0 0.0 0.0 0.0 0.0 0.0 3.0 1.0 0.0 0.0 0.0 0.0 0.0 0.0 0.0 0.0 0.0 0.0 0.0 0.0 0.0 0.0 0.0 0.0 0.0 0.0 0.0 0.0 0.0 0.0 3.0 1.0 0.0 0.0 0.0 0.0 0.0 0.0 
-484.9117431640625 -9233.19921875 8689.443359375 2180.63134765625 656.8255615234375 6891.39013671875 1172.8175048828125 -8510.7958984375 3778.724365234375 8982.9423828125 -6712.5283203125 7249.01171875 1325.461669921875 8394.6533203125 1908.670654296875 -4882.56591796875 -8889.814453125 -1307.3973388671875 -1444.6893310546875 -9764.6708984375 output 2 5 7 3 6 9 10 1 4 8 indices 2 -1 3 4 -1 1 3 4 2 1 -1 4 2 1 3 -1 -1 10 1 2 2 1 3 4 2 1 3 4 -1 5 1 2 2 1 3 4 -1 8 1 2 value 0.0 0.0 0.0 0.0 0.0 0.0 0.0 0.0 0.0 0.0 0.0 0.0 0.0 0.0 0.0 0.0 3.0 1.0 0.0 0.0 0.0 0.0 0.0 0.0 0.0 0.0 0.0 0.0 1.0 1.0 0.0 0.0 0.0 0.0 0.0 0.0 3.0 1.0 0.0 0.0 
9143.666015625 4282.52685546875 -8288.328125 -3599.109619140625 1515.1568603515625 2164.69189453125 -4486.07080078125 3758.037109375 -7739.47216796875 -262.8971252441406 1043.6890869140625 4099.5615234375 1782.260986328125 8033.26318359375 3786.936767578125 1572.5067138671875 -5081.99072265625 -9411.8349609375 8324.1513671875 -10636.74609375 output 9 2 5 4 7 6 3 8 1 10 indices 2 -1 3 4 -1 1 3 4 2 1 -1 4 2 1 3 -1 2 1 3 4 2 1 3 4 -1 10 1 2 2 1 3 4 -1 7 1 2 -1 9 1 2 value 0.0 0.0 0.0 0.0 0.0 0.0 0.0 0.0 0.0 0.0 0.0 0.0 0.0 0.0 0.0 0.0 0.0 0.0 0.0 0.0 0.0 0.0 0.0 0.0 3.0 1.0 0.0 0.0 0.0 0.0 0.0 0.0 1.0 1.0 0.0 0.0 3.0 1.0 0.0 0.0 
4233.314453125 3746.453857421875 -8762.671875 -6472.79638671875 10323.681640625 4632.494140625 -3603.198486328125 4384.79541015625 -6413.552734375 -2789.3203125 6306.9951171875 -3803.83251953125 2188.647216796875 -6426.86767578125 -1990.3995361328125 -7141.37890625 4637.16552734375 2617.300048828125 -6919.98046875 11253.15234375 output 6 7 8 2 5 4 10 1 9 3 indices 2 -1 3 4 -1 1 3 4 8 -1 1 2 2 1 3 -1 2 1 3 4 2 1 3 4 2 1 3 4 -1 10 1 2 2 1 3 4 -1 3 1 2 value 0.0 0.0 0.0 0.0 0.0 0.0 0.0 0.0 1.0 1.0 0.0 0.0 0.0 0.0 0.0 0.0 0.0 0.0 0.0 0.0 0.0 0.0 0.0 0.0 0.0 0.0 0.0 0.0 5.0 1.0 0.0 0.0 0.0 0.0 0.0 0.0 1.0 1.0 0.0 0.0 
-697.2135009765625 -3578.158935546875 3258.228271484375 -5993.08447265625 -9499.3671875 2313.53076171875 -1148.33544921875 1050.7464599609375 932.4630126953125 6896.517578125 6940.79052734375 6386.54345703125 -7930.490234375 2877.38671875 -3143.401611328125 2645.091796875 7310.47998046875 -8223.08984375 3976.845703125 -4375.48291015625 output 1 2 9 10 6 5 7 3 8 4 indices 6 -1 2 3 -1 1 3 4 2 1 -1 4 2 1 3 -1 2 1 3 4 -1 9 1 2 2 1 3 4 2 1 3 4 -1 1 2 3 2 1 3 4 value 1.0 1.0 0.0 0.0 0.0 0.0 0.0 0.0 0.0 0.0 0.0 0.0 0.0 0.0 0.0 0.0 0.0 0.0 0.0 0.0 3.0 1.0 0.0 0.0 0.0 0.0 0.0 0.0 0.0 0.0 0.0 0.0 3.0 1.0 0.0 0.0 0.0 0.0 0.0 0.0 
5821.2890625 4962.9130859375 -6216.37158203125 -2724.32373046875 -2167.675048828125 6765.25 -5415.8984375 -6227.5546875 7385.671875 -3993.68701171875 8016.39990234375 -10154.294921875 -4961.18359375 261.77911376953125 -5600.10009765625 4778.0009765625 -718.2091064453125 6287.35107421875 3856.0771484375 44.56614303588867 output 10 1 9 3 8 7 2 4 6 5 indices -1 6 2 3 -1 1 3 4 2 1 -1 4 2 1 3 -1 2 1 3 4 -1 7 1 2 -1 1 2 3 2 1 3 4 2 1 3 4 2 1 3 4 value 3.0 1.0 0.0 0.0 0.0 0.0 0.0 0.0 0.0 0.0 0.0 0.0 0.0 0.0 0.0 0.0 0.0 0.0 0.0 0.0 3.0 1.0 0.0 0.0 1.0 1.0 0.0 0.0 0.0 0.0 0.0 0.0 0.0 0.0 0.0 0.0 0.0 0.0 0.0 0.0 
-10767.2119140625 -6985.77783203125 4219.74609375 -2653.119384765625 669.2402954101562 -5250.15576171875 -8131.42236328125 4305.52392578125 183.35580444335938 4121.3037109375 -4057.985595703125 -8616.1513671875 7656.73828125 5391.12548828125 4337.19873046875 2223.32421875 383.5401916503906 3338.084228515625 5506.80078125 4125.84326171875 output 10 7 8 2 3 6 1 4 5 9 indices 2 -1 3 4 -1 1 3 4 7 -1 1 2 2 1 3 -1 2 1 3 4 -1 3 1 2 -1 6 1 2 2 1 3 4 2 1 3 4 2 1 3 4 value 0.0 0.0 0.0 0.0 0.0 0.0 0.0 0.0 1.0 1.0 0.0 0.0 0.0 0.0 0.0 0.0 0.0 0.0 0.0 0.0 3.0 1.0 0.0 0.0 3.0 1.0 0.0 0.0 0.0 0.0 0.0 0.0 0.0 0.0 0.0 0.0 0.0 0.0 0.0 0.0 
8362.283203125 -3667.11376953125 5264.90625 6518.30419921875 -7045.31298828125 -11747.087890625 -7722.443359375 -4645.498046875 -7317.41943359375 7275.35888671875 9325.8876953125 4588.345703125 2814.366943359375 1114.0750732421875 6702.2451171875 -3049.641845703125 -8739.24609375 2380.29638671875 -1645.267578125 1232.96142578125 output 1 8 3 4 9 5 10 7 2 6 indices 2 -1 3 4 6 -1 1 3 -1 10 1 2 2 1 3 -1 2 1 3 4 -1 3 1 2 2 1 3 4 2 1 3 4 2 1 3 4 -1 2 1 3 value 0.0 0.0 0.0 0.0 1.0 1.0 0.0 0.0 3.0 1.0 0.0 0.0 0.0 0.0 0.0 0.0 0.0 0.0 0.0 0.0 1.0 1.0 0.0 0.0 0.0 0.0 0.0 0.0 0.0 0.0 0.0 0.0 0.0 0.0 0.0 0.0 1.0 1.0 0.0 0.0 
6494.1240234375 7652.154296875 3794.068603515625 3368.361083984375 -5768.3828125 9646.1806640625 7459.1162109375 -7614.97998046875 -12038.0927734375 -5499.474609375 4878.16748046875 -6412.32568359375 -11472.6787109375 -3629.272216796875 3209.378173828125 5155.63818359375 3715.95751953125 -5426.13525390625 -271.65740966796875 2759.853271484375 output 1 8 10 3 7 5 9 6 4 2 indices -1 4 2 3 -1 1 3 4 2 1 -1 4 -1 9 1 2 2 1 3 4 2 1 3 4 2 1 3 4 2 1 3 4 -1 1 2 3 2 1 3 4 value 3.0 1.0 0.0 0.0 0.0 0.0 0.0 0.0 0.0 0.0 0.0 0.0 3.0 1.0 0.0 0.0 0.0 0.0 0.0 0.0 0.0 0.0 0.0 0.0 0.0 0.0 0.0 0.0 0.0 0.0 0.0 0.0 1.0 1.0 0.0 0.0 0.0 0.0 0.0 0.0 
6735.01953125 6746.3896484375 -7489.74609375 1703.965576171875 6466.68798828125 8330.541015625 -63.626129150390625 -6077.9013671875 -3995.321044921875 9017.26171875 3477.690673828125 -3562.447021484375 3626.372802734375 5326.306640625 1505.84326171875 -5841.2041015625 -1172.608154296875 -8630.060546875 -9090.3125 -7012.8515625 output 1 3 5 2 10 9 4 8 6 7 indices 2 -1 3 4 -1 1 3 4 -1 9 1 2 -1 3 1 2 2 1 3 4 2 1 3 4 2 1 3 4 2 1 3 4 -1 4 1 2 2 1 3 4 value 0.0 0.0 0.0 0.0 0.0 0.0 0.0 0.0 3.0 1.0 0.0 0.0 1.0 1.0 0.0 0.0 0.0 0.0 0.0 0.0 0.0 0.0 0.0 0.0 0.0 0.0 0.0 0.0 0.0 0.0 0.0 0.0 3.0 1.0 0.0 0.0 0.0 0.0 0.0 0.0 
1874.0443115234375 2279.840576171875 -10092.9599609375 -7180.61083984375 -636.8695068359375 10099.3369140625 -6468.01416015625 -8463.412109375 -4522.9990234375 -3832.9453125 7625.46533203125 8579.224609375 -8324.3544921875 9553.16796875 5064.3759765625 -5475.41357421875 8035.17822265625 -2455.263427734375 7446.1337890625 -3103.923828125 output 6 3 7 2 4 5 8 10 9 1 indices 2 -1 3 4 -1 1 3 4 2 1 -1 4 -1 5 1 2 6 -1 1 2 -1 4 1 2 2 1 3 4 2 1 3 4 2 1 3 4 2 1 3 4 value 0.0 0.0 0.0 0.0 0.0 0.0 0.0 0.0 0.0 0.0 0.0 0.0 3.0 1.0 0.0 0.0 1.0 1.0 0.0 0.0 3.0 1.0 0.0 0.0 0.0 0.0 0.0 0.0 0.0 0.0 0.0 0.0 0.0 0.0 0.0 0.0 0.0 0.0 0.0 0.0 
6118.4833984375 4011.874267578125 -6220.16650390625 -5709.8984375 4651.7333984375 1756.755126953125 3720.209228515625 -1781.6689453125 -5602.31787109375 -1866.673828125 332.0907897949219 -4435.38427734375 -5934.7392578125 8908.626953125 3716.458251953125 -6994.8125 -3993.376708984375 -329.57086181640625 3211.625732421875 6440.75244140625 output 1 3 4 8 6 2 5 9 7 10 indices 2 -1 3 4 -1 1 3 4 2 1 -1 4 2 1 3 -1 2 1 3 4 2 1 3 4 2 1 3 4 -1 9 1 2 10 -1 1 2 -1 8 1 2 value 0.0 0.0 0.0 0.0 0.0 0.0 0.0 0.0 0.0 0.0 0.0 0.0 0.0 0.0 0.0 0.0 0.0 0.0 0.0 0.0 0.0 0.0 0.0 0.0 0.0 0.0 0.0 0.0 3.0 1.0 0.0 0.0 1.0 1.0 0.0 0.0 3.0 1.0 0.0 0.0 
9872.685546875 1522.8343505859375 -175.16270446777344 2629.655517578125 3739.478759765625 1184.2513427734375 -6914.23193359375 1646.0775146484375 7836.076171875 9943.0703125 184.40582275390625 1968.710693359375 -6845.09765625 -9157.8720703125 5725.48681640625 -4126.7509765625 -8137.2353515625 -4966.7119140625 -5286.4052734375 -643.2647094726562 output 2 6 3 5 1 8 7 9 10 4 indices 2 -1 3 4 -1 1 3 4 2 1 -1 4 2 1 3 -1 -1 7 1 2 2 1 3 4 -1 10 1 2 2 1 3 4 2 1 3 4 -1 5 1 2 value 0.0 0.0 0.0 0.0 0.0 0.0 0.0 0.0 0.0 0.0 0.0 0.0 0.0 0.0 0.0 0.0 3.0 1.0 0.0 0.0 0.0 0.0 0.0 0.0 3.0 1.0 0.0 0.0 0.0 0.0 0.0 0.0 0.0 0.0 0.0 0.0 1.0 1.0 0.0 0.0 
-2506.535400390625 -3209.3466796875 6882.8173828125 1667.368896484375 -3423.765625 -3279.630126953125 1837.9310302734375 4652.3115234375 -5184.30908203125 6207.5908203125 -3124.1962890625 3482.67138671875 1062.5535888671875 -5104.13037109375 1713.785888671875 -2365.13818359375 -6382.8564453125 -3132.81396484375 9124.5751953125 1081.1168212890625 output 7 8 10 2 4 6 5 9 3 1 indices 4 -1 2 3 -1 1 3 4 2 1 -1 4 10 -1 1 2 2 1 3 4 2 1 3 4 -1 1 2 3 2 1 3 4 2 1 3 4 -1 7 1 2 value 1.0 1.0 0.0 0.0 0.0 0.0 0.0 0.0 0.0 0.0 0.0 0.0 1.0 1.0 0.0 0.0 0.0 0.0 0.0 0.0 0.0 0.0 0.0 0.0 3.0 1.0 0.0 0.0 0.0 0.0 0.0 0.0 0.0 0.0 0.0 0.0 1.0 1.0 0.0 0.0 
5905.79931640625 -3914.280029296875 -7964.1640625 -6180.85595703125 -3372.921875 6442.09619140625 2651.927001953125 -2013.48876953125 4577.24853515625 6883.66552734375 -5963.82373046875 -8402.376953125 5036.96923828125 6152.845703125 -5615.03173828125 8396.4365234375 44.63824462890625 -10274.83984375 4699.359375 2910.796875 output 2 6 9 1 4 10 7 5 3 8 indices 2 -1 3 4 -1 1 3 4 2 1 -1 4 5 -1 1 2 -1 9 1 2 2 1 3 4 2 1 3 4 2 1 3 4 -1 4 1 2 2 1 3 4 value 0.0 0.0 0.0 0.0 0.0 0.0 0.0 0.0 0.0 0.0 0.0 0.0 1.0 1.0 0.0 0.0 3.0 1.0 0.0 0.0 0.0 0.0 0.0 0.0 0.0 0.0 0.0 0.0 0.0 0.0 0.0 0.0 3.0 1.0 0.0 0.0 0.0 0.0 0.0 0.0 
2698.5771484375 10072.328125 4341.78271484375 -1673.423095703125 -7823.23876953125 -2133.2216796875 -6853.267578125 -724.4592895507812 11389.08203125 9103.580078125 532.2998657226562 -5120.8994140625 -5850.4892578125 -2057.496337890625 -3982.382080078125 -1976.125244140625 2669.892333984375 -2645.953369140625 2877.74365234375 -2844.330078125 output 7 3 4 1 5 2 10 9 6 8 indices 2 -1 3 4 -1 1 3 4 2 1 -1 4 2 1 3 -1 -1 6 1 2 -1 8 1 2 2 1 3 4 -1 5 1 2 2 1 3 4 2 1 3 4 value 0.0 0.0 0.0 0.0 0.0 0.0 0.0 0.0 0.0 0.0 0.0 0.0 0.0 0.0 0.0 0.0 3.0 1.0 0.0 0.0 3.0 1.0 0.0 0.0 0.0 0.0 0.0 0.0 1.0 1.0 0.0 0.0 0.0 0.0 0.0 0.0 0.0 0.0 0.0 0.0 
5505.263671875 -5689.36767578125 3803.248779296875 -6442.759765625 -4282.32470703125 -7546.21240234375 -3406.64599609375 -8367.220703125 -4958.57373046875 9099.580078125 5301.1806640625 1903.3499755859375 -3651.181640625 6878.4658203125 5337.58203125 8554.9794921875 -3864.02197265625 -5280.2880859375 215.472900390625 6889.47216796875 output 7 5 10 8 6 1 2 4 3 9 indices 2 -1 3 4 -1 1 3 4 2 1 -1 4 -1 9 1 2 2 1 3 4 2 1 3 4 2 1 3 4 -1 4 1 2 -1 8 1 2 2 1 3 4 value 0.0 0.0 0.0 0.0 0.0 0.0 0.0 0.0 0.0 0.0 0.0 0.0 3.0 1.0 0.0 0.0 0.0 0.0 0.0 0.0 0.0 0.0 0.0 0.0 0.0 0.0 0.0 0.0 3.0 1.0 0.0 0.0 1.0 1.0 0.0 0.0 0.0 0.0 0.0 0.0 
1302.489013671875 -2099.93017578125 4003.888916015625 -3431.62255859375 1890.7369384765625 -7730.17041015625 1023.3665161132812 7340.904296875 -3389.1845703125 7520.1337890625 -161.50389099121094 9180.9970703125 1903.35595703125 -8196.2490234375 647.2601928710938 2616.452880859375 386.42730712890625 1364.3778076171875 -7606.83642578125 -6564.89404296875 output 1 9 8 4 6 5 10 7 3 2 indices 6 -1 2 3 -1 1 3 4 2 1 -1 4 2 1 3 -1 2 1 3 4 -1 7 1 2 -1 1 2 3 2 1 3 4 2 1 3 4 2 1 3 4 value 1.0 1.0 0.0 0.0 0.0 0.0 0.0 0.0 0.0 0.0 0.0 0.0 0.0 0.0 0.0 0.0 0.0 0.0 0.0 0.0 3.0 1.0 0.0 0.0 3.0 1.0 0.0 0.0 0.0 0.0 0.0 0.0 0.0 0.0 0.0 0.0 0.0 0.0 0.0 0.0 
-3981.02490234375 -1206.4010009765625 8171.3447265625 405.88226318359375 6717.74560546875 -1512.5556640625 7330.37646484375 -5382.69287109375 3746.57861328125 8872.7998046875 295.2547302246094 620.7529296875 2532.700439453125 -356.07293701171875 -8242.39453125 -4322.87939453125 -9490.3447265625 3401.26953125 -7080.2373046875 -520.1019897460938 output 9 5 2 3 4 7 6 1 8 10 indices 5 -1 2 3 -1 1 3 4 2 1 -1 4 -1 1 2 3 -1 4 1 2 2 1 3 4 2 1 3 4 2 1 3 4 2 1 3 4 2 1 3 4 value 1.0 1.0 0.0 0.0 0.0 0.0 0.0 0.0 0.0 0.0 0.0 0.0 3.0 1.0 0.0 0.0 3.0 1.0 0.0 0.0 0.0 0.0 0.0 0.0 0.0 0.0 0.0 0.0 0.0 0.0 0.0 0.0 0.0 0.0 0.0 0.0 0.0 0.0 0.0 0.0 
7721.82958984375 1957.2288818359375 -7210.20849609375 -726.832275390625 7168.8623046875 4118.77392578125 5616.52685546875 7233.767578125 -5936.3173828125 -8710.3251953125 617.9479370117188 6533.28125 -10410.3466796875 -6709.12744140625 7510.79345703125 3056.13720703125 4427.59814453125 -7466.57373046875 -9506.685546875 713.6697998046875 output 5 7 10 2 6 4 3 8 1 9 indices 2 -1 3 4 4 3 1 -1 2 1 -1 4 -1 5 1 2 -1 2 1 3 2 1 3 4 2 1 3 4 2 1 3 4 2 1 3 4 2 1 3 4 value 0.0 0.0 0.0 0.0 1.0 0.0 0.0 0.0 0.0 0.0 0.0 0.0 3.0 1.0 0.0 0.0 4.0 1.0 0.0 0.0 0.0 0.0 0.0 0.0 0.0 0.0 0.0 0.0 0.0 0.0 0.0 0.0 0.0 0.0 0.0 0.0 0.0 0.0 0.0 0.0 
-3501.330322265625 2245.3046875 4528.5419921875 -9213.6015625 -6426.6162109375 5387.67822265625 5973.00830078125 4767.60888671875 -6996.7880859375 -2510.695068359375 7686.060546875 9449.4599609375 -8273.3994140625 -3201.21044921875 9321.220703125 -534.9265747070312 6260.5703125 -7412.83447265625 -8571.267578125 1023.2169189453125 output 9 2 5 7 10 3 1 6 4 8 indices 2 -1 3 4 -1 5 1 3 2 1 -1 4 2 1 3 -1 6 -1 1 2 -1 2 1 3 2 1 3 4 2 1 3 4 2 1 3 4 2 1 3 4 value 0.0 0.0 0.0 0.0 3.0 1.0 0.0 0.0 0.0 0.0 0.0 0.0 0.0 0.0 0.0 0.0 1.0 1.0 0.0 0.0 3.0 1.0 0.0 0.0 0.0 0.0 0.0 0.0 0.0 0.0 0.0 0.0 0.0 0.0 0.0 0.0 0.0 0.0 0.0 0.0 
2393.45703125 3104.42041015625 -3744.713134765625 1764.7421875 -11733.03515625 753.1275024414062 -3813.3125 -1343.69580078125 4150.33642578125 1909.7724609375 -5973.18408203125 8189.06640625 6391.4345703125 6849.28662109375 2068.61474609375 -9624.6455078125 2663.706298828125 -2861.205078125 7596.6962890625 -8740.869140625 output 7 1 5 9 10 8 4 2 3 6 indices 2 -1 3 4 -1 1 3 4 2 1 -1 4 7 -1 1 2 2 1 3 4 2 1 3 4 -1 8 1 2 -1 4 1 2 2 1 3 4 2 1 3 4 value 0.0 0.0 0.0 0.0 0.0 0.0 0.0 0.0 0.0 0.0 0.0 0.0 1.0 1.0 0.0 0.0 0.0 0.0 0.0 0.0 0.0 0.0 0.0 0.0 3.0 1.0 0.0 0.0 3.0 1.0 0.0 0.0 0.0 0.0 0.0 0.0 0.0 0.0 0.0 0.0 
-1896.955322265625 -4648.14208984375 -6636.92529296875 657.1248779296875 -4341.04345703125 7703.599609375 7760.29736328125 -913.883056640625 -8715.2294921875 471.92596435546875 2731.475341796875 -9063.5595703125 -315.02203369140625 1196.6500244140625 -2092.54541015625 -9546.673828125 4485.75537109375 6924.88232421875 9020.1923828125 7218.076171875 output 10 9 3 5 2 7 1 8 6 4 indices 10 -1 2 3 -1 1 3 4 2 1 -1 4 2 1 3 -1 2 1 3 4 2 1 3 4 2 1 3 4 -1 1 2 3 2 1 3 4 -1 8 1 2 value 1.0 1.0 0.0 0.0 0.0 0.0 0.0 0.0 0.0 0.0 0.0 0.0 0.0 0.0 0.0 0.0 0.0 0.0 0.0 0.0 0.0 0.0 0.0 0.0 0.0 0.0 0.0 0.0 3.0 1.0 0.0 0.0 0.0 0.0 0.0 0.0 3.0 1.0 0.0 0.0 
1530.08935546875 -7548.00634765625 -275.1611022949219 2280.588134765625 -6453.9755859375 -10650.056640625 9978.8427734375 -752.537841796875 -5156.61181640625 1500.1407470703125 6448.4091796875 6480.958984375 1912.7276611328125 -2378.837890625 -6396.12158203125 2628.190673828125 347.471435546875 2382.832275390625 -1935.6697998046875 6056.7275390625 output 1 3 5 8 10 2 9 6 4 7 indices 2 -1 3 4 -1 1 3 4 -1 7 1 2 2 1 3 -1 2 1 3 4 -1 3 1 2 -1 6 1 2 2 1 3 4 2 1 3 4 2 1 3 4 value 0.0 0.0 0.0 0.0 0.0 0.0 0.0 0.0 3.0 1.0 0.0 0.0 0.0 0.0 0.0 0.0 0.0 0.0 0.0 0.0 3.0 1.0 0.0 0.0 1.0 1.0 0.0 0.0 0.0 0.0 0.0 0.0 0.0 0.0 0.0 0.0 0.0 0.0 0.0 0.0 
2235.699462890625 3188.717041015625 -2691.31103515625 -2992.67578125 -2859.618896484375 5784.90185546875 6145.63427734375 -9202.6591796875 -5490.22998046875 -9926.61328125 8859.9541015625 5122.373046875 -4561.97802734375 -3345.509765625 -4877.41650390625 8937.962890625 -3653.2041015625 -5005.326171875 6892.47021484375 7438.82861328125 output 3 8 2 7 9 5 4 6 10 1 indices 2 -1 3 4 10 -1 1 3 2 1 -1 4 2 1 3 -1 -1 2 1 3 2 1 3 4 2 1 3 4 2 1 3 4 2 1 3 4 -1 5 1 2 value 0.0 0.0 0.0 0.0 1.0 1.0 0.0 0.0 0.0 0.0 0.0 0.0 0.0 0.0 0.0 0.0 3.0 1.0 0.0 0.0 0.0 0.0 0.0 0.0 0.0 0.0 0.0 0.0 0.0 0.0 0.0 0.0 0.0 0.0 0.0 0.0 3.0 1.0 0.0 0.0 
-8509.59375 -2303.0751953125 -9428.490234375 7333.48095703125 -1029.621337890625 5805.6396484375 8867.6298828125 -10328.58984375 -1319.389892578125 3161.2099609375 5369.0576171875 -6399.24560546875 8026.8212890625 2689.775390625 756.3092651367188 3412.263427734375 -7919.798828125 -4252.712890625 5187.07666015625 881.253662109375 output 9 1 2 3 5 8 10 7 4 6 indices 2 -1 3 4 -1 1 3 4 2 1 -1 4 -1 9 1 2 2 1 3 4 2 1 3 4 -1 4 1 2 2 1 3 4 -1 7 1 2 2 1 3 4 value 0.0 0.0 0.0 0.0 0.0 0.0 0.0 0.0 0.0 0.0 0.0 0.0 3.0 1.0 0.0 0.0 0.0 0.0 0.0 0.0 0.0 0.0 0.0 0.0 3.0 1.0 0.0 0.0 0.0 0.0 0.0 0.0 1.0 1.0 0.0 0.0 0.0 0.0 0.0 0.0 
4074.5087890625 -7483.4150390625 5744.34033203125 8647.01953125 -3672.6845703125 -6848.55322265625 -5042.6162109375 3191.1240234375 3374.165771484375 -1745.602294921875 -7702.85205078125 -3810.29296875 -9771.9248046875 4187.54931640625 4898.51171875 7371.259765625 5543.02001953125 -8178.7744140625 2555.53076171875 4669.68505859375 output 1 9 5 2 8 10 4 7 6 3 indices 2 -1 3 4 -1 9 1 3 -1 2 1 4 2 1 3 -1 2 1 3 4 2 1 3 4 2 1 3 4 2 1 3 4 -1 3 1 2 2 1 3 4 value 0.0 0.0 0.0 0.0 3.0 1.0 0.0 0.0 1.0 1.0 0.0 0.0 0.0 0.0 0.0 0.0 0.0 0.0 0.0 0.0 0.0 0.0 0.0 0.0 0.0 0.0 0.0 0.0 0.0 0.0 0.0 0.0 3.0 1.0 0.0 0.0 0.0 0.0 0.0 0.0 
8128.21142578125 2900.603759765625 -3237.059326171875 214.4632110595703 3132.46630859375 7686.3408203125 724.1400756835938 -2409.184326171875 -9628.2802734375 -9666.853515625 -3189.802490234375 -2844.68896484375 3232.764892578125 561.015625 8343.458984375 -580.845458984375 -7455.25341796875 -3094.638427734375 -50.647003173828125 7233.78759765625 output 1 8 7 4 6 5 9 2 10 3 indices 2 -1 3 4 -1 1 3 4 -1 5 1 2 -1 3 1 2 -1 4 1 2 2 1 3 4 2 1 3 4 2 1 3 4 2 1 3 4 2 1 3 4 value 0.0 0.0 0.0 0.0 0.0 0.0 0.0 0.0 3.0 1.0 0.0 0.0 1.0 1.0 0.0 0.0 3.0 1.0 0.0 0.0 0.0 0.0 0.0 0.0 0.0 0.0 0.0 0.0 0.0 0.0 0.0 0.0 0.0 0.0 0.0 0.0 0.0 0.0 0.0 0.0 
4834.240234375 2056.2021484375 2283.55126953125 683.923583984375 -5503.14404296875 5674.09619140625 1132.1138916015625 1871.20654296875 5794.626953125 -12374.580078125 6674.95068359375 1810.8358154296875 4892.52734375 2496.860107421875 -11937.16796875 6371.46337890625 3640.118896484375 1348.283447265625 -11811.8173828125 -9938.291015625 output 5 6 7 1 9 2 4 3 8 10 indices 2 -1 3 4 -1 1 3 4 2 1 -1 4 2 1 3 -1 -1 10 1 2 -1 5 1 2 2 1 3 4 2 1 3 4 2 1 3 4 -1 6 1 2 value 0.0 0.0 0.0 0.0 0.0 0.0 0.0 0.0 0.0 0.0 0.0 0.0 0.0 0.0 0.0 0.0 3.0 1.0 0.0 0.0 3.0 1.0 0.0 0.0 0.0 0.0 0.0 0.0 0.0 0.0 0.0 0.0 0.0 0.0 0.0 0.0 1.0 1.0 0.0 0.0 
9364.2900390625 2790.378173828125 5733.732421875 3572.932373046875 -7052.32958984375 -3978.98046875 -6080.7197265625 -6744.3974609375 4333.0009765625 -681.3291625976562 6478.30615234375 624.0025024414062 -2929.131103515625 8640.60546875 3269.064453125 -1127.12109375 -7162.2568359375 5460.96875 -5953.95703125 -8557.0595703125 output 5 8 10 4 3 9 7 2 1 6 indices 10 3 -1 2 -1 1 3 4 7 -1 1 2 3 -1 1 2 2 1 3 4 2 1 3 4 -1 1 2 3 2 1 3 4 2 1 3 4 -1 4 1 2 value 1.0 0.0 0.0 0.0 0.0 0.0 0.0 0.0 1.0 0.0 0.0 0.0 1.0 0.0 0.0 0.0 0.0 0.0 0.0 0.0 0.0 0.0 0.0 0.0 2.0 1.0 0.0 0.0 0.0 0.0 0.0 0.0 0.0 0.0 0.0 0.0 3.0 1.0 0.0 0.0 
6431.33447265625 -2291.4853515625 8916.900390625 11588.51171875 -2849.4052734375 8160.1767578125 -6513.55712890625 -4730.18994140625 7070.99658203125 -3031.818115234375 2404.556640625 -7679.2568359375 2079.08251953125 8741.4677734375 -6099.91455078125 -4314.03125 -4443.35595703125 -7168.4150390625 -6996.6376953125 725.039794921875 output 6 9 4 8 10 3 7 2 1 5 indices 2 -1 3 4 -1 6 1 3 2 1 -1 4 2 1 3 -1 2 1 3 4 -1 9 1 2 2 1 3 4 2 4 1 3 8 3 1 2 2 1 3 4 value 0.0 0.0 0.0 0.0 3.0 1.0 0.0 0.0 0.0 0.0 0.0 0.0 0.0 0.0 0.0 0.0 0.0 0.0 0.0 0.0 3.0 1.0 0.0 0.0 0.0 0.0 0.0 0.0 1.0 0.0 0.0 0.0 1.0 0.0 0.0 0.0 0.0 0.0 0.0 0.0 
3950.032470703125 -7373.32861328125 4062.48193359375 7360.423828125 -7255.67724609375 4219.3056640625 -2138.2578125 8547.138671875 3130.95458984375 -7788.12060546875 -7630.67578125 -5695.48876953125 2838.883056640625 -4768.525390625 1696.0777587890625 6223.11181640625 3157.802734375 -6449.73388671875 -1811.6217041015625 5725.216796875 output 4 10 3 6 5 1 9 7 2 8 indices 2 -1 3 4 -1 5 1 3 2 1 -1 4 2 1 3 -1 -1 7 1 2 2 1 3 4 -1 2 1 3 2 1 3 4 2 1 3 4 2 1 3 4 value 0.0 0.0 0.0 0.0 3.0 1.0 0.0 0.0 0.0 0.0 0.0 0.0 0.0 0.0 0.0 0.0 3.0 1.0 0.0 0.0 0.0 0.0 0.0 0.0 1.0 1.0 0.0 0.0 0.0 0.0 0.0 0.0 0.0 0.0 0.0 0.0 0.0 0.0 0.0 0.0 
2038.426513671875 -4828.697265625 10991.0595703125 3333.152099609375 -694.1017456054688 7479.89697265625 -1067.5848388671875 -6077.54345703125 -5045.96484375 2902.302978515625 -1072.5821533203125 8286.6572265625 -1301.3902587890625 -5671.95263671875 2643.289794921875 885.6622924804688 -6213.62939453125 -8922.087890625 -277.5224914550781 2612.609619140625 output 1 2 8 10 3 6 5 9 7 4 indices 2 -1 3 4 9 -1 1 3 2 1 -1 4 2 1 3 -1 2 1 3 4 -1 2 1 3 -1 6 1 2 2 1 3 4 -1 7 1 2 2 1 3 4 value 0.0 0.0 0.0 0.0 1.0 1.0 0.0 0.0 0.0 0.0 0.0 0.0 0.0 0.0 0.0 0.0 0.0 0.0 0.0 0.0 1.0 1.0 0.0 0.0 1.0 1.0 0.0 0.0 0.0 0.0 0.0 0.0 3.0 1.0 0.0 0.0 0.0 0.0 0.0 0.0 
-3980.297607421875 5388.70703125 2919.495361328125 8645.2705078125 6386.37841796875 -7083.68115234375 -416.4734802246094 1956.7694091796875 -418.54156494140625 891.2373046875 -3729.5771484375 -6951.6923828125 -4167.18310546875 -6804.70068359375 -2047.7572021484375 3321.093017578125 3191.324462890625 -3707.762451171875 2262.631591796875 4344.759765625 output 1 8 4 5 7 6 3 9 10 2 indices 2 -1 3 4 -1 6 1 3 2 1 -1 4 2 1 3 -1 -1 2 1 3 -1 5 1 2 2 1 3 4 2 1 3 4 2 1 3 4 2 1 3 4 value 0.0 0.0 0.0 0.0 3.0 1.0 0.0 0.0 0.0 0.0 0.0 0.0 0.0 0.0 0.0 0.0 1.0 1.0 0.0 0.0 3.0 1.0 0.0 0.0 0.0 0.0 0.0 0.0 0.0 0.0 0.0 0.0 0.0 0.0 0.0 0.0 0.0 0.0 0.0 0.0 
6206.927734375 -906.6871948242188 1979.891357421875 -2866.061279296875 2442.303466796875 -5029.9833984375 -3591.511474609375 3859.98486328125 -4909.349609375 6457.7578125 -11209.1396484375 9257.0673828125 7832.5185546875 1403.6680908203125 -1535.2509765625 -7298.2353515625 5450.79541015625 2927.415771484375 -2667.18505859375 -7804.92626953125 output 1 2 3 8 10 6 5 4 9 7 indices 2 -1 3 4 6 -1 1 3 2 1 -1 4 2 1 3 -1 2 1 3 4 9 -1 1 2 2 1 3 4 2 1 3 4 10 -1 1 2 -1 2 1 3 value 0.0 0.0 0.0 0.0 1.0 1.0 0.0 0.0 0.0 0.0 0.0 0.0 0.0 0.0 0.0 0.0 0.0 0.0 0.0 0.0 1.0 1.0 0.0 0.0 0.0 0.0 0.0 0.0 0.0 0.0 0.0 0.0 1.0 1.0 0.0 0.0 3.0 1.0 0.0 0.0 
2083.544189453125 -5178.25830078125 3551.598388671875 -8053.27880859375 7115.5400390625 2463.349365234375 -3618.050048828125 8299.962890625 -1745.6517333984375 -6592.6318359375 -3953.05322265625 8225.57421875 -3202.677001953125 9.668449401855469 -6586.8056640625 -8314.6748046875 5893.43359375 7535.6435546875 462.12164306640625 1604.645263671875 output 2 1 3 9 4 6 10 7 8 5 indices 2 -1 3 4 -1 1 3 4 2 1 -1 4 2 1 3 -1 2 1 3 4 2 1 3 4 9 -1 1 2 -1 7 1 2 -1 8 1 2 2 1 3 4 value 0.0 0.0 0.0 0.0 0.0 0.0 0.0 0.0 0.0 0.0 0.0 0.0 0.0 0.0 0.0 0.0 0.0 0.0 0.0 0.0 0.0 0.0 0.0 0.0 1.0 1.0 0.0 0.0 3.0 1.0 0.0 0.0 3.0 1.0 0.0 0.0 0.0 0.0 0.0 0.0 
-385.29595947265625 -3076.750732421875 7534.60888671875 -7129.79638671875 697.9647827148438 6387.7392578125 -4452.21533203125 2874.088623046875 -5422.5234375 6765.587890625 -1215.4866943359375 -10580.73046875 -7201.4619140625 -1858.4241943359375 -981.1551513671875 -5679.07861328125 5750.93017578125 5352.2314453125 5674.63525390625 6945.13330078125 output 4 5 3 10 9 2 6 8 1 7 indices 10 -1 2 3 -1 1 3 4 2 1 -1 4 2 1 3 -1 2 1 3 4 -1 1 2 3 2 1 3 4 2 1 3 4 2 1 3 4 -1 6 1 2 value 1.0 1.0 0.0 0.0 0.0 0.0 0.0 0.0 0.0 0.0 0.0 0.0 0.0 0.0 0.0 0.0 0.0 0.0 0.0 0.0 3.0 1.0 0.0 0.0 0.0 0.0 0.0 0.0 0.0 0.0 0.0 0.0 0.0 0.0 0.0 0.0 3.0 1.0 0.0 0.0 
1066.2115478515625 4890.640625 6641.421875 7451.81591796875 -177.30075073242188 -6990.05224609375 -3215.213623046875 -8175.01318359375 3464.943603515625 3873.482666015625 -4111.18115234375 2383.268798828125 2351.234375 -4978.91455078125 -1112.705322265625 871.6765747070312 2692.802734375 8805.7861328125 -7600.212890625 -8132.69140625 output 8 6 10 4 3 7 5 2 9 1 indices 2 -1 3 4 -1 10 1 3 2 1 -1 4 -1 8 1 2 2 1 3 4 2 1 3 4 2 1 3 4 -1 2 1 3 2 1 3 4 4 3 1 2 value 0.0 0.0 0.0 0.0 3.0 1.0 0.0 0.0 0.0 0.0 0.0 0.0 2.0 1.0 0.0 0.0 0.0 0.0 0.0 0.0 0.0 0.0 0.0 0.0 0.0 0.0 0.0 0.0 1.0 1.0 0.0 0.0 0.0 0.0 0.0 0.0 1.0 0.0 0.0 0.0 
2338.95703125 -338.2598571777344 -4134.34765625 -2699.15966796875 9457.923828125 -3214.4873046875 -6491.18017578125 9270.94921875 -5096.2890625 -6565.6708984375 -26.601444244384766 7981.59912109375 1435.3250732421875 -3707.20751953125 -289.134033203125 -5805.33984375 -732.6314697265625 -650.4173583984375 3537.9775390625 5727.9951171875 output 1 7 8 5 2 9 4 6 10 3 indices 2 -1 3 4 -1 1 3 4 2 1 -1 4 2 1 3 -1 -1 9 1 2 -1 5 1 2 2 1 3 4 2 1 3 4 -1 6 1 2 2 1 3 4 value 0.0 0.0 0.0 0.0 0.0 0.0 0.0 0.0 0.0 0.0 0.0 0.0 0.0 0.0 0.0 0.0 3.0 1.0 0.0 0.0 3.0 1.0 0.0 0.0 0.0 0.0 0.0 0.0 0.0 0.0 0.0 0.0 1.0 1.0 0.0 0.0 0.0 0.0 0.0 0.0 
3070.215087890625 -1423.886474609375 -141.10206604003906 -4789.224609375 4824.6201171875 -4086.68408203125 -2155.6240234375 8804.609375 -8000.1337890625 9157.845703125 1382.3094482421875 -2521.062744140625 1320.2060546875 -9969.484375 -8649.6083984375 -6014.42626953125 4555.32666015625 2894.901611328125 3793.790771484375 7947.412109375 output 1 9 10 4 5 8 7 2 6 3 indices 2 -1 3 4 -1 1 3 4 2 1 -1 4 2 1 3 -1 2 1 3 4 10 -1 1 2 -1 6 1 2 2 1 3 4 2 1 3 4 -1 7 1 2 value 0.0 0.0 0.0 0.0 0.0 0.0 0.0 0.0 0.0 0.0 0.0 0.0 0.0 0.0 0.0 0.0 0.0 0.0 0.0 0.0 1.0 1.0 0.0 0.0 3.0 1.0 0.0 0.0 0.0 0.0 0.0 0.0 0.0 0.0 0.0 0.0 3.0 1.0 0.0 0.0 
6207.7041015625 10051.0087890625 -11292.583984375 -2226.673583984375 987.3595581054688 -452.8411865234375 2484.535400390625 -1312.2388916015625 -3386.08740234375 7319.38623046875 -1994.160400390625 -8077.84521484375 375.7014465332031 10528.2822265625 7512.90283203125 -8002.43408203125 3850.034912109375 -6008.40087890625 -4745.40625 -1818.24365234375 output 9 8 6 10 2 5 7 1 3 4 indices -1 6 2 3 -1 1 3 4 -1 1 2 4 2 1 3 -1 2 1 3 4 -1 3 1 2 2 1 3 4 2 1 3 4 2 1 3 4 2 1 3 4 value 3.0 1.0 0.0 0.0 0.0 0.0 0.0 0.0 1.0 1.0 0.0 0.0 0.0 0.0 0.0 0.0 0.0 0.0 0.0 0.0 3.0 1.0 0.0 0.0 0.0 0.0 0.0 0.0 0.0 0.0 0.0 0.0 0.0 0.0 0.0 0.0 0.0 0.0 0.0 0.0 
-9839.5302734375 -2841.515869140625 8273.52734375 6698.3544921875 -1982.3773193359375 5331.8359375 9764.490234375 4854.87353515625 -3390.97998046875 4849.2314453125 -3441.06640625 -11647.314453125 4870.62841796875 -5167.60546875 3324.370849609375 1721.270263671875 -3407.35205078125 -9281.1552734375 -4171.71044921875 5482.025390625 output 1 9 6 7 8 4 2 3 5 10 indices 2 -1 3 4 -1 6 1 3 2 1 -1 4 2 1 3 -1 2 1 3 4 -1 9 1 2 2 1 3 4 2 1 3 4 -1 2 1 3 2 1 3 4 value 0.0 0.0 0.0 0.0 3.0 1.0 0.0 0.0 0.0 0.0 0.0 0.0 0.0 0.0 0.0 0.0 0.0 0.0 0.0 0.0 3.0 1.0 0.0 0.0 0.0 0.0 0.0 0.0 0.0 0.0 0.0 0.0 1.0 1.0 0.0 0.0 0.0 0.0 0.0 0.0 
968.3031616210938 6540.88134765625 -6897.162109375 -2697.89208984375 1038.0487060546875 -2364.743896484375 2627.6474609375 -8155.92724609375 8495.6162109375 -7104.4130859375 -1658.4500732421875 6188.27734375 -5820.21875 -6253.439453125 8189.31884765625 811.0339965820312 -4744.0078125 6308.5126953125 -2199.095703125 6727.71142578125 output 1 6 10 9 2 7 3 4 5 8 indices -1 4 2 3 -1 1 3 4 -1 1 2 4 -1 3 1 2 2 1 3 4 2 1 3 4 2 1 3 4 2 1 3 4 2 1 3 4 2 1 3 4 value 3.0 1.0 0.0 0.0 0.0 0.0 0.0 0.0 1.0 1.0 0.0 0.0 3.0 1.0 0.0 0.0 0.0 0.0 0.0 0.0 0.0 0.0 0.0 0.0 0.0 0.0 0.0 0.0 0.0 0.0 0.0 0.0 0.0 0.0 0.0 0.0 0.0 0.0 0.0 0.0 
2729.533935546875 2156.2412109375 2165.332763671875 -5808.32763671875 -1552.4208984375 -5666.134765625 -1932.6005859375 -3803.35107421875 1555.9583740234375 -7218.93115234375 -3472.96875 4608.80322265625 -2292.958984375 1165.157958984375 4265.9072265625 6108.66748046875 -6320.0478515625 4215.39306640625 4854.2646484375 4242.4814453125 output 5 2 1 10 8 6 9 7 4 3 indices 2 -1 3 4 -1 1 3 4 2 1 -1 4 8 -1 1 2 -1 4 1 2 2 1 3 4 2 1 3 4 -1 5 1 2 2 1 3 4 2 1 3 4 value 0.0 0.0 0.0 0.0 0.0 0.0 0.0 0.0 0.0 0.0 0.0 0.0 1.0 1.0 0.0 0.0 3.0 1.0 0.0 0.0 0.0 0.0 0.0 0.0 0.0 0.0 0.0 0.0 3.0 1.0 0.0 0.0 0.0 0.0 0.0 0.0 0.0 0.0 0.0 0.0 
-4897.1494140625 273.7635803222656 -4564.2783203125 -2483.327392578125 -3809.25634765625 3304.70703125 -6522.58056640625 -3785.918701171875 -2580.330810546875 -1438.840087890625 10809.7734375 5107.451171875 8989.3759765625 -1743.0858154296875 1977.728759765625 4967.30859375 402.0887756347656 6456.275390625 194.62985229492188 -10658.333984375 output 3 1 5 2 4 10 7 6 8 9 indices 2 -1 3 4 -1 1 3 4 2 1 -1 4 2 1 3 -1 6 -1 1 2 -1 10 1 2 2 1 3 4 2 1 3 4 2 1 3 4 -1 5 1 2 value 0.0 0.0 0.0 0.0 0.0 0.0 0.0 0.0 0.0 0.0 0.0 0.0 0.0 0.0 0.0 0.0 1.0 1.0 0.0 0.0 3.0 1.0 0.0 0.0 0.0 0.0 0.0 0.0 0.0 0.0 0.0 0.0 0.0 0.0 0.0 0.0 3.0 1.0 0.0 0.0 
5038.359375 -3064.03369140625 -5332.478515625 -6107.0498046875 -931.7730712890625 3090.26025390625 6144.9755859375 -8573.794921875 -1915.941650390625 933.4232788085938 8980.375 5311.09619140625 -7510.29638671875 278.8035583496094 6281.3955078125 -1410.804443359375 -10472.509765625 6385.38037109375 -282.1068115234375 3156.719970703125 output 6 8 1 4 2 7 9 5 3 10 indices 2 -1 3 4 -1 1 3 4 2 1 -1 4 -1 5 1 2 6 -1 1 2 -1 4 1 2 2 1 3 4 2 1 3 4 2 1 3 4 2 1 3 4 value 0.0 0.0 0.0 0.0 0.0 0.0 0.0 0.0 0.0 0.0 0.0 0.0 3.0 1.0 0.0 0.0 1.0 1.0 0.0 0.0 3.0 1.0 0.0 0.0 0.0 0.0 0.0 0.0 0.0 0.0 0.0 0.0 0.0 0.0 0.0 0.0 0.0 0.0 0.0 0.0 
-2452.452392578125 -6481.96533203125 -11103.4501953125 -5882.73583984375 5464.2392578125 -859.240478515625 4302.52783203125 -710.6497802734375 -34.6383056640625 7546.3154296875 1562.5614013671875 3108.64794921875 7315.3603515625 -4066.513671875 3092.2509765625 2697.97802734375 -6695.876953125 10825.5439453125 -1450.5223388671875 -6177.380859375 output 6 8 4 3 7 10 1 2 9 5 indices -1 9 2 3 -1 1 3 4 2 1 -1 4 2 1 3 -1 2 1 3 4 2 1 3 4 2 1 3 4 2 1 3 4 -1 1 2 3 2 1 3 4 value 5.0 1.0 0.0 0.0 0.0 0.0 0.0 0.0 0.0 0.0 0.0 0.0 0.0 0.0 0.0 0.0 0.0 0.0 0.0 0.0 0.0 0.0 0.0 0.0 0.0 0.0 0.0 0.0 0.0 0.0 0.0 0.0 3.0 1.0 0.0 0.0 0.0 0.0 0.0 0.0 
9019.708984375 -3367.11083984375 10862.4501953125 5028.02294921875 460.1177673339844 2282.661865234375 -5326.34228515625 2075.413818359375 -3692.298828125 7137.83447265625 -2150.88818359375 -2765.521240234375 -3153.546142578125 -5147.9130859375 -3713.25537109375 -1208.7747802734375 -6277.35400390625 2866.169921875 3971.40869140625 -6900.783203125 output 6 8 4 9 5 3 2 1 10 7 indices 2 -1 3 4 -1 10 1 3 2 1 -1 4 2 1 3 -1 2 1 3 4 -1 2 1 3 2 1 3 4 2 1 3 4 2 1 3 4 -1 6 1 2 value 0.0 0.0 0.0 0.0 3.0 1.0 0.0 0.0 0.0 0.0 0.0 0.0 0.0 0.0 0.0 0.0 0.0 0.0 0.0 0.0 1.0 1.0 0.0 0.0 0.0 0.0 0.0 0.0 0.0 0.0 0.0 0.0 0.0 0.0 0.0 0.0 3.0 1.0 0.0 0.0 
1177.06396484375 -3724.46435546875 -4226.6435546875 10401.1337890625 8115.66455078125 -3725.180908203125 -7444.69140625 -677.34912109375 -2317.15576171875 5916.669921875 11284.5625 -5048.98095703125 -7183.62353515625 482.64605712890625 -1768.244140625 -5242.6337890625 71.14834594726562 2539.082763671875 2291.9189453125 -920.9241943359375 output 10 9 5 2 7 4 8 1 6 3 indices 2 -1 3 4 -1 8 1 3 2 1 -1 4 2 1 3 -1 2 1 3 4 2 1 3 4 2 1 3 4 -1 2 1 3 2 1 3 4 2 1 3 4 value 0.0 0.0 0.0 0.0 3.0 1.0 0.0 0.0 0.0 0.0 0.0 0.0 0.0 0.0 0.0 0.0 0.0 0.0 0.0 0.0 0.0 0.0 0.0 0.0 0.0 0.0 0.0 0.0 5.0 1.0 0.0 0.0 0.0 0.0 0.0 0.0 0.0 0.0 0.0 0.0 
-5909.52587890625 5969.93212890625 4913.7783203125 742.911865234375 2770.93408203125 2090.927978515625 -1150.99658203125 -4175.6298828125 -146.28086853027344 -2420.012939453125 -6004.89208984375 -5447.9619140625 5772.57373046875 4110.82177734375 4037.412841796875 1503.0223388671875 -5804.0322265625 3502.410888671875 1521.0289306640625 -5876.4228515625 output 6 4 10 5 3 8 2 7 1 9 indices 2 -1 3 4 -1 1 3 4 2 1 -1 4 2 1 3 -1 7 -1 1 2 2 1 3 4 -1 10 1 2 2 1 3 4 2 1 3 4 -1 5 1 2 value 0.0 0.0 0.0 0.0 0.0 0.0 0.0 0.0 0.0 0.0 0.0 0.0 0.0 0.0 0.0 0.0 1.0 1.0 0.0 0.0 0.0 0.0 0.0 0.0 3.0 1.0 0.0 0.0 0.0 0.0 0.0 0.0 0.0 0.0 0.0 0.0 3.0 1.0 0.0 0.0 
-10827.28515625 -1719.258056640625 3146.025390625 1632.3199462890625 6683.44873046875 -1573.0198974609375 -4129.83056640625 -5297.91796875 7665.185546875 5716.31201171875 5597.37451171875 -5400.125 -9227.8564453125 2925.85009765625 -8783.4658203125 -33.0041389465332 7771.32666015625 7874.30126953125 2105.077392578125 -4125.4580078125 output 2 7 8 1 4 10 6 3 5 9 indices 2 -1 3 4 -1 1 3 4 2 1 -1 4 -1 9 1 2 2 1 3 4 2 1 3 4 2 1 3 4 2 1 3 4 -1 4 1 2 2 1 3 4 value 0.0 0.0 0.0 0.0 0.0 0.0 0.0 0.0 0.0 0.0 0.0 0.0 5.0 1.0 0.0 0.0 0.0 0.0 0.0 0.0 0.0 0.0 0.0 0.0 0.0 0.0 0.0 0.0 0.0 0.0 0.0 0.0 3.0 1.0 0.0 0.0 0.0 0.0 0.0 0.0 
2102.983154296875 -8172.43701171875 -6292.52880859375 -102.66739654541016 -673.9138793945312 -7163.08154296875 -6289.95654296875 5912.09375 5992.3125 -1049.93701171875 7395.69921875 -2637.00439453125 7344.6611328125 5454.908203125 -1704.184326171875 -674.873291015625 88.01030731201172 4563.95068359375 -7963.08251953125 3869.04833984375 output 10 4 9 7 5 6 1 3 8 2 indices -1 8 2 3 -1 1 3 4 2 1 -1 4 2 1 3 -1 2 1 3 4 2 1 3 4 -1 1 2 3 -1 7 1 2 2 1 3 4 2 1 3 4 value 3.0 1.0 0.0 0.0 0.0 0.0 0.0 0.0 0.0 0.0 0.0 0.0 0.0 0.0 0.0 0.0 0.0 0.0 0.0 0.0 0.0 0.0 0.0 0.0 3.0 1.0 0.0 0.0 1.0 1.0 0.0 0.0 0.0 0.0 0.0 0.0 0.0 0.0 0.0 0.0 
-4954.833984375 -3423.330810546875 5399.5390625 -2013.2723388671875 -4902.1630859375 -148.8455352783203 -7922.95458984375 -1053.8707275390625 -778.5535278320312 -7935.33642578125 -4310.40283203125 1761.1015625 2735.409423828125 5331.2724609375 8780.1875 5168.33935546875 7571.15625 3313.3662109375 -1617.3839111328125 -999.42333984375 output 1 5 2 9 8 7 10 6 3 4 indices 2 -1 3 4 -1 1 3 4 2 1 -1 4 2 1 3 -1 -1 10 1 2 2 1 3 4 2 1 3 4 -1 5 1 2 2 1 3 4 -1 8 1 2 value 0.0 0.0 0.0 0.0 0.0 0.0 0.0 0.0 0.0 0.0 0.0 0.0 0.0 0.0 0.0 0.0 3.0 1.0 0.0 0.0 0.0 0.0 0.0 0.0 0.0 0.0 0.0 0.0 3.0 1.0 0.0 0.0 0.0 0.0 0.0 0.0 1.0 1.0 0.0 0.0 
-8662.4404296875 7791.58056640625 -2019.354248046875 -7145.50927734375 3669.963623046875 -3368.5517578125 -3011.282470703125 3108.556884765625 3692.61376953125 6895.4140625 -2577.788330078125 -3243.959228515625 3318.27197265625 3693.531005859375 6910.38818359375 -7102.27099609375 3480.755859375 -9242.056640625 -4801.1279296875 8613.2646484375 output 6 2 9 8 3 7 5 10 1 4 indices 2 -1 3 4 -1 1 3 4 2 1 -1 4 2 1 3 -1 -1 9 1 2 -1 5 1 2 2 1 3 4 2 1 3 4 -1 6 1 2 2 1 3 4 value 0.0 0.0 0.0 0.0 0.0 0.0 0.0 0.0 0.0 0.0 0.0 0.0 0.0 0.0 0.0 0.0 3.0 1.0 0.0 0.0 1.0 1.0 0.0 0.0 0.0 0.0 0.0 0.0 0.0 0.0 0.0 0.0 3.0 1.0 0.0 0.0 0.0 0.0 0.0 0.0 
-1533.412841796875 4652.7470703125 5557.31982421875 5571.56787109375 -5146.1279296875 -6358.8828125 -2862.39208984375 2312.7734375 3796.890625 1337.9725341796875 -10095.2841796875 5692.70947265625 2887.138427734375 5995.734375 1290.3021240234375 -9193.876953125 2945.02294921875 -3612.274169921875 3160.54345703125 -6398.47119140625 output 9 10 8 3 6 4 1 7 2 5 indices 2 -1 3 4 -1 8 1 3 -1 2 1 4 2 1 3 -1 2 1 3 4 2 1 3 4 2 1 3 4 -1 3 1 2 2 1 3 4 2 1 3 4 value 0.0 0.0 0.0 0.0 3.0 1.0 0.0 0.0 1.0 1.0 0.0 0.0 0.0 0.0 0.0 0.0 0.0 0.0 0.0 0.0 0.0 0.0 0.0 0.0 0.0 0.0 0.0 0.0 3.0 1.0 0.0 0.0 0.0 0.0 0.0 0.0 0.0 0.0 0.0 0.0 
-6498.3583984375 -71.22122192382812 -1560.538330078125 4097.49462890625 -3397.579833984375 -8402.6142578125 241.55380249023438 -6068.16162109375 5245.42333984375 3386.858154296875 6716.04833984375 -1437.31201171875 -297.0901794433594 6553.08544921875 457.6702575683594 -3369.83984375 1888.4295654296875 5414.4248046875 -2795.55859375 -102.71432495117188 output 7 9 5 6 8 4 3 1 10 2 indices 2 -1 3 4 -1 1 3 4 -1 10 1 2 2 1 3 -1 2 1 3 4 2 1 3 4 -1 3 1 2 2 1 3 4 2 1 3 4 -1 7 1 2 value 0.0 0.0 0.0 0.0 0.0 0.0 0.0 0.0 3.0 1.0 0.0 0.0 0.0 0.0 0.0 0.0 0.0 0.0 0.0 0.0 0.0 0.0 0.0 0.0 3.0 1.0 0.0 0.0 0.0 0.0 0.0 0.0 0.0 0.0 0.0 0.0 1.0 1.0 0.0 0.0 
-2121.90283203125 4099.36328125 -7987.259765625 -2993.77685546875 -575.653564453125 4611.79248046875 6761.126953125 82.92430114746094 -5571.4140625 -1511.222412109375 -7560.73779296875 1208.6439208984375 4740.630859375 -2190.92138671875 1823.97900390625 6186.4091796875 7914.87255859375 -4403.0048828125 2576.35888671875 -5090.20751953125 output 3 1 6 2 5 10 7 9 4 8 indices 2 -1 3 4 -1 1 3 4 2 1 -1 4 2 1 3 -1 8 -1 1 2 2 1 3 4 2 1 3 4 -1 10 1 2 2 1 3 4 -1 5 1 2 value 0.0 0.0 0.0 0.0 0.0 0.0 0.0 0.0 0.0 0.0 0.0 0.0 0.0 0.0 0.0 0.0 1.0 1.0 0.0 0.0 0.0 0.0 0.0 0.0 0.0 0.0 0.0 0.0 3.0 1.0 0.0 0.0 0.0 0.0 0.0 0.0 3.0 1.0 0.0 0.0 
-6216.45263671875 -243.88211059570312 4392.9853515625 7778.85400390625 4109.1328125 -2350.206298828125 5553.216796875 12762.8935546875 -8670.544921875 -3171.91259765625 8568.3388671875 -1860.9559326171875 6558.8369140625 -5289.80322265625 207.1165313720703 -651.6185302734375 -4023.180908203125 -5904.978515625 -10479.4482421875 -1068.3897705078125 output 1 10 5 9 8 3 7 6 2 4 indices 2 -1 3 4 -1 1 3 4 2 1 -1 4 -1 9 1 2 2 1 3 4 2 1 3 4 2 1 3 4 -1 4 1 2 -1 8 1 2 2 1 3 4 value 0.0 0.0 0.0 0.0 0.0 0.0 0.0 0.0 0.0 0.0 0.0 0.0 3.0 1.0 0.0 0.0 0.0 0.0 0.0 0.0 0.0 0.0 0.0 0.0 0.0 0.0 0.0 0.0 1.0 1.0 0.0 0.0 3.0 1.0 0.0 0.0 0.0 0.0 0.0 0.0 
6410.43115234375 3707.90771484375 3220.912109375 388.7063903808594 -202.41400146484375 -4530.3466796875 1495.2518310546875 4012.007080078125 -8652.32421875 -3493.999267578125 -469.5415344238281 -1404.51708984375 7708.96923828125 5699.1533203125 -5695.66455078125 -6700.43603515625 310.7669372558594 -3849.232666015625 -4126.38720703125 6170.75732421875 output 8 5 10 4 7 1 2 6 9 3 indices 2 -1 3 4 -1 1 3 4 2 1 -1 4 2 1 3 -1 2 1 3 4 7 -1 1 2 -1 8 1 2 -1 6 1 2 2 1 3 4 2 1 3 4 value 0.0 0.0 0.0 0.0 0.0 0.0 0.0 0.0 0.0 0.0 0.0 0.0 0.0 0.0 0.0 0.0 0.0 0.0 0.0 0.0 1.0 1.0 0.0 0.0 3.0 1.0 0.0 0.0 3.0 1.0 0.0 0.0 0.0 0.0 0.0 0.0 0.0 0.0 0.0 0.0 
2100.234130859375 4927.2841796875 -10081.7822265625 5699.10546875 4286.89990234375 -3027.31005859375 6239.64111328125 1925.8468017578125 -1980.9998779296875 -2645.519287109375 -6236.06787109375 745.125732421875 -3808.227294921875 -9234.9697265625 6749.4462890625 -3278.618408203125 8447.8046875 8385.7265625 -5716.94873046875 -3496.671142578125 output 7 5 3 8 4 9 1 2 6 10 indices 2 -1 3 4 -1 1 3 4 2 1 -1 4 2 1 3 -1 9 -1 1 2 2 1 3 4 -1 5 1 2 2 1 3 4 -1 7 1 2 2 1 3 4 value 0.0 0.0 0.0 0.0 0.0 0.0 0.0 0.0 0.0 0.0 0.0 0.0 0.0 0.0 0.0 0.0 1.0 1.0 0.0 0.0 0.0 0.0 0.0 0.0 3.0 1.0 0.0 0.0 0.0 0.0 0.0 0.0 3.0 1.0 0.0 0.0 0.0 0.0 0.0 0.0 
9281.5498046875 9774.39453125 9029.4013671875 -9092.9384765625 7566.861328125 8308.5419921875 -9423.71484375 -3031.758544921875 -6132.787109375 5854.90234375 1415.12255859375 -933.029296875 -5372.60400390625 202.9193878173828 -2257.628662109375 -1016.3612060546875 -2050.07568359375 -3049.082763671875 -2056.124267578125 -7017.587890625 output 1 3 5 7 4 10 9 8 6 2 indices -1 2 3 4 -1 8 1 3 2 1 -1 4 2 1 3 -1 2 1 3 4 2 1 3 4 2 1 3 4 -1 1 2 3 2 1 3 4 2 1 3 4 value 3.0 1.0 0.0 0.0 3.0 1.0 0.0 0.0 0.0 0.0 0.0 0.0 0.0 0.0 0.0 0.0 0.0 0.0 0.0 0.0 0.0 0.0 0.0 0.0 0.0 0.0 0.0 0.0 1.0 1.0 0.0 0.0 0.0 0.0 0.0 0.0 0.0 0.0 0.0 0.0 
-2025.2353515625 3298.42529296875 -4587.1826171875 -5275.42236328125 -5641.3681640625 6725.630859375 -3007.943603515625 873.2424926757812 10330.6591796875 -8167.54833984375 -298.1122131347656 -4665.56201171875 -3211.260986328125 2319.45263671875 4975.1923828125 780.3191528320312 -5132.26708984375 -263.001708984375 8597.5185546875 4374.4638671875 output 7 3 1 8 10 5 6 2 9 4 indices 2 -1 3 4 -1 1 3 4 2 1 -1 4 10 3 1 2 -1 6 1 2 -1 10 4 1 2 1 3 4 2 1 3 4 2 1 3 4 -1 5 1 2 value 0.0 0.0 0.0 0.0 0.0 0.0 0.0 0.0 0.0 0.0 0.0 0.0 1.715999326628845e-33 0.0 0.0 0.0 3.0 1.0 0.0 0.0 1.0 1.0 1.715999326628845e-33 0.0 0.0 0.0 0.0 0.0 0.0 0.0 0.0 0.0 0.0 0.0 0.0 0.0 3.0 1.0 0.0 0.0 
2790.00244140625 9543.8154296875 -3850.880615234375 -764.176025390625 3843.1162109375 -3190.71728515625 -4360.80615234375 -5343.14599609375 841.7587890625 -462.25469970703125 6657.76220703125 10081.8232421875 -259.2619934082031 -7933.65087890625 -5268.4033203125 -8080.90673828125 -2785.204833984375 -5606.5576171875 2391.917236328125 11755.771484375 output 8 4 2 1 10 6 5 3 7 9 indices 2 -1 3 4 -1 1 3 4 2 1 -1 4 2 1 3 -1 10 -1 1 2 8 -1 1 2 2 1 3 4 -1 5 1 2 2 1 3 4 -1 6 1 2 value 0.0 0.0 0.0 0.0 0.0 0.0 0.0 0.0 0.0 0.0 0.0 0.0 0.0 0.0 0.0 0.0 1.0 1.0 0.0 0.0 1.0 1.0 0.0 0.0 0.0 0.0 0.0 0.0 3.0 1.0 0.0 0.0 0.0 0.0 0.0 0.0 1.0 1.0 0.0 0.0 
325.09912109375 -2571.413818359375 5196.54296875 -1593.6346435546875 -2016.2108154296875 -1859.4522705078125 4326.138671875 -8640.64453125 -9732.5009765625 -2810.31005859375 -9014.365234375 6906.32861328125 7882.42626953125 5603.3642578125 3808.23828125 1492.7427978515625 4298.4072265625 3323.9365234375 -5073.775390625 149.08364868164062 output 1 3 10 5 6 7 9 8 2 4 indices 2 -1 3 4 -1 1 3 4 7 -1 1 2 -1 3 1 2 2 1 3 4 2 1 3 4 -1 4 1 2 2 1 3 4 2 1 3 4 2 1 3 4 value 0.0 0.0 0.0 0.0 0.0 0.0 0.0 0.0 1.0 1.0 0.0 0.0 3.0 1.0 0.0 0.0 0.0 0.0 0.0 0.0 0.0 0.0 0.0 0.0 3.0 1.0 0.0 0.0 0.0 0.0 0.0 0.0 0.0 0.0 0.0 0.0 0.0 0.0 0.0 0.0 
-4681.23681640625 232.77691650390625 -8128.44580078125 1557.9259033203125 -9542.1298828125 1795.215087890625 3372.822998046875 -6264.16455078125 -5968.82763671875 1608.7962646484375 7097.490234375 -6841.27783203125 4477.33349609375 2193.15087890625 5517.90673828125 3035.85888671875 -175.4178466796875 702.1702880859375 8030.50439453125 1979.5482177734375 output 9 5 2 3 1 4 6 10 8 7 indices 2 -1 3 4 -1 1 3 4 2 1 -1 4 2 1 3 -1 2 1 3 4 -1 9 1 2 2 1 3 4 10 3 1 2 -1 10 8 1 -1 6 1 2 value 0.0 0.0 0.0 0.0 0.0 0.0 0.0 0.0 0.0 0.0 0.0 0.0 0.0 0.0 0.0 0.0 0.0 0.0 0.0 0.0 3.0 1.0 0.0 0.0 0.0 0.0 0.0 0.0 4.326921037179493e-13 0.0 0.0 0.0 1.0 1.0 4.326921037179493e-13 0.0 3.0 1.0 0.0 0.0 
-3288.958251953125 953.8088989257812 2806.083984375 -5928.85400390625 -597.7846069335938 9.752936363220215 5664.79931640625 5576.720703125 1491.2337646484375 -8328.8974609375 -7599.7734375 -7444.97216796875 3062.07177734375 -7615.60791015625 -10886.421875 7654.2373046875 2266.96826171875 7456.14794921875 7081.78076171875 7667.6640625 output 1 6 5 7 2 3 4 10 9 8 indices 2 -1 3 4 -1 1 3 4 10 -1 1 2 2 1 3 -1 -1 3 1 2 2 1 3 4 2 1 3 4 2 1 3 4 2 1 3 4 -1 5 1 2 value 0.0 0.0 0.0 0.0 0.0 0.0 0.0 0.0 1.0 1.0 0.0 0.0 0.0 0.0 0.0 0.0 3.0 1.0 0.0 0.0 0.0 0.0 0.0 0.0 0.0 0.0 0.0 0.0 0.0 0.0 0.0 0.0 0.0 0.0 0.0 0.0 3.0 1.0 0.0 0.0 
6629.68017578125 -1317.6627197265625 6029.009765625 753.394775390625 2403.3984375 2332.86669921875 -6810.69140625 7991.98974609375 -5296.7216796875 1124.9609375 2945.43408203125 2986.937744140625 -552.841796875 -4291.84814453125 -2676.043212890625 -1340.5625 3643.78173828125 -4021.729736328125 -6315.00634765625 -4218.3466796875 output 1 2 6 3 4 5 10 8 7 9 indices 2 -1 3 4 -1 1 3 4 2 1 -1 4 -1 10 1 2 2 1 3 4 2 1 3 4 2 1 3 4 -1 4 1 2 2 1 3 4 -1 8 1 2 value 0.0 0.0 0.0 0.0 0.0 0.0 0.0 0.0 0.0 0.0 0.0 0.0 3.0 1.0 0.0 0.0 0.0 0.0 0.0 0.0 0.0 0.0 0.0 0.0 0.0 0.0 0.0 0.0 1.0 1.0 0.0 0.0 0.0 0.0 0.0 0.0 3.0 1.0 0.0 0.0 
4580.53759765625 6182.09228515625 10154.80859375 -4285.72509765625 -6771.07275390625 -6645.1103515625 -5300.64501953125 5556.90673828125 1767.303955078125 4334.19970703125 1679.9720458984375 1549.5137939453125 -481.1832275390625 5043.07373046875 4201.75146484375 -13022.421875 -4840.87548828125 -967.4207153320312 -4990.5966796875 2254.891357421875 output 8 2 6 1 5 7 4 10 9 3 indices -1 8 2 3 -1 1 3 4 2 1 -1 4 2 1 3 -1 2 1 3 4 2 1 3 4 2 1 3 4 -1 9 1 2 -1 1 2 3 2 1 3 4 value 3.0 1.0 0.0 0.0 0.0 0.0 0.0 0.0 0.0 0.0 0.0 0.0 0.0 0.0 0.0 0.0 0.0 0.0 0.0 0.0 0.0 0.0 0.0 0.0 0.0 0.0 0.0 0.0 3.0 1.0 0.0 0.0 1.0 1.0 0.0 0.0 0.0 0.0 0.0 0.0 
1169.728271484375 4904.7353515625 -2746.697265625 6784.10107421875 5198.25048828125 -5093.1923828125 6089.990234375 825.246337890625 5409.78857421875 -11058.005859375 -5536.787109375 -3144.55419921875 5041.08203125 -1113.6885986328125 4105.0009765625 7164.6640625 -5176.50927734375 -3518.671630859375 -13553.84765625 4249.3662109375 output 6 9 5 3 7 4 8 1 2 10 indices 2 -1 3 4 -1 1 3 4 2 1 -1 4 2 1 3 -1 -1 9 1 2 2 1 3 4 2 1 3 4 -1 5 1 2 -1 8 1 2 2 1 3 4 value 0.0 0.0 0.0 0.0 0.0 0.0 0.0 0.0 0.0 0.0 0.0 0.0 0.0 0.0 0.0 0.0 3.0 1.0 0.0 0.0 0.0 0.0 0.0 0.0 0.0 0.0 0.0 0.0 3.0 1.0 0.0 0.0 1.0 1.0 0.0 0.0 0.0 0.0 0.0 0.0 
-2345.193603515625 7780.03466796875 5743.60693359375 -7471.62890625 1672.4630126953125 7848.1748046875 2628.87353515625 850.4651489257812 -1835.98095703125 9590.990234375 -1283.0357666015625 -6684.0751953125 7809.36572265625 -9550.369140625 -8467.34375 -2176.4365234375 5276.2783203125 1477.731689453125 -9199.033203125 -1664.88720703125 output 2 7 9 4 3 5 1 10 8 6 indices 2 -1 3 4 -1 1 3 4 2 1 -1 4 2 1 3 -1 -1 7 1 2 -1 5 1 2 -1 6 1 2 2 1 3 4 2 1 3 4 2 1 3 4 value 0.0 0.0 0.0 0.0 0.0 0.0 0.0 0.0 0.0 0.0 0.0 0.0 0.0 0.0 0.0 0.0 3.0 1.0 0.0 0.0 1.0 1.0 0.0 0.0 3.0 1.0 0.0 0.0 0.0 0.0 0.0 0.0 0.0 0.0 0.0 0.0 0.0 0.0 0.0 0.0 
3056.419189453125 -1951.2039794921875 3838.456298828125 572.71923828125 -2730.30322265625 4204.4287109375 -6602.0830078125 560.2362060546875 1788.4385986328125 -12041.5966796875 2438.359375 -66.97168731689453 2496.606689453125 4089.863525390625 3595.151611328125 1813.543701171875 -5995.857421875 2260.146728515625 -1885.1876220703125 558.8345947265625 output 1 6 2 8 7 3 9 4 10 5 indices 2 -1 3 4 -1 1 3 4 2 1 -1 4 2 1 3 -1 -1 10 1 2 2 1 3 4 -1 5 1 2 2 1 3 4 2 1 3 4 -1 7 1 2 value 0.0 0.0 0.0 0.0 0.0 0.0 0.0 0.0 0.0 0.0 0.0 0.0 0.0 0.0 0.0 0.0 3.0 1.0 0.0 0.0 0.0 0.0 0.0 0.0 3.0 1.0 0.0 0.0 0.0 0.0 0.0 0.0 0.0 0.0 0.0 0.0 1.0 1.0 0.0 0.0 
7139.1396484375 4322.873046875 2535.542724609375 -7742.11865234375 -824.180419921875 -8102.2724609375 -1424.1380615234375 1823.2052001953125 -10482.861328125 -1628.6212158203125 -1635.982421875 3506.373779296875 -2152.290771484375 -4730.771484375 3294.225341796875 4452.0146484375 -1401.7205810546875 7051.31298828125 4952.26611328125 1048.004150390625 output 4 6 9 8 1 10 2 3 7 5 indices -1 3 2 4 -1 1 3 4 -1 7 1 2 2 1 3 -1 2 1 3 4 2 1 3 4 -1 1 2 3 2 1 3 4 2 1 3 4 2 1 3 4 value 3.0 1.0 0.0 0.0 0.0 0.0 0.0 0.0 3.0 1.0 0.0 0.0 0.0 0.0 0.0 0.0 0.0 0.0 0.0 0.0 0.0 0.0 0.0 0.0 1.0 1.0 0.0 0.0 0.0 0.0 0.0 0.0 0.0 0.0 0.0 0.0 0.0 0.0 0.0 0.0 
-5051.0068359375 558.4962768554688 5786.61181640625 -7188.14404296875 3183.145263671875 4513.25048828125 -5188.4892578125 3448.08642578125 5563.47802734375 -7980.5703125 5482.5654296875 374.355712890625 4011.4814453125 7502.52197265625 -4151.982421875 18.546396255493164 865.6920776367188 175.61163330078125 -10501.4951171875 -1422.1544189453125 output 1 10 4 7 3 6 2 5 9 8 indices 2 -1 3 4 -1 1 3 4 2 1 -1 4 2 1 3 -1 -1 9 1 2 2 1 3 4 -1 5 1 2 2 1 3 4 -1 7 1 2 2 1 3 4 value 0.0 0.0 0.0 0.0 0.0 0.0 0.0 0.0 0.0 0.0 0.0 0.0 0.0 0.0 0.0 0.0 3.0 1.0 0.0 0.0 0.0 0.0 0.0 0.0 3.0 1.0 0.0 0.0 0.0 0.0 0.0 0.0 1.0 1.0 0.0 0.0 0.0 0.0 0.0 0.0 
3488.27001953125 1756.79052734375 4428.9599609375 5867.92333984375 4267.09765625 -9162.662109375 -6623.7587890625 1855.01220703125 -4505.37890625 -9056.8681640625 -2813.2041015625 6009.91845703125 -3592.260009765625 3145.273193359375 4709.166015625 6334.09716796875 -4663.0400390625 -6109.8818359375 5304.1484375 -639.6034545898438 output 6 7 4 9 5 3 10 1 2 8 indices 2 -1 3 4 -1 1 3 4 2 1 -1 4 2 1 3 -1 -1 9 1 2 2 1 3 4 2 1 3 4 -1 5 1 2 -1 8 1 2 2 1 3 4 value 0.0 0.0 0.0 0.0 0.0 0.0 0.0 0.0 0.0 0.0 0.0 0.0 0.0 0.0 0.0 0.0 3.0 1.0 0.0 0.0 0.0 0.0 0.0 0.0 0.0 0.0 0.0 0.0 3.0 1.0 0.0 0.0 1.0 1.0 0.0 0.0 0.0 0.0 0.0 0.0 
-2174.434814453125 -4481.822265625 -7403.0234375 4957.544921875 -2466.3623046875 -3709.694580078125 -823.8795776367188 1489.27685546875 9255.0908203125 356.22784423828125 -6141.83837890625 -1524.1400146484375 2544.190673828125 10469.26171875 8707.7021484375 -1170.0616455078125 -796.3297119140625 -5949.140625 -701.115478515625 -437.45220947265625 output 7 2 6 3 1 9 10 4 8 5 indices 2 -1 3 4 -1 1 3 4 2 1 -1 4 2 1 3 -1 2 1 3 4 2 1 3 4 -1 9 1 2 2 1 3 4 -1 10 1 2 -1 7 1 2 value 0.0 0.0 0.0 0.0 0.0 0.0 0.0 0.0 0.0 0.0 0.0 0.0 0.0 0.0 0.0 0.0 0.0 0.0 0.0 0.0 0.0 0.0 0.0 0.0 3.0 1.0 0.0 0.0 0.0 0.0 0.0 0.0 3.0 1.0 0.0 0.0 1.0 1.0 0.0 0.0 
-73.55751037597656 381.3697204589844 -721.4140625 -8488.296875 2739.600341796875 -6398.91552734375 4204.06640625 9012.2685546875 10269.4111328125 7654.30078125 -6674.21435546875 -7463.11865234375 4959.88916015625 -1143.515625 -6981.62939453125 10270.6728515625 -6732.5556640625 -3292.956298828125 -989.5955200195312 -531.8089599609375 output 1 8 4 5 7 3 2 6 9 10 indices 2 -1 3 4 -1 10 1 3 2 1 -1 4 2 1 3 -1 -1 2 1 3 2 1 3 4 2 1 3 4 2 1 3 4 2 1 3 4 -1 5 1 2 value 0.0 0.0 0.0 0.0 3.0 1.0 0.0 0.0 0.0 0.0 0.0 0.0 0.0 0.0 0.0 0.0 3.0 1.0 0.0 0.0 0.0 0.0 0.0 0.0 0.0 0.0 0.0 0.0 0.0 0.0 0.0 0.0 0.0 0.0 0.0 0.0 1.0 1.0 0.0 0.0 
-3421.6953125 -5611.205078125 6418.23876953125 7236.650390625 6448.55859375 -3785.801513671875 -8933.2548828125 1423.060302734375 -4709.07373046875 -3318.301513671875 5891.4580078125 205.36898803710938 -2028.4468994140625 -3911.067138671875 -113.29986572265625 -4866.9501953125 -1708.716552734375 88.61017608642578 2156.231689453125 12539.634765625 output 7 8 3 6 2 10 9 4 5 1 indices -1 9 2 3 -1 1 3 4 2 1 -1 4 2 1 3 -1 2 1 3 4 2 1 3 4 2 1 3 4 2 1 3 4 10 -1 1 2 -1 1 2 3 value 3.0 1.0 0.0 0.0 0.0 0.0 0.0 0.0 0.0 0.0 0.0 0.0 0.0 0.0 0.0 0.0 0.0 0.0 0.0 0.0 0.0 0.0 0.0 0.0 0.0 0.0 0.0 0.0 0.0 0.0 0.0 0.0 1.0 1.0 0.0 0.0 3.0 1.0 0.0 0.0 
-7069.9248046875 192.1151885986328 7075.9248046875 -3768.458251953125 -4478.45166015625 -2208.453125 -4522.17919921875 7743.91259765625 -2221.77099609375 -166.89776611328125 -493.4808044433594 -7394.47216796875 7151.919921875 1360.1585693359375 6096.75 -4439.7919921875 -966.7410278320312 3818.48779296875 -572.0466918945312 4863.3994140625 output 2 8 6 5 3 1 4 10 9 7 indices 2 -1 3 4 -1 1 3 4 2 1 -1 4 -1 6 1 2 -1 4 1 2 -1 5 1 2 2 1 3 4 2 1 3 4 2 1 3 4 2 1 3 4 value 0.0 0.0 0.0 0.0 0.0 0.0 0.0 0.0 0.0 0.0 0.0 0.0 3.0 1.0 0.0 0.0 1.0 1.0 0.0 0.0 3.0 1.0 0.0 0.0 0.0 0.0 0.0 0.0 0.0 0.0 0.0 0.0 0.0 0.0 0.0 0.0 0.0 0.0 0.0 0.0 
2826.847900390625 -1176.96923828125 7662.83349609375 -8450.0537109375 1967.930908203125 6387.2734375 2249.64404296875 9685.8076171875 -3037.49658203125 -5823.99755859375 -6710.1962890625 -7062.52685546875 2931.65283203125 4445.66064453125 -6460.84912109375 6601.51123046875 5680.27587890625 -2292.880126953125 -7110.642578125 -2313.825927734375 output 4 3 7 1 9 2 5 6 10 8 indices 2 -1 3 4 -1 5 1 3 2 1 -1 4 -1 2 1 3 -1 4 1 2 2 1 3 4 2 1 3 4 2 1 3 4 2 1 3 4 2 1 3 4 value 0.0 0.0 0.0 0.0 3.0 1.0 0.0 0.0 0.0 0.0 0.0 0.0 3.0 1.0 0.0 0.0 1.0 1.0 0.0 0.0 0.0 0.0 0.0 0.0 0.0 0.0 0.0 0.0 0.0 0.0 0.0 0.0 0.0 0.0 0.0 0.0 0.0 0.0 0.0 0.0 
8349.8896484375 1385.2379150390625 7359.97216796875 2715.400390625 6619.6572265625 5193.85595703125 234.22256469726562 -5643.5859375 -6246.849609375 -1925.1876220703125 -583.7818603515625 3793.705078125 -9255.1572265625 -7021.9853515625 -165.99134826660156 302.19915771484375 -8150.0185546875 -3336.875 1838.0572509765625 4537.2353515625 output 1 2 3 10 6 8 5 9 7 4 indices 2 -1 3 4 -1 1 3 4 -1 7 1 2 2 1 3 -1 2 1 3 4 2 1 3 4 -1 8 1 2 -1 3 1 2 2 1 3 4 2 1 3 4 value 0.0 0.0 0.0 0.0 0.0 0.0 0.0 0.0 3.0 1.0 0.0 0.0 0.0 0.0 0.0 0.0 0.0 0.0 0.0 0.0 0.0 0.0 0.0 0.0 3.0 1.0 0.0 0.0 1.0 1.0 0.0 0.0 0.0 0.0 0.0 0.0 0.0 0.0 0.0 0.0 
-2635.5048828125 -2127.853759765625 -4023.351318359375 6584.27783203125 -6434.53955078125 6150.998046875 -4544.2890625 -39.92849349975586 7098.21435546875 -1915.599853515625 10017.841796875 -8674.533203125 -4282.18310546875 7277.5439453125 1337.353759765625 -4281.283203125 10116.9521484375 -7403.3232421875 -6650.49462890625 4429.7021484375 output 1 4 10 3 7 2 5 9 6 8 indices 7 -1 2 3 -1 1 3 4 2 1 -1 4 2 1 3 -1 2 1 3 4 -1 1 2 3 -1 6 1 2 2 1 3 4 2 1 3 4 2 1 3 4 value 1.0 1.0 0.0 0.0 0.0 0.0 0.0 0.0 0.0 0.0 0.0 0.0 0.0 0.0 0.0 0.0 0.0 0.0 0.0 0.0 3.0 1.0 0.0 0.0 3.0 1.0 0.0 0.0 0.0 0.0 0.0 0.0 0.0 0.0 0.0 0.0 0.0 0.0 0.0 0.0 
220.00112915039062 9180.0615234375 2123.5009765625 -2212.43994140625 -4818.14599609375 -4116.203125 7403.2255859375 -1536.5621337890625 -5853.138671875 -4807.6240234375 -5472.63818359375 7828.94873046875 -4132.677734375 -4210.34033203125 4823.2548828125 5921.63525390625 11289.9052734375 -4236.72998046875 -5583.28662109375 -1810.7459716796875 output 3 7 2 9 4 8 1 6 10 5 indices -1 5 2 3 -1 1 3 4 2 1 -1 4 2 1 3 -1 -1 7 1 2 2 1 3 4 -1 1 2 3 2 1 3 4 2 1 3 4 2 1 3 4 value 3.0 1.0 0.0 0.0 0.0 0.0 0.0 0.0 0.0 0.0 0.0 0.0 0.0 0.0 0.0 0.0 3.0 1.0 0.0 0.0 0.0 0.0 0.0 0.0 1.0 1.0 0.0 0.0 0.0 0.0 0.0 0.0 0.0 0.0 0.0 0.0 0.0 0.0 0.0 0.0 
6477.52880859375 7656.36572265625 2891.958740234375 -4282.9189453125 -5309.10595703125 939.2913208007812 -2922.009033203125 -3699.723388671875 -7568.9716796875 943.4483032226562 4252.05078125 521.7633666992188 -4746.5791015625 -5680.4775390625 10683.9130859375 5811.46533203125 893.3428344726562 -5745.03564453125 -4652.12744140625 3535.8212890625 output 8 1 10 3 5 7 4 9 2 6 indices 8 -1 2 3 -1 1 3 4 2 1 -1 4 -1 1 2 3 2 1 3 4 2 1 3 4 -1 4 1 2 -1 7 1 2 2 1 3 4 2 1 3 4 value 1.0 1.0 0.0 0.0 0.0 0.0 0.0 0.0 0.0 0.0 0.0 0.0 1.0 1.0 0.0 0.0 0.0 0.0 0.0 0.0 0.0 0.0 0.0 0.0 3.0 1.0 0.0 0.0 1.0 1.0 0.0 0.0 0.0 0.0 0.0 0.0 0.0 0.0 0.0 0.0 
-3276.599365234375 -7054.59228515625 1111.201416015625 -349.4462890625 -7154.02587890625 4873.2216796875 -4936.416015625 5524.45556640625 2099.740478515625 -753.8755493164062 -1165.966064453125 -4293.31103515625 1340.096923828125 -3065.605712890625 5365.123046875 4274.51904296875 864.95556640625 -3583.347900390625 5751.8896484375 4427.98193359375 output 8 10 5 2 7 9 6 1 3 4 indices -1 2 3 4 10 -1 1 3 2 1 -1 4 2 1 3 -1 2 1 3 4 2 1 3 4 2 1 3 4 2 1 3 4 2 1 3 4 -1 1 2 3 value 3.0 1.0 0.0 0.0 1.0 1.0 0.0 0.0 0.0 0.0 0.0 0.0 0.0 0.0 0.0 0.0 0.0 0.0 0.0 0.0 0.0 0.0 0.0 0.0 0.0 0.0 0.0 0.0 0.0 0.0 0.0 0.0 0.0 0.0 0.0 0.0 3.0 1.0 0.0 0.0 
-9290.7001953125 1115.476806640625 70.79359436035156 2410.310302734375 6304.052734375 1203.48974609375 3984.998291015625 -6504.154296875 4948.02783203125 1848.9176025390625 5672.220703125 1475.631591796875 -5034.0458984375 2055.890625 -8545.5361328125 -727.6737670898438 5000.5205078125 -7027.91259765625 -3110.332763671875 4150.0234375 output 4 9 3 6 5 2 10 7 1 8 indices 2 -1 3 4 -1 1 3 4 9 -1 1 2 2 1 3 -1 -1 3 1 2 2 1 3 4 2 1 3 4 -1 5 1 2 -1 8 1 2 2 1 3 4 value 0.0 0.0 0.0 0.0 0.0 0.0 0.0 0.0 1.0 1.0 0.0 0.0 0.0 0.0 0.0 0.0 1.0 1.0 0.0 0.0 0.0 0.0 0.0 0.0 0.0 0.0 0.0 0.0 1.0 1.0 0.0 0.0 3.0 1.0 0.0 0.0 0.0 0.0 0.0 0.0 
12228.5771484375 -8789.830078125 1952.890625 3903.745849609375 4095.65869140625 -383.6371765136719 -6328.47509765625 914.7100219726562 -5870.08056640625 4001.58740234375 3914.78173828125 -11078.3486328125 -4485.02490234375 543.6620483398438 -3863.95263671875 6294.80615234375 5432.87939453125 1013.8733520507812 -7077.25390625 3579.43115234375 output 3 9 2 8 5 10 4 7 6 1 indices 2 -1 3 4 6 -1 1 3 2 1 -1 4 2 1 3 -1 2 1 3 4 -1 7 1 2 8 -1 1 2 -1 2 1 3 2 1 3 4 2 1 3 4 value 0.0 0.0 0.0 0.0 1.0 1.0 0.0 0.0 0.0 0.0 0.0 0.0 0.0 0.0 0.0 0.0 0.0 0.0 0.0 0.0 3.0 1.0 0.0 0.0 1.0 1.0 0.0 0.0 1.0 1.0 0.0 0.0 0.0 0.0 0.0 0.0 0.0 0.0 0.0 0.0 
8700.8203125 6500.787109375 -9184.4541015625 -8632.22265625 7930.85400390625 6500.7900390625 -866.6324462890625 -4063.9638671875 -6892.35888671875 -3011.7294921875 -3073.4755859375 -4680.52099609375 4408.67626953125 3212.134521484375 -5827.509765625 779.4822998046875 -1571.2808837890625 5131.85400390625 6375.3603515625 -1736.6112060546875 output 2 5 8 9 7 3 1 10 4 6 indices -1 2 3 4 -1 4 1 3 2 1 -1 4 -1 1 2 3 2 1 3 4 2 1 3 4 2 1 3 4 2 1 3 4 2 1 3 4 2 1 3 4 value 3.0 1.0 0.0 0.0 3.0 1.0 0.0 0.0 0.0 0.0 0.0 0.0 1.0 1.0 0.0 0.0 0.0 0.0 0.0 0.0 0.0 0.0 0.0 0.0 0.0 0.0 0.0 0.0 0.0 0.0 0.0 0.0 0.0 0.0 0.0 0.0 0.0 0.0 0.0 0.0 
7686.8115234375 -11471.708984375 -2681.624267578125 4412.8671875 -5882.96826171875 -6310.30322265625 145.30184936523438 6394.6064453125 2892.712158203125 5250.18701171875 -783.4189453125 2156.778564453125 -1585.3687744140625 1132.1104736328125 -1619.9847412109375 5028.77001953125 -8114.47998046875 1303.83935546875 9943.01953125 -7897.146484375 output 1 10 5 4 8 2 6 7 9 3 indices -1 7 2 3 -1 1 3 4 2 1 -1 4 5 -1 1 2 -1 1 2 3 2 1 3 4 -1 4 1 2 2 1 3 4 2 1 3 4 2 1 3 4 value 3.0 1.0 0.0 0.0 0.0 0.0 0.0 0.0 0.0 0.0 0.0 0.0 1.0 1.0 0.0 0.0 1.0 1.0 0.0 0.0 0.0 0.0 0.0 0.0 1.0 1.0 0.0 0.0 0.0 0.0 0.0 0.0 0.0 0.0 0.0 0.0 0.0 0.0 0.0 0.0 
1564.00341796875 -1651.8599853515625 55.00114440917969 -5708.26025390625 3217.355712890625 4784.38037109375 -5934.5478515625 -3437.93505859375 1071.81787109375 140.67681884765625 3081.3642578125 -5360.7197265625 1139.329345703125 3524.83984375 2254.606201171875 -4938.01123046875 -6329.9736328125 8805.169921875 -118.95633697509766 3841.71875 output 2 8 6 1 5 3 7 10 9 4 indices 9 -1 2 3 -1 1 3 4 -1 2 1 4 2 1 3 -1 2 1 3 4 2 1 3 4 2 1 3 4 2 1 3 4 -1 3 1 2 2 1 3 4 value 1.0 1.0 0.0 0.0 3.0 1.0 0.0 0.0 1.0 1.0 0.0 0.0 0.0 0.0 0.0 0.0 0.0 0.0 0.0 0.0 0.0 0.0 0.0 0.0 0.0 0.0 0.0 0.0 0.0 0.0 0.0 0.0 1.0 1.0 0.0 0.0 0.0 0.0 0.0 0.0 
2296.591064453125 -9679.47265625 -6074.1064453125 -503.0873718261719 -6297.8671875 7296.8525390625 3133.12158203125 6804.72265625 6417.162109375 3820.94970703125 -6105.521484375 1927.1658935546875 -790.1400146484375 -1802.564697265625 4359.35205078125 -11055.9794921875 229.88677978515625 2294.483154296875 2831.520751953125 896.93017578125 output 1 8 10 5 4 9 3 6 2 7 indices 2 -1 3 4 -1 1 3 4 2 1 -1 4 -1 8 1 2 2 1 3 4 2 1 3 4 -1 4 1 2 -1 7 1 2 2 1 3 4 2 1 3 4 value 0.0 0.0 0.0 0.0 0.0 0.0 0.0 0.0 0.0 0.0 0.0 0.0 3.0 1.0 0.0 0.0 0.0 0.0 0.0 0.0 0.0 0.0 0.0 0.0 1.0 1.0 0.0 0.0 3.0 1.0 0.0 0.0 0.0 0.0 0.0 0.0 0.0 0.0 0.0 0.0 
-7971.28515625 9834.814453125 -6954.4443359375 -3700.44580078125 -5212.71533203125 -877.3117065429688 -434.3339538574219 -7144.09814453125 -2864.300048828125 -6942.0078125 2714.91650390625 2554.57421875 10005.775390625 -1431.4423828125 7723.224609375 -7023.92236328125 -378.7560729980469 6132.11376953125 3371.917724609375 8597.7255859375 output 7 8 4 5 2 3 1 9 10 6 indices 2 -1 3 4 -1 1 3 4 10 -1 1 2 -1 5 1 2 3 4 1 2 2 1 3 4 2 1 3 4 2 1 3 4 2 1 3 4 -1 4 1 2 value 0.0 0.0 0.0 0.0 0.0 0.0 0.0 0.0 1.0 0.0 0.0 0.0 3.0 1.0 0.0 0.0 1.0 0.0 0.0 0.0 0.0 0.0 0.0 0.0 0.0 0.0 0.0 0.0 0.0 0.0 0.0 0.0 0.0 0.0 0.0 0.0 3.0 1.0 0.0 0.0 
7900.18115234375 4077.96337890625 3334.17333984375 4916.1865234375 4714.55712890625 -1956.0926513671875 -5410.62646484375 -5580.1806640625 2837.00732421875 -10095.15234375 -5675.947265625 2520.510986328125 4632.431640625 -3510.087646484375 899.8020629882812 7599.3330078125 -1414.34326171875 7103.09375 -11817.2353515625 -5075.57421875 output 5 4 10 6 9 8 2 1 3 7 indices 2 -1 3 4 -1 1 3 4 2 1 -1 4 8 -1 1 2 -1 4 1 2 2 1 3 4 2 1 3 4 -1 5 1 2 2 1 3 4 2 1 3 4 value 0.0 0.0 0.0 0.0 0.0 0.0 0.0 0.0 0.0 0.0 0.0 0.0 1.0 1.0 0.0 0.0 3.0 1.0 0.0 0.0 0.0 0.0 0.0 0.0 0.0 0.0 0.0 0.0 3.0 1.0 0.0 0.0 0.0 0.0 0.0 0.0 0.0 0.0 0.0 0.0 
-417.4649658203125 5439.07080078125 -4721.56005859375 -3148.1630859375 -2152.9970703125 1016.8135375976562 7701.42431640625 -11602.6552734375 -5663.767578125 -5997.37841796875 -7531.666015625 5608.3623046875 2697.623046875 -1731.835693359375 7822.85107421875 4331.56201171875 2477.64892578125 -596.5741577148438 -212.0918426513672 6680.7978515625 output 1 10 8 9 7 4 5 2 3 6 indices 2 -1 3 4 3 4 1 -1 8 -1 1 2 -1 2 1 3 2 1 3 4 2 1 3 4 2 1 3 4 -1 4 1 2 2 1 3 4 2 1 3 4 value 0.0 0.0 0.0 0.0 1.0 0.0 0.0 0.0 1.0 0.0 0.0 0.0 3.0 1.0 0.0 0.0 0.0 0.0 0.0 0.0 0.0 0.0 0.0 0.0 0.0 0.0 0.0 0.0 3.0 1.0 0.0 0.0 0.0 0.0 0.0 0.0 0.0 0.0 0.0 0.0 
3384.45654296875 -6464.49365234375 5353.4990234375 4216.18798828125 -6755.2392578125 5128.89111328125 -6564.673828125 63.023643493652344 6722.06982421875 -7386.30517578125 7216.4638671875 5493.8076171875 -5547.14453125 646.4163818359375 -3559.810791015625 -2110.677978515625 -8755.857421875 -5403.86279296875 8506.236328125 5817.0126953125 output 1 5 10 6 2 3 7 4 9 8 indices 2 -1 3 4 -1 1 3 4 2 1 -1 4 2 1 3 -1 -1 8 1 2 2 1 3 4 2 1 3 4 10 -1 1 2 2 1 3 4 -1 5 1 2 value 0.0 0.0 0.0 0.0 0.0 0.0 0.0 0.0 0.0 0.0 0.0 0.0 0.0 0.0 0.0 0.0 3.0 1.0 0.0 0.0 0.0 0.0 0.0 0.0 0.0 0.0 0.0 0.0 1.0 1.0 0.0 0.0 0.0 0.0 0.0 0.0 3.0 1.0 0.0 0.0 
3596.3603515625 -457.6314392089844 -2175.939697265625 -6841.83251953125 1205.1864013671875 1035.557373046875 6617.28271484375 552.2697143554688 5497.72021484375 3266.864501953125 3768.640625 5415.353515625 -1892.261962890625 -3467.17333984375 -5092.826171875 2370.58251953125 -3420.46484375 4735.5224609375 -8103.6982421875 -6609.5126953125 output 1 4 5 6 9 8 10 2 7 3 indices 2 -1 3 4 -1 7 1 3 2 1 -1 4 2 1 3 -1 2 1 3 4 -1 2 1 3 -1 6 1 2 2 1 3 4 2 1 3 4 2 1 3 4 value 0.0 0.0 0.0 0.0 3.0 1.0 0.0 0.0 0.0 0.0 0.0 0.0 0.0 0.0 0.0 0.0 0.0 0.0 0.0 0.0 3.0 1.0 0.0 0.0 1.0 1.0 0.0 0.0 0.0 0.0 0.0 0.0 0.0 0.0 0.0 0.0 0.0 0.0 0.0 0.0 
-450.86138916015625 -9667.01171875 -965.93701171875 8453.849609375 -5899.24365234375 1803.0606689453125 92.77295684814453 806.7437133789062 5918.7138671875 -3797.250244140625 3197.7158203125 2352.61962890625 4402.783203125 8640.298828125 -3840.581298828125 -4643.26220703125 -5711.42919921875 2032.8507080078125 3256.066650390625 -5981.89990234375 output 1 10 5 4 6 7 2 9 3 8 indices -1 8 2 3 -1 1 3 4 2 1 -1 4 2 1 3 -1 2 1 3 4 2 1 3 4 -1 1 2 3 -1 7 1 2 2 1 3 4 2 1 3 4 value 3.0 1.0 0.0 0.0 0.0 0.0 0.0 0.0 0.0 0.0 0.0 0.0 0.0 0.0 0.0 0.0 0.0 0.0 0.0 0.0 0.0 0.0 0.0 0.0 3.0 1.0 0.0 0.0 1.0 1.0 0.0 0.0 0.0 0.0 0.0 0.0 0.0 0.0 0.0 0.0 
-7375.87548828125 -5777.732421875 11020.017578125 -9698.3447265625 -1825.7728271484375 7566.43017578125 -3252.209228515625 5160.1220703125 3494.267333984375 3984.7861328125 2797.129638671875 1348.579345703125 -4626.9912109375 6577.54736328125 880.6260375976562 919.55322265625 -5926.14990234375 -8377.634765625 4814.958984375 -1703.3065185546875 output 10 8 6 5 3 7 4 1 9 2 indices 3 4 -1 2 -1 9 1 3 -1 2 1 4 2 1 3 -1 2 1 3 4 2 1 3 4 2 1 3 4 2 1 3 4 1 4 2 3 2 1 3 4 value 1.0 0.0 0.0 0.0 3.0 1.0 0.0 0.0 3.0 1.0 0.0 0.0 0.0 0.0 0.0 0.0 0.0 0.0 0.0 0.0 0.0 0.0 0.0 0.0 0.0 0.0 0.0 0.0 0.0 0.0 0.0 0.0 1.0 0.0 0.0 0.0 0.0 0.0 0.0 0.0 
-862.4559326171875 8053.30419921875 -7795.52880859375 -1551.81982421875 3260.105224609375 9877.703125 -1634.5987548828125 -2216.351318359375 5753.5869140625 -4551.99462890625 2734.9990234375 7817.0517578125 5746.7724609375 -3067.869873046875 9380.0673828125 -4100.857421875 -8898.326171875 -6123.14111328125 -7684.62109375 -4136.02392578125 output 8 5 7 4 9 10 2 1 3 6 indices 2 -1 3 4 -1 1 3 4 -1 9 1 2 -1 3 1 2 2 1 3 4 2 1 3 4 2 1 3 4 2 1 3 4 -1 4 1 2 2 1 3 4 value 0.0 0.0 0.0 0.0 0.0 0.0 0.0 0.0 3.0 1.0 0.0 0.0 1.0 1.0 0.0 0.0 0.0 0.0 0.0 0.0 0.0 0.0 0.0 0.0 0.0 0.0 0.0 0.0 0.0 0.0 0.0 0.0 3.0 1.0 0.0 0.0 0.0 0.0 0.0 0.0 
6220.88427734375 3670.6591796875 -10677.7548828125 3637.973388671875 5008.33447265625 8298.125 -2435.251953125 1673.2470703125 -10645.2919921875 -5911.861328125 2634.56689453125 2005.832763671875 5820.548828125 3696.3046875 8730.103515625 -8514.7509765625 -10670.28515625 -5976.16162109375 6014.1455078125 -2579.3681640625 output 1 7 3 6 4 2 5 9 8 10 indices 2 -1 3 4 -1 1 3 4 -1 8 1 2 2 1 3 -1 3 -1 9 1 2 1 3 4 2 1 3 4 -1 9 5 1 5 -1 3 1 2 1 3 4 value 0.0 0.0 0.0 0.0 0.0 0.0 0.0 0.0 3.0 1.0 0.0 0.0 0.0 0.0 0.0 0.0 1.0 1.152475944538045e-11 6.548011347639697e-31 0.0 0.0 0.0 0.0 0.0 0.0 0.0 0.0 0.0 3.0 1.0 1.152475944538045e-11 0.0 1.0 5.681690370125073e-20 5.681690370125073e-20 0.0 0.0 0.0 0.0 0.0 
2408.327392578125 239.35023498535156 6081.44970703125 10472.9453125 -8606.56640625 -4888.32421875 -4682.572265625 -1309.64794921875 545.6591796875 -5538.3603515625 -1114.755126953125 -6313.48046875 -4893.7587890625 -877.642822265625 -2255.501220703125 6254.18798828125 5576.9501953125 -5634.77783203125 6940.76708984375 7595.75048828125 output 5 6 3 4 7 8 2 10 1 9 indices 2 -1 3 4 -1 6 1 3 2 1 -1 4 -1 2 1 3 2 1 3 4 -1 4 1 2 2 1 3 4 2 1 3 4 2 1 3 4 2 1 3 4 value 0.0 0.0 0.0 0.0 3.0 1.0 0.0 0.0 0.0 0.0 0.0 0.0 1.0 1.0 0.0 0.0 0.0 0.0 0.0 0.0 3.0 1.0 0.0 0.0 0.0 0.0 0.0 0.0 0.0 0.0 0.0 0.0 0.0 0.0 0.0 0.0 0.0 0.0 0.0 0.0 
7691.9912109375 -9854.3720703125 -3256.13818359375 -7756.43701171875 8714.861328125 -2213.75146484375 -6267.51904296875 -10533.474609375 -6416.8203125 4810.30224609375 -7480.65380859375 1726.498291015625 -7591.54248046875 7883.48486328125 9664.5087890625 3224.115966796875 6817.41015625 6504.310546875 -1876.097900390625 6209.32373046875 output 5 6 4 2 1 3 8 9 10 7 indices 2 -1 3 4 9 -1 1 3 2 1 -1 4 -1 2 1 3 2 1 3 4 2 1 3 4 2 1 3 4 2 1 3 4 -1 4 1 2 2 1 3 4 value 0.0 0.0 0.0 0.0 1.0 1.0 0.0 0.0 0.0 0.0 0.0 0.0 3.0 1.0 0.0 0.0 0.0 0.0 0.0 0.0 0.0 0.0 0.0 0.0 0.0 0.0 0.0 0.0 0.0 0.0 0.0 0.0 3.0 1.0 0.0 0.0 0.0 0.0 0.0 0.0 
-3940.078857421875 -6228.53857421875 -4915.16064453125 -7621.76611328125 -498.7435302734375 286.5918884277344 -9264.6904296875 -6468.662109375 5578.03759765625 2534.24462890625 5966.40869140625 9165.6708984375 7441.69287109375 594.833740234375 2761.27197265625 1982.890869140625 -6435.0703125 7535.52294921875 3306.33349609375 -1780.788330078125 output 9 4 2 1 3 8 10 7 5 6 indices 2 -1 3 4 -1 3 1 4 6 -1 1 2 2 1 3 -1 2 1 3 4 -1 2 1 3 2 1 3 4 2 1 3 4 2 1 3 4 2 1 3 4 value 0.0 0.0 0.0 0.0 3.0 1.0 0.0 0.0 1.0 1.0 0.0 0.0 0.0 0.0 0.0 0.0 0.0 0.0 0.0 0.0 3.0 1.0 0.0 0.0 0.0 0.0 0.0 0.0 0.0 0.0 0.0 0.0 0.0 0.0 0.0 0.0 0.0 0.0 0.0 0.0 
-3437.90478515625 2743.749267578125 7586.38232421875 -6012.1728515625 3638.17333984375 -5760.947265625 -3105.504638671875 -5314.14697265625 4736.96533203125 8038.76806640625 -2524.923095703125 3165.5751953125 284.29248046875 -805.4472045898438 -6864.357421875 -1424.8221435546875 -291.4150390625 4536.162109375 -21.70800018310547 833.2819213867188 output 1 6 9 5 10 7 2 3 4 8 indices 2 -1 3 4 -1 1 3 4 -1 7 1 2 2 1 3 -1 -1 3 1 2 2 1 3 4 -1 5 1 2 2 1 3 4 2 1 3 4 2 1 3 4 value 0.0 0.0 0.0 0.0 0.0 0.0 0.0 0.0 3.0 1.0 0.0 0.0 0.0 0.0 0.0 0.0 3.0 1.0 0.0 0.0 0.0 0.0 0.0 0.0 1.0 1.0 0.0 0.0 0.0 0.0 0.0 0.0 0.0 0.0 0.0 0.0 0.0 0.0 0.0 0.0 
6073.58984375 3535.938232421875 6056.259765625 6245.74462890625 -3487.99853515625 -5520.28857421875 5742.59814453125 1576.0948486328125 -5548.0830078125 -7180.54248046875 2995.888671875 -4656.16162109375 2313.3603515625 6057.7890625 -1885.4979248046875 2954.7685546875 -5131.86669921875 -3534.328857421875 -7128.25048828125 520.98583984375 output 3 5 9 10 8 7 2 1 4 6 indices 2 -1 3 4 -1 5 1 3 -1 2 1 4 2 1 3 -1 -1 3 1 2 2 1 3 4 2 1 3 4 2 1 3 4 2 1 3 4 2 1 3 4 value 0.0 0.0 0.0 0.0 3.0 1.0 0.0 0.0 1.0 1.0 0.0 0.0 0.0 0.0 0.0 0.0 3.0 1.0 0.0 0.0 0.0 0.0 0.0 0.0 0.0 0.0 0.0 0.0 0.0 0.0 0.0 0.0 0.0 0.0 0.0 0.0 0.0 0.0 0.0 0.0 
2637.4580078125 6272.78564453125 -5248.50830078125 -5863.91748046875 7237.82861328125 7610.87841796875 -7998.70947265625 -2654.417236328125 1806.52880859375 4.2116379737854 7589.7685546875 1598.6407470703125 -6684.158203125 -1678.5029296875 2429.006591796875 -1481.5838623046875 617.9271850585938 -6747.384765625 -2387.1416015625 2939.290283203125 output 8 9 2 4 7 10 1 3 6 5 indices 2 -1 3 4 8 3 1 -1 -1 9 1 2 2 1 3 -1 2 1 3 4 2 1 3 4 2 1 3 4 -1 3 1 2 -1 8 2 1 2 1 3 4 value 0.0 0.0 0.0 0.0 7.596345553156596e-24 0.0 0.0 0.0 3.0 1.0 0.0 0.0 0.0 0.0 0.0 0.0 0.0 0.0 0.0 0.0 0.0 0.0 0.0 0.0 0.0 0.0 0.0 0.0 1.0 1.0 0.0 0.0 3.0 1.0 7.596345553156596e-24 0.0 0.0 0.0 0.0 0.0 
2764.32470703125 213.67681884765625 2610.375244140625 -4010.870849609375 -3346.97216796875 1378.1016845703125 5079.35791015625 -3830.671630859375 5919.41455078125 -7488.1455078125 9644.982421875 4216.76220703125 -9541.837890625 -2286.125732421875 -6825.8583984375 6604.18017578125 -5056.61865234375 -1829.170654296875 -1247.168212890625 7032.263671875 output 3 9 7 8 10 6 4 5 2 1 indices 2 -1 3 4 -1 1 3 4 2 1 -1 4 2 1 3 -1 -1 9 1 2 -1 5 1 2 2 1 3 4 2 1 3 4 -1 6 1 2 2 1 3 4 value 0.0 0.0 0.0 0.0 0.0 0.0 0.0 0.0 0.0 0.0 0.0 0.0 0.0 0.0 0.0 0.0 3.0 1.0 0.0 0.0 3.0 1.0 0.0 0.0 0.0 0.0 0.0 0.0 0.0 0.0 0.0 0.0 1.0 1.0 0.0 0.0 0.0 0.0 0.0 0.0 
-3925.9345703125 -10421.701171875 12480.0595703125 6381.083984375 -2631.790283203125 -5297.12646484375 1916.56982421875 4013.76806640625 -2283.755126953125 145.32627868652344 -6632.86376953125 5224.6826171875 1946.6397705078125 7868.49755859375 1512.3759765625 -6473.3173828125 -3116.479248046875 6027.51904296875 735.1780395507812 -7468.7333984375 output 5 3 1 10 8 2 7 4 9 6 indices -1 5 2 3 -1 1 3 4 2 1 -1 4 2 1 3 -1 -1 2 1 3 2 1 3 4 2 1 3 4 2 1 3 4 2 1 3 4 2 1 3 4 value 3.0 1.0 0.0 0.0 3.0 1.0 0.0 0.0 0.0 0.0 0.0 0.0 0.0 0.0 0.0 0.0 1.0 1.0 0.0 0.0 0.0 0.0 0.0 0.0 0.0 0.0 0.0 0.0 0.0 0.0 0.0 0.0 0.0 0.0 0.0 0.0 0.0 0.0 0.0 0.0 
4779.32958984375 1585.0341796875 -2994.08837890625 -5650.033203125 -25.836702346801758 -829.9520874023438 6905.73974609375 3862.6279296875 -3198.86865234375 1432.8641357421875 -5663.62890625 1965.6492919921875 5600.90185546875 -5825.23876953125 2382.81689453125 -2935.27197265625 -5187.76611328125 6150.912109375 -2598.599365234375 243.4085693359375 output 2 8 7 1 4 9 6 5 10 3 indices 2 -1 3 4 -1 3 1 4 4 -1 1 2 -1 2 1 3 2 1 3 4 2 1 3 4 2 1 3 4 2 1 3 4 2 1 3 4 2 1 3 4 value 0.0 0.0 0.0 0.0 3.0 1.0 0.0 0.0 1.0 1.0 0.0 0.0 3.0 1.0 0.0 0.0 0.0 0.0 0.0 0.0 0.0 0.0 0.0 0.0 0.0 0.0 0.0 0.0 0.0 0.0 0.0 0.0 0.0 0.0 0.0 0.0 0.0 0.0 0.0 0.0 
-7701.4755859375 294.1640625 -3186.957275390625 872.6105346679688 -6342.90771484375 -4632.162109375 8731.01171875 4833.49365234375 9003.10546875 11040.134765625 -4746.74755859375 -2946.368896484375 -877.2926025390625 -3306.62841796875 10596.478515625 -4797.30908203125 -758.6224975585938 1921.8724365234375 -4716.591796875 -3279.806884765625 output 9 2 1 3 10 6 7 8 4 5 indices 2 -1 3 4 -1 1 3 4 -1 7 1 2 2 1 3 -1 -1 3 1 2 2 1 3 4 -1 5 1 2 2 1 3 4 2 1 3 4 2 1 3 4 value 0.0 0.0 0.0 0.0 0.0 0.0 0.0 0.0 3.0 1.0 0.0 0.0 0.0 0.0 0.0 0.0 3.0 1.0 0.0 0.0 0.0 0.0 0.0 0.0 1.0 1.0 0.0 0.0 0.0 0.0 0.0 0.0 0.0 0.0 0.0 0.0 0.0 0.0 0.0 0.0 
2460.009521484375 2184.18359375 1226.2225341796875 8324.46484375 3057.569580078125 1883.8739013671875 -6743.0224609375 -4015.74609375 4612.05322265625 -8981.76953125 -3931.46044921875 -9312.77734375 4341.0888671875 -2870.420654296875 2913.638427734375 -4844.38037109375 -3689.4755859375 8615.515625 -4246.6240234375 9017.0546875 output 4 6 5 8 7 3 1 2 9 10 indices 2 -1 3 4 -1 6 1 3 2 1 -1 4 -1 2 1 3 2 1 3 4 -1 4 1 2 2 1 3 4 2 1 3 4 2 1 3 4 2 1 3 4 value 0.0 0.0 0.0 0.0 3.0 1.0 0.0 0.0 0.0 0.0 0.0 0.0 1.0 1.0 0.0 0.0 0.0 0.0 0.0 0.0 3.0 1.0 0.0 0.0 0.0 0.0 0.0 0.0 0.0 0.0 0.0 0.0 0.0 0.0 0.0 0.0 0.0 0.0 0.0 0.0 
2442.489013671875 237.78170776367188 -11235.51953125 6982.55810546875 889.8782958984375 2707.87890625 -10601.5498046875 -3881.641357421875 8167.4306640625 -7177.51416015625 7582.587890625 -5904.22314453125 -73.33280181884766 1201.44580078125 4733.63134765625 -241.9104766845703 677.3377075195312 -4668.10107421875 -2582.95361328125 10743.7255859375 output 6 5 9 4 2 10 3 7 1 8 indices 2 -1 3 4 -1 1 3 4 2 1 -1 4 2 1 3 -1 -1 9 1 2 2 1 3 4 2 1 3 4 2 1 3 4 10 -1 1 2 -1 5 1 2 value 0.0 0.0 0.0 0.0 0.0 0.0 0.0 0.0 0.0 0.0 0.0 0.0 0.0 0.0 0.0 0.0 3.0 1.0 0.0 0.0 0.0 0.0 0.0 0.0 0.0 0.0 0.0 0.0 0.0 0.0 0.0 0.0 1.0 1.0 0.0 0.0 3.0 1.0 0.0 0.0 
3637.614013671875 775.7236328125 -2174.04345703125 -5387.1162109375 5295.8212890625 6201.9921875 -213.50729370117188 3477.605224609375 538.1671752929688 698.9580688476562 -3779.19189453125 -1284.48974609375 8353.4697265625 8110.35302734375 -2587.017822265625 -2086.703369140625 589.5441284179688 -8340.5615234375 -9660.8564453125 -2165.761474609375 output 1 7 3 4 5 8 6 10 2 9 indices 2 -1 3 4 -1 1 3 4 2 1 -1 4 2 1 3 -1 2 1 3 4 2 1 3 4 -1 9 1 2 -1 7 1 2 -1 8 1 2 2 1 3 4 value 0.0 0.0 0.0 0.0 0.0 0.0 0.0 0.0 0.0 0.0 0.0 0.0 0.0 0.0 0.0 0.0 0.0 0.0 0.0 0.0 0.0 0.0 0.0 0.0 3.0 1.0 0.0 0.0 1.0 1.0 0.0 0.0 3.0 1.0 0.0 0.0 0.0 0.0 0.0 0.0 
-1871.48681640625 -4918.2802734375 -2933.752685546875 9613.46484375 7801.4091796875 5738.75390625 -7917.193359375 -8098.02685546875 -9605.7783203125 2717.55517578125 -3934.685791015625 1746.872314453125 9862.150390625 4312.01025390625 5273.240234375 -5330.3701171875 9231.2529296875 -235.63502502441406 -5905.1552734375 -5546.34423828125 output 7 3 2 6 5 4 10 1 8 9 indices 2 -1 3 4 3 -1 1 4 4 -1 1 2 -1 1 2 3 2 1 3 4 2 1 3 4 2 1 3 4 2 1 3 4 2 1 3 4 2 1 3 4 value 1.0 1.0 0.0 0.0 1.0 1.0 0.0 0.0 1.0 1.0 0.0 0.0 3.0 1.0 0.0 0.0 0.0 0.0 0.0 0.0 0.0 0.0 0.0 0.0 0.0 0.0 0.0 0.0 0.0 0.0 0.0 0.0 0.0 0.0 0.0 0.0 0.0 0.0 0.0 0.0 
4017.722900390625 2205.593994140625 8788.193359375 -785.3842163085938 -7349.79638671875 -6992.978515625 2932.37646484375 2244.958251953125 5927.10302734375 7876.09130859375 -8944.095703125 7338.896484375 -4959.50439453125 -9213.8623046875 -1972.102294921875 -5615.44140625 -5651.9296875 979.0419921875 7212.0322265625 1963.0845947265625 output 9 6 5 10 2 1 4 8 7 3 indices 2 -1 3 4 -1 1 3 4 2 1 -1 4 2 1 3 -1 -1 7 1 2 2 1 3 4 -1 8 1 2 -1 5 1 2 2 1 3 4 2 1 3 4 value 0.0 0.0 0.0 0.0 0.0 0.0 0.0 0.0 0.0 0.0 0.0 0.0 0.0 0.0 0.0 0.0 3.0 1.0 0.0 0.0 0.0 0.0 0.0 0.0 3.0 1.0 0.0 0.0 1.0 1.0 0.0 0.0 0.0 0.0 0.0 0.0 0.0 0.0 0.0 0.0 
-7266.7041015625 902.3193969726562 4598.55224609375 -1955.6514892578125 4760.23828125 -5281.45556640625 -2827.303466796875 9342.52734375 -7582.05712890625 -1380.964599609375 -4692.26708984375 -3196.75390625 6861.6328125 3708.13330078125 5358.7041015625 3256.112548828125 -6586.1787109375 -2149.258544921875 7375.38330078125 -3245.008544921875 output 1 5 9 6 3 10 2 7 8 4 indices 2 -1 3 4 -1 1 3 4 -1 6 1 2 -1 3 1 2 2 1 3 4 -1 4 1 2 2 1 3 4 2 1 3 4 2 1 3 4 2 1 3 4 value 0.0 0.0 0.0 0.0 0.0 0.0 0.0 0.0 3.0 1.0 0.0 0.0 3.0 1.0 0.0 0.0 0.0 0.0 0.0 0.0 1.0 1.0 0.0 0.0 0.0 0.0 0.0 0.0 0.0 0.0 0.0 0.0 0.0 0.0 0.0 0.0 0.0 0.0 0.0 0.0 
4843.56640625 9643.8896484375 1267.3427734375 4196.42578125 -2159.739990234375 7484.67431640625 -3268.250244140625 -8200.1416015625 398.9775695800781 -7599.61962890625 -1050.468017578125 -8202.3056640625 479.4974060058594 -7247.8193359375 2937.485595703125 -434.7181701660156 -1856.7652587890625 5162.35888671875 -1591.646484375 5197.25439453125 output 3 10 9 4 6 5 7 8 2 1 indices -1 4 2 3 -1 1 3 4 2 1 -1 4 -1 1 2 3 2 1 3 4 2 1 3 4 2 1 3 4 2 1 3 4 2 1 3 4 2 1 3 4 value 3.0 1.0 0.0 0.0 0.0 0.0 0.0 0.0 0.0 0.0 0.0 0.0 5.0 1.0 0.0 0.0 0.0 0.0 0.0 0.0 0.0 0.0 0.0 0.0 0.0 0.0 0.0 0.0 0.0 0.0 0.0 0.0 0.0 0.0 0.0 0.0 0.0 0.0 0.0 0.0 
6604.82958984375 3951.042236328125 1204.1522216796875 1099.4188232421875 -6171.302734375 2457.495849609375 10958.7216796875 453.2457580566406 -5777.51123046875 5523.328125 4956.0400390625 -3909.09521484375 -2324.56884765625 -9681.240234375 -5093.53564453125 -6955.20849609375 381.33245849609375 3273.60400390625 -4738.1572265625 3787.408935546875 output 3 5 10 9 2 1 4 6 7 8 indices -1 7 2 3 -1 1 3 4 2 1 -1 4 2 1 3 -1 2 1 3 4 2 1 3 4 -1 8 1 2 -1 1 2 3 2 1 3 4 2 1 3 4 value 3.0 1.0 0.0 0.0 0.0 0.0 0.0 0.0 0.0 0.0 0.0 0.0 0.0 0.0 0.0 0.0 0.0 0.0 0.0 0.0 0.0 0.0 0.0 0.0 3.0 1.0 0.0 0.0 1.0 1.0 0.0 0.0 0.0 0.0 0.0 0.0 0.0 0.0 0.0 0.0 
-6449.72265625 -2730.824951171875 -4635.11669921875 8444.029296875 11784.0361328125 8231.04296875 12004.4951171875 -8357.0517578125 -7372.80322265625 2598.889404296875 -3055.3505859375 10145.2861328125 712.66845703125 -6540.7978515625 2639.476318359375 -5331.94873046875 -634.4320068359375 -1607.4539794921875 -4993.25146484375 -4851.17041015625 output 7 8 4 3 6 2 5 1 10 9 indices 2 -1 3 4 -1 1 3 4 -1 4 1 2 -1 9 1 2 2 1 3 4 2 1 3 4 2 1 3 4 2 1 3 4 -1 3 1 2 2 1 3 4 value 0.0 0.0 0.0 0.0 0.0 0.0 0.0 0.0 3.0 1.0 0.0 0.0 3.0 1.0 0.0 0.0 0.0 0.0 0.0 0.0 0.0 0.0 0.0 0.0 0.0 0.0 0.0 0.0 0.0 0.0 0.0 0.0 1.0 1.0 0.0 0.0 0.0 0.0 0.0 0.0 
1367.4461669921875 2818.21240234375 1852.17333984375 7408.38134765625 -6646.03271484375 -8254.59375 462.54986572265625 6061.7236328125 -6322.357421875 -10230.2470703125 583.1572265625 7481.513671875 -2197.31005859375 -8713.8134765625 5381.83984375 8173.7705078125 -101.43289184570312 2926.0166015625 5619.966796875 -7670.96435546875 output 9 1 4 6 2 8 10 7 5 3 indices 2 -1 3 4 -1 1 3 4 2 1 -1 4 2 1 3 -1 -1 7 1 2 2 1 3 4 8 -1 1 2 -1 5 1 2 2 1 3 4 2 1 3 4 value 0.0 0.0 0.0 0.0 0.0 0.0 0.0 0.0 0.0 0.0 0.0 0.0 0.0 0.0 0.0 0.0 3.0 1.0 0.0 0.0 0.0 0.0 0.0 0.0 1.0 1.0 0.0 0.0 3.0 1.0 0.0 0.0 0.0 0.0 0.0 0.0 0.0 0.0 0.0 0.0 
573.9739379882812 -50.756103515625 3832.7177734375 -966.3224487304688 -8143.48486328125 -9545.4873046875 4574.9853515625 4449.96728515625 2320.990478515625 -2030.28759765625 2365.42626953125 -3018.16943359375 5083.61767578125 -1946.2381591796875 -3163.0673828125 5421.69970703125 -10560.0478515625 4447.46826171875 3114.88818359375 3238.125732421875 output 1 10 4 8 9 3 6 5 7 2 indices 4 -1 2 3 -1 1 3 4 -1 1 2 4 -1 3 1 2 2 1 3 4 2 1 3 4 2 1 3 4 2 1 3 4 2 1 3 4 2 1 3 4 value 1.0 1.0 0.0 0.0 0.0 0.0 0.0 0.0 3.0 1.0 0.0 0.0 3.0 1.0 0.0 0.0 0.0 0.0 0.0 0.0 0.0 0.0 0.0 0.0 0.0 0.0 0.0 0.0 0.0 0.0 0.0 0.0 0.0 0.0 0.0 0.0 0.0 0.0 0.0 0.0 
-5752.91015625 -7947.78564453125 9259.353515625 3139.29638671875 -5507.7548828125 3373.282470703125 134.2954559326172 -3153.91162109375 9416.34765625 -5052.64697265625 -4376.13232421875 5347.23828125 8335.5126953125 3192.56982421875 -8383.05859375 1158.2196044921875 861.1864624023438 -5092.7646484375 -3986.83984375 5036.501953125 output 2 7 10 6 3 8 1 4 9 5 indices -1 4 2 3 -1 1 3 4 2 1 -1 4 -1 2 1 3 2 1 3 4 2 1 3 4 2 1 3 4 2 1 3 4 2 1 3 4 2 1 3 4 value 3.0 1.0 0.0 0.0 3.0 1.0 0.0 0.0 0.0 0.0 0.0 0.0 1.0 1.0 0.0 0.0 0.0 0.0 0.0 0.0 0.0 0.0 0.0 0.0 0.0 0.0 0.0 0.0 0.0 0.0 0.0 0.0 0.0 0.0 0.0 0.0 0.0 0.0 0.0 0.0 
278.69354248046875 11419.142578125 3333.79638671875 5947.091796875 -5015.5244140625 -2799.8583984375 -1295.4249267578125 5974.69970703125 -1585.416259765625 -7401.21142578125 -4841.4677734375 2090.30712890625 1427.6468505859375 -1505.181884765625 796.472900390625 -296.8048400878906 8735.6328125 -6189.4091796875 -1834.40869140625 -7238.775390625 output 9 5 10 3 6 4 1 2 8 7 indices -1 5 2 3 -1 1 3 4 2 1 -1 4 2 1 3 -1 -1 8 1 2 2 1 3 4 2 1 3 4 -1 1 2 3 2 1 3 4 2 1 3 4 value 3.0 1.0 0.0 0.0 0.0 0.0 0.0 0.0 0.0 0.0 0.0 0.0 0.0 0.0 0.0 0.0 3.0 1.0 0.0 0.0 0.0 0.0 0.0 0.0 0.0 0.0 0.0 0.0 1.0 1.0 0.0 0.0 0.0 0.0 0.0 0.0 0.0 0.0 0.0 0.0 
-5036.38232421875 1002.1068725585938 4781.91259765625 3744.8515625 -5342.13037109375 5635.62451171875 11739.650390625 -8625.5498046875 -4365.0048828125 -8614.2783203125 4431.21044921875 9027.552734375 -2066.390380859375 -8050.83056640625 -1787.4251708984375 3347.97314453125 -6953.1005859375 8016.76220703125 4597.66015625 -5484.2119140625 output 5 7 10 4 2 6 9 3 8 1 indices 2 -1 3 4 -1 1 3 4 2 1 -1 4 2 1 3 -1 -1 6 7 1 -1 5 1 2 5 6 -1 1 2 1 3 4 2 1 3 4 2 1 3 4 value 0.0 0.0 0.0 0.0 0.0 0.0 0.0 0.0 0.0 0.0 0.0 0.0 0.0 0.0 0.0 0.0 5.0 1.0 5.27178689591068e-10 0.0 3.0 1.0 0.0 0.0 5.191095331369411e-10 8.069183342340747e-12 4.188790115386681e-21 0.0 0.0 0.0 0.0 0.0 0.0 0.0 0.0 0.0 0.0 0.0 0.0 0.0 
549.4052124023438 -990.1455078125 807.2817993164062 -7813.12744140625 602.663330078125 -3198.684326171875 -10234.1005859375 3931.08935546875 8484.6943359375 11723.279296875 -7528.0 -1565.9010009765625 -949.5828247070312 -1758.501708984375 5733.279296875 -1911.0255126953125 -4643.33984375 482.6187744140625 7177.69970703125 1100.3978271484375 output 1 7 9 6 4 5 10 8 2 3 indices 2 -1 3 4 -1 7 1 3 2 1 -1 4 2 1 3 -1 -1 2 1 3 2 1 3 4 -1 5 1 2 2 1 3 4 2 1 3 4 2 1 3 4 value 0.0 0.0 0.0 0.0 3.0 1.0 0.0 0.0 0.0 0.0 0.0 0.0 0.0 0.0 0.0 0.0 3.0 1.0 0.0 0.0 0.0 0.0 0.0 0.0 1.0 1.0 0.0 0.0 0.0 0.0 0.0 0.0 0.0 0.0 0.0 0.0 0.0 0.0 0.0 0.0 
1585.162109375 -1433.055908203125 4534.2666015625 -2667.912109375 1187.9609375 -4240.08984375 -8937.8095703125 3015.750244140625 -10694.0029296875 1444.231201171875 4413.30029296875 -6066.4599609375 280.7783203125 8646.2265625 7553.994140625 3597.1376953125 -5179.56201171875 -30.722318649291992 5255.912109375 -2265.10546875 output 10 2 6 3 1 9 5 4 7 8 indices 7 -1 2 3 -1 1 3 4 2 1 -1 4 2 1 3 -1 2 1 3 4 -1 1 2 3 -1 6 1 2 2 1 3 4 2 1 3 4 2 1 3 4 value 1.0 1.0 0.0 0.0 0.0 0.0 0.0 0.0 0.0 0.0 0.0 0.0 0.0 0.0 0.0 0.0 0.0 0.0 0.0 0.0 3.0 1.0 0.0 0.0 3.0 1.0 0.0 0.0 0.0 0.0 0.0 0.0 0.0 0.0 0.0 0.0 0.0 0.0 0.0 0.0 
6531.34716796875 2228.87939453125 3121.4130859375 -622.47216796875 -9321.140625 -6682.72314453125 -6762.23876953125 -6246.064453125 6121.7470703125 -1478.912353515625 -4835.326171875 1805.689208984375 2935.45166015625 4047.932373046875 223.2839813232422 5788.06494140625 -1163.35546875 4785.73046875 3148.81787109375 -3626.12451171875 output 4 3 6 9 8 7 1 5 2 10 indices 2 -1 3 4 -1 1 3 4 -1 4 1 2 8 -1 1 2 2 1 3 4 2 1 3 4 2 1 3 4 -1 3 1 2 2 1 3 4 2 1 3 4 value 0.0 0.0 0.0 0.0 0.0 0.0 0.0 0.0 3.0 1.0 0.0 0.0 1.0 1.0 0.0 0.0 0.0 0.0 0.0 0.0 0.0 0.0 0.0 0.0 0.0 0.0 0.0 0.0 3.0 1.0 0.0 0.0 0.0 0.0 0.0 0.0 0.0 0.0 0.0 0.0 
4188.1494140625 4107.45654296875 -5111.416015625 1256.7823486328125 8299.8056640625 642.5831909179688 -9805.1796875 1458.9561767578125 -3676.40576171875 -9014.966796875 -7042.4111328125 2240.71826171875 5413.71923828125 -8657.5068359375 8461.515625 2882.820556640625 5120.52734375 3561.094482421875 -5848.3056640625 1522.061279296875 output 7 5 4 6 10 2 1 9 8 3 indices 2 -1 3 4 -1 1 3 4 2 1 -1 4 2 1 3 -1 -1 8 1 2 2 1 3 4 2 1 3 4 -1 5 1 2 2 1 3 4 2 1 3 4 value 0.0 0.0 0.0 0.0 0.0 0.0 0.0 0.0 0.0 0.0 0.0 0.0 0.0 0.0 0.0 0.0 5.0 1.0 0.0 0.0 0.0 0.0 0.0 0.0 0.0 0.0 0.0 0.0 3.0 1.0 0.0 0.0 0.0 0.0 0.0 0.0 0.0 0.0 0.0 0.0 
9054.587890625 -11635.919921875 8377.8837890625 -2377.23388671875 -8682.1162109375 3288.08984375 -3161.228759765625 5031.345703125 -4724.4130859375 3186.029052734375 7225.06494140625 5649.89013671875 -6081.43505859375 6606.0009765625 1531.7000732421875 5098.51123046875 -1703.8284912109375 -10682.6298828125 -1836.21484375 -4164.08349609375 output 1 2 6 8 4 7 3 5 10 9 indices -1 10 2 3 -1 1 3 4 2 1 -1 4 2 1 3 -1 2 1 3 4 -1 1 2 3 2 1 3 4 2 1 3 4 2 1 3 4 -1 6 1 2 value 3.0 1.0 0.0 0.0 0.0 0.0 0.0 0.0 0.0 0.0 0.0 0.0 0.0 0.0 0.0 0.0 0.0 0.0 0.0 0.0 3.0 1.0 0.0 0.0 0.0 0.0 0.0 0.0 0.0 0.0 0.0 0.0 0.0 0.0 0.0 0.0 1.0 1.0 0.0 0.0 
8941.7783203125 -4224.89892578125 9942.2109375 7806.626953125 -6785.99560546875 -1974.091796875 -7580.59423828125 -2262.222900390625 8013.599609375 6756.474609375 1823.7274169921875 -6910.37158203125 -5514.21337890625 3890.29150390625 -3175.04736328125 683.7987060546875 1086.4267578125 -4188.357421875 -6751.892578125 422.7507629394531 output 1 2 5 7 10 4 3 8 9 6 indices 2 -1 3 4 -1 6 1 3 2 1 -1 4 2 1 3 -1 2 1 3 4 -1 8 1 2 2 1 3 4 -1 2 1 3 2 1 3 4 2 1 3 4 value 0.0 0.0 0.0 0.0 3.0 1.0 0.0 0.0 0.0 0.0 0.0 0.0 0.0 0.0 0.0 0.0 0.0 0.0 0.0 0.0 3.0 1.0 0.0 0.0 0.0 0.0 0.0 0.0 1.0 1.0 0.0 0.0 0.0 0.0 0.0 0.0 0.0 0.0 0.0 0.0 
5128.8408203125 5104.67431640625 4981.85107421875 -8099.55224609375 -4977.6318359375 1157.96728515625 5304.78369140625 -363.0528869628906 188.50038146972656 3434.533935546875 -2931.227294921875 3616.69775390625 -8419.7470703125 5401.58154296875 -2100.556396484375 -4715.79443359375 1679.52099609375 -9277.9794921875 1145.6651611328125 3740.923828125 output 1 10 5 6 7 3 8 9 2 4 indices -1 9 2 3 -1 1 3 4 2 1 -1 4 2 1 3 -1 2 1 3 4 2 1 3 4 2 1 3 4 -1 1 2 3 -1 8 1 2 2 1 3 4 value 3.0 1.0 0.0 0.0 0.0 0.0 0.0 0.0 0.0 0.0 0.0 0.0 0.0 0.0 0.0 0.0 0.0 0.0 0.0 0.0 0.0 0.0 0.0 0.0 0.0 0.0 0.0 0.0 1.0 1.0 0.0 0.0 3.0 1.0 0.0 0.0 0.0 0.0 0.0 0.0 
-4936.20361328125 8408.7470703125 -3360.2734375 -3231.639892578125 -1906.5074462890625 -1810.8115234375 4171.32861328125 4855.14697265625 6379.79833984375 -2419.220458984375 5414.70556640625 9345.3037109375 10078.1689453125 -5096.130859375 -8414.5615234375 3694.84619140625 -5972.744140625 -5786.10888671875 -1453.710693359375 -7960.1337890625 output 3 2 9 10 7 5 4 6 1 8 indices 2 -1 3 4 -1 1 3 4 6 -1 1 2 2 1 3 -1 2 1 3 4 -1 10 1 2 2 1 3 4 2 1 3 4 2 1 3 4 -1 3 1 2 value 0.0 0.0 0.0 0.0 0.0 0.0 0.0 0.0 1.0 1.0 0.0 0.0 0.0 0.0 0.0 0.0 0.0 0.0 0.0 0.0 3.0 1.0 0.0 0.0 0.0 0.0 0.0 0.0 0.0 0.0 0.0 0.0 0.0 0.0 0.0 0.0 3.0 1.0 0.0 0.0 
5134.8505859375 2079.76611328125 -7098.6865234375 928.17578125 -4096.23779296875 -8024.44482421875 924.8160400390625 4313.1923828125 -1783.8834228515625 3564.2255859375 -3408.988037109375 6916.23779296875 5647.826171875 -8166.8271484375 8050.783203125 3482.29150390625 -7506.517578125 -10638.4755859375 4136.03759765625 5545.8583984375 output 8 1 7 3 9 2 6 5 4 10 indices 2 -1 3 4 -1 1 3 4 10 -1 1 2 2 1 3 -1 2 1 3 4 2 1 3 4 2 1 3 4 2 1 3 4 -1 3 1 2 -1 9 1 2 value 0.0 0.0 0.0 0.0 0.0 0.0 0.0 0.0 1.0 1.0 0.0 0.0 0.0 0.0 0.0 0.0 0.0 0.0 0.0 0.0 0.0 0.0 0.0 0.0 0.0 0.0 0.0 0.0 0.0 0.0 0.0 0.0 3.0 1.0 0.0 0.0 3.0 1.0 0.0 0.0 
577.7978515625 4747.92529296875 -2928.76953125 1089.9615478515625 -1480.4058837890625 4593.26318359375 1062.0753173828125 -9659.404296875 -5249.70556640625 5820.85888671875 6568.77392578125 -5725.505859375 2900.214599609375 -5275.140625 5243.45458984375 4604.54638671875 -9363.072265625 5044.02734375 2669.636962890625 -5240.5322265625 output 1 8 6 7 10 4 2 9 5 3 indices 2 -1 3 4 8 -1 1 3 2 1 -1 4 -1 2 1 3 2 1 3 4 2 1 3 4 2 1 3 4 -1 4 1 2 2 1 3 4 2 1 3 4 value 0.0 0.0 0.0 0.0 1.0 1.0 0.0 0.0 0.0 0.0 0.0 0.0 3.0 1.0 0.0 0.0 0.0 0.0 0.0 0.0 0.0 0.0 0.0 0.0 0.0 0.0 0.0 0.0 3.0 1.0 0.0 0.0 0.0 0.0 0.0 0.0 0.0 0.0 0.0 0.0 
-4530.14892578125 -216.8640594482422 -5191.2236328125 -4527.4912109375 860.1267700195312 -5966.384765625 -6331.91162109375 -3.1234304904937744 2405.145751953125 6035.91748046875 2553.307861328125 9542.849609375 5557.27685546875 3564.172119140625 -1341.2220458984375 -9241.0185546875 -768.7369995117188 -851.4766235351562 6787.38623046875 1663.4193115234375 output 7 10 3 8 2 4 1 9 5 6 indices 2 -1 3 4 -1 1 3 4 2 1 -1 4 2 1 3 -1 2 1 3 4 -1 8 1 2 2 1 3 4 -1 9 1 2 -1 6 1 2 2 1 3 4 value 0.0 0.0 0.0 0.0 0.0 0.0 0.0 0.0 0.0 0.0 0.0 0.0 0.0 0.0 0.0 0.0 0.0 0.0 0.0 0.0 3.0 1.0 0.0 0.0 0.0 0.0 0.0 0.0 3.0 1.0 0.0 0.0 1.0 1.0 0.0 0.0 0.0 0.0 0.0 0.0 
-1592.682861328125 5258.7548828125 12308.6494140625 3414.71630859375 -4735.08984375 2730.682373046875 4958.14111328125 7649.16650390625 -5037.8525390625 -2563.208740234375 -1734.8175048828125 -9581.8935546875 1882.3890380859375 -782.3464965820312 -3122.4873046875 -10287.3193359375 -5622.6064453125 7302.48193359375 2696.356689453125 -3141.033935546875 output 2 4 1 9 3 5 8 6 10 7 indices 2 -1 3 4 -1 1 3 4 2 1 -1 4 -1 8 1 2 -1 4 1 2 2 1 3 4 2 1 3 4 -1 5 1 2 2 1 3 4 2 1 3 4 value 0.0 0.0 0.0 0.0 0.0 0.0 0.0 0.0 0.0 0.0 0.0 0.0 3.0 1.0 0.0 0.0 1.0 1.0 0.0 0.0 0.0 0.0 0.0 0.0 0.0 0.0 0.0 0.0 3.0 1.0 0.0 0.0 0.0 0.0 0.0 0.0 0.0 0.0 0.0 0.0 
-6172.84375 -326.1536865234375 131.27931213378906 -6152.15576171875 329.593505859375 4356.39892578125 -10387.0224609375 3597.63232421875 8503.265625 7249.5537109375 4220.9013671875 -6036.72216796875 993.3425903320312 -1471.726806640625 197.18849182128906 -2060.6083984375 5855.5751953125 2382.563720703125 -3671.27978515625 -1538.7813720703125 output 10 1 4 3 5 9 6 2 7 8 indices 2 -1 3 4 -1 8 1 3 2 1 -1 4 2 1 3 -1 -1 2 1 3 2 1 3 4 2 1 3 4 -1 5 1 2 2 1 3 4 2 1 3 4 value 0.0 0.0 0.0 0.0 3.0 1.0 0.0 0.0 0.0 0.0 0.0 0.0 0.0 0.0 0.0 0.0 3.0 1.0 0.0 0.0 0.0 0.0 0.0 0.0 0.0 0.0 0.0 0.0 1.0 1.0 0.0 0.0 0.0 0.0 0.0 0.0 0.0 0.0 0.0 0.0 
-558.7369384765625 -1180.9241943359375 3084.90576171875 3944.617919921875 -5992.52099609375 -6793.55322265625 -53.068031311035156 -1076.5426025390625 -2522.928955078125 1865.9527587890625 5107.98046875 -6946.53759765625 -8288.6240234375 -4579.2607421875 2358.714111328125 89.2019271850586 4657.515625 4847.8564453125 2206.762939453125 9829.189453125 output 1 4 8 2 9 10 5 7 3 6 indices 10 -1 2 3 -1 1 3 4 -1 1 2 4 2 1 3 -1 2 1 3 4 2 1 3 4 2 1 3 4 2 1 3 4 2 1 3 4 -1 3 1 2 value 1.0 1.0 0.0 0.0 0.0 0.0 0.0 0.0 3.0 1.0 0.0 0.0 0.0 0.0 0.0 0.0 0.0 0.0 0.0 0.0 0.0 0.0 0.0 0.0 0.0 0.0 0.0 0.0 0.0 0.0 0.0 0.0 0.0 0.0 0.0 0.0 3.0 1.0 0.0 0.0 
-9938.0419921875 21.43094253540039 6511.41748046875 8064.619140625 -2112.34130859375 2984.644775390625 -1784.70361328125 793.8331298828125 -3931.9677734375 -4491.69140625 1283.107666015625 -4305.5458984375 298.23040771484375 6392.05029296875 -4288.408203125 -2552.050537109375 4900.50146484375 -10472.580078125 9062.2060546875 3565.289794921875 output 2 10 9 6 5 8 1 4 3 7 indices 2 -1 3 4 -1 9 1 3 2 1 -1 4 -1 2 1 3 2 1 3 4 2 1 3 4 2 1 3 4 2 1 3 4 -1 4 1 2 2 1 3 4 value 0.0 0.0 0.0 0.0 3.0 1.0 0.0 0.0 0.0 0.0 0.0 0.0 1.0 1.0 0.0 0.0 0.0 0.0 0.0 0.0 0.0 0.0 0.0 0.0 0.0 0.0 0.0 0.0 0.0 0.0 0.0 0.0 3.0 1.0 0.0 0.0 0.0 0.0 0.0 0.0 
-972.2033081054688 -7393.84521484375 -2019.393310546875 -9033.4423828125 1754.402099609375 -10002.544921875 3254.56005859375 1467.4228515625 -3592.592529296875 6871.7041015625 3292.798828125 2636.3349609375 3944.3837890625 5035.0810546875 -579.7140502929688 6549.421875 -1394.7835693359375 6300.3203125 -3687.4580078125 -2430.453369140625 output 1 10 5 9 8 7 6 4 3 2 indices 2 -1 3 4 -1 1 3 4 -1 10 1 2 2 1 3 -1 2 1 3 4 2 1 3 4 -1 3 1 2 2 1 3 4 2 1 3 4 -1 7 1 2 value 0.0 0.0 0.0 0.0 0.0 0.0 0.0 0.0 3.0 1.0 0.0 0.0 0.0 0.0 0.0 0.0 0.0 0.0 0.0 0.0 0.0 0.0 0.0 0.0 3.0 1.0 0.0 0.0 0.0 0.0 0.0 0.0 0.0 0.0 0.0 0.0 1.0 1.0 0.0 0.0 
4876.046875 -1160.9036865234375 1718.2821044921875 4511.9951171875 2620.837646484375 4003.3916015625 -4477.228515625 9277.21875 -3240.405029296875 908.0247192382812 -6522.111328125 -4060.021484375 1524.54833984375 752.1597290039062 -57.323944091796875 -3209.5400390625 5511.98193359375 -2502.049560546875 -1954.62744140625 -8520.275390625 output 9 1 7 3 2 4 5 6 10 8 indices 2 -1 3 4 -1 1 3 4 2 1 -1 4 -1 10 1 2 2 1 3 4 2 1 3 4 2 1 3 4 -1 4 1 2 2 1 3 4 -1 8 1 2 value 0.0 0.0 0.0 0.0 0.0 0.0 0.0 0.0 0.0 0.0 0.0 0.0 3.0 1.0 0.0 0.0 0.0 0.0 0.0 0.0 0.0 0.0 0.0 0.0 0.0 0.0 0.0 0.0 1.0 1.0 0.0 0.0 0.0 0.0 0.0 0.0 3.0 1.0 0.0 0.0 
-4182.60595703125 -4344.94140625 -5140.00537109375 10067.251953125 285.315673828125 4552.0654296875 9674.3564453125 8947.79296875 -3933.886962890625 -7620.82666015625 -1441.6722412109375 753.727783203125 8411.69140625 5065.42822265625 -2483.181640625 -8439.474609375 -1011.6005249023438 -8754.3623046875 -178.41067504882812 -226.6619873046875 output 8 9 7 4 2 3 6 10 1 5 indices 2 -1 3 4 -1 1 3 4 2 1 -1 4 -1 9 1 2 2 1 3 4 2 1 3 4 2 1 3 4 2 1 3 4 -1 10 1 2 -1 4 1 2 value 0.0 0.0 0.0 0.0 0.0 0.0 0.0 0.0 0.0 0.0 0.0 0.0 3.0 1.0 0.0 0.0 0.0 0.0 0.0 0.0 0.0 0.0 0.0 0.0 0.0 0.0 0.0 0.0 0.0 0.0 0.0 0.0 3.0 1.0 0.0 0.0 1.0 1.0 0.0 0.0 
9660.2255859375 9284.1103515625 6466.185546875 -3662.898681640625 7066.77001953125 -5051.82275390625 -6487.4443359375 -6131.109375 -8759.8916015625 -935.6743774414062 -9637.4638671875 -9177.4072265625 -1562.06005859375 1467.2281494140625 6108.9033203125 8402.1787109375 -2719.5751953125 -2895.189697265625 -135.64828491210938 8700.5849609375 output 1 2 3 9 4 6 5 7 10 8 indices -1 6 2 3 -1 1 3 4 2 1 -1 4 2 1 3 -1 2 1 3 4 -1 9 1 2 2 1 3 4 2 1 3 4 -1 1 2 3 2 1 3 4 value 3.0 1.0 0.0 0.0 0.0 0.0 0.0 0.0 0.0 0.0 0.0 0.0 0.0 0.0 0.0 0.0 0.0 0.0 0.0 0.0 3.0 1.0 0.0 0.0 0.0 0.0 0.0 0.0 0.0 0.0 0.0 0.0 1.0 1.0 0.0 0.0 0.0 0.0 0.0 0.0 
-2458.398193359375 -436.53326416015625 -4200.431640625 -1160.2310791015625 7639.1826171875 1622.8853759765625 6760.9775390625 7152.16552734375 -7228.236328125 2633.1865234375 14.083602905273438 -4288.06494140625 -4077.306884765625 -2762.182373046875 7814.07861328125 4222.66357421875 -6239.0615234375 -6735.60107421875 1975.1123046875 -248.2882080078125 output 6 9 7 2 1 5 4 8 3 10 indices 4 -1 2 3 -1 1 3 4 2 1 -1 4 -1 9 1 2 2 1 3 4 2 1 3 4 2 1 3 4 2 1 3 4 -1 1 2 3 2 1 3 4 value 1.0 1.0 0.0 0.0 0.0 0.0 0.0 0.0 0.0 0.0 0.0 0.0 3.0 1.0 0.0 0.0 0.0 0.0 0.0 0.0 0.0 0.0 0.0 0.0 0.0 0.0 0.0 0.0 0.0 0.0 0.0 0.0 3.0 1.0 0.0 0.0 0.0 0.0 0.0 0.0 
-6449.8251953125 6030.4599609375 -3159.3798828125 3914.008544921875 -3558.202880859375 -3130.435302734375 10918.431640625 -5198.48876953125 704.988037109375 5635.0107421875 7034.373046875 -6599.75634765625 2500.284423828125 1497.0848388671875 5202.294921875 7823.34521484375 -7459.02783203125 -4783.798828125 -5733.9365234375 -5187.4306640625 output 4 6 3 10 9 1 2 5 8 7 indices 2 -1 3 4 -1 1 3 4 8 -1 1 2 2 1 3 -1 2 1 3 4 -1 3 1 2 2 1 3 4 -1 6 1 2 2 1 3 4 2 1 3 4 value 0.0 0.0 0.0 0.0 0.0 0.0 0.0 0.0 1.0 1.0 0.0 0.0 0.0 0.0 0.0 0.0 0.0 0.0 0.0 0.0 3.0 1.0 0.0 0.0 0.0 0.0 0.0 0.0 3.0 1.0 0.0 0.0 0.0 0.0 0.0 0.0 0.0 0.0 0.0 0.0 
5082.27685546875 4293.0146484375 -2202.541748046875 3789.281494140625 6125.95263671875 49.39475631713867 2432.218505859375 -710.9071655273438 3077.230712890625 -10917.75390625 -6699.26123046875 4847.2578125 -1509.7734375 2264.552734375 -2583.244140625 2287.78955078125 5104.08154296875 1412.234130859375 -8826.939453125 -7314.86376953125 output 1 7 8 2 6 10 5 4 3 9 indices -1 5 2 3 -1 1 3 4 2 1 -1 4 -1 1 2 3 -1 4 1 2 2 1 3 4 2 1 3 4 2 1 3 4 2 1 3 4 2 1 3 4 value 3.0 1.0 0.0 0.0 0.0 0.0 0.0 0.0 0.0 0.0 0.0 0.0 1.0 1.0 0.0 0.0 3.0 1.0 0.0 0.0 0.0 0.0 0.0 0.0 0.0 0.0 0.0 0.0 0.0 0.0 0.0 0.0 0.0 0.0 0.0 0.0 0.0 0.0 0.0 0.0 
107.31155395507812 -3517.119140625 -7738.69970703125 -5222.9560546875 -2513.513427734375 -4663.06640625 2841.261474609375 8333.9482421875 -7549.306640625 6287.35595703125 3903.470458984375 1301.201171875 -4619.26123046875 2908.141357421875 8932.03515625 6908.9892578125 10723.1865234375 -7541.0107421875 -4086.484130859375 -4795.48388671875 output 4 5 7 2 10 3 1 9 6 8 indices 8 3 -1 2 -1 1 3 4 -1 8 1 2 2 1 3 -1 2 1 3 4 2 1 3 4 2 1 3 4 -1 9 1 2 -1 3 1 2 2 1 3 4 value 1.2190226540856224e-34 0.0 0.0 0.0 0.0 0.0 0.0 0.0 1.0 1.0 1.2190226540856224e-34 0.0 0.0 0.0 0.0 0.0 0.0 0.0 0.0 0.0 0.0 0.0 0.0 0.0 0.0 0.0 0.0 0.0 3.0 1.0 0.0 0.0 3.0 1.0 0.0 0.0 0.0 0.0 0.0 0.0 
-2782.11328125 1906.1290283203125 -4556.39111328125 147.56300354003906 9588.0947265625 -1133.041748046875 -2861.20361328125 954.660400390625 -7526.4912109375 -225.30662536621094 1145.7996826171875 1448.072021484375 3124.20556640625 2948.33740234375 9751.796875 -1913.7548828125 -8315.716796875 -2299.476318359375 2432.018310546875 -1833.182373046875 output 3 8 10 9 5 2 4 1 6 7 indices 2 -1 3 4 -1 1 3 4 2 1 -1 4 7 -1 1 2 2 1 3 4 2 1 3 4 -1 9 1 2 2 1 3 4 -1 4 1 2 2 1 3 4 value 0.0 0.0 0.0 0.0 0.0 0.0 0.0 0.0 0.0 0.0 0.0 0.0 1.0 1.0 0.0 0.0 0.0 0.0 0.0 0.0 0.0 0.0 0.0 0.0 3.0 1.0 0.0 0.0 0.0 0.0 0.0 0.0 3.0 1.0 0.0 0.0 0.0 0.0 0.0 0.0 
8643.4921875 -2089.328369140625 9008.2265625 -7628.46533203125 -1911.7764892578125 1489.8553466796875 2547.8193359375 -7869.505859375 -4343.88232421875 -4444.14453125 -9075.71484375 5961.56005859375 5076.76123046875 4013.032470703125 5172.4716796875 6198.673828125 -5840.65966796875 -1952.724853515625 -9276.736328125 6321.04736328125 output 1 2 4 5 9 6 10 3 8 7 indices 2 -1 3 4 -1 1 3 4 2 1 -1 4 -1 5 1 2 8 -1 1 2 2 1 3 4 2 1 3 4 -1 4 1 2 2 1 3 4 2 1 3 4 value 0.0 0.0 0.0 0.0 0.0 0.0 0.0 0.0 0.0 0.0 0.0 0.0 3.0 1.0 0.0 0.0 1.0 1.0 0.0 0.0 0.0 0.0 0.0 0.0 0.0 0.0 0.0 0.0 3.0 1.0 0.0 0.0 0.0 0.0 0.0 0.0 0.0 0.0 0.0 0.0 
-7473.98095703125 -3858.41357421875 7492.66748046875 8662.96875 4383.30224609375 3187.772705078125 9550.41796875 7983.78759765625 -6368.7841796875 -6372.96630859375 -4922.3447265625 9438.451171875 -7266.2109375 -4097.1376953125 -4221.7880859375 -2447.192626953125 8249.3251953125 -8849.5283203125 577.396484375 -3647.741943359375 output 1 8 6 2 4 3 9 10 5 7 indices 2 -1 3 4 -1 1 3 4 2 1 -1 4 -1 9 1 2 2 1 3 4 2 1 3 4 2 1 3 4 4 -1 1 2 -1 10 8 1 8 3 1 2 value 0.0 0.0 0.0 0.0 0.0 0.0 0.0 0.0 0.0 0.0 0.0 0.0 3.0 1.0 0.0 0.0 0.0 0.0 0.0 0.0 0.0 0.0 0.0 0.0 0.0 0.0 0.0 0.0 1.0 3.954632422140353e-40 0.0 0.0 3.0 1.0 3.954632422140353e-40 0.0 1.0 0.0 0.0 0.0 
4766.24951171875 8179.26025390625 -644.8788452148438 1225.7725830078125 6992.85595703125 -7585.8505859375 6972.85205078125 -9589.42578125 3545.547119140625 2539.6669921875 -2355.001953125 7898.314453125 -9423.2265625 -1001.5386352539062 -4708.6103515625 6847.1572265625 -7836.2001953125 -5386.615234375 2690.412841796875 -3126.74169921875 output 2 5 1 6 8 7 9 4 3 10 indices -1 4 2 3 -1 1 3 4 2 1 -1 4 -1 10 1 2 2 1 3 4 2 1 3 4 2 1 3 4 2 1 3 4 2 1 3 4 -1 1 2 3 value 3.0 1.0 0.0 0.0 0.0 0.0 0.0 0.0 0.0 0.0 0.0 0.0 3.0 1.0 0.0 0.0 0.0 0.0 0.0 0.0 0.0 0.0 0.0 0.0 0.0 0.0 0.0 0.0 0.0 0.0 0.0 0.0 0.0 0.0 0.0 0.0 1.0 1.0 0.0 0.0 
-4155.689453125 6680.2529296875 8529.3037109375 5752.55615234375 -6184.81884765625 281.685302734375 -5127.43994140625 -471.9106140136719 -983.0941772460938 -5702.310546875 -2041.7154541015625 -4888.39990234375 6742.16455078125 6756.91162109375 -1907.062255859375 -6427.109375 3639.276123046875 -6344.3623046875 1489.075439453125 4362.6875 output 3 4 6 8 5 9 2 7 10 1 indices 2 -1 3 4 -1 1 3 4 2 1 -1 4 2 1 3 -1 2 1 3 4 7 -1 1 2 -1 8 1 2 -1 6 1 2 2 1 3 4 2 1 3 4 value 0.0 0.0 0.0 0.0 0.0 0.0 0.0 0.0 0.0 0.0 0.0 0.0 0.0 0.0 0.0 0.0 0.0 0.0 0.0 0.0 1.0 1.0 0.0 0.0 3.0 1.0 0.0 0.0 3.0 1.0 0.0 0.0 0.0 0.0 0.0 0.0 0.0 0.0 0.0 0.0 
1314.0738525390625 1081.3443603515625 264.125244140625 3170.19677734375 4157.2548828125 1435.8184814453125 2042.5238037109375 -9272.9306640625 -3366.06005859375 -867.1559448242188 3011.909423828125 -432.0267639160156 4257.30517578125 -2097.1953125 -4026.730224609375 1157.6912841796875 -3199.833740234375 8159.64501953125 -4454.568359375 -2335.387451171875 output 7 4 10 5 8 9 2 1 3 6 indices 2 -1 3 4 -1 1 3 4 2 1 -1 4 -1 5 1 2 9 -1 1 2 2 1 3 4 2 1 3 4 2 1 3 4 -1 4 1 2 2 1 3 4 value 0.0 0.0 0.0 0.0 0.0 0.0 0.0 0.0 0.0 0.0 0.0 0.0 3.0 1.0 0.0 0.0 1.0 1.0 0.0 0.0 0.0 0.0 0.0 0.0 0.0 0.0 0.0 0.0 0.0 0.0 0.0 0.0 3.0 1.0 0.0 0.0 0.0 0.0 0.0 0.0 
3803.367431640625 -4323.32861328125 1059.641845703125 4167.33935546875 -6995.85888671875 -8296.958984375 5895.380859375 4242.09033203125 -4832.4853515625 4614.890625 -6153.39306640625 -2358.3583984375 -824.5491333007812 3082.958251953125 3480.44775390625 134.4897918701172 2724.409912109375 3338.564697265625 1843.038818359375 -4601.68701171875 output 10 3 6 5 7 2 9 4 8 1 indices 2 -1 3 4 -1 1 3 4 -1 6 1 2 -1 3 1 2 2 1 3 4 -1 4 1 2 2 1 3 4 2 1 3 4 2 1 3 4 2 1 3 4 value 0.0 0.0 0.0 0.0 0.0 0.0 0.0 0.0 3.0 1.0 0.0 0.0 3.0 1.0 0.0 0.0 0.0 0.0 0.0 0.0 1.0 1.0 0.0 0.0 0.0 0.0 0.0 0.0 0.0 0.0 0.0 0.0 0.0 0.0 0.0 0.0 0.0 0.0 0.0 0.0 
2616.0859375 -2183.416259765625 -6615.9951171875 -9291.6328125 317.2120361328125 4939.84326171875 3327.72607421875 -11139.90234375 -4142.623046875 4424.29052734375 2317.07763671875 6145.98876953125 -4597.0166015625 2400.452880859375 4809.30517578125 -36.34272384643555 7223.142578125 7827.6083984375 -5254.91455078125 -3086.890625 output 2 10 7 5 3 6 9 8 1 4 indices 2 -1 3 4 -1 1 3 4 2 1 -1 4 -1 10 1 2 2 1 3 4 2 1 3 4 2 1 3 4 2 1 3 4 -1 4 1 2 -1 9 1 2 value 0.0 0.0 0.0 0.0 0.0 0.0 0.0 0.0 0.0 0.0 0.0 0.0 3.0 1.0 0.0 0.0 0.0 0.0 0.0 0.0 0.0 0.0 0.0 0.0 0.0 0.0 0.0 0.0 0.0 0.0 0.0 0.0 3.0 1.0 0.0 0.0 1.0 1.0 0.0 0.0 
10139.619140625 -4749.390625 -304.69378662109375 -4442.6865234375 555.0427856445312 -1005.4262084960938 -327.8981018066406 -3007.678955078125 -5012.98583984375 632.4669189453125 1790.3916015625 3927.093505859375 1137.94677734375 -4073.49462890625 -802.8045654296875 6752.13232421875 -2475.380126953125 10019.9443359375 -4699.23828125 -4052.96044921875 output 1 7 2 4 10 5 9 8 6 3 indices 2 -1 3 4 -1 3 1 4 9 -1 1 2 2 1 3 -1 2 1 3 4 2 1 3 4 2 1 3 4 2 1 3 4 -1 2 1 3 2 1 3 4 value 0.0 0.0 0.0 0.0 3.0 1.0 0.0 0.0 1.0 1.0 0.0 0.0 0.0 0.0 0.0 0.0 0.0 0.0 0.0 0.0 0.0 0.0 0.0 0.0 0.0 0.0 0.0 0.0 0.0 0.0 0.0 0.0 3.0 1.0 0.0 0.0 0.0 0.0 0.0 0.0 
2096.533935546875 -1898.7022705078125 7613.08740234375 -2831.250732421875 6686.3427734375 9538.8251953125 -3234.0419921875 -5896.21435546875 4232.90478515625 8340.578125 -5077.7626953125 138.86740112304688 -5723.087890625 -52.243587493896484 -3252.4384765625 3708.390625 7447.0537109375 -6022.02001953125 -10788.591796875 -5026.22998046875 output 7 10 4 1 9 2 3 5 8 6 indices 2 -1 3 4 -1 1 3 4 -1 4 1 2 -1 3 1 2 2 1 3 4 2 1 3 4 2 1 3 4 2 1 3 4 2 1 3 4 2 1 3 4 value 0.0 0.0 0.0 0.0 0.0 0.0 0.0 0.0 3.0 1.0 0.0 0.0 5.0 1.0 0.0 0.0 0.0 0.0 0.0 0.0 0.0 0.0 0.0 0.0 0.0 0.0 0.0 0.0 0.0 0.0 0.0 0.0 0.0 0.0 0.0 0.0 0.0 0.0 0.0 0.0 
2619.942626953125 -2122.0771484375 5628.47509765625 -6383.119140625 4819.18115234375 9649.78125 -9799.0107421875 4271.5107421875 2362.62744140625 8538.755859375 4500.31640625 -9738.0439453125 -2401.546875 -1781.169189453125 -9980.447265625 -5011.416015625 -1352.7373046875 2094.9150390625 3603.199462890625 480.86181640625 output 1 2 6 7 8 4 9 5 3 10 indices 2 -1 3 4 -1 1 3 4 -1 6 1 2 2 1 3 -1 2 1 3 4 -1 7 1 2 -1 3 1 2 2 1 3 4 2 1 3 4 2 1 3 4 value 0.0 0.0 0.0 0.0 0.0 0.0 0.0 0.0 3.0 1.0 0.0 0.0 0.0 0.0 0.0 0.0 0.0 0.0 0.0 0.0 3.0 1.0 0.0 0.0 1.0 1.0 0.0 0.0 0.0 0.0 0.0 0.0 0.0 0.0 0.0 0.0 0.0 0.0 0.0 0.0 
-4811.02734375 1858.0146484375 -7976.8369140625 -8178.27490234375 -3417.093505859375 -2669.59130859375 3209.867431640625 8316.3408203125 6315.76318359375 -901.0594482421875 716.50146484375 -2153.78173828125 3791.278076171875 -6543.796875 5942.7783203125 976.1939697265625 741.8765258789062 8185.8681640625 -4513.10693359375 1110.08642578125 output 9 4 8 5 7 6 3 2 10 1 indices 2 -1 3 4 -1 6 1 3 2 1 -1 4 -1 2 1 3 2 1 3 4 -1 4 1 2 2 1 3 4 2 1 3 4 2 1 3 4 2 1 3 4 value 0.0 0.0 0.0 0.0 3.0 1.0 0.0 0.0 0.0 0.0 0.0 0.0 3.0 1.0 0.0 0.0 0.0 0.0 0.0 0.0 1.0 1.0 0.0 0.0 0.0 0.0 0.0 0.0 0.0 0.0 0.0 0.0 0.0 0.0 0.0 0.0 0.0 0.0 0.0 0.0 
-8634.6103515625 -708.033203125 545.0997924804688 -9048.4990234375 3884.006103515625 4078.448486328125 -7166.0263671875 -9980.1611328125 -8162.1494140625 6923.95166015625 3780.368408203125 -4489.10302734375 5277.12060546875 6705.0068359375 4305.5947265625 5174.78125 1111.7342529296875 -2829.38720703125 5058.86181640625 4172.99560546875 output 6 9 3 10 8 7 5 1 4 2 indices 2 -1 3 4 -1 1 3 4 2 1 -1 4 -1 9 1 2 2 1 3 4 2 1 3 4 -1 4 1 2 2 1 3 4 -1 7 1 2 2 1 3 4 value 0.0 0.0 0.0 0.0 0.0 0.0 0.0 0.0 0.0 0.0 0.0 0.0 3.0 1.0 0.0 0.0 0.0 0.0 0.0 0.0 0.0 0.0 0.0 0.0 3.0 1.0 0.0 0.0 0.0 0.0 0.0 0.0 1.0 1.0 0.0 0.0 0.0 0.0 0.0 0.0 
-4061.281005859375 2459.30419921875 -290.6216125488281 2421.36376953125 6515.5234375 -8946.4345703125 3977.928955078125 6548.255859375 -1238.16552734375 8529.486328125 -5070.43017578125 -5670.29736328125 -1090.908447265625 8736.7265625 3991.10009765625 -4800.69677734375 -7561.89306640625 -4487.92822265625 4828.74755859375 -4789.77978515625 output 6 9 1 5 7 4 2 8 10 3 indices 2 -1 3 4 -1 1 3 4 -1 6 1 2 2 1 3 -1 2 1 3 4 7 -1 1 2 -1 3 1 2 2 1 3 4 2 1 3 4 2 1 3 4 value 0.0 0.0 0.0 0.0 0.0 0.0 0.0 0.0 3.0 1.0 0.0 0.0 0.0 0.0 0.0 0.0 0.0 0.0 0.0 0.0 1.0 1.0 0.0 0.0 3.0 1.0 0.0 0.0 0.0 0.0 0.0 0.0 0.0 0.0 0.0 0.0 0.0 0.0 0.0 0.0 
-6869.939453125 -781.410888671875 1961.05859375 -7369.54150390625 -846.8693237304688 -3704.68408203125 5110.8759765625 5252.37890625 -11874.021484375 -1967.958740234375 5816.2333984375 4637.7890625 1485.6697998046875 -19.829547882080078 1500.8583984375 3385.29052734375 3304.09716796875 2477.142578125 412.0365905761719 -1909.1767578125 output 7 9 6 4 8 1 5 3 2 10 indices 2 -1 3 4 -1 10 1 3 2 1 -1 4 -1 2 1 3 2 1 3 4 2 1 3 4 2 1 3 4 2 1 3 4 2 1 3 4 -1 4 1 2 value 0.0 0.0 0.0 0.0 3.0 1.0 0.0 0.0 0.0 0.0 0.0 0.0 3.0 1.0 0.0 0.0 0.0 0.0 0.0 0.0 0.0 0.0 0.0 0.0 0.0 0.0 0.0 0.0 0.0 0.0 0.0 0.0 0.0 0.0 0.0 0.0 1.0 1.0 0.0 0.0 
9280.8212890625 -1109.261962890625 2024.4765625 3317.653564453125 6012.12841796875 4417.3330078125 -635.5712280273438 -9908.88671875 6123.45751953125 8108.66064453125 -8280.1923828125 -2824.490478515625 -5316.73046875 -5136.06298828125 -1904.508056640625 7212.25830078125 -1288.01904296875 -3398.54052734375 -6015.8623046875 -678.66259765625 output 6 10 8 2 5 3 1 9 4 7 indices 2 -1 3 4 -1 1 3 4 2 1 -1 4 -1 9 1 2 -1 4 1 2 2 1 3 4 2 1 3 4 2 1 3 4 -1 5 1 2 2 1 3 4 value 0.0 0.0 0.0 0.0 0.0 0.0 0.0 0.0 0.0 0.0 0.0 0.0 3.0 1.0 0.0 0.0 3.0 1.0 0.0 0.0 0.0 0.0 0.0 0.0 0.0 0.0 0.0 0.0 0.0 0.0 0.0 0.0 1.0 1.0 0.0 0.0 0.0 0.0 0.0 0.0 
3798.9931640625 242.0175018310547 -6313.591796875 1186.27978515625 2461.31982421875 -9646.990234375 -5582.80908203125 5393.4169921875 -8128.841796875 7975.6416015625 10812.369140625 -3609.010498046875 -6334.9462890625 -4232.724609375 -1659.92138671875 -5399.5478515625 6615.30615234375 -1358.68603515625 4332.12255859375 9449.603515625 output 10 1 9 6 3 8 7 2 4 5 indices 2 -1 3 4 -1 1 3 4 -1 8 1 2 2 1 3 -1 2 1 3 4 2 1 3 4 2 1 3 4 10 -1 1 2 2 1 3 4 -1 3 1 2 value 0.0 0.0 0.0 0.0 0.0 0.0 0.0 0.0 3.0 1.0 0.0 0.0 0.0 0.0 0.0 0.0 0.0 0.0 0.0 0.0 0.0 0.0 0.0 0.0 0.0 0.0 0.0 0.0 1.0 1.0 0.0 0.0 0.0 0.0 0.0 0.0 3.0 1.0 0.0 0.0 
-5728.43603515625 -1320.078857421875 4245.21923828125 432.80072021484375 7396.50830078125 -5155.3515625 6110.55908203125 308.9410400390625 -10204.73828125 -9033.0859375 2220.653564453125 -6471.9443359375 -7161.3701171875 5178.57421875 -5353.37353515625 6231.87890625 5361.5009765625 5098.3681640625 3113.47705078125 4729.89794921875 output 5 1 7 8 10 9 2 4 3 6 indices 9 -1 2 3 -1 1 3 4 2 1 -1 4 2 1 3 -1 -1 1 2 3 2 1 3 4 2 1 3 4 2 1 3 4 -1 5 1 2 2 1 3 4 value 1.0 1.0 0.0 0.0 0.0 0.0 0.0 0.0 0.0 0.0 0.0 0.0 0.0 0.0 0.0 0.0 3.0 1.0 0.0 0.0 0.0 0.0 0.0 0.0 0.0 0.0 0.0 0.0 0.0 0.0 0.0 0.0 3.0 1.0 0.0 0.0 0.0 0.0 0.0 0.0 
4159.9189453125 -4650.25830078125 3148.78125 9084.9921875 7809.55615234375 -3689.560546875 -11386.8525390625 12676.7255859375 -7060.60205078125 -3119.094482421875 -1800.015380859375 143.111083984375 -6397.1318359375 -4500.2705078125 -2443.0625 3855.642822265625 6974.21435546875 -5352.0419921875 6995.1943359375 -4449.24560546875 output 2 3 10 9 1 7 5 6 8 4 indices 2 -1 3 4 -1 9 1 3 2 1 -1 4 2 1 3 -1 2 1 3 4 -1 2 1 3 9 3 1 2 2 1 3 4 -1 7 6 1 2 1 3 4 value 0.0 0.0 0.0 0.0 3.0 1.0 0.0 0.0 0.0 0.0 0.0 0.0 0.0 0.0 0.0 0.0 0.0 0.0 0.0 0.0 1.0 1.0 0.0 0.0 1.0 0.0 0.0 0.0 0.0 0.0 0.0 0.0 1.0 1.0 1.0 0.0 0.0 0.0 0.0 0.0 
-598.448486328125 -8434.9580078125 -9112.923828125 7328.0185546875 3900.057373046875 -3580.20703125 3525.6572265625 1570.5494384765625 5037.4580078125 2777.59912109375 -2207.170654296875 6958.724609375 2330.5439453125 -1727.880615234375 4079.46630859375 -750.0248413085938 -11922.88671875 6770.60791015625 4968.24609375 -10912.4287109375 output 1 9 2 6 5 4 8 7 3 10 indices 2 -1 3 4 -1 1 3 4 2 1 -1 4 2 1 3 -1 2 1 3 4 -1 10 1 2 -1 6 1 2 2 1 3 4 2 1 3 4 -1 7 1 2 value 0.0 0.0 0.0 0.0 0.0 0.0 0.0 0.0 0.0 0.0 0.0 0.0 0.0 0.0 0.0 0.0 0.0 0.0 0.0 0.0 3.0 1.0 0.0 0.0 1.0 1.0 0.0 0.0 0.0 0.0 0.0 0.0 0.0 0.0 0.0 0.0 3.0 1.0 0.0 0.0 
-4168.14599609375 3106.618408203125 6197.3310546875 -1729.835205078125 -3574.71484375 -9557.353515625 -4953.63623046875 -9380.4091796875 9012.5654296875 4573.966796875 -2593.725830078125 3228.670166015625 -4819.27734375 -3816.676025390625 11261.3681640625 5318.06201171875 -2474.5771484375 353.2078552246094 -3887.1875 7903.748046875 output 3 4 7 9 6 1 10 5 8 2 indices 2 -1 3 4 -1 1 3 4 -1 9 1 2 2 1 3 -1 2 1 3 4 2 1 3 4 2 1 3 4 -1 3 1 2 -1 8 1 2 2 1 3 4 value 0.0 0.0 0.0 0.0 0.0 0.0 0.0 0.0 3.0 1.0 0.0 0.0 0.0 0.0 0.0 0.0 0.0 0.0 0.0 0.0 0.0 0.0 0.0 0.0 0.0 0.0 0.0 0.0 3.0 1.0 0.0 0.0 1.0 1.0 0.0 0.0 0.0 0.0 0.0 0.0 
-4316.45849609375 2521.38525390625 2634.190673828125 -55.095252990722656 -1800.320556640625 10379.669921875 4528.86865234375 -3692.86083984375 5239.61376953125 -5257.41455078125 9010.97265625 6984.7392578125 5355.42626953125 -1517.80224609375 -4062.920654296875 -2292.823974609375 -8462.921875 -2899.970947265625 -8126.451171875 -4169.82666015625 output 1 9 10 8 2 4 5 7 6 3 indices 2 -1 3 4 -1 1 3 4 2 1 -1 4 2 1 3 -1 -1 8 1 2 -1 5 1 2 2 1 3 4 -1 6 1 2 2 1 3 4 2 1 3 4 value 0.0 0.0 0.0 0.0 0.0 0.0 0.0 0.0 0.0 0.0 0.0 0.0 0.0 0.0 0.0 0.0 3.0 1.0 0.0 0.0 3.0 1.0 0.0 0.0 0.0 0.0 0.0 0.0 1.0 1.0 0.0 0.0 0.0 0.0 0.0 0.0 0.0 0.0 0.0 0.0 
-634.7032470703125 -4412.998046875 -3609.420166015625 10043.4814453125 -4038.066162109375 -5816.58203125 -443.107421875 -6171.48388671875 -3297.335205078125 3705.34130859375 5592.7353515625 -8992.0146484375 -2067.18212890625 5683.60400390625 2097.49609375 7679.333984375 7205.02685546875 4024.435302734375 -805.44384765625 -5743.11767578125 output 3 1 10 4 6 9 8 2 7 5 indices 2 -1 3 4 8 -1 1 3 2 1 -1 4 2 1 3 -1 2 1 3 4 -1 1 2 3 2 1 3 4 -1 6 1 2 2 1 3 4 2 1 3 4 value 1.0 1.0 0.0 0.0 1.0 1.0 0.0 0.0 0.0 0.0 0.0 0.0 0.0 0.0 0.0 0.0 0.0 0.0 0.0 0.0 3.0 1.0 0.0 0.0 0.0 0.0 0.0 0.0 1.0 1.0 0.0 0.0 0.0 0.0 0.0 0.0 0.0 0.0 0.0 0.0 
106.8888931274414 1895.3995361328125 -3593.387939453125 4266.96142578125 -4007.427001953125 -6421.6669921875 -8798.2177734375 2264.80712890625 5825.45263671875 -6483.52685546875 6294.8857421875 -397.5185852050781 -317.3981018066406 532.34814453125 1520.7635498046875 -2890.20458984375 -2574.221435546875 16.276424407958984 5542.66162109375 7217.12451171875 output 1 10 6 5 8 3 4 2 9 7 indices 2 -1 3 4 -1 1 3 4 -1 7 1 2 2 1 3 -1 2 1 3 4 2 1 3 4 -1 10 9 1 2 1 3 4 10 3 1 2 -1 3 1 2 value 0.0 0.0 0.0 0.0 0.0 0.0 0.0 0.0 3.0 1.0 0.0 0.0 0.0 0.0 0.0 0.0 0.0 0.0 0.0 0.0 0.0 0.0 0.0 0.0 0.9933459758758545 0.9933459758758545 0.006654009222984314 0.0 0.0 0.0 0.0 0.0 0.006654009222984314 0.0 0.0 0.0 3.0 1.0 0.0 0.0 
-2543.392333984375 2598.76611328125 -3074.881591796875 9218.2705078125 4874.42529296875 6664.0947265625 -6121.5751953125 -1420.9581298828125 4599.43603515625 7679.47705078125 6574.97998046875 -4505.14697265625 5126.40673828125 -9000.9150390625 -564.6424560546875 -6706.80615234375 2351.543212890625 1463.251953125 -11222.2998046875 -5990.0341796875 output 2 1 4 10 8 7 6 9 3 5 indices 2 -1 3 4 -1 1 3 4 2 1 -1 4 5 -1 1 2 -1 7 1 2 2 1 3 4 -1 4 1 2 2 1 3 4 2 1 3 4 2 1 3 4 value 0.0 0.0 0.0 0.0 0.0 0.0 0.0 0.0 0.0 0.0 0.0 0.0 1.0 1.0 0.0 0.0 3.0 1.0 0.0 0.0 0.0 0.0 0.0 0.0 3.0 1.0 0.0 0.0 0.0 0.0 0.0 0.0 0.0 0.0 0.0 0.0 0.0 0.0 0.0 0.0 
9051.1572265625 7500.0771484375 8454.404296875 2444.806396484375 -371.2673034667969 -5013.0908203125 -1697.6090087890625 -2342.57080078125 3235.093017578125 7457.46728515625 -7706.3740234375 -3350.711181640625 -6739.07666015625 4740.4560546875 -6056.1162109375 -8812.337890625 -275.2744140625 -4495.75732421875 2105.063720703125 1871.661376953125 output 1 2 10 4 9 3 8 6 7 5 indices -1 8 2 3 -1 1 3 4 2 1 -1 4 -1 1 2 3 2 1 3 4 2 1 3 4 2 1 3 4 -1 4 1 2 2 1 3 4 2 1 3 4 value 3.0 1.0 0.0 0.0 0.0 0.0 0.0 0.0 0.0 0.0 0.0 0.0 1.0 1.0 0.0 0.0 0.0 0.0 0.0 0.0 0.0 0.0 0.0 0.0 0.0 0.0 0.0 0.0 3.0 1.0 0.0 0.0 0.0 0.0 0.0 0.0 0.0 0.0 0.0 0.0 
636.2440795898438 364.84075927734375 -3093.237060546875 -5016.3837890625 5429.56005859375 9378.85546875 1746.685546875 -3912.597900390625 1442.60791015625 -5055.77197265625 260.1250915527344 4817.33349609375 1775.672607421875 1175.9100341796875 -1827.331787109375 -5596.01318359375 -6534.171875 5628.90380859375 163.84519958496094 -1785.076904296875 output 10 4 5 8 2 9 6 3 7 1 indices 2 -1 3 4 -1 1 3 4 -1 8 1 2 2 1 3 -1 2 1 3 4 2 1 3 4 2 1 3 4 -1 10 1 2 2 1 3 4 -1 3 1 2 value 0.0 0.0 0.0 0.0 0.0 0.0 0.0 0.0 3.0 1.0 0.0 0.0 0.0 0.0 0.0 0.0 0.0 0.0 0.0 0.0 0.0 0.0 0.0 0.0 0.0 0.0 0.0 0.0 3.0 1.0 0.0 0.0 0.0 0.0 0.0 0.0 1.0 1.0 0.0 0.0 
-4345.51220703125 3357.003662109375 -2937.902587890625 -6756.82470703125 2842.381103515625 4439.9169921875 10021.896484375 9719.8173828125 220.1371307373047 -2290.6640625 -1676.244873046875 586.6325073242188 5026.900390625 -6559.81689453125 -1315.379638671875 636.8875122070312 -1916.2203369140625 4944.1767578125 -5920.05517578125 -8077.12890625 output 9 1 6 8 5 10 2 7 4 3 indices 2 -1 3 4 -1 1 3 4 2 1 -1 4 -1 10 1 2 -1 4 1 2 2 1 3 4 2 1 3 4 2 1 3 4 2 1 3 4 -1 5 1 2 value 0.0 0.0 0.0 0.0 0.0 0.0 0.0 0.0 0.0 0.0 0.0 0.0 3.0 1.0 0.0 0.0 1.0 1.0 0.0 0.0 0.0 0.0 0.0 0.0 0.0 0.0 0.0 0.0 0.0 0.0 0.0 0.0 0.0 0.0 0.0 0.0 3.0 1.0 0.0 0.0 
3700.71826171875 9186.3447265625 -5006.89501953125 -6173.4462890625 3266.718017578125 -3615.068603515625 2962.8935546875 10256.115234375 -1950.9007568359375 -199.90858459472656 -843.738525390625 2232.031005859375 978.4998779296875 -2312.63818359375 4217.57373046875 -4047.7880859375 -1598.1800537109375 2899.697265625 -5726.689453125 -8225.337890625 output 3 8 1 4 9 6 5 2 10 7 indices 2 -1 3 4 -1 1 3 4 2 1 -1 4 -1 10 1 2 -1 4 1 2 2 1 3 4 2 1 3 4 2 1 3 4 2 1 3 4 -1 5 1 2 value 0.0 0.0 0.0 0.0 0.0 0.0 0.0 0.0 0.0 0.0 0.0 0.0 3.0 1.0 0.0 0.0 1.0 1.0 0.0 0.0 0.0 0.0 0.0 0.0 0.0 0.0 0.0 0.0 0.0 0.0 0.0 0.0 0.0 0.0 0.0 0.0 3.0 1.0 0.0 0.0 
-5198.36328125 2036.040283203125 -6112.7744140625 -8162.23193359375 -3194.2724609375 2189.75732421875 2262.346435546875 -7263.36474609375 4938.94482421875 1381.774169921875 -6226.35400390625 7493.87255859375 5784.18701171875 3280.722900390625 3168.144775390625 -10895.267578125 -299.7374572753906 5603.67236328125 4877.87841796875 4335.0244140625 output 1 6 9 10 7 5 4 8 2 3 indices 2 -1 3 4 10 -1 1 3 2 1 -1 4 2 1 3 -1 2 1 3 4 2 1 3 4 2 1 3 4 -1 2 1 3 2 1 3 4 -1 8 1 2 value 0.0 0.0 0.0 0.0 1.0 1.0 0.0 0.0 0.0 0.0 0.0 0.0 0.0 0.0 0.0 0.0 0.0 0.0 0.0 0.0 0.0 0.0 0.0 0.0 0.0 0.0 0.0 0.0 3.0 1.0 0.0 0.0 0.0 0.0 0.0 0.0 3.0 1.0 0.0 0.0 
3106.03173828125 7076.244140625 504.94091796875 -4180.8720703125 1223.1822509765625 -6936.36962890625 2188.14697265625 -6085.7705078125 5516.6943359375 1632.97705078125 4417.41943359375 882.39697265625 -10603.6689453125 5677.52099609375 -4738.9677734375 -2290.7607421875 -2084.804931640625 1482.2982177734375 471.025634765625 2742.335693359375 output 5 6 4 3 2 8 7 9 10 1 indices -1 3 2 4 8 3 1 -1 -1 2 1 4 2 1 3 -1 2 1 3 4 2 1 3 4 2 1 3 4 1 4 2 3 2 1 3 4 2 1 3 4 value 3.0 1.0 0.0 0.0 1.0 0.0 0.0 0.0 3.0 1.0 0.0 0.0 0.0 0.0 0.0 0.0 0.0 0.0 0.0 0.0 0.0 0.0 0.0 0.0 0.0 0.0 0.0 0.0 1.0 0.0 0.0 0.0 0.0 0.0 0.0 0.0 0.0 0.0 0.0 0.0 
-7697.29638671875 1725.4989013671875 -10050.599609375 -507.7198181152344 7653.9208984375 -572.7022705078125 5905.181640625 7510.1279296875 -3074.943115234375 -3059.843994140625 -5348.74853515625 2841.194580078125 3378.52978515625 228.14990234375 6603.740234375 1553.2777099609375 6643.72314453125 -5969.06201171875 -4013.507568359375 -3748.920654296875 output 2 1 6 4 8 3 9 7 5 10 indices 2 -1 3 4 -1 1 3 4 2 1 -1 4 -1 9 1 2 -1 4 1 2 2 1 3 4 2 1 3 4 2 1 3 4 -1 5 1 2 2 1 3 4 value 0.0 0.0 0.0 0.0 0.0 0.0 0.0 0.0 0.0 0.0 0.0 0.0 3.0 1.0 0.0 0.0 1.0 1.0 0.0 0.0 0.0 0.0 0.0 0.0 0.0 0.0 0.0 0.0 0.0 0.0 0.0 0.0 3.0 1.0 0.0 0.0 0.0 0.0 0.0 0.0 
-4034.83642578125 4946.0654296875 3368.207763671875 -2565.5771484375 8248.2861328125 -866.1303100585938 5571.11376953125 6274.2705078125 3922.90283203125 -3537.65185546875 -531.283203125 6152.96875 -8191.4375 -1818.531982421875 4767.6748046875 2571.0244140625 -5850.7109375 -8520.2216796875 -7269.91748046875 -2636.21630859375 output 1 6 4 8 3 5 2 9 10 7 indices 2 -1 3 4 -1 1 3 4 2 1 -1 4 -1 9 1 2 2 1 3 4 2 1 3 4 2 1 3 4 2 1 3 4 -1 10 1 2 -1 4 1 2 value 0.0 0.0 0.0 0.0 0.0 0.0 0.0 0.0 0.0 0.0 0.0 0.0 3.0 1.0 0.0 0.0 0.0 0.0 0.0 0.0 0.0 0.0 0.0 0.0 0.0 0.0 0.0 0.0 0.0 0.0 0.0 0.0 3.0 1.0 0.0 0.0 1.0 1.0 0.0 0.0 
-3114.102783203125 1189.7982177734375 2359.13623046875 -192.79949951171875 1268.235107421875 -7113.3251953125 4839.1484375 8829.7275390625 4534.43212890625 8577.8369140625 7760.2353515625 -9966.2080078125 -2226.836669921875 -263.664794921875 -3553.904052734375 -5679.12353515625 -7852.0615234375 78.45499420166016 -4014.281982421875 4539.30322265625 output 1 10 5 4 2 6 3 8 9 7 indices 2 -1 3 4 -1 1 3 4 2 1 -1 4 -1 6 1 2 2 1 3 4 -1 7 1 2 -1 4 1 2 2 1 3 4 2 1 3 4 2 1 3 4 value 0.0 0.0 0.0 0.0 0.0 0.0 0.0 0.0 0.0 0.0 0.0 0.0 3.0 1.0 0.0 0.0 0.0 0.0 0.0 0.0 3.0 1.0 0.0 0.0 1.0 1.0 0.0 0.0 0.0 0.0 0.0 0.0 0.0 0.0 0.0 0.0 0.0 0.0 0.0 0.0 
9657.5576171875 1832.462646484375 74.72096252441406 -1188.8858642578125 1624.1907958984375 2521.247314453125 175.3242645263672 -5482.02001953125 -6233.8837890625 -3413.9482421875 -4931.30810546875 1627.626220703125 -2953.8828125 -5054.9599609375 787.7120971679688 -3530.494873046875 -6006.3330078125 9000.869140625 7805.90185546875 3688.103759765625 output 6 5 7 4 8 2 1 10 3 9 indices 2 -1 3 4 9 -1 1 3 2 1 -1 4 -1 2 1 3 2 1 3 4 2 1 3 4 2 1 3 4 2 1 3 4 10 -1 1 2 -1 4 1 2 value 0.0 0.0 0.0 0.0 1.0 1.0 0.0 0.0 0.0 0.0 0.0 0.0 3.0 1.0 0.0 0.0 0.0 0.0 0.0 0.0 0.0 0.0 0.0 0.0 0.0 0.0 0.0 0.0 0.0 0.0 0.0 0.0 1.0 1.0 0.0 0.0 1.0 1.0 0.0 0.0 
8939.912109375 8050.4287109375 -5365.93212890625 3877.34814453125 -5596.033203125 -8161.07470703125 -1500.969970703125 5524.8125 6799.79052734375 -4310.16748046875 -6804.35888671875 -1556.3187255859375 -3130.7333984375 -8209.736328125 1567.2547607421875 -7532.36376953125 12120.7099609375 2524.6572265625 -7029.64013671875 9792.4150390625 output 2 6 3 7 8 5 9 1 4 10 indices -1 3 2 4 -1 1 3 4 7 -1 1 2 2 1 3 -1 2 1 3 4 2 1 3 4 -1 1 2 3 2 1 3 4 2 1 3 4 2 1 3 4 value 3.0 1.0 0.0 0.0 0.0 0.0 0.0 0.0 1.0 0.0 0.0 0.0 0.0 0.0 0.0 0.0 0.0 0.0 0.0 0.0 0.0 0.0 0.0 0.0 4.0 1.0 0.0 0.0 0.0 0.0 0.0 0.0 0.0 0.0 0.0 0.0 0.0 0.0 0.0 0.0 
-1508.796630859375 7066.634765625 412.8448791503906 -8724.982421875 6196.01318359375 -2474.055908203125 -249.94972229003906 8059.25927734375 -7263.142578125 -4620.7255859375 6005.45166015625 9018.5966796875 751.6997680664062 232.71096801757812 -5656.95166015625 8158.34619140625 -7155.0849609375 -7811.4453125 8467.916015625 -8904.337890625 output 1 8 5 9 2 10 3 7 6 4 indices 2 -1 3 4 -1 7 1 3 2 1 -1 4 2 1 3 -1 2 1 3 4 -1 2 1 3 -1 6 1 2 2 1 3 4 2 1 3 4 2 1 3 4 value 0.0 0.0 0.0 0.0 3.0 1.0 0.0 0.0 0.0 0.0 0.0 0.0 0.0 0.0 0.0 0.0 0.0 0.0 0.0 0.0 3.0 1.0 0.0 0.0 1.0 1.0 0.0 0.0 0.0 0.0 0.0 0.0 0.0 0.0 0.0 0.0 0.0 0.0 0.0 0.0 
2728.1044921875 5829.39501953125 -7430.7763671875 -6104.69775390625 7874.92431640625 7541.6103515625 -3547.71240234375 -5288.484375 7105.37060546875 -6337.69140625 5773.2412109375 600.9817504882812 -1177.568115234375 3452.45654296875 -11136.0859375 3914.004638671875 -8531.048828125 -2711.187744140625 8341.55078125 -896.3876953125 output 2 4 5 10 6 3 1 7 8 9 indices 2 -1 3 4 -1 4 1 3 -1 2 1 4 -1 3 1 2 2 1 3 4 2 1 3 4 2 1 3 4 2 1 3 4 2 1 3 4 2 1 3 4 value 0.0 0.0 0.0 0.0 3.0 1.0 0.0 0.0 3.0 1.0 0.0 0.0 1.0 1.0 0.0 0.0 0.0 0.0 0.0 0.0 0.0 0.0 0.0 0.0 0.0 0.0 0.0 0.0 0.0 0.0 0.0 0.0 0.0 0.0 0.0 0.0 0.0 0.0 0.0 0.0 
5635.4189453125 -815.5987548828125 2692.8046875 -9931.9462890625 1413.2691650390625 1656.917236328125 1605.8829345703125 3760.2080078125 -7565.92529296875 3616.172119140625 -720.7855834960938 6106.44140625 -3648.43798828125 -9642.0458984375 772.5020141601562 1474.8720703125 -4357.2265625 2348.7587890625 4172.49755859375 1426.221435546875 output 1 10 3 8 4 6 9 5 7 2 indices 2 -1 3 4 -1 7 1 3 2 1 -1 4 2 1 3 -1 2 1 3 4 -1 2 1 3 -1 6 1 2 2 1 3 4 2 1 3 4 2 1 3 4 value 0.0 0.0 0.0 0.0 2.0 1.0 0.0 0.0 0.0 0.0 0.0 0.0 0.0 0.0 0.0 0.0 0.0 0.0 0.0 0.0 3.0 1.0 0.0 0.0 2.0 1.0 0.0 0.0 0.0 0.0 0.0 0.0 0.0 0.0 0.0 0.0 0.0 0.0 0.0 0.0 
-7594.8447265625 -1599.30224609375 -4729.580078125 6327.33935546875 1520.518798828125 4386.60791015625 7293.76953125 6678.82177734375 -8344.3408203125 -6472.19091796875 -5067.83837890625 2781.017578125 2522.331298828125 -8807.4326171875 9150.82421875 -2350.924560546875 1941.6951904296875 -5020.421875 3307.464599609375 4076.48583984375 output 6 2 3 10 4 8 9 7 5 1 indices 2 -1 3 4 -1 1 3 4 2 1 -1 4 -1 7 1 2 2 1 3 4 2 1 3 4 -1 9 1 2 2 1 3 4 -1 4 1 2 2 1 3 4 value 0.0 0.0 0.0 0.0 0.0 0.0 0.0 0.0 0.0 0.0 0.0 0.0 3.0 1.0 0.0 0.0 0.0 0.0 0.0 0.0 0.0 0.0 0.0 0.0 3.0 1.0 0.0 0.0 0.0 0.0 0.0 0.0 1.0 1.0 0.0 0.0 0.0 0.0 0.0 0.0 
9786.91015625 4257.021484375 1219.2440185546875 -9320.5537109375 4820.0546875 4246.98388671875 -4784.12451171875 5545.31884765625 -2168.4208984375 5032.03515625 -7021.2177734375 3659.1494140625 1957.686279296875 1486.553955078125 -1071.4649658203125 -11127.19921875 -537.5659790039062 367.13983154296875 -2201.1005859375 -4146.44970703125 output 4 6 10 8 2 1 3 7 9 5 indices -1 8 2 3 -1 1 3 4 2 1 -1 4 2 1 3 -1 2 1 3 4 2 1 3 4 2 1 3 4 -1 9 1 2 -1 1 2 3 2 1 3 4 value 3.0 1.0 0.0 0.0 0.0 0.0 0.0 0.0 0.0 0.0 0.0 0.0 0.0 0.0 0.0 0.0 0.0 0.0 0.0 0.0 0.0 0.0 0.0 0.0 0.0 0.0 0.0 0.0 3.0 1.0 0.0 0.0 1.0 1.0 0.0 0.0 0.0 0.0 0.0 0.0 
-1574.139404296875 4802.4462890625 -9128.2294921875 -6603.1142578125 2762.975830078125 1748.845947265625 -7090.77783203125 -6884.6962890625 532.55517578125 -8088.89208984375 552.1067504882812 -3681.924560546875 -2048.58544921875 4651.0908203125 1067.978759765625 8608.671875 6202.3759765625 134.61842346191406 8723.740234375 5312.9541015625 output 7 1 8 10 9 3 6 5 4 2 indices 2 -1 3 4 -1 1 3 4 2 1 -1 4 2 1 3 -1 -1 6 1 2 8 -1 1 2 2 1 3 4 10 -1 1 2 2 1 3 4 -1 5 1 2 value 0.0 0.0 0.0 0.0 0.0 0.0 0.0 0.0 0.0 0.0 0.0 0.0 0.0 0.0 0.0 0.0 3.0 1.0 0.0 0.0 1.0 1.0 0.0 0.0 0.0 0.0 0.0 0.0 1.0 1.0 0.0 0.0 0.0 0.0 0.0 0.0 1.0 1.0 0.0 0.0 
-4230.24951171875 -1141.8756103515625 -5992.25341796875 -4195.34521484375 -6180.20166015625 2998.128173828125 -5071.20947265625 1075.7369384765625 8897.5625 5865.646484375 4458.5263671875 -3398.0419921875 -5695.64013671875 6565.36376953125 9281.2109375 -6429.52197265625 -1945.99755859375 -1600.958740234375 6478.25244140625 260.8681640625 output 4 3 7 5 10 8 6 9 2 1 indices 2 -1 3 4 -1 1 3 4 2 1 -1 4 2 1 3 -1 -1 8 1 2 2 1 3 4 2 1 3 4 -1 9 1 2 -1 5 1 2 2 1 3 4 value 0.0 0.0 0.0 0.0 0.0 0.0 0.0 0.0 0.0 0.0 0.0 0.0 0.0 0.0 0.0 0.0 3.0 1.0 0.0 0.0 0.0 0.0 0.0 0.0 0.0 0.0 0.0 0.0 3.0 1.0 0.0 0.0 1.0 1.0 0.0 0.0 0.0 0.0 0.0 0.0 
1307.5933837890625 -6026.98681640625 -7085.8349609375 -8517.8564453125 -5610.0458984375 7984.85400390625 9178.0283203125 -4101.501953125 -7302.31640625 10794.251953125 5975.791015625 2313.7265625 9503.193359375 -6331.0576171875 2560.752685546875 1063.3929443359375 2.6759917736053467 11073.046875 -8529.8369140625 -8251.8701171875 output 1 2 10 3 5 9 8 6 4 7 indices 9 -1 2 3 -1 1 3 4 2 1 -1 4 2 1 3 -1 2 1 3 4 2 1 3 4 2 1 3 4 2 1 3 4 -1 2 1 3 2 1 3 4 value 1.0 1.0 0.0 0.0 3.0 1.0 0.0 0.0 0.0 0.0 0.0 0.0 0.0 0.0 0.0 0.0 0.0 0.0 0.0 0.0 0.0 0.0 0.0 0.0 0.0 0.0 0.0 0.0 0.0 0.0 0.0 0.0 3.0 1.0 0.0 0.0 0.0 0.0 0.0 0.0 
908.3917236328125 2866.9140625 -8971.3369140625 -777.877685546875 -10697.572265625 -6387.89453125 -10855.8525390625 4782.06201171875 7253.95849609375 7413.51806640625 7696.34130859375 -8202.962890625 4415.55712890625 826.538330078125 2712.598876953125 -2116.6728515625 6363.95849609375 165.85975646972656 1173.956298828125 1430.515869140625 output 1 10 4 2 3 6 8 7 9 5 indices 2 -1 3 4 -1 1 3 4 2 1 -1 4 2 1 3 -1 -1 6 1 2 -1 8 1 2 2 1 3 4 -1 5 1 2 2 1 3 4 2 1 3 4 value 0.0 0.0 0.0 0.0 0.0 0.0 0.0 0.0 0.0 0.0 0.0 0.0 0.0 0.0 0.0 0.0 3.0 1.0 0.0 0.0 3.0 1.0 0.0 0.0 0.0 0.0 0.0 0.0 1.0 1.0 0.0 0.0 0.0 0.0 0.0 0.0 0.0 0.0 0.0 0.0 
-7789.85791015625 -8178.37109375 1128.4051513671875 9938.13671875 1772.2420654296875 -3770.782470703125 -1662.612548828125 -7330.7509765625 508.31182861328125 -3244.353515625 -1516.82666015625 8717.09375 3263.943603515625 -205.44309997558594 1992.11474609375 -447.079345703125 845.52294921875 5913.70556640625 1458.756591796875 -1392.155517578125 output 1 6 2 9 7 8 10 3 5 4 indices -1 10 2 3 -1 1 3 4 2 1 -1 4 2 1 3 -1 2 1 3 4 2 1 3 4 2 1 3 4 2 1 3 4 2 1 3 4 -1 2 1 3 value 3.0 1.0 0.0 0.0 3.0 1.0 0.0 0.0 0.0 0.0 0.0 0.0 0.0 0.0 0.0 0.0 0.0 0.0 0.0 0.0 0.0 0.0 0.0 0.0 0.0 0.0 0.0 0.0 0.0 0.0 0.0 0.0 0.0 0.0 0.0 0.0 1.0 1.0 0.0 0.0 
4257.2685546875 8334.8017578125 5910.775390625 1363.676025390625 4966.3779296875 -4317.36767578125 -3134.05615234375 8993.4072265625 -9587.3388671875 2860.768798828125 -5231.92822265625 -702.3954467773438 4302.158203125 -6682.16015625 -456.91619873046875 7617.37646484375 -3157.32470703125 -7837.50341796875 2130.984375 -9630.603515625 output 8 4 5 6 9 10 7 3 2 1 indices -1 10 2 3 -1 1 3 4 2 1 -1 4 2 1 3 -1 2 1 3 4 -1 1 2 3 2 1 3 4 2 1 3 4 2 1 3 4 -1 6 1 2 value 3.0 1.0 0.0 0.0 0.0 0.0 0.0 0.0 0.0 0.0 0.0 0.0 0.0 0.0 0.0 0.0 0.0 0.0 0.0 0.0 1.0 1.0 0.0 0.0 0.0 0.0 0.0 0.0 0.0 0.0 0.0 0.0 0.0 0.0 0.0 0.0 3.0 1.0 0.0 0.0 
-5720.740234375 253.60594177246094 5399.212890625 6589.1181640625 -647.69287109375 -9447.9130859375 -8341.111328125 8003.16943359375 -8522.5361328125 -6622.3115234375 5686.98974609375 -3970.38037109375 7120.5634765625 86.8629150390625 2439.660888671875 7671.64013671875 755.3382568359375 -1789.48974609375 1830.3157958984375 -774.30126953125 output 1 4 8 2 7 6 10 9 3 5 indices 2 -1 3 4 3 -1 1 4 -1 9 1 2 2 1 3 -1 2 1 3 4 2 1 3 4 2 1 3 4 -1 2 1 3 -1 8 1 2 2 1 3 4 value 0.0 0.0 0.0 0.0 1.0 1.0 0.0 0.0 3.0 1.0 0.0 0.0 0.0 0.0 0.0 0.0 0.0 0.0 0.0 0.0 0.0 0.0 0.0 0.0 0.0 0.0 0.0 0.0 1.0 1.0 0.0 0.0 1.0 1.0 0.0 0.0 0.0 0.0 0.0 0.0 
-7820.13037109375 3966.43798828125 7915.083984375 3268.78369140625 -1712.0035400390625 -10371.896484375 -4828.93212890625 -5201.75732421875 1746.0899658203125 -2538.85986328125 -8302.623046875 271.8861389160156 3696.241943359375 -2960.626708984375 10892.1376953125 7084.70263671875 5405.72119140625 6282.87890625 -6991.58544921875 198.4507293701172 output 1 6 10 4 3 5 7 2 8 9 indices 2 -1 3 4 -1 1 3 4 -1 5 1 2 2 1 3 -1 8 -1 1 2 2 1 3 4 2 1 3 4 -1 3 1 2 2 1 3 4 2 1 3 4 value 0.0 0.0 0.0 0.0 0.0 0.0 0.0 0.0 3.0 1.0 0.0 0.0 0.0 0.0 0.0 0.0 1.0 1.0 0.0 0.0 0.0 0.0 0.0 0.0 0.0 0.0 0.0 0.0 3.0 1.0 0.0 0.0 0.0 0.0 0.0 0.0 0.0 0.0 0.0 0.0 
-2797.802490234375 10066.18359375 988.3330688476562 7605.23388671875 -495.6639404296875 -3768.029052734375 -11384.3017578125 284.7177429199219 -8182.76220703125 6576.54931640625 6553.15478515625 -4237.90380859375 6726.03369140625 -4536.78271484375 -2400.4482421875 -8695.6376953125 7112.91748046875 -2089.222412109375 3880.538818359375 -1205.1094970703125 output 7 6 9 10 2 1 5 4 8 3 indices -1 8 2 3 -1 1 3 4 -1 1 2 4 2 1 3 -1 2 1 3 4 2 1 3 4 2 1 3 4 -1 3 1 2 2 1 3 4 2 1 3 4 value 3.0 1.0 0.0 0.0 0.0 0.0 0.0 0.0 1.0 1.0 0.0 0.0 0.0 0.0 0.0 0.0 0.0 0.0 0.0 0.0 0.0 0.0 0.0 0.0 0.0 0.0 0.0 0.0 3.0 1.0 0.0 0.0 0.0 0.0 0.0 0.0 0.0 0.0 0.0 0.0 
-4006.448486328125 1282.173583984375 -7020.61865234375 6894.5439453125 8669.91015625 5375.53515625 7168.72119140625 2457.0068359375 4452.2890625 -8144.1982421875 6463.25341796875 3576.282470703125 -4007.224365234375 2158.541259765625 -8467.57421875 -7265.01513671875 -1470.0809326171875 -4940.494140625 -1782.2274169921875 -1394.3763427734375 output 2 3 6 4 5 9 8 10 1 7 indices 2 -1 3 4 -1 1 3 4 -1 5 1 2 2 1 3 -1 -1 10 1 2 2 1 3 4 2 1 3 4 2 1 3 4 2 1 3 4 -1 3 1 2 value 0.0 0.0 0.0 0.0 0.0 0.0 0.0 0.0 3.0 1.0 0.0 0.0 0.0 0.0 0.0 0.0 3.0 1.0 0.0 0.0 0.0 0.0 0.0 0.0 0.0 0.0 0.0 0.0 0.0 0.0 0.0 0.0 0.0 0.0 0.0 0.0 1.0 1.0 0.0 0.0 
-6814.91015625 -1415.706298828125 4039.061279296875 4860.90966796875 7184.78564453125 2125.8818359375 3565.6904296875 -1120.6087646484375 -2158.24462890625 -5153.02685546875 1008.48388671875 -2848.920166015625 5106.98095703125 11167.5888671875 -10169.66796875 283.218994140625 -1455.365478515625 -7082.23388671875 -306.8139343261719 -817.1033325195312 output 10 6 9 5 1 8 7 2 3 4 indices 2 -1 3 4 -1 1 3 4 2 1 -1 4 2 1 3 -1 2 1 3 4 2 1 3 4 -1 9 1 2 2 1 3 4 -1 10 1 2 -1 7 1 2 value 0.0 0.0 0.0 0.0 0.0 0.0 0.0 0.0 0.0 0.0 0.0 0.0 0.0 0.0 0.0 0.0 0.0 0.0 0.0 0.0 0.0 0.0 0.0 0.0 3.0 1.0 0.0 0.0 0.0 0.0 0.0 0.0 3.0 1.0 0.0 0.0 1.0 1.0 0.0 0.0 
-3950.670166015625 -2977.535400390625 -1962.8070068359375 6344.06640625 -589.388671875 -1293.1875 6874.17724609375 -2804.6806640625 -3482.417724609375 -4109.7607421875 4189.62255859375 -536.9091186523438 -5044.41162109375 5349.8662109375 2518.755859375 -3537.787353515625 -5768.10302734375 2590.499267578125 7215.24267578125 975.4293212890625 output 1 9 7 2 6 10 4 8 3 5 indices 2 -1 3 4 -1 5 1 3 -1 2 1 4 2 1 3 -1 -1 3 1 2 2 1 3 4 2 1 3 4 2 1 3 4 2 1 3 4 2 1 3 4 value 0.0 0.0 0.0 0.0 3.0 1.0 0.0 0.0 1.0 1.0 0.0 0.0 0.0 0.0 0.0 0.0 3.0 1.0 0.0 0.0 0.0 0.0 0.0 0.0 0.0 0.0 0.0 0.0 0.0 0.0 0.0 0.0 0.0 0.0 0.0 0.0 0.0 0.0 0.0 0.0 
-5726.35546875 7291.6015625 6276.53955078125 -5744.408203125 1598.703857421875 9046.8134765625 4936.46044921875 -8785.9853515625 -3359.994140625 2686.2568359375 -6410.3994140625 -3807.922607421875 -8095.19189453125 -6130.3232421875 5236.75341796875 144.4478302001953 5717.373046875 -4670.7060546875 -173.8889617919922 9970.224609375 output 6 7 4 2 9 8 3 10 1 5 indices 2 -1 3 4 -1 1 3 4 2 1 -1 4 -1 6 1 2 2 1 3 4 10 -1 1 2 2 1 3 4 2 1 3 4 2 1 3 4 -1 4 1 2 value 0.0 0.0 0.0 0.0 0.0 0.0 0.0 0.0 0.0 0.0 0.0 0.0 3.0 1.0 0.0 0.0 0.0 0.0 0.0 0.0 1.0 1.0 0.0 0.0 0.0 0.0 0.0 0.0 0.0 0.0 0.0 0.0 0.0 0.0 0.0 0.0 3.0 1.0 0.0 0.0 
-7102.9501953125 -2707.451416015625 1115.798095703125 -115.41778564453125 -5847.28564453125 6319.517578125 -7045.87109375 2142.83203125 3446.67236328125 2665.897705078125 11794.298828125 -11034.978515625 3655.661865234375 -1720.5054931640625 -4118.61328125 -2358.32861328125 7332.4033203125 937.8463134765625 -3230.1142578125 5870.5888671875 output 6 9 5 10 3 4 1 8 2 7 indices 2 -1 3 4 -1 1 3 4 2 1 -1 4 2 1 3 -1 2 1 3 4 -1 8 1 2 2 1 3 4 10 -1 1 2 -1 6 1 2 -1 9 1 2 value 0.0 0.0 0.0 0.0 0.0 0.0 0.0 0.0 0.0 0.0 0.0 0.0 0.0 0.0 0.0 0.0 0.0 0.0 0.0 0.0 3.0 1.0 0.0 0.0 0.0 0.0 0.0 0.0 1.0 1.0 0.0 0.0 1.0 1.0 0.0 0.0 1.0 1.0 0.0 0.0 
1626.218505859375 8338.1357421875 3624.69384765625 -179.96791076660156 -7238.42529296875 3239.449951171875 7677.54248046875 -3774.4462890625 7322.18798828125 -4218.779296875 -7268.6171875 -4567.57861328125 -2423.6572265625 563.1044311523438 2512.869384765625 7769.65869140625 812.9417724609375 1610.869140625 -6645.75439453125 -8780.4462890625 output 1 8 2 4 5 10 6 3 7 9 indices -1 10 2 3 -1 1 3 4 2 1 -1 4 2 1 3 -1 2 1 3 4 2 1 3 4 -1 1 2 3 2 1 3 4 2 1 3 4 -1 7 1 2 value 3.0 1.0 0.0 0.0 0.0 0.0 0.0 0.0 0.0 0.0 0.0 0.0 0.0 0.0 0.0 0.0 0.0 0.0 0.0 0.0 0.0 0.0 0.0 0.0 1.0 1.0 0.0 0.0 0.0 0.0 0.0 0.0 0.0 0.0 0.0 0.0 3.0 1.0 0.0 0.0 
-11028.458984375 5384.56884765625 -136.66705322265625 2638.5146484375 3985.55859375 -2213.12353515625 570.0444946289062 -3179.892578125 -1705.779052734375 -907.0269165039062 7685.7431640625 4979.1455078125 7111.90087890625 4420.951171875 -6794.7314453125 -7699.98779296875 6879.31298828125 -8211.4658203125 -6566.923828125 4788.31640625 output 1 8 5 4 9 3 7 6 2 10 indices 2 -1 3 4 -1 1 3 4 2 1 -1 4 2 1 3 -1 6 -1 1 2 -1 9 1 2 2 1 3 4 -1 5 1 2 -1 8 1 2 2 1 3 4 value 0.0 0.0 0.0 0.0 0.0 0.0 0.0 0.0 0.0 0.0 0.0 0.0 0.0 0.0 0.0 0.0 1.0 1.0 0.0 0.0 3.0 1.0 0.0 0.0 0.0 0.0 0.0 0.0 1.0 1.0 0.0 0.0 1.0 1.0 0.0 0.0 0.0 0.0 0.0 0.0 
-6413.3271484375 -608.0147705078125 6831.14599609375 -5167.52587890625 445.8923645019531 -7013.55517578125 996.5855712890625 6985.04638671875 -6016.7431640625 9182.501953125 8191.33447265625 -3087.33447265625 -1002.212890625 -4086.0126953125 -5964.32080078125 10736.8212890625 -1221.2706298828125 791.9266967773438 4152.9169921875 -7733.85205078125 output 10 3 7 9 1 5 8 4 6 2 indices 2 -1 3 4 -1 1 3 4 2 1 -1 4 2 1 3 -1 2 1 3 4 2 1 3 4 9 3 1 2 -1 10 1 2 8 3 1 2 -1 7 1 2 value 0.0 0.0 0.0 0.0 0.0 0.0 0.0 0.0 0.0 0.0 0.0 0.0 0.0 0.0 0.0 0.0 0.0 0.0 0.0 0.0 0.0 0.0 0.0 0.0 1.0 0.0 0.0 0.0 3.0 1.0 0.0 0.0 1.0 0.0 0.0 0.0 3.0 1.0 0.0 0.0 
-4566.75634765625 -3856.3349609375 4058.24853515625 -7112.654296875 7107.1083984375 -1074.9017333984375 -324.9956970214844 -4117.47021484375 -11996.37890625 6654.11669921875 5981.89111328125 -8292.8779296875 7305.06103515625 -1861.6016845703125 -2782.7666015625 7652.583984375 -1755.6824951171875 8689.9189453125 -3025.728759765625 3319.22119140625 output 6 2 4 1 5 9 8 10 3 7 indices 2 -1 3 4 -1 1 3 4 2 1 -1 4 9 -1 1 2 2 1 3 4 -1 4 1 2 2 1 3 4 2 1 3 4 -1 6 1 2 2 1 3 4 value 0.0 0.0 0.0 0.0 0.0 0.0 0.0 0.0 0.0 0.0 0.0 0.0 1.0 1.0 0.0 0.0 0.0 0.0 0.0 0.0 3.0 1.0 0.0 0.0 0.0 0.0 0.0 0.0 0.0 0.0 0.0 0.0 3.0 1.0 0.0 0.0 0.0 0.0 0.0 0.0 
5194.8359375 -7052.97509765625 -475.0556640625 5739.04541015625 4194.35595703125 4509.43115234375 -6522.65771484375 -8207.427734375 5487.6005859375 -2720.084228515625 -7224.73828125 795.3964233398438 4218.07421875 -7620.2431640625 -10285.740234375 278.3463134765625 3977.927001953125 4038.5439453125 1435.3984375 10239.966796875 output 4 8 6 2 10 3 9 5 1 7 indices 2 -1 3 4 -1 1 3 4 2 1 -1 4 -1 10 1 2 2 1 3 4 2 1 3 4 2 1 3 4 2 1 3 4 2 1 3 4 -1 4 1 2 value 0.0 0.0 0.0 0.0 0.0 0.0 0.0 0.0 0.0 0.0 0.0 0.0 5.0 1.0 0.0 0.0 0.0 0.0 0.0 0.0 0.0 0.0 0.0 0.0 0.0 0.0 0.0 0.0 0.0 0.0 0.0 0.0 0.0 0.0 0.0 0.0 3.0 1.0 0.0 0.0 
-11472.001953125 1037.792724609375 4892.31396484375 -2485.426025390625 3826.621826171875 2402.387451171875 6615.10498046875 -7894.99267578125 -6141.18896484375 603.9521484375 3197.87060546875 -7123.53173828125 -846.1015014648438 696.5164794921875 5315.84765625 7691.40576171875 -2306.3349609375 3727.017578125 -3082.131591796875 1344.87841796875 output 6 4 2 3 8 9 1 5 10 7 indices 2 -1 3 4 -1 1 3 4 2 1 -1 4 -1 7 1 2 2 1 3 4 2 1 3 4 8 -1 1 2 -1 4 1 2 2 1 3 4 2 1 3 4 value 0.0 0.0 0.0 0.0 0.0 0.0 0.0 0.0 0.0 0.0 0.0 0.0 3.0 1.0 0.0 0.0 0.0 0.0 0.0 0.0 0.0 0.0 0.0 0.0 1.0 1.0 0.0 0.0 3.0 1.0 0.0 0.0 0.0 0.0 0.0 0.0 0.0 0.0 0.0 0.0 
-2735.202392578125 -3358.17919921875 5522.322265625 -4918.6416015625 2143.591552734375 3318.639892578125 -5370.16552734375 -385.2234191894531 7921.21875 3693.87060546875 866.3594970703125 -2700.8974609375 7719.62646484375 4820.23291015625 -4708.10546875 -2253.11181640625 -4557.54638671875 -6468.08447265625 -6802.09814453125 8251.3955078125 output 1 9 8 4 10 3 7 5 2 6 indices 7 -1 2 3 -1 1 3 4 2 1 -1 4 2 1 3 -1 2 1 3 4 2 1 3 4 -1 9 1 2 2 1 3 4 -1 1 2 3 2 1 3 4 value 1.0 1.0 0.0 0.0 0.0 0.0 0.0 0.0 0.0 0.0 0.0 0.0 0.0 0.0 0.0 0.0 0.0 0.0 0.0 0.0 0.0 0.0 0.0 0.0 3.0 1.0 0.0 0.0 0.0 0.0 0.0 0.0 3.0 1.0 0.0 0.0 0.0 0.0 0.0 0.0 
-9.024591445922852 3963.173828125 2071.88623046875 -5844.892578125 6697.1337890625 -7256.62548828125 -2729.575439453125 6469.318359375 1921.7744140625 -10932.6171875 -7319.2119140625 6231.4833984375 1909.138427734375 1116.9774169921875 -3535.469970703125 6729.9130859375 891.9507446289062 4092.431640625 101.3982162475586 -4569.16259765625 output 2 10 6 8 4 1 9 7 3 5 indices 2 -1 3 4 -1 1 3 4 2 1 -1 4 -1 5 1 2 -1 10 1 2 2 1 3 4 2 1 3 4 2 1 3 4 2 1 3 4 -1 4 1 2 value 0.0 0.0 0.0 0.0 0.0 0.0 0.0 0.0 0.0 0.0 0.0 0.0 3.0 1.0 0.0 0.0 3.0 1.0 0.0 0.0 0.0 0.0 0.0 0.0 0.0 0.0 0.0 0.0 0.0 0.0 0.0 0.0 0.0 0.0 0.0 0.0 1.0 1.0 0.0 0.0 
5181.1513671875 1430.6181640625 -1831.900146484375 3280.3720703125 1906.17822265625 -1729.8299560546875 -6694.95654296875 -7037.9736328125 7969.025390625 5266.65478515625 297.7786865234375 -4329.32275390625 6285.89501953125 415.7974853515625 865.5408935546875 7344.78466796875 -7015.76416015625 -7786.916015625 -6962.9482421875 3145.81494140625 output 7 1 5 8 2 10 4 9 6 3 indices 2 -1 3 4 -1 1 3 4 5 -1 1 2 2 1 3 -1 -1 9 1 2 2 1 3 4 2 1 3 4 2 1 3 4 -1 3 1 2 2 1 3 4 value 0.0 0.0 0.0 0.0 0.0 0.0 0.0 0.0 1.0 1.0 0.0 0.0 0.0 0.0 0.0 0.0 3.0 1.0 0.0 0.0 0.0 0.0 0.0 0.0 0.0 0.0 0.0 0.0 0.0 0.0 0.0 0.0 3.0 1.0 0.0 0.0 0.0 0.0 0.0 0.0 
3927.783935546875 2987.61669921875 1613.2095947265625 -1459.7674560546875 9883.875 5175.8720703125 -7369.00244140625 -652.398681640625 1187.9669189453125 -3050.1943359375 -3978.10546875 -6444.5029296875 3846.924560546875 -149.11363220214844 -8008.3193359375 6897.12109375 6769.65869140625 -8215.4951171875 -7873.99169921875 4910.86181640625 output 1 3 7 2 5 9 6 4 10 8 indices 2 -1 3 4 3 -1 1 4 -1 9 1 2 2 1 3 -1 2 1 3 4 2 1 3 4 2 1 3 4 2 1 3 4 -1 2 1 3 2 1 3 4 value 0.0 0.0 0.0 0.0 1.0 1.0 0.0 0.0 3.0 1.0 0.0 0.0 0.0 0.0 0.0 0.0 0.0 0.0 0.0 0.0 0.0 0.0 0.0 0.0 0.0 0.0 0.0 0.0 0.0 0.0 0.0 0.0 3.0 1.0 0.0 0.0 0.0 0.0 0.0 0.0 
-4579.826171875 5102.87353515625 10983.732421875 498.76080322265625 -1880.218994140625 -3999.41552734375 -11.31382942199707 77.39436340332031 8226.8974609375 4580.9267578125 -1170.929931640625 -6157.30517578125 -7986.28662109375 -6717.39306640625 -6629.20263671875 -495.08197021484375 11119.7568359375 -4647.13720703125 -8072.60888671875 11756.3779296875 output 1 10 5 2 9 4 3 6 7 8 indices 2 -1 3 4 -1 1 3 4 2 1 -1 4 10 -1 1 2 7 -1 1 2 2 1 3 4 -1 4 1 2 2 1 3 4 2 1 3 4 -1 5 1 2 value 0.0 0.0 0.0 0.0 0.0 0.0 0.0 0.0 0.0 0.0 0.0 0.0 1.0 1.0 0.0 0.0 1.0 1.0 0.0 0.0 0.0 0.0 0.0 0.0 3.0 1.0 0.0 0.0 0.0 0.0 0.0 0.0 0.0 0.0 0.0 0.0 1.0 1.0 0.0 0.0 
4501.970703125 -5224.990234375 -8199.0703125 4172.7861328125 8862.2041015625 -1053.510009765625 7254.31689453125 3793.810546875 1411.3616943359375 -7906.501953125 7589.73486328125 5336.62451171875 -5462.77197265625 4932.91455078125 -8464.134765625 -16.908727645874023 663.9269409179688 -3370.6826171875 -8157.5380859375 -663.5421142578125 output 8 10 9 5 1 3 4 6 7 2 indices 2 -1 3 4 -1 1 3 4 2 1 -1 4 2 1 3 -1 -1 9 1 2 -1 5 1 2 2 1 3 4 2 1 3 4 -1 6 1 2 2 1 3 4 value 0.0 0.0 0.0 0.0 0.0 0.0 0.0 0.0 0.0 0.0 0.0 0.0 0.0 0.0 0.0 0.0 3.0 1.0 0.0 0.0 3.0 1.0 0.0 0.0 0.0 0.0 0.0 0.0 0.0 0.0 0.0 0.0 1.0 1.0 0.0 0.0 0.0 0.0 0.0 0.0 
-4227.1865234375 5987.2080078125 -4689.53076171875 -5092.43310546875 7791.57275390625 -10793.4677734375 -6403.7529296875 3400.917724609375 -2186.413330078125 -278.036865234375 7457.90087890625 3657.77001953125 -5512.58935546875 4434.99072265625 1851.0179443359375 7170.400390625 2470.979736328125 -11064.9140625 3448.001708984375 2577.564697265625 output 8 1 7 4 5 2 9 3 6 10 indices 2 -1 3 4 -1 1 3 4 2 1 -1 4 2 1 3 -1 8 -1 1 2 2 1 3 4 2 1 3 4 -1 9 1 2 -1 5 1 2 2 1 3 4 value 0.0 0.0 0.0 0.0 0.0 0.0 0.0 0.0 0.0 0.0 0.0 0.0 0.0 0.0 0.0 0.0 1.0 1.0 0.0 0.0 0.0 0.0 0.0 0.0 0.0 0.0 0.0 0.0 3.0 1.0 0.0 0.0 3.0 1.0 0.0 0.0 0.0 0.0 0.0 0.0 
-5295.708984375 8144.8876953125 -3304.263916015625 7283.33056640625 3445.14990234375 -4304.66162109375 10402.2021484375 6922.56640625 -8706.98828125 -5098.87255859375 5809.3876953125 -3313.791259765625 456.5758056640625 4932.9609375 -3731.348876953125 -10448.6943359375 -4544.845703125 793.4376831054688 5469.83984375 -4911.16259765625 output 4 7 2 1 9 5 8 3 10 6 indices 2 -1 3 4 -1 1 3 4 2 1 -1 4 -1 8 1 2 2 1 3 4 2 1 3 4 2 1 3 4 -1 9 1 2 -1 4 1 2 2 1 3 4 value 0.0 0.0 0.0 0.0 0.0 0.0 0.0 0.0 0.0 0.0 0.0 0.0 3.0 1.0 0.0 0.0 0.0 0.0 0.0 0.0 0.0 0.0 0.0 0.0 0.0 0.0 0.0 0.0 3.0 1.0 0.0 0.0 1.0 1.0 0.0 0.0 0.0 0.0 0.0 0.0 
51.696842193603516 36.117862701416016 80.80074310302734 2120.919677734375 2150.169921875 -1428.216064453125 -5400.4833984375 449.8622741699219 -3942.104736328125 -6522.47607421875 -2098.746337890625 8927.8837890625 10922.677734375 2567.5595703125 -5753.05712890625 -229.8292999267578 2206.248046875 -5338.130859375 1782.798583984375 -583.6914672851562 output 1 10 3 7 9 5 8 4 6 2 indices 6 -1 2 3 -1 1 3 4 2 1 -1 4 2 1 3 -1 -1 1 2 3 -1 7 1 2 5 3 1 2 2 1 3 4 2 1 3 4 2 1 3 4 value 1.0 1.0 0.0 0.0 0.0 0.0 0.0 0.0 0.0 0.0 0.0 0.0 0.0 0.0 0.0 0.0 3.0 1.0 0.0 0.0 2.0 1.0 0.0 0.0 1.0 0.0 0.0 0.0 0.0 0.0 0.0 0.0 0.0 0.0 0.0 0.0 0.0 0.0 0.0 0.0 
8772.939453125 -5913.298828125 4963.82177734375 7616.359375 3117.815673828125 -266.7705078125 -5341.83251953125 1043.439453125 -7044.97265625 -9741.220703125 2478.72314453125 7688.1630859375 7609.10302734375 -2694.09326171875 -4173.048828125 9558.6318359375 -2880.058349609375 -9318.580078125 -7502.49072265625 2027.3681640625 output 1 7 3 2 6 8 10 4 5 9 indices 2 -1 3 4 -1 5 1 3 2 1 -1 4 2 -1 1 3 -1 9 1 2 2 1 3 4 2 1 3 4 2 1 3 4 4 3 1 2 2 1 3 4 value 0.0 0.0 0.0 0.0 3.0 1.0 0.0 0.0 0.0 0.0 0.0 0.0 1.0 0.0 0.0 0.0 3.0 1.0 0.0 0.0 0.0 0.0 0.0 0.0 0.0 0.0 0.0 0.0 0.0 0.0 0.0 0.0 1.0 0.0 0.0 0.0 0.0 0.0 0.0 0.0 
-12736.2978515625 -6271.26904296875 5406.05322265625 1931.3870849609375 5537.04833984375 6665.25244140625 5717.3837890625 10114.005859375 -1167.5367431640625 291.84130859375 -3565.373291015625 -2995.177978515625 -852.0042724609375 756.92529296875 113.31407165527344 -5653.28759765625 -1572.64697265625 -6774.21826171875 3120.059326171875 1934.5411376953125 output 7 5 6 1 9 8 10 2 3 4 indices 2 -1 3 4 -1 1 3 4 2 1 -1 4 -1 9 1 2 -1 4 1 2 2 1 3 4 2 1 3 4 2 1 3 4 -1 5 1 2 2 1 3 4 value 0.0 0.0 0.0 0.0 0.0 0.0 0.0 0.0 0.0 0.0 0.0 0.0 3.0 1.0 0.0 0.0 1.0 1.0 0.0 0.0 0.0 0.0 0.0 0.0 0.0 0.0 0.0 0.0 0.0 0.0 0.0 0.0 3.0 1.0 0.0 0.0 0.0 0.0 0.0 0.0 
-8087.759765625 -4076.063720703125 8350.6748046875 707.61962890625 -9861.2275390625 -3431.658203125 1715.54833984375 7495.27294921875 -7459.21826171875 -614.0335693359375 3408.350341796875 9744.4072265625 7599.3095703125 2610.385498046875 571.2859497070312 -7751.455078125 -3462.0234375 -4004.80810546875 7225.0595703125 -679.6671752929688 output 2 10 8 9 1 3 5 4 6 7 indices 2 -1 3 4 -1 1 3 4 2 1 -1 4 2 1 3 -1 2 1 3 4 -1 8 1 2 2 1 3 4 -1 9 1 2 -1 6 1 2 2 1 3 4 value 0.0 0.0 0.0 0.0 0.0 0.0 0.0 0.0 0.0 0.0 0.0 0.0 0.0 0.0 0.0 0.0 0.0 0.0 0.0 0.0 3.0 1.0 0.0 0.0 0.0 0.0 0.0 0.0 3.0 1.0 0.0 0.0 1.0 1.0 0.0 0.0 0.0 0.0 0.0 0.0 
-1522.9669189453125 -5632.73681640625 -9286.7041015625 -9505.037109375 -4150.91552734375 3994.74072265625 -210.7042694091797 3234.855224609375 5886.6669921875 -3283.85498046875 6143.60302734375 951.4694213867188 -4541.63232421875 -6020.15185546875 2981.66748046875 -402.2926940917969 -1562.1798095703125 7418.96435546875 6263.1650390625 9244.0439453125 output 8 1 7 2 3 4 9 10 6 5 indices 10 -1 2 3 -1 1 3 4 2 1 -1 4 2 1 3 -1 2 1 3 4 2 1 3 4 2 1 3 4 2 1 3 4 2 1 3 4 -1 2 1 3 value 1.0 1.0 0.0 0.0 3.0 1.0 0.0 0.0 0.0 0.0 0.0 0.0 0.0 0.0 0.0 0.0 0.0 0.0 0.0 0.0 0.0 0.0 0.0 0.0 0.0 0.0 0.0 0.0 0.0 0.0 0.0 0.0 0.0 0.0 0.0 0.0 3.0 1.0 0.0 0.0 
-2628.1494140625 -3843.7900390625 -8622.5927734375 6498.86962890625 -5013.72119140625 -9836.083984375 -2103.811279296875 8812.8232421875 2179.58837890625 8223.9970703125 5241.98974609375 -1523.7005615234375 7086.78076171875 443.7034912109375 354.5074768066406 -1459.3153076171875 -3231.654296875 -6590.16552734375 6737.06201171875 -726.3377685546875 output 9 1 8 6 10 7 5 4 2 3 indices 2 -1 3 4 -1 1 3 4 -1 8 1 2 2 1 3 -1 -1 3 1 2 2 1 3 4 2 1 3 4 -1 5 1 2 2 1 3 4 2 1 3 4 value 0.0 0.0 0.0 0.0 0.0 0.0 0.0 0.0 3.0 1.0 0.0 0.0 0.0 0.0 0.0 0.0 3.0 1.0 0.0 0.0 0.0 0.0 0.0 0.0 0.0 0.0 0.0 0.0 1.0 1.0 0.0 0.0 0.0 0.0 0.0 0.0 0.0 0.0 0.0 0.0 
-228.1199493408203 6410.1279296875 7740.7412109375 -2115.647705078125 -1074.8524169921875 3051.287109375 7077.76513671875 -2683.322509765625 6132.70361328125 2019.8160400390625 -5569.275390625 2966.21826171875 -8564.0263671875 -8700.6552734375 -7056.6005859375 744.311767578125 -6793.3115234375 -5326.05615234375 8334.9765625 3633.92041015625 output 3 1 10 5 2 4 7 9 8 6 indices 2 -1 3 4 -1 1 3 4 2 1 -1 4 2 1 3 -1 2 1 3 4 2 1 3 4 -1 9 1 2 2 1 3 4 10 -1 1 2 -1 7 1 2 value 0.0 0.0 0.0 0.0 0.0 0.0 0.0 0.0 0.0 0.0 0.0 0.0 0.0 0.0 0.0 0.0 0.0 0.0 0.0 0.0 0.0 0.0 0.0 0.0 3.0 1.0 0.0 0.0 0.0 0.0 0.0 0.0 1.0 1.0 0.0 0.0 3.0 1.0 0.0 0.0 
-7261.173828125 5752.92138671875 10348.484375 2767.38134765625 8250.7421875 -3954.637939453125 5984.06591796875 7688.32470703125 4744.0517578125 -5278.521484375 1437.3426513671875 502.34600830078125 -8245.25390625 2232.467041015625 -9290.009765625 3986.04541015625 -8382.6318359375 -11494.0458984375 2414.382568359375 -2202.280517578125 output 1 4 2 3 5 10 6 9 7 8 indices 2 -1 3 4 -1 1 3 4 2 1 -1 4 -1 9 1 2 2 1 3 4 2 1 3 4 2 1 3 4 2 1 3 4 -1 10 1 2 -1 4 1 2 value 0.0 0.0 0.0 0.0 0.0 0.0 0.0 0.0 0.0 0.0 0.0 0.0 3.0 1.0 0.0 0.0 0.0 0.0 0.0 0.0 0.0 0.0 0.0 0.0 0.0 0.0 0.0 0.0 0.0 0.0 0.0 0.0 3.0 1.0 0.0 0.0 1.0 1.0 0.0 0.0 
4005.957275390625 310.7425537109375 -6782.544921875 -7553.59130859375 2923.3974609375 9209.4609375 2624.34326171875 -9100.4775390625 5230.89453125 -4451.6630859375 4945.22900390625 3826.586669921875 -4429.31396484375 6568.01318359375 -4637.02001953125 -1956.9976806640625 -8243.1572265625 7130.5224609375 4362.21435546875 -3982.595947265625 output 5 10 1 6 3 7 9 8 2 4 indices 2 -1 3 4 -1 1 3 4 -1 4 1 2 -1 8 1 2 2 1 3 4 2 1 3 4 2 1 3 4 -1 3 1 2 2 1 3 4 2 1 3 4 value 0.0 0.0 0.0 0.0 0.0 0.0 0.0 0.0 3.0 1.0 0.0 0.0 3.0 1.0 0.0 0.0 0.0 0.0 0.0 0.0 0.0 0.0 0.0 0.0 0.0 0.0 0.0 0.0 1.0 1.0 0.0 0.0 0.0 0.0 0.0 0.0 0.0 0.0 0.0 0.0 
-6062.46826171875 557.5039672851562 -6344.80908203125 -7597.6181640625 12991.87109375 6682.685546875 -4167.56982421875 -5059.78466796875 874.5172729492188 -6349.60595703125 12924.5849609375 4484.29052734375 682.5750732421875 8643.708984375 -1531.2427978515625 6257.19091796875 -3068.910400390625 170.46372985839844 -6298.54833984375 -7788.8349609375 output 8 7 3 6 5 10 2 4 1 9 indices 2 -1 3 4 3 -1 1 4 -1 10 1 2 2 1 3 -1 2 1 3 4 2 1 3 4 2 1 3 4 2 1 3 4 2 1 3 4 -1 2 1 3 value 0.0 0.0 0.0 0.0 1.0 1.0 0.0 0.0 3.0 1.0 0.0 0.0 0.0 0.0 0.0 0.0 0.0 0.0 0.0 0.0 0.0 0.0 0.0 0.0 0.0 0.0 0.0 0.0 0.0 0.0 0.0 0.0 0.0 0.0 0.0 0.0 3.0 1.0 0.0 0.0 
136.2790069580078 1951.9580078125 2253.1884765625 1143.0531005859375 540.8760986328125 10238.62890625 8310.0556640625 2690.94287109375 3247.076904296875 -2859.147705078125 -6481.849609375 -8272.6806640625 -7070.17724609375 3645.805419921875 -1408.34033203125 -7126.02099609375 2340.541015625 1103.3050537109375 -1867.6492919921875 -2515.843994140625 output 1 2 9 4 5 10 8 6 7 3 indices 2 -1 3 4 -1 1 3 4 -1 6 1 2 2 1 3 -1 2 1 3 4 -1 10 1 2 2 1 3 4 2 1 3 4 2 1 3 4 -1 3 1 2 value 0.0 0.0 0.0 0.0 0.0 0.0 0.0 0.0 3.0 1.0 0.0 0.0 0.0 0.0 0.0 0.0 0.0 0.0 0.0 0.0 3.0 1.0 0.0 0.0 0.0 0.0 0.0 0.0 0.0 0.0 0.0 0.0 0.0 0.0 0.0 0.0 1.0 1.0 0.0 0.0 
2456.635498046875 2347.470458984375 3804.5751953125 -1223.4298095703125 4016.250732421875 4826.23388671875 1746.7967529296875 5563.0263671875 5486.94873046875 -975.3251342773438 -9181.6552734375 -2218.411376953125 -112.2901611328125 -11267.7939453125 -2506.041015625 609.4768676757812 2932.604736328125 6288.5546875 -8643.8251953125 -3949.802734375 output 1 5 2 7 10 6 8 4 9 3 indices 2 -1 3 4 -1 1 3 4 2 1 -1 4 2 1 3 -1 2 1 3 4 2 1 3 4 -1 8 1 2 9 -1 1 2 -1 7 1 2 2 1 3 4 value 0.0 0.0 0.0 0.0 0.0 0.0 0.0 0.0 0.0 0.0 0.0 0.0 0.0 0.0 0.0 0.0 0.0 0.0 0.0 0.0 0.0 0.0 0.0 0.0 3.0 1.0 0.0 0.0 1.0 1.0 0.0 0.0 3.0 1.0 0.0 0.0 0.0 0.0 0.0 0.0 
-5511.10302734375 -2720.25830078125 -529.1366577148438 -633.6766357421875 -3031.100830078125 2931.509521484375 3543.122802734375 3095.61767578125 -291.5505065917969 -5443.1357421875 5159.291015625 -2364.656494140625 -3984.6572265625 -1595.7998046875 -77.22343444824219 781.0963134765625 -651.5733642578125 119.81705474853516 5373.93115234375 5829.486328125 output 1 5 6 10 4 8 2 9 3 7 indices 2 -1 3 4 10 -1 1 3 2 1 -1 4 2 1 3 -1 -1 2 1 3 2 1 3 4 2 1 3 4 2 1 3 4 2 1 3 4 -1 5 1 2 value 0.0 0.0 0.0 0.0 1.0 1.0 0.0 0.0 0.0 0.0 0.0 0.0 0.0 0.0 0.0 0.0 3.0 1.0 0.0 0.0 0.0 0.0 0.0 0.0 0.0 0.0 0.0 0.0 0.0 0.0 0.0 0.0 0.0 0.0 0.0 0.0 3.0 1.0 0.0 0.0 
6490.8740234375 -2695.57470703125 3632.37451171875 -3392.27392578125 -210.6220245361328 -9492.388671875 7080.845703125 4554.58740234375 -9260.5048828125 -2600.9794921875 -4167.08056640625 2560.609130859375 7298.0458984375 8040.158203125 -5916.5341796875 -5587.43408203125 1801.9012451171875 6459.81884765625 -6749.30029296875 2153.477783203125 output 10 6 9 7 4 1 2 3 8 5 indices 2 -1 3 4 -1 1 3 4 -1 8 1 2 2 1 3 -1 2 1 3 4 2 1 3 4 -1 3 1 2 -1 7 1 2 2 1 3 4 2 1 3 4 value 0.0 0.0 0.0 0.0 0.0 0.0 0.0 0.0 3.0 1.0 0.0 0.0 0.0 0.0 0.0 0.0 0.0 0.0 0.0 0.0 0.0 0.0 0.0 0.0 3.0 1.0 0.0 0.0 1.0 1.0 0.0 0.0 0.0 0.0 0.0 0.0 0.0 0.0 0.0 0.0 
-5052.6435546875 5980.1259765625 -6955.41552734375 -7887.8193359375 6820.46826171875 4109.296875 2991.829833984375 4989.24951171875 -10285.12109375 -10877.6689453125 5039.7490234375 1309.1708984375 -3632.3408203125 536.9620361328125 7935.83154296875 372.0903625488281 -3815.234375 -365.1883239746094 6952.876953125 1833.7806396484375 output 6 8 10 3 4 1 7 9 5 2 indices 2 -1 3 4 -1 1 3 4 -1 5 1 2 2 1 3 -1 -1 9 1 2 2 1 3 4 2 1 3 4 2 1 3 4 -1 3 1 2 2 1 3 4 value 0.0 0.0 0.0 0.0 0.0 0.0 0.0 0.0 3.0 1.0 0.0 0.0 0.0 0.0 0.0 0.0 3.0 1.0 0.0 0.0 0.0 0.0 0.0 0.0 0.0 0.0 0.0 0.0 0.0 0.0 0.0 0.0 1.0 1.0 0.0 0.0 0.0 0.0 0.0 0.0 
7050.1123046875 7904.70166015625 -3118.684326171875 -4573.71875 -2456.742919921875 29.284839630126953 3055.047119140625 -762.3114624023438 -7512.62060546875 4434.17626953125 2301.53515625 -4230.2822265625 -3474.32958984375 -788.3037719726562 -2949.701904296875 -6937.5986328125 3446.300048828125 -228.9776153564453 3659.084716796875 5153.02978515625 output 10 1 9 4 6 8 2 7 3 5 indices -1 8 2 3 -1 1 3 4 -1 1 2 4 2 1 3 -1 2 1 3 4 2 1 3 4 2 1 3 4 -1 3 1 2 2 1 3 4 2 1 3 4 value 3.0 1.0 0.0 0.0 0.0 0.0 0.0 0.0 1.0 1.0 0.0 0.0 0.0 0.0 0.0 0.0 0.0 0.0 0.0 0.0 0.0 0.0 0.0 0.0 0.0 0.0 0.0 0.0 3.0 1.0 0.0 0.0 0.0 0.0 0.0 0.0 0.0 0.0 0.0 0.0 
5788.2978515625 6675.712890625 10025.595703125 -4001.24072265625 3131.69970703125 2827.5634765625 -9376.3876953125 -2266.943115234375 2556.052490234375 -10399.0673828125 -2659.823974609375 5741.732421875 -5146.93603515625 2044.6356201171875 -5787.76171875 -3420.03173828125 9217.3154296875 -470.231689453125 -7748.05126953125 3267.870849609375 output 1 3 6 7 10 4 8 5 2 9 indices -1 5 2 3 -1 1 3 4 2 1 -1 4 2 1 3 -1 -1 8 1 2 2 1 3 4 2 1 3 4 -1 1 2 3 2 1 3 4 2 1 3 4 value 3.0 1.0 0.0 0.0 0.0 0.0 0.0 0.0 0.0 0.0 0.0 0.0 0.0 0.0 0.0 0.0 3.0 1.0 0.0 0.0 0.0 0.0 0.0 0.0 0.0 0.0 0.0 0.0 1.0 1.0 0.0 0.0 0.0 0.0 0.0 0.0 0.0 0.0 0.0 0.0 
-5712.2236328125 -4978.22705078125 -3952.562744140625 7699.58447265625 -7801.2919921875 -7199.0947265625 8392.9248046875 9216.0947265625 -2170.444091796875 3528.435302734375 8975.4423828125 -2296.2001953125 -8028.0419921875 -607.2907104492188 -1465.0062255859375 -1513.42626953125 3617.860595703125 -3223.159912109375 8143.34228515625 -626.7160034179688 output 10 6 9 8 1 3 7 5 2 4 indices 2 -1 3 4 -1 1 3 4 -1 8 1 2 -1 3 1 2 2 1 3 4 2 1 3 4 2 1 3 4 -1 4 1 2 2 1 3 4 2 1 3 4 value 0.0 0.0 0.0 0.0 0.0 0.0 0.0 0.0 3.0 1.0 0.0 0.0 3.0 1.0 0.0 0.0 0.0 0.0 0.0 0.0 0.0 0.0 0.0 0.0 0.0 0.0 0.0 0.0 1.0 1.0 0.0 0.0 0.0 0.0 0.0 0.0 0.0 0.0 0.0 0.0 
3726.54345703125 750.0682983398438 -335.6883544921875 -8146.56201171875 -5489.9033203125 -2178.92578125 -6612.88330078125 2495.638671875 6626.12646484375 5423.32080078125 7357.61181640625 6445.08935546875 7514.15185546875 -3829.815673828125 1702.67626953125 5894.998046875 -6974.240234375 1800.115966796875 -7514.39453125 -8653.927734375 output 7 1 5 6 8 4 9 3 10 2 indices 2 -1 3 4 -1 1 3 4 6 -1 1 2 2 1 3 -1 2 1 3 4 -1 10 1 2 2 1 3 4 2 1 3 4 2 1 3 4 -1 3 1 2 value 0.0 0.0 0.0 0.0 0.0 0.0 0.0 0.0 1.0 1.0 0.0 0.0 0.0 0.0 0.0 0.0 0.0 0.0 0.0 0.0 3.0 1.0 0.0 0.0 0.0 0.0 0.0 0.0 0.0 0.0 0.0 0.0 0.0 0.0 0.0 0.0 3.0 1.0 0.0 0.0 
-317.13360595703125 687.5516357421875 6982.31640625 305.9616394042969 -2521.660400390625 -2913.113525390625 2080.626953125 8349.1943359375 -2584.960693359375 -2078.95654296875 -1526.4598388671875 2494.9228515625 -6314.3583984375 -5206.37744140625 2497.53759765625 -1370.93994140625 -5625.8330078125 8851.6923828125 7329.9248046875 -9119.935546875 output 1 6 9 4 2 10 8 3 7 5 indices 2 -1 3 4 -1 1 3 4 2 1 -1 4 -1 10 1 2 -1 4 1 2 2 1 3 4 2 1 3 4 2 1 3 4 2 1 3 4 -1 5 1 2 value 0.0 0.0 0.0 0.0 0.0 0.0 0.0 0.0 0.0 0.0 0.0 0.0 3.0 1.0 0.0 0.0 1.0 1.0 0.0 0.0 0.0 0.0 0.0 0.0 0.0 0.0 0.0 0.0 0.0 0.0 0.0 0.0 0.0 0.0 0.0 0.0 3.0 1.0 0.0 0.0 
2757.291748046875 -5861.9541015625 -6652.5556640625 4903.029296875 522.9869995117188 -5500.822265625 4244.6552734375 -3380.848876953125 3234.408935546875 1198.8275146484375 -10937.2919921875 3650.576416015625 -5351.58349609375 5781.20947265625 1039.4173583984375 679.0101318359375 5155.9189453125 6672.2451171875 5986.751953125 -8141.27294921875 output 9 7 2 6 3 1 10 4 8 5 indices 2 -1 3 4 -1 1 3 4 9 -1 1 2 2 1 3 -1 2 1 3 4 2 1 3 4 2 1 3 4 2 1 3 4 -1 10 1 2 -1 3 1 2 value 0.0 0.0 0.0 0.0 0.0 0.0 0.0 0.0 1.0 1.0 0.0 0.0 0.0 0.0 0.0 0.0 0.0 0.0 0.0 0.0 0.0 0.0 0.0 0.0 0.0 0.0 0.0 0.0 0.0 0.0 0.0 0.0 3.0 1.0 0.0 0.0 3.0 1.0 0.0 0.0 
-6981.84423828125 -6890.87646484375 -6788.93408203125 4136.4970703125 8317.3857421875 -4486.166015625 5763.35205078125 3353.047607421875 3651.87451171875 4328.267578125 -4118.3134765625 -3796.982421875 -7731.23486328125 -6233.6640625 5377.69287109375 4742.27099609375 5709.74169921875 7226.46142578125 -3199.720458984375 -2378.855224609375 output 7 1 6 10 3 4 8 9 5 2 indices -1 10 2 3 -1 1 3 4 2 1 -1 4 2 1 3 -1 2 1 3 4 2 1 3 4 2 1 3 4 2 1 3 4 -1 1 2 3 -1 9 1 2 value 3.0 1.0 0.0 0.0 0.0 0.0 0.0 0.0 0.0 0.0 0.0 0.0 0.0 0.0 0.0 0.0 0.0 0.0 0.0 0.0 0.0 0.0 0.0 0.0 0.0 0.0 0.0 0.0 0.0 0.0 0.0 0.0 3.0 1.0 0.0 0.0 1.0 1.0 0.0 0.0 
3416.760498046875 -7972.462890625 -5319.02880859375 -4027.369140625 2710.62548828125 4709.30615234375 3933.3701171875 4645.5546875 6088.46484375 -4823.9892578125 -4017.580078125 3954.944580078125 -3725.9248046875 2810.221923828125 407.2952575683594 1223.7159423828125 -4377.41015625 3333.7138671875 883.4273681640625 -3853.635498046875 output 3 4 5 1 10 2 9 6 7 8 indices -1 10 2 3 -1 1 3 4 2 1 -1 4 -1 1 2 3 2 1 3 4 2 1 3 4 2 1 3 4 2 1 3 4 2 1 3 4 -1 4 1 2 value 3.0 1.0 0.0 0.0 0.0 0.0 0.0 0.0 0.0 0.0 0.0 0.0 3.0 1.0 0.0 0.0 0.0 0.0 0.0 0.0 0.0 0.0 0.0 0.0 0.0 0.0 0.0 0.0 0.0 0.0 0.0 0.0 0.0 0.0 0.0 0.0 1.0 1.0 0.0 0.0 
-1438.0504150390625 9510.4345703125 3368.259521484375 3490.053466796875 -5343.92138671875 -1271.1103515625 -2938.197998046875 6434.4697265625 5429.939453125 -9117.3740234375 1585.27587890625 -5482.1953125 -5769.09130859375 -7537.025390625 6819.75146484375 3157.047607421875 -6905.8896484375 -6561.39453125 5191.92431640625 7377.09423828125 output 3 9 7 6 5 8 2 10 1 4 indices 2 -1 3 4 -1 1 3 4 10 -1 1 2 2 1 3 -1 -1 3 1 2 2 1 3 4 2 1 3 4 2 1 3 4 2 1 3 4 -1 5 1 2 value 0.0 0.0 0.0 0.0 0.0 0.0 0.0 0.0 1.0 1.0 0.0 0.0 0.0 0.0 0.0 0.0 3.0 1.0 0.0 0.0 0.0 0.0 0.0 0.0 0.0 0.0 0.0 0.0 0.0 0.0 0.0 0.0 0.0 0.0 0.0 0.0 3.0 1.0 0.0 0.0 
-650.5942993164062 2387.3857421875 -1040.571044921875 -3289.906494140625 1506.7740478515625 1894.2374267578125 4301.28466796875 -7471.185546875 -538.9977416992188 7838.6337890625 -10965.80078125 -6929.38037109375 -5165.4697265625 -2463.410400390625 5995.4970703125 9878.041015625 6077.2080078125 -8827.103515625 480.670166015625 6982.68896484375 output 1 7 6 2 4 9 3 8 5 10 indices 2 -1 3 4 8 -1 1 3 2 1 -1 4 2 1 3 -1 2 1 3 4 2 1 3 4 2 1 3 4 -1 9 1 2 -1 2 1 3 2 1 3 4 value 0.0 0.0 0.0 0.0 1.0 1.0 0.0 0.0 0.0 0.0 0.0 0.0 0.0 0.0 0.0 0.0 0.0 0.0 0.0 0.0 0.0 0.0 0.0 0.0 0.0 0.0 0.0 0.0 3.0 1.0 0.0 0.0 3.0 1.0 0.0 0.0 0.0 0.0 0.0 0.0 
-424.8186340332031 -6136.33203125 2363.15625 10814.876953125 -2288.70947265625 -1023.454345703125 7495.88037109375 -6866.953125 -2904.8759765625 4261.421875 5192.3046875 -5311.70947265625 3929.06982421875 478.909423828125 -710.599609375 1442.477294921875 -11123.3759765625 -3670.3681640625 -1528.03173828125 6011.13232421875 output 10 2 7 4 6 1 9 3 8 5 indices 2 -1 3 4 -1 4 1 3 -1 2 1 4 -1 3 1 2 2 1 3 4 2 1 3 4 2 1 3 4 2 1 3 4 2 1 3 4 2 1 3 4 value 0.0 0.0 0.0 0.0 3.0 1.0 0.0 0.0 1.0 1.0 0.0 0.0 3.0 1.0 0.0 0.0 0.0 0.0 0.0 0.0 0.0 0.0 0.0 0.0 0.0 0.0 0.0 0.0 0.0 0.0 0.0 0.0 0.0 0.0 0.0 0.0 0.0 0.0 0.0 0.0 
4288.6826171875 657.0824584960938 8846.0029296875 2184.156005859375 -9135.009765625 -11788.8046875 -7814.11865234375 2695.3818359375 -5833.6552734375 5695.59765625 4496.396484375 -1943.9830322265625 8074.57568359375 2938.196044921875 6266.62548828125 -7927.2509765625 742.067138671875 4613.92578125 -9931.56640625 2875.698974609375 output 5 9 7 2 1 6 8 3 10 4 indices 2 -1 3 4 -1 1 3 4 -1 7 1 2 2 1 3 -1 2 1 3 4 2 1 3 4 -1 3 1 2 2 1 3 4 2 1 3 4 2 1 3 4 value 0.0 0.0 0.0 0.0 0.0 0.0 0.0 0.0 5.0 1.0 0.0 0.0 0.0 0.0 0.0 0.0 0.0 0.0 0.0 0.0 0.0 0.0 0.0 0.0 3.0 1.0 0.0 0.0 0.0 0.0 0.0 0.0 0.0 0.0 0.0 0.0 0.0 0.0 0.0 0.0 
-6441.029296875 2852.38623046875 3532.117919921875 -2695.652587890625 -5299.22314453125 3807.608154296875 714.1757202148438 -10203.3486328125 -1646.6829833984375 4010.224365234375 8510.37890625 -10377.9482421875 3083.25 5930.5419921875 -223.86170959472656 796.9313354492188 -7177.0498046875 1040.6143798828125 4947.92431640625 4838.6435546875 output 5 3 1 9 4 6 2 8 10 7 indices 2 -1 3 4 -1 1 3 4 2 1 -1 4 -1 8 1 2 2 1 3 4 2 1 3 4 -1 4 1 2 -1 7 1 2 2 1 3 4 2 1 3 4 value 0.0 0.0 0.0 0.0 0.0 0.0 0.0 0.0 0.0 0.0 0.0 0.0 3.0 1.0 0.0 0.0 0.0 0.0 0.0 0.0 0.0 0.0 0.0 0.0 3.0 1.0 0.0 0.0 1.0 1.0 0.0 0.0 0.0 0.0 0.0 0.0 0.0 0.0 0.0 0.0 
2402.71240234375 1562.0009765625 -8512.79296875 4832.20751953125 -5615.97802734375 -1848.4761962890625 -6868.955078125 3634.83203125 -318.89227294921875 -5716.59814453125 8100.99267578125 -5283.66455078125 4076.91748046875 -2856.746826171875 8904.37890625 -4387.40087890625 -128.67051696777344 3238.98876953125 -2039.7130126953125 6824.857421875 output 10 9 1 7 8 6 5 3 4 2 indices 2 -1 3 4 -1 1 3 4 10 -1 1 2 2 1 3 -1 -1 3 1 2 2 1 3 4 2 1 3 4 2 1 3 4 2 1 3 4 -1 5 1 2 value 0.0 0.0 0.0 0.0 0.0 0.0 0.0 0.0 1.0 0.0 0.0 0.0 0.0 0.0 0.0 0.0 4.0 1.0 0.0 0.0 0.0 0.0 0.0 0.0 0.0 0.0 0.0 0.0 0.0 0.0 0.0 0.0 0.0 0.0 0.0 0.0 3.0 1.0 0.0 0.0 
-1302.8370361328125 417.9743957519531 -3779.44873046875 4404.51513671875 7435.43896484375 -11033.4130859375 -2682.606689453125 -753.142578125 -253.2748565673828 5868.67919921875 -7018.90478515625 1867.7325439453125 -6530.345703125 -6086.2412109375 7536.36865234375 6416.53564453125 -3520.81591796875 243.68898010253906 10116.4267578125 -1346.3294677734375 output 4 7 3 10 8 5 2 6 9 1 indices 8 -1 2 3 -1 1 3 4 -1 1 2 4 2 1 3 -1 2 1 3 4 2 1 3 4 2 1 3 4 -1 3 1 2 2 1 3 4 2 1 3 4 value 1.0 1.0 0.0 0.0 0.0 0.0 0.0 0.0 3.0 1.0 0.0 0.0 0.0 0.0 0.0 0.0 0.0 0.0 0.0 0.0 0.0 0.0 0.0 0.0 0.0 0.0 0.0 0.0 3.0 1.0 0.0 0.0 0.0 0.0 0.0 0.0 0.0 0.0 0.0 0.0 
-589.914794921875 3840.489990234375 -3144.502197265625 131.21188354492188 -5122.1552734375 -5583.8076171875 -702.9524536132812 -1042.2564697265625 9314.548828125 -5310.25244140625 -3965.780517578125 6695.0166015625 3271.887451171875 4566.9482421875 -5107.4931640625 -9137.9443359375 10106.5703125 -3471.6162109375 -4060.208251953125 9312.2099609375 output 1 7 9 5 8 3 4 2 6 10 indices 2 -1 3 4 -1 1 3 4 2 1 -1 4 10 -1 1 2 2 1 3 4 2 1 3 4 2 1 3 4 -1 4 1 2 2 1 3 4 -1 8 1 2 value 0.0 0.0 0.0 0.0 0.0 0.0 0.0 0.0 0.0 0.0 0.0 0.0 1.0 1.0 0.0 0.0 0.0 0.0 0.0 0.0 0.0 0.0 0.0 0.0 0.0 0.0 0.0 0.0 3.0 1.0 0.0 0.0 0.0 0.0 0.0 0.0 3.0 1.0 0.0 0.0 
5582.7314453125 -885.0338134765625 -5656.244140625 909.4955444335938 -2020.68310546875 8802.20703125 4924.44775390625 3239.9287109375 -1585.424560546875 634.4044189453125 -5503.3603515625 -8084.1552734375 5240.42822265625 -5264.87744140625 -989.6619262695312 -4792.49462890625 8413.3203125 801.6401977539062 -8405.5537109375 4638.884765625 output 4 9 1 7 8 6 5 2 10 3 indices 2 -1 3 4 -1 1 3 4 -1 6 1 2 2 1 3 -1 -1 3 1 2 -1 5 1 2 2 1 3 4 2 1 3 4 2 1 3 4 2 1 3 4 value 0.0 0.0 0.0 0.0 0.0 0.0 0.0 0.0 3.0 1.0 0.0 0.0 0.0 0.0 0.0 0.0 1.0 1.0 0.0 0.0 3.0 1.0 0.0 0.0 0.0 0.0 0.0 0.0 0.0 0.0 0.0 0.0 0.0 0.0 0.0 0.0 0.0 0.0 0.0 0.0 
-4557.2158203125 -5318.4345703125 -7180.20947265625 4514.3212890625 9303.7900390625 5835.5009765625 -2856.39453125 -3238.8857421875 -9518.0556640625 3411.927001953125 3426.628173828125 5228.29541015625 9134.2490234375 -3346.283203125 6250.47802734375 -7433.92724609375 4208.369140625 -2607.27734375 -8211.6376953125 2954.762939453125 output 7 8 9 4 1 10 5 2 6 3 indices 2 -1 3 4 -1 1 3 4 -1 8 1 2 -1 3 1 2 2 1 3 4 2 1 3 4 2 1 3 4 -1 4 1 2 2 1 3 4 2 1 3 4 value 0.0 0.0 0.0 0.0 0.0 0.0 0.0 0.0 3.0 1.0 0.0 0.0 1.0 1.0 0.0 0.0 0.0 0.0 0.0 0.0 0.0 0.0 0.0 0.0 0.0 0.0 0.0 0.0 3.0 1.0 0.0 0.0 0.0 0.0 0.0 0.0 0.0 0.0 0.0 0.0 
-4490.70068359375 2976.936767578125 -1287.5386962890625 5708.228515625 -7171.6962890625 -5356.92041015625 4352.224609375 -4906.75341796875 -2789.26513671875 5771.44189453125 -2704.20556640625 -10253.2802734375 5135.9287109375 -4317.29736328125 -1179.34814453125 4693.037109375 9735.587890625 3872.247802734375 399.0135803222656 1812.3590087890625 output 9 10 8 2 5 1 3 6 4 7 indices 2 -1 3 4 -1 1 3 4 9 -1 1 2 2 1 3 -1 2 1 3 4 -1 3 1 2 2 1 3 4 2 1 3 4 -1 6 1 2 2 1 3 4 value 0.0 0.0 0.0 0.0 0.0 0.0 0.0 0.0 1.0 1.0 0.0 0.0 0.0 0.0 0.0 0.0 0.0 0.0 0.0 0.0 3.0 1.0 0.0 0.0 0.0 0.0 0.0 0.0 0.0 0.0 0.0 0.0 3.0 1.0 0.0 0.0 0.0 0.0 0.0 0.0 
5280.06982421875 470.17718505859375 2849.092041015625 3772.600830078125 7868.87451171875 4422.76904296875 -1266.7958984375 1587.1466064453125 1554.114013671875 -6547.09130859375 -5915.07421875 -6826.9150390625 -1073.6065673828125 5799.2724609375 -4189.955078125 3432.750244140625 6238.69775390625 6383.96923828125 -11345.416015625 -12494.6796875 output 4 8 7 2 9 3 1 5 10 6 indices 2 -1 3 4 -1 1 3 4 2 1 -1 4 2 1 3 -1 2 1 3 4 9 -1 1 2 2 1 3 4 2 1 3 4 -1 10 1 2 -1 6 1 2 value 0.0 0.0 0.0 0.0 0.0 0.0 0.0 0.0 0.0 0.0 0.0 0.0 0.0 0.0 0.0 0.0 0.0 0.0 0.0 0.0 1.0 1.0 0.0 0.0 0.0 0.0 0.0 0.0 0.0 0.0 0.0 0.0 3.0 1.0 0.0 0.0 3.0 1.0 0.0 0.0 
7608.537109375 495.25787353515625 6662.06396484375 1673.710205078125 -1290.1317138671875 6487.1025390625 -6169.4013671875 2006.8782958984375 -10572.1005859375 -1589.06640625 -8625.3896484375 1514.907470703125 6816.7421875 -3864.950439453125 6790.66796875 -7210.85400390625 -4916.462890625 242.46636962890625 3695.474365234375 244.5480499267578 output 7 8 9 5 6 4 3 10 2 1 indices 2 -1 3 4 -1 1 3 4 -1 8 1 2 2 1 3 -1 2 1 3 4 2 1 3 4 2 1 3 4 -1 9 1 2 -1 3 1 2 2 1 3 4 value 0.0 0.0 0.0 0.0 0.0 0.0 0.0 0.0 3.0 1.0 0.0 0.0 0.0 0.0 0.0 0.0 0.0 0.0 0.0 0.0 0.0 0.0 0.0 0.0 0.0 0.0 0.0 0.0 3.0 1.0 0.0 0.0 1.0 1.0 0.0 0.0 0.0 0.0 0.0 0.0 
9153.7197265625 -5629.43017578125 -2915.19873046875 9383.896484375 -4533.92822265625 -548.5648193359375 -6327.48974609375 8564.44921875 793.9845581054688 -517.5208129882812 4707.546875 -6764.73046875 5965.19580078125 3494.275390625 -9388.6572265625 -3488.175048828125 -3728.175048828125 -4222.08740234375 6273.001953125 -272.1113586425781 output 1 10 7 2 4 3 8 9 5 6 indices 2 -1 3 4 -1 6 1 3 2 1 -1 4 2 1 3 -1 -1 2 1 3 -1 5 1 2 2 1 3 4 2 1 3 4 2 1 3 4 2 1 3 4 value 0.0 0.0 0.0 0.0 3.0 1.0 0.0 0.0 0.0 0.0 0.0 0.0 0.0 0.0 0.0 0.0 1.0 1.0 0.0 0.0 3.0 1.0 0.0 0.0 0.0 0.0 0.0 0.0 0.0 0.0 0.0 0.0 0.0 0.0 0.0 0.0 0.0 0.0 0.0 0.0 
-4474.767578125 274.45355224609375 2612.770751953125 7656.20947265625 870.2977294921875 -7925.35791015625 5105.7373046875 -10677.375 -1999.6143798828125 2542.652099609375 6596.2060546875 -965.7592163085938 6772.7099609375 5199.67626953125 -2587.5810546875 -3751.82861328125 -7490.91650390625 844.4635620117188 -5404.84228515625 6802.86572265625 output 1 8 3 4 6 7 2 5 10 9 indices 2 -1 3 4 -1 4 1 3 2 1 -1 4 -1 8 1 2 2 1 3 4 2 1 3 4 2 1 3 4 -1 2 1 3 2 1 3 4 2 1 3 4 value 0.0 0.0 0.0 0.0 3.0 1.0 0.0 0.0 0.0 0.0 0.0 0.0 3.0 1.0 0.0 0.0 0.0 0.0 0.0 0.0 0.0 0.0 0.0 0.0 0.0 0.0 0.0 0.0 1.0 1.0 0.0 0.0 0.0 0.0 0.0 0.0 0.0 0.0 0.0 0.0 
1334.680908203125 5813.5966796875 -5273.935546875 -4295.0830078125 6767.724609375 -2647.83642578125 10267.4609375 9717.9365234375 61.18609619140625 -6813.66455078125 -5239.33544921875 9249.3916015625 -5389.99169921875 -2720.130859375 -4100.203125 9411.2529296875 167.4860076904297 -7859.5703125 1404.9271240234375 -9855.892578125 output 6 8 1 4 3 10 9 5 2 7 indices 2 -1 3 4 -1 1 3 4 2 1 -1 4 -1 10 1 2 2 1 3 4 2 1 3 4 -1 4 1 2 2 1 3 4 2 1 3 4 -1 7 1 2 value 0.0 0.0 0.0 0.0 0.0 0.0 0.0 0.0 0.0 0.0 0.0 0.0 3.0 1.0 0.0 0.0 0.0 0.0 0.0 0.0 0.0 0.0 0.0 0.0 1.0 1.0 0.0 0.0 0.0 0.0 0.0 0.0 0.0 0.0 0.0 0.0 3.0 1.0 0.0 0.0 
-7622.17822265625 -2850.114501953125 4794.95703125 4598.41064453125 -2921.406494140625 5637.22509765625 26.315093994140625 4413.3828125 2200.598388671875 -10492.9267578125 -7835.40185546875 -2725.81640625 -2638.729736328125 1914.10498046875 3898.92431640625 532.7293701171875 4389.74658203125 -8828.466796875 5707.1748046875 7801.47265625 output 3 7 6 1 5 9 8 2 10 4 indices 10 -1 2 3 -1 1 3 4 2 1 -1 4 2 1 3 -1 -1 1 2 3 2 1 3 4 2 1 3 4 2 1 3 4 2 1 3 4 -1 5 1 2 value 1.0 1.0 0.0 0.0 0.0 0.0 0.0 0.0 0.0 0.0 0.0 0.0 0.0 0.0 0.0 0.0 3.0 1.0 0.0 0.0 0.0 0.0 0.0 0.0 0.0 0.0 0.0 0.0 0.0 0.0 0.0 0.0 0.0 0.0 0.0 0.0 3.0 1.0 0.0 0.0 
6603.31787109375 -9619.0361328125 4217.0517578125 4845.97900390625 -616.9564819335938 -767.38037109375 -9564.0205078125 -4208.0751953125 -3490.040771484375 3923.79541015625 7642.67529296875 -8231.4580078125 -2031.3167724609375 -1496.3250732421875 -5902.05615234375 5219.67919921875 7862.52880859375 6520.21435546875 -4721.18310546875 3812.60595703125 output 1 6 9 2 5 10 8 4 7 3 indices -1 3 2 4 -1 1 3 4 9 -1 1 2 2 1 3 -1 2 1 3 4 2 1 3 4 2 1 3 4 2 1 3 4 -1 1 2 3 2 1 3 4 value 3.0 1.0 0.0 0.0 0.0 0.0 0.0 0.0 1.0 1.0 0.0 0.0 0.0 0.0 0.0 0.0 0.0 0.0 0.0 0.0 0.0 0.0 0.0 0.0 0.0 0.0 0.0 0.0 0.0 0.0 0.0 0.0 3.0 1.0 0.0 0.0 0.0 0.0 0.0 0.0 
59.825130462646484 -7264.8125 3973.645751953125 1798.9609375 -469.8635559082031 5056.5927734375 8587.0126953125 8792.28515625 -10246.8828125 -4902.4775390625 7316.8974609375 8972.87890625 -8089.2412109375 1187.934326171875 3414.279052734375 -20.2203311920166 2293.4296875 -6264.228515625 -6839.10205078125 -7356.9130859375 output 9 1 10 5 7 3 6 4 2 8 indices 4 -1 2 3 -1 1 3 4 2 1 -1 4 -1 10 1 2 2 1 3 4 2 1 3 4 2 1 3 4 2 1 3 4 2 1 3 4 -1 1 2 3 value 1.0 1.0 0.0 0.0 0.0 0.0 0.0 0.0 0.0 0.0 0.0 0.0 3.0 1.0 0.0 0.0 0.0 0.0 0.0 0.0 0.0 0.0 0.0 0.0 0.0 0.0 0.0 0.0 0.0 0.0 0.0 0.0 0.0 0.0 0.0 0.0 3.0 1.0 0.0 0.0 
1717.121337890625 5395.3134765625 -5391.25634765625 -7609.55712890625 6913.88671875 5259.12109375 -3222.44189453125 -7537.63427734375 5306.57568359375 3646.14794921875 3998.251708984375 5865.6953125 -909.652587890625 -4960.46923828125 -637.96875 1772.68212890625 754.666259765625 -8452.6474609375 -8529.1826171875 6621.34814453125 output 1 6 3 5 8 7 9 4 2 10 indices 2 -1 3 4 -1 1 3 4 -1 9 1 2 2 1 3 -1 2 1 3 4 2 1 3 4 -1 3 1 2 2 1 3 4 -1 7 1 2 2 1 3 4 value 0.0 0.0 0.0 0.0 0.0 0.0 0.0 0.0 3.0 1.0 0.0 0.0 0.0 0.0 0.0 0.0 0.0 0.0 0.0 0.0 0.0 0.0 0.0 0.0 1.0 1.0 0.0 0.0 0.0 0.0 0.0 0.0 3.0 1.0 0.0 0.0 0.0 0.0 0.0 0.0 
2220.623046875 400.971435546875 -2539.851318359375 829.3175048828125 2027.004150390625 -2610.47607421875 7185.287109375 6754.97802734375 -6099.279296875 5146.53662109375 917.160888671875 531.7531127929688 1027.6231689453125 4987.1123046875 5744.521484375 2441.74658203125 -10312.5361328125 -8576.17578125 -170.55271911621094 -9905.763671875 output 1 6 3 10 9 2 5 7 4 8 indices 2 -1 3 4 4 -1 1 3 2 1 -1 4 -1 10 1 2 2 1 3 4 2 1 3 4 2 1 3 4 2 1 3 4 2 1 3 4 -1 2 1 3 value 0.0 0.0 0.0 0.0 1.0 1.0 0.0 0.0 0.0 0.0 0.0 0.0 3.0 1.0 0.0 0.0 0.0 0.0 0.0 0.0 0.0 0.0 0.0 0.0 0.0 0.0 0.0 0.0 0.0 0.0 0.0 0.0 0.0 0.0 0.0 0.0 3.0 1.0 0.0 0.0 
-7333.787109375 -9200.0361328125 745.3685302734375 -3001.7216796875 -4023.040283203125 4202.30419921875 -4584.494140625 690.5848388671875 2073.5703125 -2611.119384765625 -2284.969482421875 4181.46435546875 9648.5830078125 2846.803466796875 1233.591796875 8239.546875 -4987.48291015625 1059.71826171875 9512.66015625 -6407.5458984375 output 5 2 1 4 9 3 6 8 7 10 indices -1 2 3 4 8 -1 1 3 2 1 -1 4 2 1 3 -1 2 1 3 4 2 1 3 4 2 1 3 4 -1 1 2 3 2 1 3 4 2 1 3 4 value 3.0 1.0 0.0 0.0 1.0 1.0 0.0 0.0 0.0 0.0 0.0 0.0 0.0 0.0 0.0 0.0 0.0 0.0 0.0 0.0 0.0 0.0 0.0 0.0 0.0 0.0 0.0 0.0 3.0 1.0 0.0 0.0 0.0 0.0 0.0 0.0 0.0 0.0 0.0 0.0 
6046.15576171875 -3831.438232421875 7919.85546875 -6318.81640625 1606.6973876953125 492.3941955566406 -2672.30908203125 -4788.89013671875 473.4194030761719 2751.853759765625 -8220.3310546875 8669.2880859375 1002.3243408203125 -3520.874267578125 -2339.989013671875 -2285.92529296875 5970.6396484375 1532.301025390625 -9786.462890625 7300.10791015625 output 4 7 2 1 9 3 5 6 10 8 indices 2 -1 3 4 -1 8 1 3 2 1 -1 4 2 1 3 -1 2 1 3 4 -1 2 1 3 2 1 3 4 -1 6 1 2 2 1 3 4 2 1 3 4 value 0.0 0.0 0.0 0.0 3.0 1.0 0.0 0.0 0.0 0.0 0.0 0.0 0.0 0.0 0.0 0.0 0.0 0.0 0.0 0.0 3.0 1.0 0.0 0.0 0.0 0.0 0.0 0.0 1.0 1.0 0.0 0.0 0.0 0.0 0.0 0.0 0.0 0.0 0.0 0.0 
-1890.9888916015625 -6708.47216796875 5947.71337890625 -4838.80029296875 -3141.178955078125 3883.63134765625 6244.91845703125 -2524.01904296875 -675.9357299804688 10064.771484375 -1522.1881103515625 3657.85009765625 -4450.44970703125 4558.2275390625 4172.638671875 -5804.4296875 -5947.14892578125 5093.56787109375 1262.6199951171875 -7382.326171875 output 2 4 5 9 7 3 6 1 10 8 indices 5 -1 2 3 -1 1 3 4 2 1 -1 4 2 1 3 -1 -1 10 1 2 2 1 3 4 2 1 3 4 2 1 3 4 2 1 3 4 -1 1 2 3 value 1.0 1.0 0.0 0.0 0.0 0.0 0.0 0.0 0.0 0.0 0.0 0.0 0.0 0.0 0.0 0.0 3.0 1.0 0.0 0.0 0.0 0.0 0.0 0.0 0.0 0.0 0.0 0.0 0.0 0.0 0.0 0.0 0.0 0.0 0.0 0.0 3.0 1.0 0.0 0.0 
-2181.507080078125 -1918.38525390625 8051.09521484375 9656.8154296875 640.5050659179688 5314.51513671875 -6673.79248046875 -3503.853759765625 4334.12109375 4491.779296875 4128.8193359375 -922.13525390625 -4896.66748046875 -4932.92431640625 195.52330017089844 -1687.5850830078125 -9013.80078125 -5175.1767578125 5415.70361328125 -1323.0489501953125 output 1 7 9 4 3 2 5 10 6 8 indices 2 -1 3 4 -1 9 1 3 2 1 -1 4 2 1 3 -1 2 1 3 4 2 1 3 4 2 1 3 4 -1 2 1 3 -1 8 1 2 2 1 3 4 value 0.0 0.0 0.0 0.0 3.0 1.0 0.0 0.0 0.0 0.0 0.0 0.0 0.0 0.0 0.0 0.0 0.0 0.0 0.0 0.0 0.0 0.0 0.0 0.0 0.0 0.0 0.0 0.0 1.0 1.0 0.0 0.0 3.0 1.0 0.0 0.0 0.0 0.0 0.0 0.0 
9237.0908203125 -8361.29296875 5865.3701171875 1901.5421142578125 7001.9580078125 -4735.00439453125 -5311.07763671875 -2374.6201171875 -8914.1337890625 -139.73394775390625 -7876.591796875 -6999.1982421875 -7467.25 4422.69921875 -5375.27587890625 9421.873046875 7287.2822265625 2150.197021484375 5552.62841796875 4713.53955078125 output 6 4 5 7 8 10 2 9 3 1 indices -1 4 2 3 -1 1 3 4 2 1 -1 4 8 -1 1 2 2 1 3 4 2 1 3 4 2 1 3 4 10 -1 1 2 2 1 3 4 -1 1 2 3 value 3.0 1.0 0.0 0.0 0.0 0.0 0.0 0.0 0.0 0.0 0.0 0.0 1.0 1.0 0.0 0.0 0.0 0.0 0.0 0.0 0.0 0.0 0.0 0.0 0.0 0.0 0.0 0.0 1.0 1.0 0.0 0.0 0.0 0.0 0.0 0.0 1.0 1.0 0.0 0.0 
-3494.205322265625 -2143.565673828125 1918.01025390625 6083.79052734375 -6396.130859375 -4417.82958984375 2286.903076171875 -5713.373046875 -3945.456787109375 6633.01708984375 6234.1015625 -563.5234375 -6021.28857421875 -2177.79443359375 6855.2197265625 -4641.5361328125 -6984.6083984375 5894.6123046875 9547.4560546875 1046.2021484375 output 4 8 6 10 2 5 9 7 3 1 indices 2 -1 3 4 -1 4 1 3 2 1 -1 4 -1 1 2 3 2 1 3 4 2 1 3 4 2 1 3 4 2 1 3 4 2 1 3 4 2 1 3 4 value 1.0 1.0 0.0 0.0 3.0 1.0 0.0 0.0 0.0 0.0 0.0 0.0 3.0 1.0 0.0 0.0 0.0 0.0 0.0 0.0 0.0 0.0 0.0 0.0 0.0 0.0 0.0 0.0 0.0 0.0 0.0 0.0 0.0 0.0 0.0 0.0 0.0 0.0 0.0 0.0 
-5866.18603515625 2508.582763671875 -2588.20703125 -4492.16650390625 -4385.56689453125 -3853.192626953125 6032.25 -3402.504150390625 -7604.68017578125 -1736.1533203125 -5646.1484375 -4157.48876953125 3559.7333984375 9902.1806640625 10821.0068359375 -4234.7978515625 -4915.19970703125 8982.6669921875 10592.998046875 482.87286376953125 output 5 6 3 2 4 8 10 7 9 1 indices 2 -1 3 4 -1 7 1 3 2 1 -1 4 2 1 3 -1 2 1 3 4 2 1 3 4 -1 2 1 3 2 1 3 4 2 1 3 4 2 1 3 4 value 0.0 0.0 0.0 0.0 5.0 1.0 0.0 0.0 0.0 0.0 0.0 0.0 0.0 0.0 0.0 0.0 0.0 0.0 0.0 0.0 0.0 0.0 0.0 0.0 3.0 1.0 0.0 0.0 0.0 0.0 0.0 0.0 0.0 0.0 0.0 0.0 0.0 0.0 0.0 0.0 
-1417.787841796875 6683.271484375 -8745.712890625 6712.78759765625 4532.67822265625 -10907.876953125 -9539.234375 -645.2959594726562 -1692.302978515625 -5678.724609375 -300.0758056640625 2864.417724609375 433.7716064453125 -4052.9990234375 6892.51171875 -3165.322265625 2630.876953125 4532.25048828125 7205.275390625 3657.491455078125 output 1 2 4 5 7 3 8 10 9 6 indices 2 -1 3 4 -1 1 3 4 -1 5 7 1 2 1 3 -1 7 3 1 2 2 1 3 4 10 -1 1 2 2 1 3 4 2 1 3 4 -1 3 1 2 value 0.0 0.0 0.0 0.0 0.0 0.0 0.0 0.0 3.0 0.9999995231628418 5.264909646029992e-07 0.0 0.0 0.0 0.0 0.0 0.9999995231628418 0.0 0.0 0.0 0.0 0.0 0.0 0.0 1.0 5.264909646029992e-07 0.0 0.0 0.0 0.0 0.0 0.0 0.0 0.0 0.0 0.0 3.0 1.0 0.0 0.0 
1433.0672607421875 -1991.229736328125 -5479.26171875 4152.6640625 11499.37109375 -9283.939453125 -1874.2337646484375 4976.7177734375 61.41792297363281 8707.5634765625 -3226.028564453125 202.91468811035156 2570.47900390625 -4556.5185546875 -3117.30810546875 5.528421878814697 -1194.5721435546875 5203.62158203125 -672.9314575195312 -7417.322265625 output 1 7 3 10 8 6 2 4 9 5 indices 5 -1 2 3 -1 1 3 4 -1 1 2 4 2 1 3 -1 -1 3 1 2 2 1 3 4 2 1 3 4 2 1 3 4 2 1 3 4 2 1 3 4 value 1.0 1.0 0.0 0.0 0.0 0.0 0.0 0.0 3.0 1.0 0.0 0.0 0.0 0.0 0.0 0.0 3.0 1.0 0.0 0.0 0.0 0.0 0.0 0.0 0.0 0.0 0.0 0.0 0.0 0.0 0.0 0.0 0.0 0.0 0.0 0.0 0.0 0.0 0.0 0.0 
-1651.6053466796875 6933.4248046875 -7755.09619140625 2495.995849609375 -4760.86572265625 5634.98291015625 4959.794921875 -263.1322937011719 10487.8916015625 -6142.52587890625 2511.6796875 -6298.80126953125 -4819.57080078125 -4933.26904296875 8124.1220703125 -3977.037353515625 -8601.6201171875 2101.3623046875 1505.27001953125 4449.0 output 3 1 10 4 8 5 6 7 9 2 indices -1 6 2 3 -1 1 3 4 2 1 -1 4 2 1 3 -1 2 1 3 4 -1 7 1 2 -1 1 2 3 2 1 3 4 2 1 3 4 2 1 3 4 value 3.0 1.0 0.0 0.0 0.0 0.0 0.0 0.0 0.0 0.0 0.0 0.0 0.0 0.0 0.0 0.0 0.0 0.0 0.0 0.0 3.0 1.0 0.0 0.0 1.0 1.0 0.0 0.0 0.0 0.0 0.0 0.0 0.0 0.0 0.0 0.0 0.0 0.0 0.0 0.0 
1971.700439453125 -3614.346435546875 -8545.1533203125 -8013.3701171875 9054.39453125 3144.45947265625 8625.1015625 -774.5641479492188 5959.4892578125 6149.65185546875 3242.154296875 -5971.5078125 -7959.88330078125 5209.22412109375 -2836.45263671875 8035.130859375 -4821.04736328125 -2795.08642578125 -4690.302734375 -1369.59130859375 output 2 9 10 7 8 5 3 4 6 1 indices 2 -1 3 4 -1 10 1 3 2 1 -1 4 2 1 3 -1 -1 2 1 3 2 1 3 4 2 1 3 4 2 1 3 4 2 1 3 4 -1 5 1 2 value 0.0 0.0 0.0 0.0 3.0 1.0 0.0 0.0 0.0 0.0 0.0 0.0 0.0 0.0 0.0 0.0 3.0 1.0 0.0 0.0 0.0 0.0 0.0 0.0 0.0 0.0 0.0 0.0 0.0 0.0 0.0 0.0 0.0 0.0 0.0 0.0 1.0 1.0 0.0 0.0 
6941.11083984375 -1996.1790771484375 -4102.19775390625 -4058.55810546875 -4877.3134765625 3077.4248046875 -4806.54150390625 -1333.0870361328125 -7112.9912109375 2658.280517578125 9206.5283203125 5488.65966796875 5331.87060546875 -8239.884765625 7103.76123046875 6035.24072265625 -8613.3408203125 -2136.587646484375 929.11376953125 504.69049072265625 output 3 5 9 4 2 7 1 6 8 10 indices 2 -1 3 4 6 -1 1 3 2 1 -1 4 2 1 3 -1 2 1 3 4 -1 7 1 2 -1 2 1 3 2 1 3 4 2 1 3 4 2 1 3 4 value 0.0 0.0 0.0 0.0 1.0 1.0 0.0 0.0 0.0 0.0 0.0 0.0 0.0 0.0 0.0 0.0 0.0 0.0 0.0 0.0 3.0 1.0 0.0 0.0 3.0 1.0 0.0 0.0 0.0 0.0 0.0 0.0 0.0 0.0 0.0 0.0 0.0 0.0 0.0 0.0 
-8323.6220703125 6885.4267578125 4552.669921875 462.74383544921875 3688.46826171875 6527.57177734375 -6146.642578125 -5925.25146484375 -4201.5224609375 7022.287109375 4935.66796875 4350.09521484375 -6695.83837890625 2059.980712890625 3756.1103515625 -8830.2158203125 3663.9814453125 -4839.6826171875 4770.72802734375 -7712.955078125 output 5 1 7 4 8 10 9 2 6 3 indices 2 -1 3 4 -1 1 3 4 -1 8 1 2 -1 3 1 2 2 1 3 4 2 1 3 4 2 1 3 4 -1 4 1 2 2 1 3 4 2 1 3 4 value 0.0 0.0 0.0 0.0 0.0 0.0 0.0 0.0 3.0 1.0 0.0 0.0 1.0 1.0 0.0 0.0 0.0 0.0 0.0 0.0 0.0 0.0 0.0 0.0 0.0 0.0 0.0 0.0 3.0 1.0 0.0 0.0 0.0 0.0 0.0 0.0 0.0 0.0 0.0 0.0 
5754.958984375 589.8052368164062 -11079.6259765625 627.5791625976562 5234.5322265625 827.6280517578125 6033.33642578125 8104.91162109375 -4901.478515625 2739.2255859375 7802.9423828125 -5459.55712890625 866.8927001953125 -6848.63232421875 -3534.825439453125 -5176.7333984375 3449.85400390625 -3069.305908203125 -9626.587890625 7665.07958984375 output 1 6 9 7 8 2 10 5 4 3 indices 2 -1 3 4 -1 1 3 4 2 1 -1 4 -1 7 1 2 2 1 3 4 2 1 3 4 -1 8 1 2 -1 4 1 2 2 1 3 4 2 1 3 4 value 0.0 0.0 0.0 0.0 0.0 0.0 0.0 0.0 0.0 0.0 0.0 0.0 3.0 1.0 0.0 0.0 0.0 0.0 0.0 0.0 0.0 0.0 0.0 0.0 3.0 1.0 0.0 0.0 1.0 1.0 0.0 0.0 0.0 0.0 0.0 0.0 0.0 0.0 0.0 0.0 
7102.79443359375 -5578.41650390625 -2510.26708984375 5128.4326171875 -7644.13232421875 -5153.4609375 3948.74462890625 2819.828369140625 6757.3564453125 -1539.025634765625 8445.4013671875 5018.8681640625 -758.0716552734375 -5337.79638671875 -1432.4691162109375 1257.822021484375 -6858.20654296875 1343.4168701171875 -7051.1494140625 2040.3311767578125 output 10 9 3 7 1 5 6 4 8 2 indices 2 -1 3 4 -1 1 3 4 7 -1 1 2 2 1 3 -1 2 1 3 4 -1 3 1 2 -1 6 1 2 2 1 3 4 2 1 3 4 2 1 3 4 value 0.0 0.0 0.0 0.0 0.0 0.0 0.0 0.0 1.0 0.0 0.0 0.0 0.0 0.0 0.0 0.0 0.0 0.0 0.0 0.0 3.0 1.0 0.0 0.0 4.0 1.0 0.0 0.0 0.0 0.0 0.0 0.0 0.0 0.0 0.0 0.0 0.0 0.0 0.0 0.0 
8684.255859375 -7339.525390625 -4058.126220703125 5942.59716796875 6984.96875 -7754.8779296875 -8130.14990234375 4677.54931640625 1431.9775390625 -2701.873046875 2270.044189453125 4438.71923828125 -4169.41845703125 1482.2484130859375 -1696.904296875 2912.692138671875 -7522.01513671875 112.52247619628906 6205.36865234375 -1770.052490234375 output 1 10 6 8 2 4 9 7 5 3 indices 2 -1 3 4 -1 1 3 4 -1 5 1 2 2 1 3 -1 6 -1 1 2 -1 3 1 2 2 1 3 4 2 1 3 4 2 1 3 4 2 1 3 4 value 0.0 0.0 0.0 0.0 0.0 0.0 0.0 0.0 3.0 1.0 0.0 0.0 0.0 0.0 0.0 0.0 1.0 1.0 0.0 0.0 3.0 1.0 0.0 0.0 0.0 0.0 0.0 0.0 0.0 0.0 0.0 0.0 0.0 0.0 0.0 0.0 0.0 0.0 0.0 0.0 
-1383.513671875 -885.2664794921875 7491.3720703125 -6824.5185546875 -11360.8525390625 -660.349365234375 6841.41162109375 6707.3603515625 7232.73876953125 -5128.2060546875 1281.3070068359375 2400.533203125 -9524.2890625 -6098.55712890625 -7800.3173828125 2186.936279296875 1231.89306640625 1817.84814453125 5990.24951171875 6484.21875 output 5 2 7 3 8 1 9 6 10 4 indices 4 -1 2 3 7 3 1 -1 2 1 -1 4 -1 7 1 2 2 1 3 4 2 1 3 4 -1 2 1 3 2 1 3 4 2 1 3 4 2 1 3 4 value 1.0 1.0 0.0 0.0 1.0 0.0 0.0 0.0 0.0 0.0 0.0 0.0 3.0 1.0 0.0 0.0 0.0 0.0 0.0 0.0 0.0 0.0 0.0 0.0 1.0 1.0 1.0 0.0 0.0 0.0 0.0 0.0 0.0 0.0 0.0 0.0 0.0 0.0 0.0 0.0 
9066.0537109375 -5559.75390625 5463.69677734375 -517.10400390625 -5006.4736328125 6383.494140625 2827.675048828125 -3477.140380859375 -7395.7333984375 6566.7998046875 -5152.2607421875 -3487.423095703125 -1154.7296142578125 1535.1318359375 2533.674560546875 -4515.37353515625 -1071.418701171875 4383.138671875 -110.48371887207031 -1311.7694091796875 output 1 8 4 10 6 5 3 9 7 2 indices 10 8 -1 2 -1 1 3 4 -1 1 2 4 2 1 3 -1 2 1 3 4 2 1 3 4 2 1 3 4 1 4 2 3 2 1 3 4 -1 3 1 2 value 1.0 1.0 1.0 0.0 0.0 0.0 0.0 0.0 3.0 1.0 0.0 0.0 0.0 0.0 0.0 0.0 0.0 0.0 0.0 0.0 0.0 0.0 0.0 0.0 0.0 0.0 0.0 0.0 1.0 0.0 0.0 0.0 0.0 0.0 0.0 0.0 1.0 1.0 0.0 0.0 
-5366.0068359375 -2144.300048828125 2615.880126953125 7904.11767578125 -3154.41796875 1347.9503173828125 -123.90522766113281 -7783.0 -6144.15087890625 11612.0283203125 4786.29931640625 2768.376953125 -5921.708984375 -502.9208984375 222.61134338378906 2498.98681640625 3662.927734375 -7960.1240234375 9422.4716796875 -7741.115234375 output 1 4 9 10 6 2 5 8 3 7 indices 5 -1 2 3 9 -1 1 3 2 1 -1 4 -1 1 2 3 -1 2 1 3 2 1 3 4 2 1 3 4 2 1 3 4 -1 4 1 2 2 1 3 4 value 1.0 1.0 0.0 0.0 1.0 1.0 0.0 0.0 0.0 0.0 0.0 0.0 1.0 1.0 0.0 0.0 1.0 1.0 0.0 0.0 0.0 0.0 0.0 0.0 0.0 0.0 0.0 0.0 0.0 0.0 0.0 0.0 1.0 1.0 0.0 0.0 0.0 0.0 0.0 0.0 
-640.6060791015625 4837.0078125 4942.7841796875 521.2197265625 3516.757568359375 4441.994140625 4069.908203125 1228.2403564453125 -9845.466796875 -5848.88330078125 8411.138671875 -2553.126220703125 -2637.22119140625 2298.73779296875 -5476.998046875 -4705.25390625 8630.080078125 -4113.12109375 -10970.3759765625 3893.18408203125 output 5 8 9 6 2 4 3 1 7 10 indices 2 -1 3 4 -1 1 3 4 -1 5 1 2 2 1 3 -1 -1 8 1 2 2 1 3 4 2 1 3 4 -1 3 1 2 2 1 3 4 2 1 3 4 value 0.0 0.0 0.0 0.0 0.0 0.0 0.0 0.0 3.0 1.0 0.0 0.0 0.0 0.0 0.0 0.0 3.0 1.0 0.0 0.0 0.0 0.0 0.0 0.0 0.0 0.0 0.0 0.0 1.0 1.0 0.0 0.0 0.0 0.0 0.0 0.0 0.0 0.0 0.0 0.0 
7305.1611328125 6140.5185546875 -566.041748046875 -10758.5849609375 1537.3734130859375 1463.72900390625 -8304.080078125 7282.75048828125 10063.2724609375 -2793.208251953125 -5214.0283203125 -1732.231689453125 -6676.7392578125 5876.4462890625 6919.533203125 -2000.844970703125 -491.6416931152344 3816.81884765625 -4572.80908203125 -7295.39404296875 output 4 7 9 3 1 5 8 2 10 6 indices -1 2 3 4 -1 6 1 3 2 1 -1 4 2 1 3 -1 2 1 3 4 -1 1 2 3 2 1 3 4 2 1 3 4 2 1 3 4 2 1 3 4 value 3.0 1.0 0.0 0.0 3.0 1.0 0.0 0.0 0.0 0.0 0.0 0.0 0.0 0.0 0.0 0.0 0.0 0.0 0.0 0.0 1.0 1.0 0.0 0.0 0.0 0.0 0.0 0.0 0.0 0.0 0.0 0.0 0.0 0.0 0.0 0.0 0.0 0.0 0.0 0.0 
79.97572326660156 9831.779296875 -5556.51416015625 -5107.630859375 3286.4697265625 -1515.517333984375 8397.3154296875 359.1686706542969 -6260.28173828125 -6760.87353515625 -941.5782470703125 -7751.666015625 7797.2314453125 2152.95751953125 -3254.639404296875 -577.7738037109375 16.97442054748535 3212.596923828125 -3564.95361328125 6156.95849609375 output 5 2 8 9 10 1 7 4 3 6 indices -1 6 2 3 -1 1 3 4 2 1 -1 4 2 1 3 -1 2 1 3 4 -1 8 1 2 2 1 3 4 -1 1 2 3 2 1 3 4 2 1 3 4 value 3.0 1.0 0.0 0.0 0.0 0.0 0.0 0.0 0.0 0.0 0.0 0.0 0.0 0.0 0.0 0.0 0.0 0.0 0.0 0.0 3.0 1.0 0.0 0.0 0.0 0.0 0.0 0.0 1.0 1.0 0.0 0.0 0.0 0.0 0.0 0.0 0.0 0.0 0.0 0.0 
-1294.7510986328125 -6839.544921875 -6852.44287109375 -3378.035888671875 -8444.728515625 4806.15673828125 -4611.0498046875 3102.39697265625 812.6945190429688 8607.28515625 4736.5751953125 -3608.487548828125 -3839.623291015625 -1744.12109375 8414.041015625 4619.52880859375 5530.3193359375 -6897.9912109375 5548.9658203125 1332.813232421875 output 1 2 7 4 3 5 8 10 6 9 indices -1 7 2 3 -1 1 3 4 2 1 -1 4 2 1 3 -1 -1 1 2 3 2 1 3 4 -1 5 1 2 2 1 3 4 2 1 3 4 2 1 3 4 value 3.0 1.0 0.0 0.0 0.0 0.0 0.0 0.0 0.0 0.0 0.0 0.0 0.0 0.0 0.0 0.0 3.0 1.0 0.0 0.0 0.0 0.0 0.0 0.0 1.0 1.0 0.0 0.0 0.0 0.0 0.0 0.0 0.0 0.0 0.0 0.0 0.0 0.0 0.0 0.0 
-3925.1181640625 -8608.9306640625 -9328.9404296875 9846.552734375 3751.529296875 -3136.228271484375 1805.218994140625 7786.6064453125 1294.3701171875 -1794.1136474609375 4481.4072265625 9293.0634765625 -2180.5537109375 3042.895263671875 1129.3682861328125 -6826.9404296875 2615.93701171875 -6451.64306640625 356.7815856933594 -3151.260986328125 output 1 8 9 3 6 4 2 7 5 10 indices -1 5 2 3 -1 1 3 4 2 1 -1 4 2 1 3 -1 6 -1 1 2 -1 1 2 3 2 1 3 4 2 1 3 4 2 1 3 4 2 1 3 4 value 3.0 1.0 0.0 0.0 0.0 0.0 0.0 0.0 0.0 0.0 0.0 0.0 0.0 0.0 0.0 0.0 1.0 1.0 0.0 0.0 3.0 1.0 0.0 0.0 0.0 0.0 0.0 0.0 0.0 0.0 0.0 0.0 0.0 0.0 0.0 0.0 0.0 0.0 0.0 0.0 
2004.4599609375 -477.8816223144531 7110.0537109375 -9319.09765625 5086.98779296875 2489.853515625 -2773.66015625 8504.619140625 1101.046630859375 6061.9091796875 3455.388427734375 -977.9260864257812 -8289.638671875 -4527.923828125 -8682.279296875 4403.03466796875 6121.5029296875 -4263.33935546875 -5133.861328125 -1893.2481689453125 output 3 1 6 9 2 10 7 8 4 5 indices 2 -1 3 4 -1 10 1 3 2 1 -1 4 -1 2 1 3 2 1 3 4 2 1 3 4 2 1 3 4 2 1 3 4 2 1 3 4 -1 4 1 2 value 0.0 0.0 0.0 0.0 3.0 1.0 0.0 0.0 0.0 0.0 0.0 0.0 3.0 1.0 0.0 0.0 0.0 0.0 0.0 0.0 0.0 0.0 0.0 0.0 0.0 0.0 0.0 0.0 0.0 0.0 0.0 0.0 0.0 0.0 0.0 0.0 1.0 1.0 0.0 0.0 
7005.1142578125 2522.778564453125 -939.5933227539062 -539.9963989257812 -5621.5009765625 -2336.071044921875 -5677.07958984375 -1996.941162109375 -2594.427001953125 -2913.67041015625 -1588.3367919921875 6787.66650390625 8455.1630859375 -5276.15771484375 1832.828125 -4190.52490234375 5942.572265625 10186.078125 -6814.7392578125 -2243.1611328125 output 1 9 6 2 4 10 3 5 8 7 indices 2 -1 3 4 9 -1 1 3 2 1 -1 4 2 1 3 -1 2 1 3 4 2 1 3 4 -1 2 1 3 2 1 3 4 -1 7 1 2 2 1 3 4 value 0.0 0.0 0.0 0.0 1.0 1.0 0.0 0.0 0.0 0.0 0.0 0.0 0.0 0.0 0.0 0.0 0.0 0.0 0.0 0.0 0.0 0.0 0.0 0.0 3.0 1.0 0.0 0.0 0.0 0.0 0.0 0.0 3.0 1.0 0.0 0.0 0.0 0.0 0.0 0.0 
6383.70947265625 -1507.957763671875 5094.5478515625 -1682.0234375 -4641.5625 1685.9227294921875 423.6680908203125 8895.748046875 1404.614990234375 3684.038330078125 -3902.85107421875 1903.6083984375 5392.8876953125 -3504.409423828125 -9130.8984375 -8873.0771484375 3478.5146484375 -4237.556640625 -4502.63037109375 3635.70703125 output 2 1 7 9 8 3 6 10 4 5 indices 2 -1 3 4 -1 1 3 4 4 -1 1 2 -1 8 1 2 2 1 3 4 2 1 3 4 2 1 3 4 -1 9 1 2 3 4 1 2 2 1 3 4 value 0.0 0.0 0.0 0.0 0.0 0.0 0.0 0.0 1.0 0.0 0.0 0.0 3.0 1.0 0.0 0.0 0.0 0.0 0.0 0.0 0.0 0.0 0.0 0.0 0.0 0.0 0.0 0.0 3.0 1.0 0.0 0.0 1.0 0.0 0.0 0.0 0.0 0.0 0.0 0.0 
-4194.53955078125 1751.2645263671875 -3351.40283203125 6769.36572265625 223.3003387451172 -5783.8876953125 2126.74267578125 -361.1736755371094 -3081.273681640625 7652.95556640625 9779.2861328125 -6003.2705078125 2693.040283203125 -767.3866577148438 3755.962646484375 -7244.48486328125 -2660.3671875 5481.70263671875 -5290.74853515625 -1495.0859375 output 2 5 9 4 7 6 8 3 10 1 indices 2 -1 3 4 -1 1 3 4 2 1 -1 4 2 1 3 -1 -1 8 1 2 2 1 3 4 2 1 3 4 -1 10 1 2 2 1 3 4 -1 5 1 2 value 0.0 0.0 0.0 0.0 0.0 0.0 0.0 0.0 0.0 0.0 0.0 0.0 0.0 0.0 0.0 0.0 3.0 1.0 0.0 0.0 0.0 0.0 0.0 0.0 0.0 0.0 0.0 0.0 3.0 1.0 0.0 0.0 0.0 0.0 0.0 0.0 1.0 1.0 0.0 0.0 
-10009.7490234375 259.7047424316406 8963.13671875 -5093.982421875 2457.029052734375 -4772.47119140625 6029.89453125 -5091.998046875 -52.80486297607422 388.8457336425781 -1637.2286376953125 1990.28125 4189.70703125 -4435.73974609375 -9277.923828125 9656.77734375 6860.3779296875 7268.82958984375 -7522.4384765625 -170.24705505371094 output 8 1 10 6 5 3 7 4 2 9 indices 2 -1 3 4 -1 1 3 4 -1 5 4 1 3 -1 1 2 9 -1 1 2 2 1 3 4 2 1 3 4 2 1 3 4 -1 3 1 2 2 1 3 4 value 0.0 0.0 0.0 0.0 0.0 0.0 0.0 0.0 3.0 1.0 2.0451645895225563e-35 0.0 2.0451645895225563e-35 0.0 0.0 0.0 1.0 1.0 0.0 0.0 0.0 0.0 0.0 0.0 0.0 0.0 0.0 0.0 0.0 0.0 0.0 0.0 3.0 1.0 0.0 0.0 0.0 0.0 0.0 0.0 
5864.837890625 4855.794921875 357.62005615234375 2792.70068359375 8209.0 -2105.572265625 -6768.92578125 -5265.1611328125 -5518.0869140625 -1725.4339599609375 -10770.9970703125 -4277.69970703125 725.3399047851562 5385.3857421875 -6043.44580078125 -5603.45361328125 7613.37646484375 9018.0849609375 6331.2822265625 -3074.646240234375 output 10 3 1 9 7 2 5 6 4 8 indices 2 -1 3 4 -1 1 3 4 2 1 -1 4 2 1 3 -1 9 -1 1 2 2 1 3 4 2 1 3 4 -1 5 1 2 -1 8 1 2 2 1 3 4 value 0.0 0.0 0.0 0.0 0.0 0.0 0.0 0.0 0.0 0.0 0.0 0.0 0.0 0.0 0.0 0.0 1.0 1.0 0.0 0.0 0.0 0.0 0.0 0.0 0.0 0.0 0.0 0.0 3.0 1.0 0.0 0.0 3.0 1.0 0.0 0.0 0.0 0.0 0.0 0.0 
1597.289794921875 -1642.1126708984375 -2101.66455078125 -4121.9052734375 6762.34375 967.8006591796875 6657.25537109375 8409.2744140625 -4007.41357421875 -5333.958984375 -5178.07763671875 6569.080078125 -4134.25634765625 -2501.487060546875 -7225.53466796875 1422.5257568359375 2118.52880859375 -1966.28173828125 5511.529296875 -1802.9351806640625 output 6 8 7 5 2 1 9 10 3 4 indices 2 -1 3 4 4 -1 1 3 2 1 -1 4 -1 5 1 2 -1 2 1 3 2 1 3 4 2 1 3 4 2 1 3 4 2 1 3 4 2 1 3 4 value 0.0 0.0 0.0 0.0 1.0 1.0 0.0 0.0 0.0 0.0 0.0 0.0 3.0 1.0 0.0 0.0 3.0 1.0 0.0 0.0 0.0 0.0 0.0 0.0 0.0 0.0 0.0 0.0 0.0 0.0 0.0 0.0 0.0 0.0 0.0 0.0 0.0 0.0 0.0 0.0 
-1733.43359375 -2644.748046875 -1325.9764404296875 5099.55078125 -197.34616088867188 -4268.25537109375 -4126.05078125 -6591.2177734375 -1263.9869384765625 5445.63818359375 -5929.15380859375 5654.22900390625 -1000.5846557617188 777.84130859375 11902.333984375 -1621.69775390625 9132.134765625 -6211.69384765625 -5457.9375 4360.353515625 output 1 4 3 9 8 2 5 6 10 7 indices 5 -1 2 3 -1 1 3 4 2 1 -1 4 -1 1 2 3 -1 4 1 2 2 1 3 4 2 1 3 4 2 1 3 4 2 1 3 4 2 1 3 4 value 1.0 1.0 0.0 0.0 0.0 0.0 0.0 0.0 0.0 0.0 0.0 0.0 3.0 1.0 0.0 0.0 3.0 1.0 0.0 0.0 0.0 0.0 0.0 0.0 0.0 0.0 0.0 0.0 0.0 0.0 0.0 0.0 0.0 0.0 0.0 0.0 0.0 0.0 0.0 0.0 
4155.80322265625 -1029.3980712890625 -2437.0087890625 6095.50146484375 3980.662353515625 -6468.8037109375 -1101.45361328125 5789.83056640625 7749.931640625 6050.11669921875 -4435.65234375 -2540.349853515625 -3720.649169921875 -1238.096923828125 -1558.9644775390625 -13403.1328125 -5386.8427734375 891.2401123046875 2754.174072265625 5853.09326171875 output 7 6 8 3 1 5 10 4 2 9 indices 2 -1 3 4 -1 1 3 4 2 1 -1 4 2 1 3 -1 -1 8 1 2 2 1 3 4 -1 5 1 2 -1 7 1 2 2 1 3 4 2 1 3 4 value 0.0 0.0 0.0 0.0 0.0 0.0 0.0 0.0 0.0 0.0 0.0 0.0 0.0 0.0 0.0 0.0 3.0 1.0 0.0 0.0 0.0 0.0 0.0 0.0 1.0 1.0 0.0 0.0 3.0 1.0 0.0 0.0 0.0 0.0 0.0 0.0 0.0 0.0 0.0 0.0 
9944.1435546875 3984.292236328125 -1850.736083984375 6906.0322265625 216.73492431640625 -8467.5703125 -2707.708251953125 1040.2015380859375 4839.6396484375 -7568.5771484375 -4551.15478515625 -1723.8211669921875 -774.37548828125 2006.61767578125 -5693.01611328125 -7716.9189453125 -436.9786682128906 9434.91015625 1013.4513549804688 2104.83349609375 output 8 6 4 7 10 2 9 1 5 3 indices 2 -1 3 4 -1 1 3 4 -1 6 1 2 2 1 3 -1 2 1 3 4 9 -1 1 2 2 1 3 4 2 1 3 4 -1 3 1 2 2 1 3 4 value 0.0 0.0 0.0 0.0 0.0 0.0 0.0 0.0 3.0 1.0 0.0 0.0 0.0 0.0 0.0 0.0 0.0 0.0 0.0 0.0 1.0 1.0 0.0 0.0 0.0 0.0 0.0 0.0 0.0 0.0 0.0 0.0 3.0 1.0 0.0 0.0 0.0 0.0 0.0 0.0 
3341.466064453125 -5471.427734375 4156.95361328125 7300.9169921875 -10702.2890625 6615.72314453125 -6358.56396484375 329.4432373046875 1011.1741943359375 -2617.28564453125 3851.416748046875 -4722.91845703125 5053.76123046875 7152.01025390625 4433.66943359375 -6155.1220703125 -10512.2490234375 6170.87451171875 5724.6611328125 -8602.21484375 output 1 5 4 9 3 2 7 6 8 10 indices 2 -1 3 4 -1 1 3 4 2 1 -1 4 2 1 3 -1 7 -1 1 2 2 1 3 4 -1 10 1 2 2 1 3 4 2 1 3 4 -1 5 1 2 value 0.0 0.0 0.0 0.0 0.0 0.0 0.0 0.0 0.0 0.0 0.0 0.0 0.0 0.0 0.0 0.0 1.0 1.0 0.0 0.0 0.0 0.0 0.0 0.0 3.0 1.0 0.0 0.0 0.0 0.0 0.0 0.0 0.0 0.0 0.0 0.0 3.0 1.0 0.0 0.0 
-8369.1484375 -409.98968505859375 -1251.717041015625 2934.64794921875 6053.072265625 -5249.7041015625 7618.7197265625 -6200.04931640625 662.2632446289062 5873.26416015625 -5861.30126953125 -4459.0341796875 -6430.91015625 -3654.23388671875 -612.8564453125 3290.869140625 2816.606689453125 11934.0703125 5375.271484375 -4059.84033203125 output 9 5 8 2 1 7 6 4 3 10 indices 2 -1 3 4 -1 1 3 4 2 1 -1 4 -1 6 1 2 2 1 3 4 9 -1 1 2 2 1 3 4 2 1 3 4 -1 4 1 2 2 1 3 4 value 0.0 0.0 0.0 0.0 0.0 0.0 0.0 0.0 0.0 0.0 0.0 0.0 3.0 1.0 0.0 0.0 0.0 0.0 0.0 0.0 1.0 1.0 0.0 0.0 0.0 0.0 0.0 0.0 0.0 0.0 0.0 0.0 3.0 1.0 0.0 0.0 0.0 0.0 0.0 0.0 
-7741.4296875 9816.736328125 8635.28125 -3956.342529296875 713.5089721679688 5023.81982421875 9792.076171875 -7418.62109375 -198.2853240966797 -8167.7705078125 6203.1953125 5302.44677734375 -5631.1396484375 1102.424072265625 -2791.0517578125 -1267.4415283203125 -165.8759307861328 4157.572265625 -8816.279296875 -4592.822265625 output 10 5 4 2 6 3 9 1 7 8 indices 2 -1 3 4 -1 1 3 4 2 1 -1 4 2 1 3 -1 -1 8 1 2 -1 5 1 2 2 1 3 4 -1 6 1 2 2 1 3 4 2 1 3 4 value 0.0 0.0 0.0 0.0 0.0 0.0 0.0 0.0 0.0 0.0 0.0 0.0 0.0 0.0 0.0 0.0 3.0 1.0 0.0 0.0 3.0 1.0 0.0 0.0 0.0 0.0 0.0 0.0 1.0 1.0 0.0 0.0 0.0 0.0 0.0 0.0 0.0 0.0 0.0 0.0 
-2238.17724609375 -551.0095825195312 -1616.4666748046875 3486.892333984375 3011.373291015625 -995.8438110351562 3142.48291015625 -3043.512451171875 2583.36962890625 -1868.24072265625 -5725.603515625 6485.759765625 5113.4423828125 -4584.31787109375 2239.094482421875 163.1049346923828 -1295.8507080078125 1532.221435546875 -5213.66455078125 -625.0538330078125 output 3 7 4 5 1 10 6 2 9 8 indices 6 -1 2 3 -1 1 3 4 2 1 -1 4 2 1 3 -1 2 1 3 4 -1 7 1 2 -1 1 2 3 2 1 3 4 2 1 3 4 2 1 3 4 value 1.0 1.0 0.0 0.0 0.0 0.0 0.0 0.0 0.0 0.0 0.0 0.0 0.0 0.0 0.0 0.0 0.0 0.0 0.0 0.0 3.0 1.0 0.0 0.0 3.0 1.0 0.0 0.0 0.0 0.0 0.0 0.0 0.0 0.0 0.0 0.0 0.0 0.0 0.0 0.0 
6360.9443359375 9903.9921875 -9245.5302734375 5383.802734375 5331.400390625 9725.443359375 8570.6123046875 -1938.9029541015625 2272.0048828125 -7149.21630859375 -5018.13525390625 -6164.86376953125 -6531.44091796875 9301.69921875 2377.59619140625 -8533.271484375 -2574.252685546875 -9877.5146484375 -1543.1986083984375 -651.1690063476562 output 3 1 4 5 8 9 6 10 2 7 indices -1 9 2 3 -1 1 3 4 2 1 -1 4 2 1 3 -1 2 1 3 4 2 1 3 4 2 1 3 4 2 1 3 4 -1 10 1 2 -1 1 2 3 value 3.0 1.0 0.0 0.0 0.0 0.0 0.0 0.0 0.0 0.0 0.0 0.0 0.0 0.0 0.0 0.0 0.0 0.0 0.0 0.0 0.0 0.0 0.0 0.0 0.0 0.0 0.0 0.0 0.0 0.0 0.0 0.0 3.0 1.0 0.0 0.0 1.0 1.0 0.0 0.0 
2009.222900390625 -4240.52978515625 9182.205078125 -738.8856811523438 -4446.435546875 748.670166015625 3196.69482421875 7094.59716796875 -7831.0029296875 9092.7998046875 -1998.9376220703125 -1118.0936279296875 4420.76513671875 -611.4821166992188 6956.4384765625 -7807.95654296875 -5916.71142578125 -1639.62646484375 -5572.23876953125 -779.4931640625 output 10 9 6 1 8 2 7 4 5 3 indices 2 -1 3 4 -1 1 3 4 2 1 -1 4 -1 8 1 2 2 1 3 4 -1 4 1 2 2 1 3 4 -1 6 1 2 2 1 3 4 2 1 3 4 value 0.0 0.0 0.0 0.0 0.0 0.0 0.0 0.0 0.0 0.0 0.0 0.0 3.0 1.0 0.0 0.0 0.0 0.0 0.0 0.0 1.0 1.0 0.0 0.0 0.0 0.0 0.0 0.0 3.0 1.0 0.0 0.0 0.0 0.0 0.0 0.0 0.0 0.0 0.0 0.0 
-10172.4482421875 -7894.38427734375 7536.67822265625 1615.046142578125 -3680.23095703125 -8091.2802734375 8557.751953125 910.4606323242188 5514.3603515625 -1802.78564453125 7785.3896484375 -5565.93017578125 2138.41943359375 7788.5302734375 -6802.43115234375 2035.9378662109375 -6138.54736328125 8061.71142578125 -4738.94091796875 2942.69384765625 output 2 4 5 6 3 1 8 10 9 7 indices 2 -1 3 4 -1 1 3 4 -1 7 1 2 2 1 3 -1 2 1 3 4 2 1 3 4 -1 3 1 2 2 1 3 4 2 1 3 4 2 1 3 4 value 0.0 0.0 0.0 0.0 0.0 0.0 0.0 0.0 5.0 1.0 0.0 0.0 0.0 0.0 0.0 0.0 0.0 0.0 0.0 0.0 0.0 0.0 0.0 0.0 3.0 1.0 0.0 0.0 0.0 0.0 0.0 0.0 0.0 0.0 0.0 0.0 0.0 0.0 0.0 0.0 
4444.35791015625 7182.2998046875 4836.59375 -1828.384521484375 -4505.0625 1638.595458984375 891.8325805664062 -7982.90087890625 -7584.6552734375 -4952.72412109375 6683.8828125 -424.9890441894531 -1613.85498046875 2590.21337890625 -2512.755859375 1486.63916015625 5325.9931640625 -2753.95263671875 -5966.33154296875 5045.203125 output 1 6 2 9 4 5 10 3 8 7 indices -1 4 2 3 -1 1 3 4 2 1 -1 4 -1 8 1 2 2 1 3 4 2 1 3 4 2 1 3 4 -1 1 2 3 2 1 3 4 2 1 3 4 value 3.0 1.0 0.0 0.0 0.0 0.0 0.0 0.0 0.0 0.0 0.0 0.0 3.0 1.0 0.0 0.0 0.0 0.0 0.0 0.0 0.0 0.0 0.0 0.0 0.0 0.0 0.0 0.0 1.0 1.0 0.0 0.0 0.0 0.0 0.0 0.0 0.0 0.0 0.0 0.0 
-5694.43017578125 -3113.592529296875 4455.1904296875 -5668.2041015625 -5013.26904296875 -6037.9814453125 -1450.3526611328125 5492.28662109375 7879.40234375 7817.8212890625 -179.91004943847656 7507.3544921875 -5157.48583984375 -9480.29296875 8202.64453125 5615.0302734375 -8548.4697265625 3259.65380859375 5506.68017578125 -5392.0751953125 output 8 5 6 4 9 1 3 7 2 10 indices 5 -1 2 3 -1 1 3 4 2 1 -1 4 2 1 3 -1 -1 7 1 2 2 1 3 4 -1 1 2 3 2 1 3 4 2 1 3 4 2 1 3 4 value 1.0 1.0 0.0 0.0 0.0 0.0 0.0 0.0 0.0 0.0 0.0 0.0 0.0 0.0 0.0 0.0 3.0 1.0 0.0 0.0 0.0 0.0 0.0 0.0 3.0 1.0 0.0 0.0 0.0 0.0 0.0 0.0 0.0 0.0 0.0 0.0 0.0 0.0 0.0 0.0 
5983.6259765625 7578.8896484375 -3103.14697265625 -9782.861328125 -4669.01318359375 -7664.220703125 -5300.26953125 4592.908203125 62.46148681640625 4475.708984375 8977.5009765625 -1015.3969116210938 6840.001953125 8118.27099609375 -3509.6142578125 2478.410888671875 3474.5888671875 -3246.856689453125 -8756.1357421875 -5534.85400390625 output 8 4 10 3 2 9 6 7 1 5 indices 2 -1 3 4 -1 3 1 4 7 -1 1 2 2 1 3 -1 2 1 3 4 2 1 3 4 -1 2 1 3 2 1 3 4 2 1 3 4 2 1 3 4 value 0.0 0.0 0.0 0.0 3.0 1.0 0.0 0.0 1.0 1.0 0.0 0.0 0.0 0.0 0.0 0.0 0.0 0.0 0.0 0.0 0.0 0.0 0.0 0.0 3.0 1.0 0.0 0.0 0.0 0.0 0.0 0.0 0.0 0.0 0.0 0.0 0.0 0.0 0.0 0.0 
-1585.2403564453125 1789.890625 -2175.513427734375 -5440.12841796875 3981.819091796875 3408.3583984375 1418.826171875 2028.7188720703125 -6127.73681640625 2670.1513671875 528.7662963867188 4775.78857421875 5621.341796875 -7004.7841796875 -8573.9599609375 2861.172607421875 6061.7548828125 -7255.3935546875 849.9430541992188 2166.225830078125 output 1 5 8 2 7 9 3 6 4 10 indices 2 -1 3 4 6 -1 1 3 9 -1 1 2 2 1 3 -1 2 1 3 4 -1 3 1 2 2 1 3 4 2 1 3 4 -1 2 1 3 2 1 3 4 value 0.0 0.0 0.0 0.0 1.0 1.0 0.0 0.0 1.0 1.0 0.0 0.0 0.0 0.0 0.0 0.0 0.0 0.0 0.0 0.0 1.0 1.0 0.0 0.0 0.0 0.0 0.0 0.0 0.0 0.0 0.0 0.0 3.0 1.0 0.0 0.0 0.0 0.0 0.0 0.0 
9374.6396484375 3134.690185546875 5854.13134765625 2643.396728515625 -6141.11767578125 4864.72509765625 -3110.26171875 -9163.869140625 -7323.23193359375 -9466.4697265625 7551.09716796875 2242.608154296875 193.24246215820312 6151.3056640625 1325.997802734375 255.96359252929688 -3361.394775390625 7679.224609375 -4363.10205078125 -8341.5751953125 output 5 10 4 8 2 6 1 7 9 3 indices -1 5 2 3 -1 1 3 4 2 1 -1 4 2 1 3 -1 -1 10 1 2 2 1 3 4 2 1 3 4 2 1 3 4 2 1 3 4 -1 1 2 3 value 3.0 1.0 0.0 0.0 0.0 0.0 0.0 0.0 0.0 0.0 0.0 0.0 0.0 0.0 0.0 0.0 3.0 1.0 0.0 0.0 0.0 0.0 0.0 0.0 0.0 0.0 0.0 0.0 0.0 0.0 0.0 0.0 0.0 0.0 0.0 0.0 1.0 1.0 0.0 0.0 
5758.845703125 6803.59619140625 3323.75048828125 2253.876708984375 -3849.03564453125 -3382.7109375 5729.01708984375 489.1202697753906 5940.3369140625 -1052.50244140625 -5079.4482421875 985.0765380859375 -7081.2099609375 -2797.06640625 3397.477294921875 -3565.113037109375 -9820.177734375 13.44682788848877 1680.4437255859375 252.27627563476562 output 10 6 9 7 3 8 5 4 1 2 indices -1 3 2 4 -1 1 3 4 -1 1 2 4 2 1 3 -1 2 1 3 4 2 1 3 4 2 1 3 4 2 1 3 4 2 1 3 4 2 1 3 4 value 3.0 1.0 0.0 0.0 0.0 0.0 0.0 0.0 5.0 1.0 0.0 0.0 0.0 0.0 0.0 0.0 0.0 0.0 0.0 0.0 0.0 0.0 0.0 0.0 0.0 0.0 0.0 0.0 0.0 0.0 0.0 0.0 0.0 0.0 0.0 0.0 0.0 0.0 0.0 0.0 
2027.0570068359375 6278.904296875 2601.73681640625 1115.331298828125 -1092.0589599609375 327.8899841308594 -10105.2265625 -990.8120727539062 -6005.154296875 6929.21630859375 4808.52587890625 6036.7958984375 7721.38671875 -5862.3408203125 5079.70263671875 -5880.498046875 -4672.4931640625 -7058.98974609375 -363.47601318359375 -895.49658203125 output 3 10 7 8 9 4 5 1 6 2 indices 2 -1 3 4 -1 1 3 4 2 1 -1 4 2 1 3 -1 2 1 3 4 -1 9 1 2 2 1 3 4 2 1 3 4 -1 10 1 2 -1 6 1 2 value 0.0 0.0 0.0 0.0 0.0 0.0 0.0 0.0 0.0 0.0 0.0 0.0 0.0 0.0 0.0 0.0 0.0 0.0 0.0 0.0 3.0 1.0 0.0 0.0 0.0 0.0 0.0 0.0 0.0 0.0 0.0 0.0 3.0 1.0 0.0 0.0 1.0 1.0 0.0 0.0 
6379.357421875 -3229.556396484375 -6151.07470703125 10058.1796875 4158.37548828125 -8011.32275390625 -1219.1558837890625 2665.313720703125 6245.37841796875 -6494.53857421875 -3505.830322265625 2088.048095703125 4927.2490234375 -7597.60595703125 -45.205169677734375 6714.33154296875 -1277.92431640625 -3188.0087890625 -9511.169921875 6995.1591796875 output 1 5 7 3 9 6 10 2 8 4 indices 2 -1 3 4 -1 3 1 4 -1 9 1 2 2 1 3 -1 2 1 3 4 2 1 3 4 2 1 3 4 2 1 3 4 -1 2 1 3 2 1 3 4 value 0.0 0.0 0.0 0.0 3.0 1.0 0.0 0.0 3.0 1.0 0.0 0.0 0.0 0.0 0.0 0.0 0.0 0.0 0.0 0.0 0.0 0.0 0.0 0.0 0.0 0.0 0.0 0.0 0.0 0.0 0.0 0.0 1.0 1.0 0.0 0.0 0.0 0.0 0.0 0.0 
-904.4895629882812 936.8193359375 5629.0341796875 -960.7142333984375 4045.748291015625 -1010.6659545898438 -4218.40234375 8332.3564453125 5346.7939453125 4768.31982421875 -8891.611328125 -6575.1572265625 -2476.155029296875 6702.19482421875 -4290.3984375 -6264.83056640625 9255.2236328125 -10388.72265625 -3495.744384765625 4460.3994140625 output 5 7 4 10 1 6 8 9 2 3 indices 4 -1 2 3 -1 1 3 4 2 1 -1 4 5 -1 1 2 9 -1 1 2 2 1 3 4 2 1 3 4 2 1 3 4 -1 1 2 3 2 1 3 4 value 1.0 1.0 0.0 0.0 0.0 0.0 0.0 0.0 0.0 0.0 0.0 0.0 1.0 1.0 0.0 0.0 1.0 1.0 0.0 0.0 0.0 0.0 0.0 0.0 0.0 0.0 0.0 0.0 0.0 0.0 0.0 0.0 3.0 1.0 0.0 0.0 0.0 0.0 0.0 0.0 
6801.0390625 10053.3740234375 -8740.2294921875 3125.1201171875 -6547.82861328125 -2139.673828125 -242.3049774169922 -7037.37255859375 3267.260986328125 -297.28192138671875 -3205.54541015625 9546.3828125 -7238.2021484375 -7034.3310546875 8181.298828125 812.4998168945312 8700.5751953125 530.38818359375 -976.0640869140625 -7559.10546875 output 8 9 1 6 2 3 7 10 4 5 indices -1 10 2 3 -1 1 3 4 -1 1 2 4 2 1 3 -1 2 1 3 4 2 1 3 4 2 1 3 4 2 1 3 4 2 1 3 4 -1 3 1 2 value 3.0 1.0 0.0 0.0 0.0 0.0 0.0 0.0 1.0 1.0 0.0 0.0 0.0 0.0 0.0 0.0 0.0 0.0 0.0 0.0 0.0 0.0 0.0 0.0 0.0 0.0 0.0 0.0 0.0 0.0 0.0 0.0 0.0 0.0 0.0 0.0 3.0 1.0 0.0 0.0 
7771.63330078125 1107.7105712890625 -6973.2314453125 -6976.76416015625 -3749.601806640625 10304.01171875 3588.318359375 2510.3896484375 8464.095703125 14.22512149810791 -384.7757263183594 -7895.28173828125 1101.075927734375 -679.6478271484375 879.63720703125 -8213.224609375 -2744.681396484375 10137.7392578125 -7952.47021484375 -309.15838623046875 output 2 6 8 7 5 1 4 9 3 10 indices 2 -1 3 4 -1 1 3 4 2 1 -1 4 2 1 3 -1 2 1 3 4 2 1 3 4 9 -1 1 2 -1 7 1 2 -1 8 1 2 2 1 3 4 value 0.0 0.0 0.0 0.0 0.0 0.0 0.0 0.0 0.0 0.0 0.0 0.0 0.0 0.0 0.0 0.0 0.0 0.0 0.0 0.0 0.0 0.0 0.0 0.0 1.0 1.0 0.0 0.0 3.0 1.0 0.0 0.0 3.0 1.0 0.0 0.0 0.0 0.0 0.0 0.0 
3168.026123046875 3763.468017578125 4740.30712890625 -5092.95556640625 1193.80224609375 3111.132568359375 -1916.373291015625 2408.323974609375 544.1664428710938 -8363.4873046875 676.0740356445312 4622.93994140625 2973.6474609375 -2743.207275390625 -2647.19580078125 4181.15185546875 -2982.851806640625 2802.3154296875 -5749.6025390625 -4689.681640625 output 8 6 3 1 7 2 5 10 4 9 indices -1 5 2 3 -1 1 3 4 2 1 -1 4 2 1 3 -1 -1 10 1 2 2 1 3 4 2 1 3 4 2 1 3 4 2 1 3 4 -1 1 2 3 value 3.0 1.0 0.0 0.0 0.0 0.0 0.0 0.0 0.0 0.0 0.0 0.0 0.0 0.0 0.0 0.0 3.0 1.0 0.0 0.0 0.0 0.0 0.0 0.0 0.0 0.0 0.0 0.0 0.0 0.0 0.0 0.0 0.0 0.0 0.0 0.0 1.0 1.0 0.0 0.0 
9980.765625 -368.9858703613281 -1569.5341796875 -1973.5791015625 7278.6181640625 6707.39599609375 -8481.9873046875 3417.33740234375 -6905.47021484375 1351.29638671875 -753.85205078125 3830.343017578125 -3682.663818359375 -5399.185546875 -5882.0888671875 -1779.648193359375 5666.416015625 4411.3134765625 4349.796875 -10196.287109375 output 1 10 7 2 8 5 4 6 9 3 indices 2 -1 3 4 3 -1 1 4 -1 10 1 2 2 1 3 -1 2 1 3 4 2 1 3 4 2 1 3 4 2 1 3 4 2 1 3 4 -1 2 1 3 value 0.0 0.0 0.0 0.0 1.0 1.0 0.0 0.0 3.0 1.0 0.0 0.0 0.0 0.0 0.0 0.0 0.0 0.0 0.0 0.0 0.0 0.0 0.0 0.0 0.0 0.0 0.0 0.0 0.0 0.0 0.0 0.0 0.0 0.0 0.0 0.0 3.0 1.0 0.0 0.0 
-6904.54052734375 -1964.49609375 6600.662109375 -204.14004516601562 263.81488037109375 -8185.44775390625 4885.158203125 9160.21875 2471.4462890625 -1034.032470703125 -4408.8818359375 -544.5563354492188 -1922.55908203125 -6657.66552734375 -8151.37451171875 6167.87109375 6352.93359375 -5443.32470703125 813.3412475585938 8705.572265625 output 9 5 2 4 10 8 6 1 7 3 indices 2 -1 3 4 -1 1 3 4 -1 6 1 2 -1 3 1 2 2 1 3 4 -1 4 1 2 2 1 3 4 2 1 3 4 2 1 3 4 2 1 3 4 value 0.0 0.0 0.0 0.0 0.0 0.0 0.0 0.0 3.0 1.0 0.0 0.0 3.0 1.0 0.0 0.0 0.0 0.0 0.0 0.0 1.0 1.0 0.0 0.0 0.0 0.0 0.0 0.0 0.0 0.0 0.0 0.0 0.0 0.0 0.0 0.0 0.0 0.0 0.0 0.0 
-4718.43359375 -4390.66259765625 1156.805908203125 946.7169189453125 5073.34521484375 -6311.11181640625 3550.338623046875 -2037.3182373046875 6908.6796875 3065.996337890625 -5569.44091796875 3487.25634765625 6651.09228515625 -7804.64599609375 -6593.91796875 3011.181396484375 -5370.28173828125 8345.4794921875 -1088.187744140625 1687.1077880859375 output 3 7 1 8 6 9 10 2 5 4 indices 9 -1 2 3 -1 1 3 4 2 1 -1 4 2 1 3 -1 7 -1 1 2 2 1 3 4 -1 1 2 3 2 1 3 4 -1 5 1 2 2 1 3 4 value 1.0 1.0 0.0 0.0 0.0 0.0 0.0 0.0 0.0 0.0 0.0 0.0 0.0 0.0 0.0 0.0 1.0 1.0 0.0 0.0 0.0 0.0 0.0 0.0 3.0 1.0 0.0 0.0 0.0 0.0 0.0 0.0 1.0 1.0 0.0 0.0 0.0 0.0 0.0 0.0 
-11969.236328125 -12898.0498046875 -352.5026550292969 942.4879760742188 5865.876953125 5761.21484375 5108.365234375 5404.85009765625 2860.21923828125 4350.76416015625 3091.066162109375 -176.43051147460938 -1015.5615844726562 -773.7998657226562 -8553.615234375 2876.478515625 -1919.6890869140625 -1782.873046875 6885.0771484375 -3704.64208984375 output 1 9 7 2 6 10 3 4 5 8 indices -1 7 2 3 -1 1 3 4 -1 1 2 4 2 1 3 -1 2 1 3 4 2 1 3 4 -1 3 1 2 2 1 3 4 2 1 3 4 2 1 3 4 value 3.0 1.0 0.0 0.0 0.0 0.0 0.0 0.0 3.0 1.0 0.0 0.0 0.0 0.0 0.0 0.0 0.0 0.0 0.0 0.0 0.0 0.0 0.0 0.0 1.0 1.0 0.0 0.0 0.0 0.0 0.0 0.0 0.0 0.0 0.0 0.0 0.0 0.0 0.0 0.0 
6840.6416015625 587.98974609375 -9819.310546875 6505.64501953125 5418.06005859375 -3276.505126953125 -8601.9248046875 -6925.99755859375 5950.9892578125 47.33838653564453 5884.8798828125 6016.68603515625 1321.8192138671875 -8828.4443359375 -4256.58203125 3458.612060546875 48.7053108215332 -397.26361083984375 -2787.27734375 2811.93994140625 output 1 6 9 10 8 2 4 7 3 5 indices 2 -1 3 4 -1 1 3 4 2 1 -1 4 2 1 3 -1 2 1 3 4 -1 7 1 2 -1 9 1 2 2 1 3 4 -1 6 1 2 2 1 3 4 value 0.0 0.0 0.0 0.0 0.0 0.0 0.0 0.0 0.0 0.0 0.0 0.0 0.0 0.0 0.0 0.0 0.0 0.0 0.0 0.0 3.0 1.0 0.0 0.0 3.0 1.0 0.0 0.0 0.0 0.0 0.0 0.0 1.0 1.0 0.0 0.0 0.0 0.0 0.0 0.0 
-6499.11572265625 -2550.665771484375 -3334.255859375 -3813.522705078125 -1489.364013671875 193.50833129882812 7346.57421875 -5925.4697265625 -1661.3465576171875 -1104.8380126953125 -2000.5535888671875 693.5344848632812 7248.64990234375 -2936.1572265625 746.4051513671875 5634.47216796875 -3149.10302734375 1675.189697265625 2792.109130859375 8133.94873046875 output 1 2 4 7 10 8 9 6 3 5 indices 2 -1 3 4 -1 1 3 4 2 1 -1 4 -1 5 1 2 10 -1 1 2 2 1 3 4 2 1 3 4 2 1 3 4 2 1 3 4 -1 4 1 2 value 0.0 0.0 0.0 0.0 0.0 0.0 0.0 0.0 0.0 0.0 0.0 0.0 3.0 1.0 0.0 0.0 1.0 1.0 0.0 0.0 0.0 0.0 0.0 0.0 0.0 0.0 0.0 0.0 0.0 0.0 0.0 0.0 0.0 0.0 0.0 0.0 3.0 1.0 0.0 0.0 
-1417.0352783203125 -2746.0087890625 5171.7001953125 2485.814453125 -6572.30029296875 -5228.69873046875 4570.7158203125 -3956.000732421875 9758.10546875 -3380.069580078125 8287.6484375 11375.61328125 -6723.009765625 671.6983032226562 -5247.02197265625 -1157.2481689453125 -6258.27490234375 4879.90673828125 -1570.527099609375 -2945.0068359375 output 8 3 10 1 4 5 2 6 9 7 indices 6 -1 2 3 -1 1 3 4 -1 1 2 4 2 1 3 -1 2 1 3 4 -1 3 1 2 2 1 3 4 2 1 3 4 2 1 3 4 2 1 3 4 value 1.0 1.0 0.0 0.0 0.0 0.0 0.0 0.0 3.0 1.0 0.0 0.0 0.0 0.0 0.0 0.0 0.0 0.0 0.0 0.0 3.0 1.0 0.0 0.0 0.0 0.0 0.0 0.0 0.0 0.0 0.0 0.0 0.0 0.0 0.0 0.0 0.0 0.0 0.0 0.0 
7530.3203125 -5153.49267578125 9332.5283203125 -6505.390625 -2985.71630859375 1091.5316162109375 9230.9892578125 -1128.87939453125 -1113.24560546875 -7990.9609375 -2154.7392578125 6427.65087890625 -3690.415283203125 -7759.20166015625 -7724.333984375 5094.7138671875 -4732.95556640625 9115.974609375 -3692.43212890625 6808.05419921875 output 1 5 7 3 8 9 10 6 4 2 indices 2 -1 3 4 -1 1 3 4 9 -1 1 2 2 1 3 -1 -1 3 1 2 2 1 3 4 2 1 3 4 2 1 3 4 -1 5 1 2 2 1 3 4 value 0.0 0.0 0.0 0.0 0.0 0.0 0.0 0.0 1.0 1.0 0.0 0.0 0.0 0.0 0.0 0.0 3.0 1.0 0.0 0.0 0.0 0.0 0.0 0.0 0.0 0.0 0.0 0.0 0.0 0.0 0.0 0.0 3.0 1.0 0.0 0.0 0.0 0.0 0.0 0.0 
-2947.140380859375 8138.64208984375 2018.9354248046875 2004.418212890625 8735.216796875 -7365.11962890625 -8157.02197265625 -6534.54833984375 -7042.45263671875 4233.4287109375 -1538.7564697265625 -2886.90673828125 1794.0257568359375 3251.951171875 5516.5625 628.2825317382812 -5922.34765625 5992.69970703125 7542.9775390625 -7462.84814453125 output 7 1 9 5 4 6 10 3 8 2 indices -1 10 2 3 -1 1 3 4 2 1 -1 4 2 1 3 -1 2 1 3 4 -1 1 2 3 2 1 3 4 2 1 3 4 2 1 3 4 -1 6 1 2 value 3.0 1.0 0.0 0.0 0.0 0.0 0.0 0.0 0.0 0.0 0.0 0.0 0.0 0.0 0.0 0.0 0.0 0.0 0.0 0.0 1.0 1.0 0.0 0.0 0.0 0.0 0.0 0.0 0.0 0.0 0.0 0.0 0.0 0.0 0.0 0.0 3.0 1.0 0.0 0.0 
5704.443359375 -1964.6944580078125 -1606.008056640625 -2627.5537109375 -5607.30322265625 -10712.142578125 -2301.239990234375 6662.7431640625 2169.43505859375 -2276.106689453125 -4634.98486328125 8188.98095703125 10597.44140625 747.8928833007812 -4871.5302734375 4706.876953125 -2348.6611328125 7925.0029296875 2898.407958984375 -10650.9990234375 output 9 4 7 1 5 10 3 2 8 6 indices 2 -1 3 4 9 -1 1 3 -1 2 1 4 2 1 3 -1 2 1 3 4 2 1 3 4 2 1 3 4 2 1 3 4 -1 3 1 2 2 1 3 4 value 0.0 0.0 0.0 0.0 1.0 1.0 0.0 0.0 3.0 1.0 0.0 0.0 0.0 0.0 0.0 0.0 0.0 0.0 0.0 0.0 0.0 0.0 0.0 0.0 0.0 0.0 0.0 0.0 0.0 0.0 0.0 0.0 3.0 1.0 0.0 0.0 0.0 0.0 0.0 0.0 
7287.91455078125 -307.5245666503906 -6174.6787109375 8576.46875 -46.447776794433594 2080.43603515625 -9755.2412109375 -9172.8017578125 7542.67626953125 -124.202880859375 -1723.6474609375 7574.7392578125 4851.45703125 -5396.98046875 672.4398193359375 3787.880126953125 -778.125 1563.174072265625 -1876.3482666015625 -8581.1884765625 output 2 6 8 3 9 5 1 7 10 4 indices 2 -1 3 4 -1 1 3 4 2 1 -1 4 -1 10 1 2 2 1 3 4 -1 4 1 2 2 1 3 4 2 1 3 4 2 1 3 4 -1 6 1 2 value 0.0 0.0 0.0 0.0 0.0 0.0 0.0 0.0 0.0 0.0 0.0 0.0 3.0 1.0 0.0 0.0 0.0 0.0 0.0 0.0 3.0 1.0 0.0 0.0 0.0 0.0 0.0 0.0 0.0 0.0 0.0 0.0 0.0 0.0 0.0 0.0 1.0 1.0 0.0 0.0 
-5862.61767578125 8174.1982421875 -8679.8154296875 -6222.2255859375 -5454.31591796875 -5732.33349609375 8290.99609375 -1029.478271484375 -7116.7705078125 -169.5554962158203 5224.033203125 -5426.83056640625 -301.60986328125 7969.0244140625 8375.931640625 2013.8607177734375 7298.0576171875 -5552.7451171875 -1773.8902587890625 5976.0859375 output 1 10 7 8 4 9 6 3 2 5 indices 2 -1 3 4 -1 3 1 4 7 -1 1 2 2 1 3 -1 2 1 3 4 2 1 3 4 -1 2 1 3 2 1 3 4 2 1 3 4 2 1 3 4 value 0.0 0.0 0.0 0.0 3.0 1.0 0.0 0.0 1.0 1.0 0.0 0.0 0.0 0.0 0.0 0.0 0.0 0.0 0.0 0.0 0.0 0.0 0.0 0.0 3.0 1.0 0.0 0.0 0.0 0.0 0.0 0.0 0.0 0.0 0.0 0.0 0.0 0.0 0.0 0.0 
-85.6962890625 -3125.566650390625 2903.96484375 -338.3877868652344 -4560.341796875 5349.15185546875 -5966.35791015625 1727.4559326171875 -597.2943115234375 -476.00457763671875 1699.606201171875 -7445.52099609375 5397.2080078125 5639.947265625 9161.1328125 -4624.55810546875 -3567.270263671875 10006.59375 -4384.95166015625 -6713.111328125 output 1 5 4 3 9 7 2 8 6 10 indices 2 -1 3 4 -1 1 3 4 2 1 -1 4 2 1 3 -1 9 -1 1 2 -1 5 1 2 2 1 3 4 2 1 3 4 -1 6 1 2 2 1 3 4 value 0.0 0.0 0.0 0.0 0.0 0.0 0.0 0.0 0.0 0.0 0.0 0.0 0.0 0.0 0.0 0.0 1.0 1.0 0.0 0.0 3.0 1.0 0.0 0.0 0.0 0.0 0.0 0.0 0.0 0.0 0.0 0.0 3.0 1.0 0.0 0.0 0.0 0.0 0.0 0.0 
3231.279296875 4900.40771484375 -7060.94921875 -3094.0703125 5336.44775390625 5911.15966796875 4787.265625 -8017.60009765625 817.2938842773438 1669.21533203125 4739.466796875 4088.15478515625 -9030.15234375 -891.3742065429688 1753.252685546875 -7065.5244140625 1716.2545166015625 -3771.05810546875 -6290.1591796875 6270.68994140625 output 1 3 6 5 9 4 8 2 7 10 indices 2 -1 3 4 -1 1 3 4 -1 4 1 2 -1 9 1 2 2 1 3 4 2 1 3 4 2 1 3 4 2 1 3 4 -1 3 1 2 2 1 3 4 value 0.0 0.0 0.0 0.0 0.0 0.0 0.0 0.0 3.0 1.0 0.0 0.0 3.0 1.0 0.0 0.0 0.0 0.0 0.0 0.0 0.0 0.0 0.0 0.0 0.0 0.0 0.0 0.0 0.0 0.0 0.0 0.0 1.0 1.0 0.0 0.0 0.0 0.0 0.0 0.0 
718.1553955078125 -10899.5966796875 6589.3623046875 5997.25244140625 2062.271484375 3914.772216796875 7166.62744140625 -6085.63671875 1937.8817138671875 -485.497802734375 -6596.56640625 -5554.42626953125 -11337.55859375 4125.7021484375 6536.111328125 -115.7866439819336 1993.8232421875 7093.39013671875 -9070.1083984375 2009.8270263671875 output 1 6 10 7 9 2 3 5 8 4 indices -1 5 2 3 -1 1 3 4 2 1 -1 4 2 1 3 -1 -1 2 1 3 2 1 3 4 2 1 3 4 2 1 3 4 2 1 3 4 2 1 3 4 value 3.0 1.0 0.0 0.0 3.0 1.0 0.0 0.0 0.0 0.0 0.0 0.0 0.0 0.0 0.0 0.0 1.0 1.0 0.0 0.0 0.0 0.0 0.0 0.0 0.0 0.0 0.0 0.0 0.0 0.0 0.0 0.0 0.0 0.0 0.0 0.0 0.0 0.0 0.0 0.0 
-8526.3349609375 5311.33154296875 -9608.9873046875 1191.981201171875 3966.775634765625 -2253.571533203125 -7099.8740234375 6584.84033203125 7733.1982421875 8581.6455078125 3683.170654296875 857.3790283203125 9703.6943359375 -4116.5625 -8797.02734375 -3942.343017578125 9619.2587890625 -6908.79931640625 -673.8739624023438 -5305.9013671875 output 1 2 8 10 9 7 3 6 5 4 indices 2 -1 3 4 -1 1 3 4 2 1 -1 4 2 1 3 -1 -1 9 1 2 2 1 3 4 2 1 3 4 2 1 3 4 -1 10 1 2 -1 5 1 2 value 0.0 0.0 0.0 0.0 0.0 0.0 0.0 0.0 0.0 0.0 0.0 0.0 0.0 0.0 0.0 0.0 3.0 1.0 0.0 0.0 0.0 0.0 0.0 0.0 0.0 0.0 0.0 0.0 0.0 0.0 0.0 0.0 3.0 1.0 0.0 0.0 1.0 1.0 0.0 0.0 
6607.4365234375 1453.2591552734375 -4340.72802734375 -3383.802978515625 10971.8701171875 7281.13623046875 -3510.76708984375 -2086.698974609375 6306.08251953125 -6085.03857421875 -2318.27587890625 6586.75732421875 -3761.2099609375 -914.6207275390625 -2580.25439453125 3675.193603515625 -3920.80078125 -2995.080322265625 -3453.3525390625 -3531.10498046875 output 7 8 6 3 1 5 10 2 9 4 indices 2 -1 3 4 -1 1 3 4 -1 5 1 2 -1 3 1 2 -1 4 1 2 2 1 3 4 2 1 3 4 2 1 3 4 2 1 3 4 2 1 3 4 value 0.0 0.0 0.0 0.0 0.0 0.0 0.0 0.0 3.0 1.0 0.0 0.0 1.0 1.0 0.0 0.0 3.0 1.0 0.0 0.0 0.0 0.0 0.0 0.0 0.0 0.0 0.0 0.0 0.0 0.0 0.0 0.0 0.0 0.0 0.0 0.0 0.0 0.0 0.0 0.0 
-7951.72265625 5798.8984375 -3413.274658203125 2233.685546875 -6395.7177734375 -7545.78662109375 5237.92236328125 -2687.400390625 6386.27880859375 3974.558349609375 5294.7783203125 -8148.7021484375 -3885.7451171875 -900.161376953125 905.0 2993.96435546875 5021.88720703125 -2159.478271484375 -1199.4073486328125 6440.421875 output 6 4 9 5 8 10 1 2 7 3 indices 2 -1 3 4 -1 1 3 4 2 1 -1 4 2 1 3 -1 -1 6 1 2 -1 7 1 2 -1 5 1 2 2 1 3 4 2 1 3 4 2 1 3 4 value 0.0 0.0 0.0 0.0 0.0 0.0 0.0 0.0 0.0 0.0 0.0 0.0 0.0 0.0 0.0 0.0 3.0 1.0 0.0 0.0 3.0 1.0 0.0 0.0 1.0 1.0 0.0 0.0 0.0 0.0 0.0 0.0 0.0 0.0 0.0 0.0 0.0 0.0 0.0 0.0 
-6648.025390625 -7457.71044921875 288.3905029296875 1116.3736572265625 -4110.40185546875 11068.7724609375 -956.18408203125 -6940.60498046875 -5680.142578125 -6467.44287109375 3013.378173828125 -4278.8447265625 896.5138549804688 7671.77978515625 9112.27734375 -749.2131958007812 -3040.216552734375 3129.584716796875 7124.41015625 2907.304931640625 output 10 8 6 4 1 5 2 9 3 7 indices -1 4 2 3 -1 1 3 4 -1 1 2 4 -1 3 1 2 2 1 3 4 2 1 3 4 2 1 3 4 2 1 3 4 2 1 3 4 2 1 3 4 value 3.0 1.0 0.0 0.0 0.0 0.0 0.0 0.0 3.0 1.0 0.0 0.0 1.0 1.0 0.0 0.0 0.0 0.0 0.0 0.0 0.0 0.0 0.0 0.0 0.0 0.0 0.0 0.0 0.0 0.0 0.0 0.0 0.0 0.0 0.0 0.0 0.0 0.0 0.0 0.0 
-1432.62353515625 -703.8713989257812 -4101.3583984375 -2773.15478515625 7906.861328125 -3722.4619140625 6914.35693359375 -2911.447998046875 3541.560546875 8792.0458984375 -6883.58203125 87.28912353515625 -4713.18017578125 -5564.3046875 4595.23876953125 1577.9742431640625 -2457.11328125 -4781.96142578125 -3370.16064453125 9999.892578125 output 1 9 7 2 6 10 5 8 4 3 indices 5 -1 2 3 -1 1 3 4 2 1 -1 4 2 1 3 -1 -1 7 1 2 2 1 3 4 -1 1 2 3 2 1 3 4 2 1 3 4 2 1 3 4 value 1.0 1.0 0.0 0.0 0.0 0.0 0.0 0.0 0.0 0.0 0.0 0.0 0.0 0.0 0.0 0.0 3.0 1.0 0.0 0.0 0.0 0.0 0.0 0.0 3.0 1.0 0.0 0.0 0.0 0.0 0.0 0.0 0.0 0.0 0.0 0.0 0.0 0.0 0.0 0.0 
6005.99609375 -3626.267578125 -160.32598876953125 -7660.21240234375 6869.40087890625 4671.62451171875 -8952.4990234375 -7501.17626953125 -2906.902099609375 7218.22265625 4546.17333984375 -2930.968994140625 -702.8088989257812 -21.512510299682617 3940.1962890625 11018.2373046875 -1859.509521484375 7464.1064453125 -6779.7216796875 -8632.052734375 output 2 6 1 3 8 9 5 7 4 10 indices 2 -1 3 4 -1 1 3 4 2 1 -1 4 2 1 3 -1 2 1 3 4 2 1 3 4 8 -1 1 2 -1 10 1 2 2 1 3 4 -1 7 1 2 value 0.0 0.0 0.0 0.0 0.0 0.0 0.0 0.0 0.0 0.0 0.0 0.0 0.0 0.0 0.0 0.0 0.0 0.0 0.0 0.0 0.0 0.0 0.0 0.0 1.0 1.0 0.0 0.0 3.0 1.0 0.0 0.0 0.0 0.0 0.0 0.0 3.0 1.0 0.0 0.0 
-10101.37109375 5119.91552734375 9405.0966796875 -3625.371826171875 9429.2451171875 1355.7332763671875 3059.29931640625 -5082.8623046875 -2552.572998046875 -5108.90771484375 4237.14892578125 11858.955078125 -7863.9853515625 8384.1416015625 3204.497314453125 2454.54248046875 -9113.255859375 -7715.630859375 295.8992919921875 -7640.51416015625 output 2 3 8 6 7 1 9 5 10 4 indices 2 -1 3 4 -1 1 3 4 2 1 -1 4 2 1 3 -1 6 -1 1 2 -1 9 1 2 2 1 3 4 2 1 3 4 -1 5 1 2 2 1 3 4 value 0.0 0.0 0.0 0.0 0.0 0.0 0.0 0.0 0.0 0.0 0.0 0.0 0.0 0.0 0.0 0.0 1.0 1.0 0.0 0.0 3.0 1.0 0.0 0.0 0.0 0.0 0.0 0.0 0.0 0.0 0.0 0.0 3.0 1.0 0.0 0.0 0.0 0.0 0.0 0.0 
-5931.6357421875 10028.216796875 778.2474365234375 2042.1680908203125 7673.45166015625 -5663.82421875 -113.57743072509766 6452.69580078125 -3914.01904296875 -3223.608154296875 7441.89306640625 -8502.2666015625 -6006.7724609375 109.41985321044922 8143.20458984375 -3651.3896484375 -4152.1484375 537.3418579101562 -3918.6435546875 1871.245361328125 output 5 7 9 10 1 4 2 8 3 6 indices -1 6 2 3 -1 1 3 4 2 1 -1 4 2 1 3 -1 -1 1 2 3 -1 5 1 2 2 1 3 4 2 1 3 4 2 1 3 4 2 1 3 4 value 3.0 1.0 0.0 0.0 0.0 0.0 0.0 0.0 0.0 0.0 0.0 0.0 0.0 0.0 0.0 0.0 1.0 1.0 0.0 0.0 3.0 1.0 0.0 0.0 0.0 0.0 0.0 0.0 0.0 0.0 0.0 0.0 0.0 0.0 0.0 0.0 0.0 0.0 0.0 0.0 
-5381.0205078125 1239.7476806640625 204.82229614257812 -3899.079345703125 7099.24609375 2073.099609375 8024.048828125 4909.0361328125 -5156.40185546875 2717.452392578125 -585.0267333984375 -7372.685546875 -3237.265380859375 -3705.2724609375 2003.4312744140625 6435.84912109375 2516.118896484375 1131.228759765625 -5487.95361328125 -3529.37646484375 output 4 3 9 2 6 7 10 1 5 8 indices 2 -1 3 4 -1 1 3 4 2 1 -1 4 -1 6 1 2 2 1 3 4 -1 7 1 2 -1 4 1 2 2 1 3 4 2 1 3 4 2 1 3 4 value 0.0 0.0 0.0 0.0 0.0 0.0 0.0 0.0 0.0 0.0 0.0 0.0 3.0 1.0 0.0 0.0 0.0 0.0 0.0 0.0 3.0 1.0 0.0 0.0 1.0 1.0 0.0 0.0 0.0 0.0 0.0 0.0 0.0 0.0 0.0 0.0 0.0 0.0 0.0 0.0 
5992.0498046875 -9203.00390625 -8644.7294921875 -8094.533203125 2345.7197265625 7733.3271484375 349.3033752441406 3085.396240234375 8458.8720703125 8145.92041015625 -976.8445434570312 4676.3916015625 -8572.4111328125 -5382.8955078125 10629.9677734375 714.53466796875 -3451.82666015625 4232.6484375 -6130.1005859375 -5907.7861328125 output 1 8 5 3 4 6 9 7 2 10 indices -1 10 2 3 -1 1 3 4 2 1 -1 4 2 1 3 -1 -1 1 2 3 2 1 3 4 2 1 3 4 2 1 3 4 2 1 3 4 -1 5 1 2 value 3.0 1.0 0.0 0.0 0.0 0.0 0.0 0.0 0.0 0.0 0.0 0.0 0.0 0.0 0.0 0.0 3.0 1.0 0.0 0.0 0.0 0.0 0.0 0.0 0.0 0.0 0.0 0.0 0.0 0.0 0.0 0.0 0.0 0.0 0.0 0.0 1.0 1.0 0.0 0.0 
620.5413818359375 -12815.9111328125 -4092.443359375 4232.90478515625 3813.787353515625 -6235.2431640625 -4903.97900390625 788.7896728515625 7490.16259765625 1837.474853515625 28.415048599243164 5782.42822265625 -6080.326171875 3130.857666015625 750.52197265625 5618.0966796875 7946.09423828125 4911.806640625 -5572.7734375 -7251.20361328125 output 3 1 10 4 7 2 6 8 9 5 indices -1 10 2 3 -1 1 3 4 2 1 -1 4 9 3 1 2 2 1 3 4 2 1 3 4 2 1 3 4 2 1 3 4 -1 1 2 3 4 3 1 2 value 3.0 1.0 0.0 0.0 0.0 0.0 0.0 0.0 0.0 0.0 0.0 0.0 1.0 0.0 0.0 0.0 0.0 0.0 0.0 0.0 0.0 0.0 0.0 0.0 0.0 0.0 0.0 0.0 0.0 0.0 0.0 0.0 3.0 1.0 0.0 0.0 1.0 0.0 0.0 0.0 
779.2527465820312 662.79931640625 -2851.5048828125 1752.7601318359375 -1184.7476806640625 3537.013671875 9133.6845703125 7886.55419921875 -1989.9835205078125 -2652.60888671875 -2646.673095703125 -3159.572509765625 -2743.748046875 3133.72705078125 -2329.968505859375 -4766.65966796875 632.203125 -4951.25732421875 3201.48583984375 -1442.7557373046875 output 1 4 3 7 2 5 6 8 9 10 indices 2 -1 3 4 -1 1 3 4 2 1 -1 4 -1 9 1 2 -1 4 1 2 2 1 3 4 2 1 3 4 2 1 3 4 -1 5 1 2 2 1 3 4 value 0.0 0.0 0.0 0.0 0.0 0.0 0.0 0.0 0.0 0.0 0.0 0.0 3.0 1.0 0.0 0.0 1.0 1.0 0.0 0.0 0.0 0.0 0.0 0.0 0.0 0.0 0.0 0.0 0.0 0.0 0.0 0.0 3.0 1.0 0.0 0.0 0.0 0.0 0.0 0.0 
8752.5771484375 -2394.780029296875 3017.139892578125 -4235.5029296875 7844.82470703125 1938.3690185546875 -2112.78173828125 1111.9029541015625 -5641.0654296875 -7612.14306640625 -2069.70263671875 2955.401123046875 -5972.57421875 184.99220275878906 -5636.91552734375 -2159.020751953125 -5416.4951171875 6136.65673828125 7234.9931640625 4074.124267578125 output 1 3 10 4 6 9 7 8 5 2 indices 2 -1 3 4 -1 1 3 4 2 1 -1 4 10 -1 1 2 -1 4 1 2 2 1 3 4 2 1 3 4 2 1 3 4 2 1 3 4 -1 5 1 2 value 0.0 0.0 0.0 0.0 0.0 0.0 0.0 0.0 0.0 0.0 0.0 0.0 1.0 1.0 0.0 0.0 3.0 1.0 0.0 0.0 0.0 0.0 0.0 0.0 0.0 0.0 0.0 0.0 0.0 0.0 0.0 0.0 0.0 0.0 0.0 0.0 3.0 1.0 0.0 0.0 
-7792.64306640625 -4084.62255859375 8949.66015625 -6374.41845703125 9104.876953125 1209.03515625 -1924.6302490234375 1027.13427734375 -257.3298645019531 7096.21630859375 -4840.8818359375 5812.4560546875 -6483.1806640625 -6159.98046875 1306.951416015625 982.819580078125 3043.742919921875 4852.8974609375 -1106.5653076171875 -4361.53662109375 output 1 7 10 2 3 8 9 5 6 4 indices 2 -1 3 4 -1 1 3 4 2 1 -1 4 2 1 3 -1 -1 7 1 2 2 1 3 4 -1 10 1 2 2 1 3 4 2 1 3 4 -1 5 1 2 value 0.0 0.0 0.0 0.0 0.0 0.0 0.0 0.0 0.0 0.0 0.0 0.0 0.0 0.0 0.0 0.0 3.0 1.0 0.0 0.0 0.0 0.0 0.0 0.0 3.0 1.0 0.0 0.0 0.0 0.0 0.0 0.0 0.0 0.0 0.0 0.0 1.0 1.0 0.0 0.0 
3409.33251953125 -7051.0927734375 9181.734375 1447.2762451171875 -1735.3568115234375 9459.97265625 275.7832336425781 -4843.44873046875 10621.771484375 3506.514892578125 -3522.4736328125 -6935.38525390625 -2956.11376953125 9672.451171875 -3727.69677734375 6393.5068359375 -4433.45556640625 -6833.529296875 -7113.52490234375 -4816.265625 output 6 9 10 8 7 3 5 2 1 4 indices 2 -1 3 4 -1 1 3 4 -1 5 1 2 -1 3 1 2 6 3 1 2 -1 4 1 2 2 1 3 4 2 1 3 4 2 1 3 4 2 1 3 4 value 0.0 0.0 0.0 0.0 0.0 0.0 0.0 0.0 2.0 1.0 0.0 0.0 1.0 1.0 0.0 0.0 1.0 0.0 0.0 0.0 3.0 1.0 0.0 0.0 0.0 0.0 0.0 0.0 0.0 0.0 0.0 0.0 0.0 0.0 0.0 0.0 0.0 0.0 0.0 0.0 
7321.60400390625 5236.43505859375 563.4620361328125 2414.64404296875 -2469.82080078125 -5352.14599609375 6250.224609375 3635.656982421875 3116.78955078125 4351.5966796875 -846.040771484375 -7348.9990234375 -7015.83984375 5829.4794921875 -1432.709716796875 -9262.3125 1267.41943359375 -5974.64697265625 -6755.0888671875 6470.29248046875 output 3 8 6 9 4 1 5 2 10 7 indices -1 8 2 3 -1 1 3 4 -1 1 2 4 2 1 3 -1 2 1 3 4 2 1 3 4 2 1 3 4 -1 3 1 2 2 1 3 4 2 1 3 4 value 3.0 1.0 0.0 0.0 0.0 0.0 0.0 0.0 1.0 1.0 0.0 0.0 0.0 0.0 0.0 0.0 0.0 0.0 0.0 0.0 0.0 0.0 0.0 0.0 0.0 0.0 0.0 0.0 3.0 1.0 0.0 0.0 0.0 0.0 0.0 0.0 0.0 0.0 0.0 0.0 
-5165.388671875 -6773.6171875 -8030.00732421875 9327.6875 6813.763671875 -167.44300842285156 -7856.3466796875 979.6204833984375 7610.66015625 3768.53662109375 -902.7440185546875 1518.6090087890625 -915.7460327148438 -4367.39013671875 7468.48046875 -2719.918212890625 -2315.165283203125 6599.76513671875 3292.493408203125 -8165.85107421875 output 1 7 10 8 3 5 6 9 2 4 indices 2 -1 3 4 5 -1 1 3 2 1 -1 4 2 1 3 -1 10 -1 1 2 2 1 3 4 -1 2 1 3 2 1 3 4 2 1 3 4 -1 7 1 2 value 0.0 0.0 0.0 0.0 1.0 1.0 0.0 0.0 0.0 0.0 0.0 0.0 0.0 0.0 0.0 0.0 1.0 1.0 0.0 0.0 0.0 0.0 0.0 0.0 1.0 1.0 0.0 0.0 0.0 0.0 0.0 0.0 0.0 0.0 0.0 0.0 3.0 1.0 0.0 0.0 
2448.499755859375 2739.38916015625 9164.8037109375 -3409.9599609375 -5247.87841796875 -2709.287353515625 -7231.29833984375 -3302.8017578125 6044.74267578125 6866.71533203125 -4897.36474609375 5318.8037109375 -7753.15625 5770.33251953125 3835.895751953125 -9394.8623046875 4448.94677734375 3234.12255859375 -813.1910400390625 -5112.45166015625 output 7 6 1 9 5 2 8 10 3 4 indices 2 -1 3 4 -1 1 3 4 2 1 -1 4 2 1 3 -1 -1 8 1 2 2 1 3 4 2 1 3 4 -1 10 1 2 2 1 3 4 -1 5 1 2 value 0.0 0.0 0.0 0.0 0.0 0.0 0.0 0.0 0.0 0.0 0.0 0.0 0.0 0.0 0.0 0.0 3.0 1.0 0.0 0.0 0.0 0.0 0.0 0.0 0.0 0.0 0.0 0.0 3.0 1.0 0.0 0.0 0.0 0.0 0.0 0.0 1.0 1.0 0.0 0.0 
-86.3985595703125 6582.087890625 -7682.76220703125 7630.455078125 -1786.7490234375 -8681.763671875 8228.4033203125 -7161.23779296875 -9265.6181640625 3226.02490234375 -8250.30859375 2747.346435546875 3503.19482421875 3877.2294921875 6016.11669921875 -5193.96826171875 -631.724609375 -5335.68017578125 9955.8466796875 2309.50634765625 output 7 1 2 5 6 9 3 8 4 10 indices 10 -1 2 3 -1 1 3 4 -1 9 1 2 2 1 3 -1 2 1 3 4 2 1 3 4 2 1 3 4 2 1 3 4 -1 1 2 3 -1 3 1 2 value 1.0 1.0 0.0 0.0 0.0 0.0 0.0 0.0 3.0 1.0 0.0 0.0 0.0 0.0 0.0 0.0 0.0 0.0 0.0 0.0 0.0 0.0 0.0 0.0 0.0 0.0 0.0 0.0 0.0 0.0 0.0 0.0 1.0 1.0 0.0 0.0 1.0 1.0 0.0 0.0 
10615.849609375 -1974.51220703125 -3559.835693359375 6291.951171875 -1648.3992919921875 504.3138427734375 -8841.6337890625 -6182.3662109375 -947.4060668945312 9844.693359375 -2228.028564453125 -2184.137451171875 -3288.49658203125 -534.1572875976562 6756.18212890625 -4746.435546875 -5834.32080078125 2602.44091796875 8976.087890625 -3621.789794921875 output 3 8 10 1 5 2 9 4 6 7 indices 2 -1 3 4 -1 1 3 4 2 1 -1 4 -1 6 1 2 -1 4 1 2 -1 5 1 2 2 1 3 4 2 1 3 4 2 1 3 4 2 1 3 4 value 0.0 0.0 0.0 0.0 0.0 0.0 0.0 0.0 0.0 0.0 0.0 0.0 3.0 1.0 0.0 0.0 3.0 1.0 0.0 0.0 1.0 1.0 0.0 0.0 0.0 0.0 0.0 0.0 0.0 0.0 0.0 0.0 0.0 0.0 0.0 0.0 0.0 0.0 0.0 0.0 
-442.4783630371094 -6805.20849609375 -1968.931884765625 7918.12548828125 -27.05820655822754 -1008.5789794921875 -2542.860107421875 -575.850341796875 -3001.08349609375 8222.2578125 4403.8232421875 -8393.4091796875 -2960.162109375 4994.5654296875 263.12445068359375 -1165.38818359375 5025.05517578125 1201.680908203125 1250.5716552734375 -4388.1943359375 output 4 3 8 10 1 6 9 2 5 7 indices 2 -1 3 4 -1 6 1 3 -1 2 1 4 2 1 3 -1 2 1 3 4 -1 3 1 2 2 1 3 4 2 1 3 4 2 1 3 4 2 1 3 4 value 0.0 0.0 0.0 0.0 3.0 1.0 0.0 0.0 1.0 1.0 0.0 0.0 0.0 0.0 0.0 0.0 0.0 0.0 0.0 0.0 3.0 1.0 0.0 0.0 0.0 0.0 0.0 0.0 0.0 0.0 0.0 0.0 0.0 0.0 0.0 0.0 0.0 0.0 0.0 0.0 
611.4774780273438 6733.17626953125 -101.59526062011719 -145.4037322998047 8676.1845703125 -1833.98388671875 -3582.703125 -987.738037109375 -352.04345703125 -3332.380126953125 5704.2802734375 -6583.26025390625 -3418.859619140625 5164.31689453125 -4777.166015625 2947.317626953125 -4549.90185546875 7875.29736328125 1790.326904296875 -9837.341796875 output 8 7 9 1 3 6 10 5 2 4 indices -1 10 2 3 -1 1 3 4 2 1 -1 4 2 1 3 -1 2 1 3 4 2 1 3 4 2 1 3 4 2 1 3 4 2 1 3 4 -1 2 1 3 value 3.0 1.0 0.0 0.0 1.0 1.0 0.0 0.0 0.0 0.0 0.0 0.0 0.0 0.0 0.0 0.0 0.0 0.0 0.0 0.0 0.0 0.0 0.0 0.0 0.0 0.0 0.0 0.0 0.0 0.0 0.0 0.0 0.0 0.0 0.0 0.0 3.0 1.0 0.0 0.0 
31.777196884155273 7631.95361328125 6474.3701171875 -11462.1884765625 -5777.1455078125 3299.197998046875 4282.77197265625 2337.51708984375 -6443.7919921875 559.37646484375 4084.612060546875 -7162.208984375 913.2192993164062 -704.48828125 -8022.61474609375 710.6013793945312 7348.78515625 2986.50927734375 -2891.9833984375 1803.729248046875 output 1 4 9 2 6 7 10 5 8 3 indices -1 2 3 4 -1 7 1 3 2 1 -1 4 2 1 3 -1 2 1 3 4 2 1 3 4 -1 1 2 3 2 1 3 4 2 1 3 4 2 1 3 4 value 3.0 1.0 0.0 0.0 3.0 1.0 0.0 0.0 0.0 0.0 0.0 0.0 0.0 0.0 0.0 0.0 0.0 0.0 0.0 0.0 0.0 0.0 0.0 0.0 1.0 1.0 0.0 0.0 0.0 0.0 0.0 0.0 0.0 0.0 0.0 0.0 0.0 0.0 0.0 0.0 
-11832.51953125 1338.11865234375 1867.7906494140625 -1835.9534912109375 7602.56494140625 2700.859619140625 7051.5263671875 -4987.15869140625 6207.74267578125 619.38427734375 -5818.21337890625 -4489.13671875 1351.8841552734375 -4840.77001953125 -1147.53173828125 4774.90673828125 -2849.1015625 -1205.9434814453125 -2434.142822265625 7925.69287109375 output 5 3 8 10 1 6 9 2 7 4 indices 2 -1 3 4 -1 1 3 4 2 1 -1 4 2 1 3 -1 2 1 3 4 2 1 3 4 -1 9 1 2 2 1 3 4 10 -1 1 2 -1 7 1 2 value 0.0 0.0 0.0 0.0 0.0 0.0 0.0 0.0 0.0 0.0 0.0 0.0 0.0 0.0 0.0 0.0 0.0 0.0 0.0 0.0 0.0 0.0 0.0 0.0 3.0 1.0 0.0 0.0 0.0 0.0 0.0 0.0 1.0 1.0 0.0 0.0 3.0 1.0 0.0 0.0 
-5563.22509765625 -3585.12646484375 -9992.541015625 9956.623046875 5256.4228515625 -9412.3271484375 -2177.553466796875 6143.02978515625 9224.03515625 -4847.748046875 2813.64501953125 1673.92822265625 4163.48583984375 9713.091796875 -1995.2708740234375 -2238.973388671875 159.2584686279297 1261.25390625 -1888.25732421875 -8663.7509765625 output 1 10 3 5 6 7 2 4 9 8 indices 2 -1 3 4 -1 1 3 4 -1 8 1 2 2 1 3 -1 2 1 3 4 2 1 3 4 -1 3 1 2 -1 7 1 2 2 1 3 4 2 1 3 4 value 0.0 0.0 0.0 0.0 0.0 0.0 0.0 0.0 3.0 1.0 0.0 0.0 0.0 0.0 0.0 0.0 0.0 0.0 0.0 0.0 0.0 0.0 0.0 0.0 3.0 1.0 0.0 0.0 1.0 1.0 0.0 0.0 0.0 0.0 0.0 0.0 0.0 0.0 0.0 0.0 
4017.09130859375 -2027.154296875 -5142.51708984375 1444.627197265625 8151.482421875 -5448.7705078125 -805.6871337890625 -4896.98291015625 -8243.3310546875 6694.00146484375 -654.9658813476562 3416.15380859375 7064.05615234375 2211.512939453125 -7373.74560546875 -1412.042236328125 -3311.40966796875 5797.046875 6299.0263671875 -5778.39208984375 output 6 9 5 2 8 4 1 10 3 7 indices 2 -1 3 4 -1 1 3 4 2 1 -1 4 7 -1 1 2 2 1 3 4 2 1 3 4 -1 10 1 2 2 1 3 4 2 1 3 4 -1 4 1 2 value 0.0 0.0 0.0 0.0 0.0 0.0 0.0 0.0 0.0 0.0 0.0 0.0 1.0 1.0 0.0 0.0 0.0 0.0 0.0 0.0 0.0 0.0 0.0 0.0 3.0 1.0 0.0 0.0 0.0 0.0 0.0 0.0 0.0 0.0 0.0 0.0 3.0 1.0 0.0 0.0 
11556.0810546875 6073.43115234375 -7639.13818359375 -11240.6376953125 2616.928955078125 1224.7557373046875 6651.93115234375 4368.37646484375 -2061.418701171875 2100.563720703125 5335.83642578125 2821.087158203125 1290.5455322265625 -3735.118896484375 -6486.6357421875 1801.46533203125 -4222.9208984375 1867.352294921875 -7041.208984375 -5281.27490234375 output 8 9 5 3 6 4 1 7 2 10 indices -1 2 3 4 -1 7 1 3 2 1 -1 4 2 1 3 -1 2 1 3 4 2 1 3 4 -1 1 2 3 2 1 3 4 2 1 3 4 2 1 3 4 value 3.0 1.0 0.0 0.0 3.0 1.0 0.0 0.0 0.0 0.0 0.0 0.0 0.0 0.0 0.0 0.0 0.0 0.0 0.0 0.0 0.0 0.0 0.0 0.0 1.0 1.0 0.0 0.0 0.0 0.0 0.0 0.0 0.0 0.0 0.0 0.0 0.0 0.0 0.0 0.0 
-555.8934326171875 4420.7236328125 -929.4041137695312 110.26673126220703 4785.38232421875 -873.6588134765625 -7592.61376953125 -4290.2744140625 -8218.201171875 10300.716796875 -2819.3515625 548.4371948242188 -1432.98486328125 -8604.8837890625 7734.0126953125 -2732.3955078125 2056.23193359375 -8756.9033203125 6972.822265625 9877.9716796875 output 3 8 9 7 4 6 2 1 5 10 indices 2 -1 3 4 10 -1 1 3 2 1 -1 4 2 1 3 -1 2 1 3 4 2 1 3 4 2 -1 1 3 2 1 3 4 -1 7 1 2 -1 9 1 2 value 0.0 0.0 0.0 0.0 1.0 1.0 0.0 0.0 0.0 0.0 0.0 0.0 0.0 0.0 0.0 0.0 0.0 0.0 0.0 0.0 0.0 0.0 0.0 0.0 1.0 1.253922270005967e-15 0.0 0.0 0.0 0.0 0.0 0.0 2.0 1.0 0.0 0.0 3.0 1.0 0.0 0.0 
-5614.9140625 7759.06494140625 -4513.142578125 -1555.0206298828125 -4140.57373046875 75.853515625 3611.27880859375 -8710.62890625 3894.431396484375 -7652.27783203125 2819.808837890625 5867.75634765625 4300.71826171875 5131.60595703125 -501.5254821777344 2851.140869140625 -6164.62548828125 1074.84619140625 6308.54345703125 -4842.33984375 output 1 9 3 2 4 5 10 7 6 8 indices 2 -1 3 4 6 -1 1 3 2 1 -1 4 -1 2 1 3 2 1 3 4 -1 4 1 2 2 1 3 4 2 1 3 4 2 1 3 4 2 1 3 4 value 0.0 0.0 0.0 0.0 1.0 1.0 0.0 0.0 0.0 0.0 0.0 0.0 3.0 1.0 0.0 0.0 0.0 0.0 0.0 0.0 3.0 1.0 0.0 0.0 0.0 0.0 0.0 0.0 0.0 0.0 0.0 0.0 0.0 0.0 0.0 0.0 0.0 0.0 0.0 0.0 
-7165.376953125 8208.634765625 1838.220458984375 11385.5419921875 7635.9921875 -6614.08251953125 -5826.66259765625 -7348.2392578125 -6939.86572265625 -7780.6640625 8157.87841796875 5556.45361328125 -8834.0322265625 -7462.4453125 4438.32421875 -3456.2939453125 -1699.29638671875 -975.2811889648438 8394.818359375 8486.3759765625 output 4 5 7 1 2 10 6 3 8 9 indices 2 -1 3 4 10 -1 1 3 2 1 -1 4 2 1 3 -1 -1 9 1 2 2 1 3 4 2 1 3 4 2 1 3 4 -1 2 1 3 -1 5 1 2 value 0.0 0.0 0.0 0.0 1.0 1.0 0.0 0.0 0.0 0.0 0.0 0.0 0.0 0.0 0.0 0.0 3.0 1.0 0.0 0.0 0.0 0.0 0.0 0.0 0.0 0.0 0.0 0.0 0.0 0.0 0.0 0.0 1.0 1.0 0.0 0.0 1.0 1.0 0.0 0.0 
3078.567626953125 -788.6453247070312 -4845.759765625 -741.3224487304688 1938.96142578125 8887.26171875 -6561.33544921875 -2085.427490234375 7465.11279296875 6657.060546875 -5208.5751953125 -5478.712890625 -11382.248046875 -8052.02001953125 1894.9268798828125 4991.17431640625 5955.4658203125 -4005.192138671875 7664.88427734375 615.8239135742188 output 1 9 10 5 3 8 2 4 7 6 indices 2 -1 3 4 3 -1 1 4 5 -1 1 2 2 1 3 -1 7 -1 1 2 2 1 3 4 -1 2 1 3 2 1 3 4 2 1 3 4 2 1 3 4 value 0.0 0.0 0.0 0.0 1.0 1.0 0.0 0.0 1.0 1.0 0.0 0.0 0.0 0.0 0.0 0.0 1.0 1.0 0.0 0.0 0.0 0.0 0.0 0.0 3.0 1.0 0.0 0.0 0.0 0.0 0.0 0.0 0.0 0.0 0.0 0.0 0.0 0.0 0.0 0.0 
-10470.99609375 4489.91064453125 8768.58203125 1785.968505859375 6574.62646484375 -4705.8037109375 1866.005126953125 -6451.82177734375 1069.1259765625 -470.35040283203125 3030.560546875 -2436.161865234375 -5688.73388671875 3655.0224609375 1337.7962646484375 7130.95703125 -685.0150756835938 3507.28955078125 -5801.95166015625 -6505.01025390625 output 1 10 4 3 2 6 5 9 8 7 indices 2 -1 3 4 -1 1 3 4 2 1 -1 4 2 1 3 -1 8 -1 1 2 2 1 3 4 2 1 3 4 -1 10 1 2 2 1 3 4 -1 5 1 2 value 0.0 0.0 0.0 0.0 0.0 0.0 0.0 0.0 0.0 0.0 0.0 0.0 0.0 0.0 0.0 0.0 1.0 1.0 0.0 0.0 0.0 0.0 0.0 0.0 0.0 0.0 0.0 0.0 3.0 1.0 0.0 0.0 0.0 0.0 0.0 0.0 3.0 1.0 0.0 0.0 
-4402.54833984375 5424.34765625 5179.23876953125 4015.627197265625 443.9674987792969 -3122.65869140625 -2658.47705078125 -3615.658203125 2261.166748046875 4586.03125 5781.234375 -2353.48193359375 -7185.62109375 -6233.025390625 -1435.616455078125 -1895.3785400390625 2652.651123046875 889.8651733398438 -635.99609375 2304.33154296875 output 1 10 5 2 9 6 3 8 4 7 indices 2 -1 3 4 -1 7 1 3 2 1 -1 4 2 1 3 -1 2 1 3 4 2 1 3 4 -1 8 1 2 -1 2 1 3 2 1 3 4 2 1 3 4 value 0.0 0.0 0.0 0.0 3.0 1.0 0.0 0.0 0.0 0.0 0.0 0.0 0.0 0.0 0.0 0.0 0.0 0.0 0.0 0.0 0.0 0.0 0.0 0.0 3.0 1.0 0.0 0.0 1.0 1.0 0.0 0.0 0.0 0.0 0.0 0.0 0.0 0.0 0.0 0.0 
-7674.240234375 2022.9552001953125 -5980.9267578125 -3237.140625 2409.235107421875 -2859.9150390625 -595.28466796875 9970.765625 1626.791748046875 -2640.33935546875 -1180.074951171875 -1789.9693603515625 6431.75244140625 6281.88232421875 -3652.55126953125 -1692.196533203125 -2186.920166015625 2613.782958984375 10802.21875 -8669.82421875 output 4 9 1 2 8 6 5 3 10 7 indices 2 -1 3 4 -1 1 3 4 2 1 -1 4 -1 10 1 2 2 1 3 4 -1 4 1 2 2 1 3 4 2 1 3 4 2 1 3 4 -1 6 1 2 value 0.0 0.0 0.0 0.0 0.0 0.0 0.0 0.0 0.0 0.0 0.0 0.0 3.0 1.0 0.0 0.0 0.0 0.0 0.0 0.0 1.0 1.0 0.0 0.0 0.0 0.0 0.0 0.0 0.0 0.0 0.0 0.0 0.0 0.0 0.0 0.0 3.0 1.0 0.0 0.0 
-5613.6640625 5647.05322265625 7474.31103515625 1315.1165771484375 5405.0205078125 6139.158203125 1583.0045166015625 -4011.08349609375 -2609.38525390625 -6108.2763671875 -7458.74169921875 7069.65673828125 7400.47216796875 -12193.73046875 -6624.70361328125 3672.033203125 4997.10107421875 -4211.86083984375 -4553.41455078125 2681.93359375 output 8 6 1 3 2 9 7 4 5 10 indices 2 -1 3 4 -1 1 3 4 -1 7 1 2 2 1 3 -1 -1 3 1 2 2 1 3 4 -1 5 1 2 2 1 3 4 2 1 3 4 2 1 3 4 value 0.0 0.0 0.0 0.0 0.0 0.0 0.0 0.0 3.0 1.0 0.0 0.0 0.0 0.0 0.0 0.0 1.0 1.0 0.0 0.0 0.0 0.0 0.0 0.0 3.0 1.0 0.0 0.0 0.0 0.0 0.0 0.0 0.0 0.0 0.0 0.0 0.0 0.0 0.0 0.0 
9000.333984375 -2062.147216796875 5353.31298828125 -3180.66064453125 5043.83544921875 3570.37548828125 -2048.710693359375 3693.266357421875 -5474.54345703125 2393.0927734375 -2416.0 -5262.69287109375 -1453.156494140625 -5018.40478515625 2821.2490234375 8173.97021484375 -772.4478149414062 -3469.357421875 -10053.873046875 1162.5579833984375 output 9 7 6 10 5 4 8 3 1 2 indices 2 -1 3 4 -1 1 3 4 2 1 -1 4 2 1 3 -1 2 1 3 4 -1 9 1 2 2 1 3 4 -1 6 1 2 -1 8 1 2 2 1 3 4 value 0.0 0.0 0.0 0.0 0.0 0.0 0.0 0.0 0.0 0.0 0.0 0.0 0.0 0.0 0.0 0.0 0.0 0.0 0.0 0.0 3.0 1.0 0.0 0.0 0.0 0.0 0.0 0.0 3.0 1.0 0.0 0.0 1.0 1.0 0.0 0.0 0.0 0.0 0.0 0.0 
-6358.5107421875 -3435.55322265625 1408.9996337890625 5533.00830078125 4315.1015625 -6718.087890625 3732.344970703125 803.2362670898438 1406.2264404296875 3928.244873046875 -7508.42529296875 7955.7958984375 3371.67578125 -5798.0595703125 1839.468017578125 929.09521484375 -4466.68017578125 -6999.48876953125 2259.79931640625 3801.809326171875 output 1 9 3 7 4 8 10 5 2 6 indices 2 -1 3 4 -1 9 1 3 2 1 -1 4 2 1 3 -1 2 1 3 4 2 1 3 4 2 1 3 4 2 1 3 4 -1 2 1 3 2 1 3 4 value 0.0 0.0 0.0 0.0 3.0 1.0 0.0 0.0 0.0 0.0 0.0 0.0 0.0 0.0 0.0 0.0 0.0 0.0 0.0 0.0 0.0 0.0 0.0 0.0 0.0 0.0 0.0 0.0 0.0 0.0 0.0 0.0 5.0 1.0 0.0 0.0 0.0 0.0 0.0 0.0 
5271.45361328125 741.7926635742188 -2703.3935546875 4210.6064453125 -5663.4931640625 -2660.31494140625 4392.53759765625 -2952.815673828125 -7246.49755859375 4265.939453125 2102.744873046875 -8290.08203125 5542.865234375 -9146.197265625 1264.8992919921875 6221.1298828125 -963.2183837890625 7651.82763671875 -1997.8983154296875 -41.886390686035156 output 8 9 2 5 3 10 6 7 4 1 indices 2 -1 3 4 -1 1 3 4 2 1 -1 4 2 1 3 -1 2 1 3 4 2 1 3 4 -1 10 1 2 2 1 3 4 -1 7 1 2 -1 9 1 2 value 0.0 0.0 0.0 0.0 0.0 0.0 0.0 0.0 0.0 0.0 0.0 0.0 0.0 0.0 0.0 0.0 0.0 0.0 0.0 0.0 0.0 0.0 0.0 0.0 3.0 1.0 0.0 0.0 0.0 0.0 0.0 0.0 3.0 1.0 0.0 0.0 1.0 1.0 0.0 0.0 
7624.71142578125 -2866.097900390625 -10709.279296875 5856.3037109375 1570.666259765625 -8373.912109375 -450.29022216796875 -84.07707977294922 5984.35205078125 297.1275939941406 4891.96630859375 -5843.30908203125 -2460.139404296875 -4724.1943359375 4310.1552734375 6732.91845703125 -5501.3857421875 6590.4580078125 -5260.755859375 2414.781982421875 output 9 8 5 1 6 3 7 4 10 2 indices 2 -1 3 4 -1 1 3 4 -1 4 1 2 8 -1 1 2 2 1 3 4 2 1 3 4 2 1 3 4 -1 3 1 2 2 1 3 4 2 1 3 4 value 0.0 0.0 0.0 0.0 0.0 0.0 0.0 0.0 3.0 1.0 0.0 0.0 1.0 1.0 0.0 0.0 0.0 0.0 0.0 0.0 0.0 0.0 0.0 0.0 0.0 0.0 0.0 0.0 3.0 1.0 0.0 0.0 0.0 0.0 0.0 0.0 0.0 0.0 0.0 0.0 
-625.0240478515625 -11317.6328125 -4415.9697265625 2844.949462890625 -3403.28662109375 6256.232421875 -994.5301513671875 1773.1727294921875 12830.5400390625 32.968536376953125 -4817.0654296875 -8795.271484375 -3133.696533203125 7449.138671875 -1680.7261962890625 668.8124389648438 10046.890625 1793.545654296875 -3807.132080078125 -705.915771484375 output 4 8 10 6 1 5 9 7 3 2 indices -1 8 2 3 -1 1 3 4 2 1 -1 4 2 1 3 -1 2 1 3 4 2 1 3 4 9 -1 1 2 -1 7 1 2 -1 1 2 3 2 1 3 4 value 3.0 1.0 0.0 0.0 0.0 0.0 0.0 0.0 0.0 0.0 0.0 0.0 0.0 0.0 0.0 0.0 0.0 0.0 0.0 0.0 0.0 0.0 0.0 0.0 1.0 1.0 0.0 0.0 1.0 1.0 0.0 0.0 1.0 1.0 0.0 0.0 0.0 0.0 0.0 0.0 
7444.8291015625 -6883.45947265625 -5097.6787109375 -8696.2626953125 10697.4169921875 6413.81103515625 -3208.764892578125 -7655.21630859375 219.1431427001953 -1565.922607421875 -755.9952392578125 2273.47998046875 -6427.48095703125 9427.056640625 -6991.08544921875 3239.217041015625 -6369.2802734375 -5058.01171875 10488.896484375 8505.30859375 output 8 7 10 3 1 4 2 9 5 6 indices 2 -1 3 4 -1 5 1 3 2 1 -1 4 2 1 3 -1 10 -1 1 2 2 1 3 4 2 1 3 4 2 1 3 4 2 1 3 4 -1 2 1 3 value 0.0 0.0 0.0 0.0 3.0 1.0 0.0 0.0 0.0 0.0 0.0 0.0 0.0 0.0 0.0 0.0 1.0 1.0 0.0 0.0 0.0 0.0 0.0 0.0 0.0 0.0 0.0 0.0 0.0 0.0 0.0 0.0 0.0 0.0 0.0 0.0 3.0 1.0 0.0 0.0 
6617.35791015625 -1340.7232666015625 -8334.767578125 6679.20068359375 -1235.3052978515625 -488.86016845703125 440.21795654296875 -7666.162109375 -341.7456359863281 7131.5703125 10124.05859375 -3655.65869140625 9394.880859375 6919.93994140625 -4706.7861328125 -1380.9427490234375 -6156.365234375 -2148.5859375 -5801.54541015625 -4049.777587890625 output 1 7 5 2 3 8 9 10 4 6 indices 2 -1 3 4 -1 1 3 4 7 -1 1 2 -1 3 1 2 2 1 3 4 2 1 3 4 -1 4 1 2 2 1 3 4 2 1 3 4 2 1 3 4 value 0.0 0.0 0.0 0.0 0.0 0.0 0.0 0.0 1.0 1.0 0.0 0.0 3.0 1.0 0.0 0.0 0.0 0.0 0.0 0.0 0.0 0.0 0.0 0.0 3.0 1.0 0.0 0.0 0.0 0.0 0.0 0.0 0.0 0.0 0.0 0.0 0.0 0.0 0.0 0.0 
5761.5234375 -4879.53125 4244.72021484375 -5194.94677734375 -1428.5986328125 -4232.8095703125 -3210.828369140625 10376.8212890625 -1794.77197265625 -5145.9775390625 11209.7470703125 4809.5849609375 -4629.28076171875 4604.673828125 -6817.88818359375 -6175.49560546875 -2203.110107421875 729.0921020507812 -1131.5130615234375 5108.587890625 output 7 4 10 6 1 2 3 5 8 9 indices 2 -1 3 4 -1 1 3 4 4 -1 1 2 6 -1 1 2 2 1 3 4 8 -1 1 2 2 1 3 4 -1 3 1 2 2 1 3 4 2 1 3 4 value 0.0 0.0 0.0 0.0 0.0 0.0 0.0 0.0 1.0 1.0 0.0 0.0 1.0 1.0 0.0 0.0 0.0 0.0 0.0 0.0 1.0 1.0 0.0 0.0 0.0 0.0 0.0 0.0 3.0 1.0 0.0 0.0 0.0 0.0 0.0 0.0 0.0 0.0 0.0 0.0 
4309.75146484375 2897.251953125 4393.9912109375 -163.34774780273438 7565.97802734375 4454.1318359375 1099.5799560546875 -2489.374267578125 -8434.2451171875 -10264.240234375 447.5771484375 4783.2236328125 -6012.92529296875 5922.8359375 6828.06494140625 -9977.228515625 -1362.8245849609375 -2487.505615234375 -8834.9462890625 7324.2529296875 output 1 6 7 10 5 9 4 8 2 3 indices 2 -1 3 4 -1 1 3 4 -1 5 1 2 2 1 3 -1 -1 9 1 2 2 1 3 4 2 1 3 4 2 1 3 4 -1 3 1 2 2 1 3 4 value 0.0 0.0 0.0 0.0 0.0 0.0 0.0 0.0 3.0 1.0 0.0 0.0 0.0 0.0 0.0 0.0 3.0 1.0 0.0 0.0 0.0 0.0 0.0 0.0 0.0 0.0 0.0 0.0 0.0 0.0 0.0 0.0 1.0 1.0 0.0 0.0 0.0 0.0 0.0 0.0 
-161.74110412597656 -8758.384765625 761.203125 -6019.4375 -6048.08056640625 2293.69580078125 987.0617065429688 2925.44677734375 9427.126953125 10868.6103515625 -3134.811767578125 -4899.86376953125 -3892.562744140625 5644.5634765625 2636.552490234375 -6982.0986328125 5778.9580078125 9505.76171875 -6353.7060546875 -4578.29345703125 output 1 6 10 3 7 9 5 4 2 8 indices -1 6 2 3 -1 1 3 4 2 1 -1 4 2 1 3 -1 -1 1 2 3 -1 5 1 2 2 1 3 4 2 1 3 4 2 1 3 4 2 1 3 4 value 3.0 1.0 0.0 0.0 0.0 0.0 0.0 0.0 0.0 0.0 0.0 0.0 0.0 0.0 0.0 0.0 3.0 1.0 0.0 0.0 1.0 1.0 0.0 0.0 0.0 0.0 0.0 0.0 0.0 0.0 0.0 0.0 0.0 0.0 0.0 0.0 0.0 0.0 0.0 0.0 
2451.877197265625 4663.25146484375 -9192.02734375 1622.5821533203125 3994.83056640625 -9844.0625 6463.736328125 2682.05810546875 1949.999755859375 -2595.3388671875 6246.22607421875 7985.1103515625 -5482.01416015625 -3704.348388671875 4315.37939453125 -5976.7255859375 -60.041500091552734 6672.55859375 -10687.9658203125 -1505.085693359375 output 1 6 4 5 8 3 7 10 2 9 indices 2 -1 3 4 -1 1 3 4 -1 5 1 2 2 1 3 -1 6 -1 1 2 -1 3 1 2 2 1 3 4 2 1 3 4 2 1 3 4 2 1 3 4 value 0.0 0.0 0.0 0.0 0.0 0.0 0.0 0.0 3.0 1.0 0.0 0.0 0.0 0.0 0.0 0.0 1.0 1.0 0.0 0.0 3.0 1.0 0.0 0.0 0.0 0.0 0.0 0.0 0.0 0.0 0.0 0.0 0.0 0.0 0.0 0.0 0.0 0.0 0.0 0.0 
4681.3564453125 -7357.22607421875 9525.5673828125 -6755.96240234375 -8130.47607421875 6925.0302734375 7765.505859375 10008.5087890625 -693.270263671875 2802.2890625 -5723.05810546875 -3977.560791015625 -6971.48095703125 -4485.5712890625 -6437.80078125 -1189.7034912109375 5841.52587890625 -947.4395751953125 142.13088989257812 4977.63525390625 output 1 2 9 4 10 5 3 8 7 6 indices -1 6 2 3 -1 1 3 4 2 1 -1 4 -1 1 2 3 2 1 3 4 -1 4 1 2 2 1 3 4 2 1 3 4 2 1 3 4 2 1 3 4 value 3.0 1.0 0.0 0.0 0.0 0.0 0.0 0.0 0.0 0.0 0.0 0.0 3.0 1.0 0.0 0.0 0.0 0.0 0.0 0.0 1.0 1.0 0.0 0.0 0.0 0.0 0.0 0.0 0.0 0.0 0.0 0.0 0.0 0.0 0.0 0.0 0.0 0.0 0.0 0.0 
-5858.98291015625 8131.2333984375 7318.0556640625 4026.94091796875 -4940.6435546875 -7915.44384765625 5590.3369140625 -689.2606811523438 183.26817321777344 7690.03955078125 7121.60888671875 2902.495361328125 -8170.119140625 -2118.365478515625 -5384.962890625 417.47802734375 9362.31640625 -9824.384765625 -5220.876953125 -2620.732421875 output 9 4 6 2 5 1 8 7 10 3 indices 2 -1 3 4 -1 1 3 4 2 1 -1 4 2 1 3 -1 -1 9 1 2 2 1 3 4 2 1 3 4 2 1 3 4 -1 10 1 2 -1 5 1 2 value 0.0 0.0 0.0 0.0 0.0 0.0 0.0 0.0 0.0 0.0 0.0 0.0 0.0 0.0 0.0 0.0 3.0 1.0 0.0 0.0 0.0 0.0 0.0 0.0 0.0 0.0 0.0 0.0 0.0 0.0 0.0 0.0 3.0 1.0 0.0 0.0 1.0 1.0 0.0 0.0 
2146.094482421875 212.04049682617188 -4193.08935546875 -2829.638671875 -5521.9091796875 -7431.2119140625 7256.27490234375 4884.4638671875 -5936.80810546875 -1187.7342529296875 -2553.841552734375 8396.2275390625 -7973.53076171875 -5687.83935546875 8047.08203125 -2026.3123779296875 7285.25439453125 6982.2138671875 1444.4730224609375 -1312.2098388671875 output 1 10 2 3 7 5 6 9 4 8 indices 2 -1 3 4 -1 1 3 4 -1 10 1 2 2 1 3 -1 2 1 3 4 2 1 3 4 2 1 3 4 2 1 3 4 -1 3 1 2 -1 9 1 2 value 0.0 0.0 0.0 0.0 0.0 0.0 0.0 0.0 3.0 1.0 0.0 0.0 0.0 0.0 0.0 0.0 0.0 0.0 0.0 0.0 0.0 0.0 0.0 0.0 0.0 0.0 0.0 0.0 0.0 0.0 0.0 0.0 3.0 1.0 0.0 0.0 1.0 1.0 0.0 0.0 
-1316.5736083984375 806.3451538085938 8732.888671875 5043.92236328125 -5694.75 126.98836517333984 -186.9504852294922 -6792.9384765625 3159.231201171875 -723.6619262695312 -1206.633056640625 -2392.27197265625 -6535.38671875 -4294.52392578125 9178.693359375 5266.37060546875 -1879.536376953125 -2373.314697265625 -4250.98291015625 5333.08447265625 output 1 5 2 8 10 3 7 4 6 9 indices 2 -1 3 4 -1 1 3 4 2 1 -1 4 -1 6 1 2 2 1 3 4 8 -1 1 2 2 1 3 4 -1 4 1 2 2 1 3 4 2 1 3 4 value 0.0 0.0 0.0 0.0 0.0 0.0 0.0 0.0 0.0 0.0 0.0 0.0 3.0 1.0 0.0 0.0 0.0 0.0 0.0 0.0 1.0 1.0 0.0 0.0 0.0 0.0 0.0 0.0 3.0 1.0 0.0 0.0 0.0 0.0 0.0 0.0 0.0 0.0 0.0 0.0 
8986.9169921875 5187.7373046875 -6931.1865234375 -7638.87646484375 -26.761747360229492 241.2352294921875 -4893.16796875 367.7413635253906 -9564.505859375 -482.2646484375 1969.155029296875 4856.75244140625 -1071.0927734375 4159.79248046875 -2506.116943359375 -4084.98974609375 8868.349609375 2173.41064453125 5168.4111328125 -4780.53857421875 output 8 10 9 1 6 7 3 4 5 2 indices -1 2 3 4 -1 3 1 4 -1 1 2 4 2 1 3 -1 2 1 3 4 2 1 3 4 2 1 3 4 2 1 3 4 2 1 3 4 2 1 3 4 value 3.0 1.0 0.0 0.0 3.0 1.0 0.0 0.0 1.0 1.0 0.0 0.0 0.0 0.0 0.0 0.0 0.0 0.0 0.0 0.0 0.0 0.0 0.0 0.0 0.0 0.0 0.0 0.0 0.0 0.0 0.0 0.0 0.0 0.0 0.0 0.0 0.0 0.0 0.0 0.0 
2634.13916015625 4477.71875 -5036.5537109375 1269.0509033203125 -3393.2900390625 6600.4453125 -5760.45751953125 -4896.97314453125 9318.08203125 3340.734130859375 459.8609313964844 -5882.67578125 -1009.2137451171875 6364.23779296875 1283.49365234375 4144.28857421875 9527.150390625 -7430.5205078125 -8023.2109375 -7986.30615234375 output 3 7 8 1 5 9 6 10 4 2 indices 2 -1 3 4 -1 1 3 4 2 1 -1 4 5 -1 1 2 -1 10 1 2 2 1 3 4 2 1 3 4 2 1 3 4 2 1 3 4 -1 4 1 2 value 0.0 0.0 0.0 0.0 0.0 0.0 0.0 0.0 0.0 0.0 0.0 0.0 1.0 1.0 0.0 0.0 3.0 1.0 0.0 0.0 0.0 0.0 0.0 0.0 0.0 0.0 0.0 0.0 0.0 0.0 0.0 0.0 0.0 0.0 0.0 0.0 3.0 1.0 0.0 0.0 
7522.33056640625 5106.23779296875 -3477.957763671875 -3755.708740234375 1098.8314208984375 2983.22021484375 7558.40185546875 -1492.5863037109375 -6464.03662109375 769.8465576171875 -4150.5361328125 2200.258544921875 -5720.70751953125 1325.2059326171875 4324.369140625 -2811.001220703125 1504.9520263671875 12.004621505737305 -2195.646484375 -4337.47705078125 output 2 10 9 8 4 1 3 6 7 5 indices -1 10 2 3 -1 1 3 4 2 1 -1 4 2 1 3 -1 2 1 3 4 2 1 3 4 2 1 3 4 2 1 3 4 2 1 3 4 -1 1 2 3 value 3.0 1.0 0.0 0.0 0.0 0.0 0.0 0.0 0.0 0.0 0.0 0.0 0.0 0.0 0.0 0.0 0.0 0.0 0.0 0.0 0.0 0.0 0.0 0.0 0.0 0.0 0.0 0.0 0.0 0.0 0.0 0.0 0.0 0.0 0.0 0.0 5.0 1.0 0.0 0.0 
1655.822021484375 -5093.59765625 567.7921142578125 6520.56591796875 5386.79345703125 1626.6829833984375 -2690.091552734375 -7233.2392578125 4525.26904296875 -169.99136352539062 -7228.97802734375 5631.50830078125 678.068115234375 -7851.57958984375 -8335.0927734375 1996.10595703125 620.52783203125 8855.1513671875 4819.89013671875 -4281.6064453125 output 10 1 7 4 8 6 9 2 3 5 indices 2 -1 3 4 -1 1 3 4 2 1 -1 4 9 -1 1 2 2 1 3 4 2 1 3 4 -1 4 1 2 2 1 3 4 -1 7 1 2 2 1 3 4 value 0.0 0.0 0.0 0.0 0.0 0.0 0.0 0.0 0.0 0.0 0.0 0.0 1.0 1.0 0.0 0.0 0.0 0.0 0.0 0.0 0.0 0.0 0.0 0.0 3.0 1.0 0.0 0.0 0.0 0.0 0.0 0.0 3.0 1.0 0.0 0.0 0.0 0.0 0.0 0.0 
4096.73046875 -7286.57177734375 -2691.0947265625 -5141.6181640625 -8753.384765625 7321.7841796875 -9888.0751953125 -630.549560546875 -190.1834716796875 -7288.00146484375 -4699.228515625 4339.94970703125 4252.974609375 -5347.41845703125 7675.228515625 -2455.456787109375 9482.619140625 9139.1328125 714.41357421875 7348.74951171875 output 2 5 1 7 8 9 10 6 3 4 indices 2 -1 3 4 9 -1 1 3 2 1 -1 4 2 1 3 -1 -1 2 1 3 2 1 3 4 2 1 3 4 2 1 3 4 -1 5 1 2 2 1 3 4 value 0.0 0.0 0.0 0.0 1.0 1.0 0.0 0.0 0.0 0.0 0.0 0.0 0.0 0.0 0.0 0.0 3.0 1.0 0.0 0.0 0.0 0.0 0.0 0.0 0.0 0.0 0.0 0.0 0.0 0.0 0.0 0.0 3.0 1.0 0.0 0.0 0.0 0.0 0.0 0.0 
1815.4300537109375 2442.868408203125 -1355.692626953125 287.5211486816406 3466.6630859375 -5504.3505859375 5666.3994140625 -2848.278076171875 5896.56884765625 1058.19091796875 4643.8583984375 -815.8253784179688 -12069.3076171875 -6645.9404296875 -9257.005859375 7395.26416015625 4337.1689453125 7949.86376953125 -3144.08251953125 -3319.313720703125 output 1 9 5 6 4 3 10 7 8 2 indices 2 -1 3 4 9 -1 1 3 2 1 -1 4 2 1 3 -1 2 1 3 4 2 1 3 4 -1 2 1 3 2 1 3 4 -1 7 1 2 2 1 3 4 value 0.0 0.0 0.0 0.0 1.0 1.0 0.0 0.0 0.0 0.0 0.0 0.0 0.0 0.0 0.0 0.0 0.0 0.0 0.0 0.0 0.0 0.0 0.0 0.0 3.0 1.0 0.0 0.0 0.0 0.0 0.0 0.0 3.0 1.0 0.0 0.0 0.0 0.0 0.0 0.0 
1978.298095703125 -9933.677734375 7698.64599609375 4932.84423828125 4503.04443359375 -9589.720703125 -8090.6181640625 3222.20751953125 2469.72607421875 93.38726806640625 3580.91845703125 4137.0595703125 -4625.33935546875 2687.88818359375 -9451.51953125 -388.6634521484375 -441.6538391113281 3447.823974609375 2378.497802734375 1390.851318359375 output 4 8 1 3 5 10 2 6 9 7 indices -1 8 2 3 -1 1 3 4 2 1 -1 4 2 1 3 -1 2 1 3 4 2 1 3 4 2 1 3 4 -1 2 1 3 2 1 3 4 2 1 3 4 value 3.0 1.0 0.0 0.0 3.0 1.0 0.0 0.0 0.0 0.0 0.0 0.0 0.0 0.0 0.0 0.0 0.0 0.0 0.0 0.0 0.0 0.0 0.0 0.0 0.0 0.0 0.0 0.0 1.0 1.0 0.0 0.0 0.0 0.0 0.0 0.0 0.0 0.0 0.0 0.0 
-2971.072265625 7555.12158203125 10102.5654296875 -10636.0478515625 -4329.66015625 -9071.6357421875 -3329.9423828125 6430.04736328125 2307.698974609375 -815.3681030273438 -3042.94970703125 1208.6070556640625 -3468.70556640625 -3315.1650390625 2195.322265625 5386.14501953125 6950.1796875 6051.6611328125 -4413.4365234375 -2793.366455078125 output 1 8 9 5 2 3 7 10 6 4 indices 2 -1 3 4 -1 7 1 3 2 1 -1 4 2 1 3 -1 2 1 3 4 2 1 3 4 9 -1 1 2 2 1 3 4 -1 2 1 3 2 1 3 4 value 0.0 0.0 0.0 0.0 3.0 1.0 0.0 0.0 0.0 0.0 0.0 0.0 0.0 0.0 0.0 0.0 0.0 0.0 0.0 0.0 0.0 0.0 0.0 0.0 1.0 1.0 0.0 0.0 0.0 0.0 0.0 0.0 3.0 1.0 0.0 0.0 0.0 0.0 0.0 0.0 
-2180.037841796875 7811.255859375 -9190.8037109375 543.8172607421875 -3378.854736328125 9296.771484375 7039.30224609375 -8492.375 1850.755126953125 -3868.544921875 123.09140014648438 -8355.0234375 3525.642333984375 6939.10302734375 -8490.9697265625 -6846.20068359375 4842.974609375 10722.8447265625 5858.89990234375 -7751.64794921875 output 5 10 4 6 8 2 3 1 9 7 indices 2 -1 3 4 -1 1 3 4 2 1 -1 4 2 1 3 -1 9 -1 1 2 -1 5 1 2 2 1 3 4 2 1 3 4 -1 6 1 2 2 1 3 4 value 0.0 0.0 0.0 0.0 0.0 0.0 0.0 0.0 0.0 0.0 0.0 0.0 0.0 0.0 0.0 0.0 1.0 1.0 0.0 0.0 3.0 1.0 0.0 0.0 0.0 0.0 0.0 0.0 0.0 0.0 0.0 0.0 3.0 1.0 0.0 0.0 0.0 0.0 0.0 0.0 
-8164.51025390625 -2497.31396484375 3335.52294921875 2137.98095703125 5977.7646484375 7071.7880859375 -265.9324035644531 -10568.5849609375 4503.41162109375 2326.156494140625 -5408.2880859375 -9082.71875 -3894.302734375 7874.26123046875 6904.33642578125 7256.09033203125 -5174.00244140625 -8108.75634765625 2186.0 3591.096923828125 output 1 9 6 4 2 5 8 3 10 7 indices 2 -1 3 4 -1 1 3 4 2 1 -1 4 -1 9 1 2 2 1 3 4 2 1 3 4 2 1 3 4 -1 4 1 2 -1 8 1 2 2 1 3 4 value 0.0 0.0 0.0 0.0 0.0 0.0 0.0 0.0 0.0 0.0 0.0 0.0 3.0 1.0 0.0 0.0 0.0 0.0 0.0 0.0 0.0 0.0 0.0 0.0 0.0 0.0 0.0 0.0 3.0 1.0 0.0 0.0 1.0 1.0 0.0 0.0 0.0 0.0 0.0 0.0 
4358.4267578125 6692.021484375 6870.92041015625 -9257.4130859375 -3953.8544921875 7110.14013671875 -5881.60107421875 -1630.1754150390625 -5650.4130859375 -4932.326171875 -1150.35400390625 5812.361328125 -3289.617919921875 -4957.51318359375 5303.0498046875 316.4523620605469 -281.812255859375 7101.783203125 3675.256103515625 -6255.33056640625 output 10 2 8 1 9 6 3 4 5 7 indices -1 2 3 4 -1 7 1 3 2 1 -1 4 2 1 3 -1 2 1 3 4 2 1 3 4 -1 1 2 3 2 1 3 4 2 1 3 4 2 1 3 4 value 3.0 1.0 0.0 0.0 3.0 1.0 0.0 0.0 0.0 0.0 0.0 0.0 0.0 0.0 0.0 0.0 0.0 0.0 0.0 0.0 0.0 0.0 0.0 0.0 1.0 1.0 0.0 0.0 0.0 0.0 0.0 0.0 0.0 0.0 0.0 0.0 0.0 0.0 0.0 0.0 
3510.258544921875 -5201.63671875 3092.36767578125 -5496.6875 783.4940795898438 4896.7822265625 8445.3720703125 1757.6424560546875 4192.166015625 -1236.2955322265625 -4553.6904296875 -1454.6224365234375 2444.321533203125 824.8380737304688 -9021.798828125 10066.3046875 609.8653564453125 -4053.135498046875 -9502.35546875 -103.1894302368164 output 7 3 8 10 6 9 2 1 5 4 indices 2 -1 3 4 -1 6 1 3 2 1 -1 4 2 1 3 -1 2 1 3 4 8 -1 1 2 2 1 3 4 -1 2 1 3 2 1 3 4 2 1 3 4 value 0.0 0.0 0.0 0.0 3.0 1.0 0.0 0.0 0.0 0.0 0.0 0.0 0.0 0.0 0.0 0.0 0.0 0.0 0.0 0.0 1.0 1.0 0.0 0.0 0.0 0.0 0.0 0.0 3.0 1.0 0.0 0.0 0.0 0.0 0.0 0.0 0.0 0.0 0.0 0.0 
-1547.378662109375 -1780.5023193359375 -4120.5703125 7083.00830078125 -7991.83251953125 -2489.874755859375 -1503.26318359375 -317.7312316894531 5174.5205078125 -3977.30224609375 4373.75927734375 3573.505126953125 6638.50927734375 -5472.90283203125 -5524.0712890625 -2248.742431640625 5422.0693359375 9847.9677734375 -921.7423706054688 -4217.4248046875 output 5 7 10 1 4 8 3 2 9 6 indices 2 -1 3 4 -1 1 3 4 2 1 -1 4 9 -1 1 2 2 1 3 4 2 1 3 4 -1 4 1 2 2 1 3 4 -1 7 1 2 2 1 3 4 value 0.0 0.0 0.0 0.0 0.0 0.0 0.0 0.0 0.0 0.0 0.0 0.0 1.0 1.0 0.0 0.0 0.0 0.0 0.0 0.0 0.0 0.0 0.0 0.0 3.0 1.0 0.0 0.0 0.0 0.0 0.0 0.0 3.0 1.0 0.0 0.0 0.0 0.0 0.0 0.0 
-4762.9833984375 7693.4638671875 -7171.400390625 -3109.593994140625 -3686.086181640625 -549.3306884765625 3710.42041015625 1973.4241943359375 5542.32373046875 4921.33837890625 509.65069580078125 108.93388366699219 8499.046875 6705.33056640625 2769.08154296875 -10555.7900390625 -4409.80322265625 3634.522705078125 -1000.2496337890625 -10822.2978515625 output 6 4 5 7 1 9 3 2 10 8 indices 2 -1 3 4 -1 1 3 4 2 1 -1 4 2 1 3 -1 2 1 3 4 7 -1 1 2 -1 10 1 2 2 1 3 4 2 1 3 4 -1 6 1 2 value 0.0 0.0 0.0 0.0 0.0 0.0 0.0 0.0 0.0 0.0 0.0 0.0 0.0 0.0 0.0 0.0 0.0 0.0 0.0 0.0 1.0 1.0 0.0 0.0 3.0 1.0 0.0 0.0 0.0 0.0 0.0 0.0 0.0 0.0 0.0 0.0 3.0 1.0 0.0 0.0 
-7781.3779296875 -3369.1357421875 -7467.39306640625 9158.861328125 9159.8955078125 -4377.66796875 783.5440063476562 -1445.0076904296875 1435.9791259765625 5863.5146484375 7726.72265625 -401.75311279296875 -1607.2991943359375 -1991.2518310546875 3680.48291015625 -3659.863037109375 -6949.9072265625 -3635.171630859375 1019.3531494140625 3857.47509765625 output 9 1 2 5 10 6 3 8 4 7 indices 2 -1 3 4 5 -1 1 3 2 1 -1 4 2 1 3 -1 9 -1 1 2 2 1 3 4 -1 2 1 3 2 1 3 4 -1 7 1 2 2 1 3 4 value 0.0 0.0 0.0 0.0 1.0 1.0 0.0 0.0 0.0 0.0 0.0 0.0 0.0 0.0 0.0 0.0 1.0 1.0 0.0 0.0 0.0 0.0 0.0 0.0 1.0 1.0 0.0 0.0 0.0 0.0 0.0 0.0 3.0 1.0 0.0 0.0 0.0 0.0 0.0 0.0 
1188.246337890625 -8576.1123046875 -5.243173599243164 4572.08642578125 2027.91943359375 -2702.197509765625 285.32623291015625 2311.383544921875 941.718994140625 1369.7308349609375 -3018.5966796875 10178.7041015625 5549.11669921875 5223.17041015625 -3985.01953125 -7733.2080078125 3046.302001953125 -7937.48095703125 -6029.7705078125 3293.923828125 output 1 9 3 5 4 2 7 6 10 8 indices -1 3 2 4 -1 1 3 4 6 -1 1 2 2 1 3 -1 2 1 3 4 -1 1 2 3 2 1 3 4 2 1 3 4 2 1 3 4 2 1 3 4 value 3.0 1.0 0.0 0.0 0.0 0.0 0.0 0.0 1.0 1.0 0.0 0.0 0.0 0.0 0.0 0.0 0.0 0.0 0.0 0.0 3.0 1.0 0.0 0.0 0.0 0.0 0.0 0.0 0.0 0.0 0.0 0.0 0.0 0.0 0.0 0.0 0.0 0.0 0.0 0.0 
-5021.6376953125 -8798.96484375 -2723.455810546875 -9461.7412109375 6379.30615234375 1838.7391357421875 8932.8046875 4409.85009765625 5384.86083984375 -10281.7880859375 -3167.21728515625 4916.1748046875 -9573.0927734375 2616.064697265625 -6643.25830078125 1959.1234130859375 9182.71484375 6297.3583984375 -2751.024169921875 6505.18359375 output 4 9 10 6 8 7 1 2 5 3 indices 9 -1 2 3 -1 1 3 4 2 1 -1 4 2 1 3 -1 -1 1 2 3 2 1 3 4 2 1 3 4 2 1 3 4 -1 5 1 2 2 1 3 4 value 1.0 1.0 0.0 0.0 0.0 0.0 0.0 0.0 0.0 0.0 0.0 0.0 0.0 0.0 0.0 0.0 3.0 1.0 0.0 0.0 0.0 0.0 0.0 0.0 0.0 0.0 0.0 0.0 0.0 0.0 0.0 0.0 3.0 1.0 0.0 0.0 0.0 0.0 0.0 0.0 
-8127.7080078125 -4955.591796875 -5000.77197265625 -1292.0635986328125 -5245.70849609375 -1242.14208984375 3826.562255859375 8165.80224609375 3063.873779296875 -9286.6591796875 9224.7880859375 313.0970458984375 110.08787536621094 3003.9013671875 8597.3330078125 -1352.292236328125 -4767.48681640625 7657.9091796875 -1680.9697265625 -1011.961181640625 output 9 7 10 2 3 1 5 8 6 4 indices 2 -1 3 4 -1 1 3 4 2 1 -1 4 -1 5 1 2 -1 10 1 2 2 1 3 4 2 1 3 4 2 1 3 4 2 1 3 4 -1 4 1 2 value 0.0 0.0 0.0 0.0 0.0 0.0 0.0 0.0 0.0 0.0 0.0 0.0 3.0 1.0 0.0 0.0 3.0 1.0 0.0 0.0 0.0 0.0 0.0 0.0 0.0 0.0 0.0 0.0 0.0 0.0 0.0 0.0 0.0 0.0 0.0 0.0 1.0 1.0 0.0 0.0 
9845.1162109375 -1974.6754150390625 4495.5205078125 -5610.00634765625 1532.9122314453125 1872.3262939453125 4553.64013671875 6627.30029296875 -7567.24853515625 -9694.3486328125 -4854.50634765625 879.5989990234375 437.926513671875 2957.345458984375 3836.31982421875 2712.051513671875 -8099.20263671875 2296.7998046875 -4180.478515625 -66.39198303222656 output 10 6 9 5 2 1 4 8 3 7 indices 2 -1 3 4 -1 1 3 4 2 1 -1 4 -1 5 1 2 -1 10 1 2 2 1 3 4 2 1 3 4 2 1 3 4 2 1 3 4 -1 4 1 2 value 0.0 0.0 0.0 0.0 0.0 0.0 0.0 0.0 0.0 0.0 0.0 0.0 3.0 1.0 0.0 0.0 3.0 1.0 0.0 0.0 0.0 0.0 0.0 0.0 0.0 0.0 0.0 0.0 0.0 0.0 0.0 0.0 0.0 0.0 0.0 0.0 1.0 1.0 0.0 0.0 
-5762.24609375 8788.2841796875 -1379.0648193359375 6679.56689453125 -4260.15966796875 2988.79541015625 -7750.083984375 -10458.125 1856.7176513671875 -3942.660888671875 7477.8232421875 -4116.8896484375 -2273.541748046875 -6382.5478515625 1391.8409423828125 7414.34033203125 3217.99365234375 -2095.651611328125 7480.720703125 1124.8873291015625 output 1 3 4 7 5 9 6 10 8 2 indices 2 -1 3 4 -1 1 3 4 2 1 -1 4 -1 7 1 2 2 1 3 4 2 1 3 4 8 -1 1 2 -1 4 1 2 2 1 3 4 2 1 3 4 value 0.0 0.0 0.0 0.0 0.0 0.0 0.0 0.0 0.0 0.0 0.0 0.0 3.0 1.0 0.0 0.0 0.0 0.0 0.0 0.0 0.0 0.0 0.0 0.0 1.0 1.0 0.0 0.0 3.0 1.0 0.0 0.0 0.0 0.0 0.0 0.0 0.0 0.0 0.0 0.0 
-1013.2300415039062 -6.468006610870361 -5889.81201171875 2627.7490234375 -3046.946533203125 8309.197265625 6315.453125 -269.3150939941406 -5209.9599609375 78.71878051757812 3716.349853515625 -8153.02392578125 -4734.23193359375 -619.0473022460938 5756.1767578125 5949.33203125 -5695.33056640625 -9625.482421875 9801.53125 1708.33984375 output 5 7 1 9 6 4 10 8 3 2 indices 8 -1 2 3 -1 1 3 4 2 1 -1 4 2 1 3 -1 2 1 3 4 2 1 3 4 2 1 3 4 -1 9 1 2 -1 1 2 3 2 1 3 4 value 1.0 1.0 0.0 0.0 0.0 0.0 0.0 0.0 0.0 0.0 0.0 0.0 0.0 0.0 0.0 0.0 0.0 0.0 0.0 0.0 0.0 0.0 0.0 0.0 0.0 0.0 0.0 0.0 3.0 1.0 0.0 0.0 3.0 1.0 0.0 0.0 0.0 0.0 0.0 0.0 
-4773.1494140625 -8499.2724609375 5225.1728515625 -2065.048828125 8540.3525390625 -5637.2509765625 693.7613525390625 8604.7958984375 -7916.04833984375 -3740.019775390625 -7247.40966796875 1618.0516357421875 4238.642578125 -1868.5087890625 1618.74853515625 5765.44287109375 -1851.4405517578125 2631.241455078125 1471.37060546875 3190.5693359375 output 6 5 1 3 2 7 10 8 4 9 indices -1 4 2 3 -1 1 3 4 2 1 -1 4 -1 1 2 3 2 1 3 4 2 1 3 4 2 1 3 4 2 1 3 4 2 1 3 4 2 1 3 4 value 5.0 1.0 0.0 0.0 0.0 0.0 0.0 0.0 0.0 0.0 0.0 0.0 3.0 1.0 0.0 0.0 0.0 0.0 0.0 0.0 0.0 0.0 0.0 0.0 0.0 0.0 0.0 0.0 0.0 0.0 0.0 0.0 0.0 0.0 0.0 0.0 0.0 0.0 0.0 0.0 
9187.4765625 8656.34765625 2569.5732421875 -9412.201171875 9147.9443359375 -5195.13916015625 -6410.06396484375 942.4039306640625 -1569.832275390625 2920.3828125 -6876.939453125 -7381.28173828125 -8629.998046875 5739.2578125 1006.3563232421875 8575.234375 8469.466796875 -5803.22900390625 -6893.98486328125 958.2239990234375 output 7 5 8 1 3 9 2 6 4 10 indices -1 2 3 4 -1 6 1 3 2 1 -1 4 2 1 3 -1 2 1 3 4 -1 1 2 3 2 1 3 4 2 1 3 4 2 1 3 4 2 1 3 4 value 3.0 1.0 0.0 0.0 3.0 1.0 0.0 0.0 0.0 0.0 0.0 0.0 0.0 0.0 0.0 0.0 0.0 0.0 0.0 0.0 1.0 1.0 0.0 0.0 0.0 0.0 0.0 0.0 0.0 0.0 0.0 0.0 0.0 0.0 0.0 0.0 0.0 0.0 0.0 0.0 
3500.869384765625 -7465.66357421875 6182.2861328125 5178.4111328125 -4853.328125 -2308.40625 -3822.449951171875 6479.78564453125 -933.2638549804688 4318.001953125 7938.19873046875 4461.08984375 -3229.696533203125 1300.754638671875 2373.835693359375 -9843.1689453125 -6623.3466796875 -1080.6612548828125 -533.1044921875 -1040.1431884765625 output 2 6 1 8 10 3 9 7 4 5 indices 2 -1 3 4 6 -1 1 3 2 1 -1 4 2 1 3 -1 2 1 3 4 8 -1 1 2 2 1 3 4 -1 10 1 2 2 1 3 4 -1 2 1 3 value 0.0 0.0 0.0 0.0 1.0 1.0 0.0 0.0 0.0 0.0 0.0 0.0 0.0 0.0 0.0 0.0 0.0 0.0 0.0 0.0 1.0 1.0 0.0 0.0 0.0 0.0 0.0 0.0 3.0 1.0 0.0 0.0 0.0 0.0 0.0 0.0 1.0 1.0 0.0 0.0 
2915.5439453125 -5183.4521484375 3654.215576171875 9143.3740234375 -3224.231201171875 5638.56201171875 -6780.5908203125 4305.40234375 4800.400390625 -7308.00341796875 -4390.0400390625 -7650.11181640625 -6624.1884765625 3589.349365234375 6763.826171875 3560.18701171875 5646.67138671875 2139.337158203125 -2761.6064453125 -8234.6435546875 output 1 5 10 6 7 4 3 2 8 9 indices 2 -1 3 4 -1 10 1 3 2 1 -1 4 2 1 3 -1 2 1 3 4 -1 2 1 3 2 1 3 4 2 1 3 4 2 1 3 4 -1 6 1 2 value 0.0 0.0 0.0 0.0 3.0 1.0 0.0 0.0 0.0 0.0 0.0 0.0 0.0 0.0 0.0 0.0 0.0 0.0 0.0 0.0 1.0 1.0 0.0 0.0 0.0 0.0 0.0 0.0 0.0 0.0 0.0 0.0 0.0 0.0 0.0 0.0 3.0 1.0 0.0 0.0 
-2833.335205078125 -3452.73583984375 -5227.57861328125 8164.16162109375 -975.6346435546875 -3986.281005859375 8015.76416015625 -7262.57177734375 9966.73046875 -9691.6025390625 -8136.609375 -2259.5869140625 256.6358642578125 -726.9042358398438 10267.6884765625 1968.9879150390625 -3713.982177734375 8557.216796875 -7619.67822265625 8689.3154296875 output 9 2 10 6 1 3 7 4 5 8 indices 2 -1 3 4 -1 1 3 4 2 1 -1 4 2 1 3 -1 -1 7 1 2 2 1 3 4 9 -1 1 2 5 -1 1 2 -1 8 1 2 2 1 3 4 value 0.0 0.0 0.0 0.0 0.0 0.0 0.0 0.0 0.0 0.0 0.0 0.0 0.0 0.0 0.0 0.0 3.0 1.0 0.0 0.0 0.0 0.0 0.0 0.0 1.0 1.0 0.0 0.0 1.0 1.406861771338595e-16 0.0 0.0 2.0 1.0 0.0 0.0 0.0 0.0 0.0 0.0 
-8873.1796875 -7606.61669921875 -4932.27734375 2786.26611328125 1444.1787109375 -2423.607177734375 -7434.49560546875 -3080.99267578125 4632.33154296875 -724.3528442382812 4772.14501953125 347.42205810546875 7571.8076171875 -833.6766357421875 6550.2685546875 10478.8828125 -4866.58447265625 -3244.790771484375 1135.8060302734375 4301.46533203125 output 2 4 1 9 3 5 6 7 8 10 indices -1 3 2 4 -1 1 3 4 8 -1 1 2 2 1 3 -1 2 1 3 4 2 1 3 4 2 1 3 4 -1 1 2 3 2 1 3 4 2 1 3 4 value 3.0 1.0 0.0 0.0 0.0 0.0 0.0 0.0 1.0 1.0 0.0 0.0 0.0 0.0 0.0 0.0 0.0 0.0 0.0 0.0 0.0 0.0 0.0 0.0 0.0 0.0 0.0 0.0 3.0 1.0 0.0 0.0 0.0 0.0 0.0 0.0 0.0 0.0 0.0 0.0 
1186.8250732421875 8089.48388671875 7087.5185546875 -4333.37060546875 -2393.40869140625 -8787.05078125 -6944.93359375 5905.31640625 -7739.8359375 -2614.608154296875 1687.08447265625 5768.27587890625 5621.833984375 10503.404296875 5242.56103515625 -7383.60888671875 105.31488800048828 -7584.84765625 -3852.96044921875 437.0047607421875 output 1 7 2 8 9 3 5 10 4 6 indices 2 -1 3 4 -1 1 3 4 -1 10 1 2 2 1 3 -1 2 1 3 4 2 1 3 4 -1 3 1 2 2 1 3 4 2 1 3 4 -1 7 1 2 value 0.0 0.0 0.0 0.0 0.0 0.0 0.0 0.0 3.0 1.0 0.0 0.0 0.0 0.0 0.0 0.0 0.0 0.0 0.0 0.0 0.0 0.0 0.0 0.0 3.0 1.0 0.0 0.0 0.0 0.0 0.0 0.0 0.0 0.0 0.0 0.0 1.0 1.0 0.0 0.0 
-2075.029052734375 -654.5200805664062 3389.726318359375 6227.9423828125 -7176.56494140625 -450.97747802734375 522.9296264648438 -8805.1630859375 -4351.876953125 6677.72265625 286.02642822265625 -8541.5908203125 -2604.892822265625 -4933.1376953125 -4420.97900390625 7538.44140625 11424.12890625 9031.6923828125 5006.53125 -6090.40966796875 output 3 1 7 6 4 10 9 2 8 5 indices 9 -1 2 3 -1 1 3 4 2 1 -1 4 -1 1 2 3 2 1 3 4 2 1 3 4 2 1 3 4 2 1 3 4 -1 4 1 2 2 1 3 4 value 1.0 1.0 0.0 0.0 0.0 0.0 0.0 0.0 0.0 0.0 0.0 0.0 3.0 1.0 0.0 0.0 0.0 0.0 0.0 0.0 0.0 0.0 0.0 0.0 0.0 0.0 0.0 0.0 0.0 0.0 0.0 0.0 3.0 1.0 0.0 0.0 0.0 0.0 0.0 0.0 
-821.585693359375 5732.650390625 6841.478515625 1256.242919921875 -5030.0966796875 -9306.65625 7304.67822265625 5857.33642578125 1556.92626953125 3131.66015625 -10580.033203125 -6575.41748046875 5601.9697265625 2066.854736328125 -2669.83154296875 -208.09597778320312 3377.947021484375 -4975.10205078125 -5581.453125 3020.5263671875 output 6 3 9 2 7 4 5 1 10 8 indices 2 -1 3 4 -1 1 3 4 -1 8 1 2 -1 3 1 2 2 1 3 4 2 1 3 4 2 1 3 4 -1 4 1 2 2 1 3 4 2 1 3 4 value 0.0 0.0 0.0 0.0 0.0 0.0 0.0 0.0 3.0 1.0 0.0 0.0 3.0 1.0 0.0 0.0 0.0 0.0 0.0 0.0 0.0 0.0 0.0 0.0 0.0 0.0 0.0 0.0 1.0 1.0 0.0 0.0 0.0 0.0 0.0 0.0 0.0 0.0 0.0 0.0 
-187.4341583251953 -3397.899169921875 1779.9835205078125 -2314.731201171875 4013.33544921875 247.6156463623047 1811.7396240234375 -904.4178466796875 -8765.5361328125 3103.867431640625 3337.1845703125 6489.03955078125 4538.89208984375 -7759.720703125 2032.4393310546875 1815.0164794921875 -8555.53125 -5375.453125 -5.073033332824707 8096.68310546875 output 7 1 9 5 10 6 8 3 4 2 indices 10 -1 2 3 -1 1 3 4 2 1 -1 4 2 1 3 -1 2 1 3 4 2 1 3 4 -1 1 2 3 2 1 3 4 2 1 3 4 -1 7 1 2 value 1.0 1.0 0.0 0.0 0.0 0.0 0.0 0.0 0.0 0.0 0.0 0.0 0.0 0.0 0.0 0.0 0.0 0.0 0.0 0.0 0.0 0.0 0.0 0.0 3.0 1.0 0.0 0.0 0.0 0.0 0.0 0.0 0.0 0.0 0.0 0.0 3.0 1.0 0.0 0.0 
7781.1337890625 -931.850341796875 986.997314453125 -2443.566162109375 -5347.90185546875 4308.68701171875 -5339.25634765625 541.320068359375 -13.99971866607666 6228.96630859375 385.9636535644531 -3860.146240234375 -4678.46630859375 1405.996337890625 11464.08984375 -7438.8642578125 -5004.10693359375 2087.546630859375 -234.45358276367188 101.91093444824219 output 2 6 8 1 5 3 9 7 4 10 indices 2 -1 3 4 -1 1 3 4 2 1 -1 4 2 1 3 -1 -1 8 1 2 2 1 3 4 2 1 3 4 -1 10 1 2 2 1 3 4 -1 5 1 2 value 0.0 0.0 0.0 0.0 0.0 0.0 0.0 0.0 0.0 0.0 0.0 0.0 0.0 0.0 0.0 0.0 3.0 1.0 0.0 0.0 0.0 0.0 0.0 0.0 0.0 0.0 0.0 0.0 3.0 1.0 0.0 0.0 0.0 0.0 0.0 0.0 1.0 1.0 0.0 0.0 
10282.66015625 11357.361328125 -3936.078125 -6492.50146484375 -5011.6611328125 -5163.40283203125 -4282.89306640625 -5019.07373046875 7420.8525390625 8755.9892578125 -1069.5728759765625 10601.0732421875 2522.134765625 -5830.85546875 -2602.69677734375 2809.4013671875 147.88479614257812 -5842.3466796875 -3470.630126953125 -5175.64453125 output 1 5 7 9 2 10 4 3 8 6 indices -1 2 3 4 -1 10 1 3 2 1 -1 4 2 1 3 -1 2 1 3 4 2 1 3 4 2 1 3 4 2 1 3 4 2 1 3 4 -1 1 2 3 value 3.0 1.0 0.0 0.0 3.0 1.0 0.0 0.0 0.0 0.0 0.0 0.0 0.0 0.0 0.0 0.0 0.0 0.0 0.0 0.0 0.0 0.0 0.0 0.0 0.0 0.0 0.0 0.0 0.0 0.0 0.0 0.0 0.0 0.0 0.0 0.0 1.0 1.0 0.0 0.0 
3308.531982421875 3142.450439453125 3808.06298828125 5848.9482421875 1800.2147216796875 5522.52978515625 3957.30517578125 4782.591796875 11.760437965393066 8465.4248046875 -892.6715698242188 -8117.15771484375 -62.16177749633789 -10269.005859375 8908.859375 -3808.520263671875 -10243.869140625 -3966.4560546875 -10596.0322265625 -1600.8056640625 output 1 4 2 3 5 10 9 6 7 8 indices 2 -1 3 4 -1 1 3 4 2 1 -1 4 2 1 3 -1 -1 7 1 2 -1 5 1 2 -1 6 1 2 2 1 3 4 2 1 3 4 2 1 3 4 value 0.0 0.0 0.0 0.0 0.0 0.0 0.0 0.0 0.0 0.0 0.0 0.0 0.0 0.0 0.0 0.0 3.0 1.0 0.0 0.0 1.0 1.0 0.0 0.0 3.0 1.0 0.0 0.0 0.0 0.0 0.0 0.0 0.0 0.0 0.0 0.0 0.0 0.0 0.0 0.0 
-5640.19921875 -11288.9609375 6406.3212890625 6236.857421875 5045.82958984375 7846.6298828125 -2252.589111328125 -6428.73486328125 -8392.87890625 6646.912109375 135.05442810058594 3639.088623046875 8441.3154296875 -10741.236328125 -2525.80517578125 -7403.45166015625 -5984.62451171875 4854.62353515625 4767.5771484375 6638.27197265625 output 5 9 6 10 3 2 7 1 8 4 indices -1 4 2 3 -1 1 3 4 -1 1 2 4 -1 3 1 2 2 1 3 4 2 1 3 4 2 1 3 4 2 1 3 4 2 1 3 4 2 1 3 4 value 3.0 1.0 0.0 0.0 0.0 0.0 0.0 0.0 3.0 1.0 0.0 0.0 1.0 1.0 0.0 0.0 0.0 0.0 0.0 0.0 0.0 0.0 0.0 0.0 0.0 0.0 0.0 0.0 0.0 0.0 0.0 0.0 0.0 0.0 0.0 0.0 0.0 0.0 0.0 0.0 
4454.544921875 -13501.86328125 1332.57373046875 2274.54541015625 5514.90869140625 -1536.9239501953125 -298.889892578125 4467.11962890625 -5829.818359375 6144.23779296875 -2370.061767578125 -3931.45068359375 5635.1123046875 2051.75390625 -6560.69775390625 -1816.5322265625 1162.4063720703125 4482.4541015625 -3040.078125 1366.6591796875 output 4 9 2 7 3 1 6 8 10 5 indices -1 6 2 3 -1 1 3 4 2 1 -1 4 2 1 3 -1 2 1 3 4 9 -1 1 2 2 1 3 4 2 1 3 4 -1 1 2 3 2 1 3 4 value 3.0 1.0 0.0 0.0 0.0 0.0 0.0 0.0 0.0 0.0 0.0 0.0 0.0 0.0 0.0 0.0 0.0 0.0 0.0 0.0 1.0 1.0 0.0 0.0 0.0 0.0 0.0 0.0 0.0 0.0 0.0 0.0 3.0 1.0 0.0 0.0 0.0 0.0 0.0 0.0 
-4225.5146484375 5527.89892578125 6815.14111328125 -1367.059814453125 -9492.6025390625 1151.760986328125 9135.291015625 -1839.4420166015625 2581.07763671875 -3240.016357421875 -70.2219009399414 -550.8772583007812 2368.55712890625 -2220.4365234375 -7041.87451171875 323.20404052734375 3314.0166015625 -5113.494140625 -3383.8701171875 7328.4619140625 output 7 5 9 4 2 10 1 3 8 6 indices 2 -1 3 4 -1 1 3 4 2 1 -1 4 2 1 3 -1 2 1 3 4 10 -1 1 2 2 1 3 4 2 1 3 4 -1 6 1 2 -1 9 1 2 value 0.0 0.0 0.0 0.0 0.0 0.0 0.0 0.0 0.0 0.0 0.0 0.0 0.0 0.0 0.0 0.0 0.0 0.0 0.0 0.0 1.0 1.0 0.0 0.0 0.0 0.0 0.0 0.0 0.0 0.0 0.0 0.0 3.0 1.0 0.0 0.0 3.0 1.0 0.0 0.0 
-2595.120361328125 -579.3953247070312 -2958.662841796875 -293.8722839355469 -6473.076171875 10706.859375 8132.23681640625 -5176.79736328125 -2410.818359375 956.5838012695312 3822.566162109375 -3266.30419921875 -1185.9307861328125 5943.7314453125 4058.701904296875 -6638.1015625 -157.5369873046875 3021.308349609375 -232.35935974121094 -4674.01123046875 output 3 7 9 6 4 8 10 1 2 5 indices 3 -1 2 4 -1 1 3 4 -1 8 1 2 2 1 3 -1 2 1 3 4 2 1 3 4 2 1 3 4 -1 1 2 3 2 1 3 4 2 1 3 4 value 1.0 1.0 0.0 0.0 0.0 0.0 0.0 0.0 3.0 1.0 0.0 0.0 0.0 0.0 0.0 0.0 0.0 0.0 0.0 0.0 0.0 0.0 0.0 0.0 0.0 0.0 0.0 0.0 3.0 1.0 0.0 0.0 0.0 0.0 0.0 0.0 0.0 0.0 0.0 0.0 
-5662.2978515625 -8114.8427734375 -10119.828125 -3286.158447265625 7444.591796875 -2126.174072265625 8974.2578125 1595.786376953125 9527.2333984375 10258.7060546875 4338.0400390625 -670.8455200195312 4635.69970703125 6113.099609375 264.5069274902344 7813.98828125 -10106.6806640625 -6059.32373046875 -9295.521484375 -5524.23583984375 output 2 9 10 1 6 3 4 5 7 8 indices -1 5 2 3 -1 1 3 4 2 1 -1 4 2 1 3 -1 -1 1 2 3 2 1 3 4 2 1 3 4 2 1 3 4 2 1 3 4 2 1 3 4 value 5.0 1.0 0.0 0.0 0.0 0.0 0.0 0.0 0.0 0.0 0.0 0.0 0.0 0.0 0.0 0.0 3.0 1.0 0.0 0.0 0.0 0.0 0.0 0.0 0.0 0.0 0.0 0.0 0.0 0.0 0.0 0.0 0.0 0.0 0.0 0.0 0.0 0.0 0.0 0.0 
-7295.66259765625 5464.40478515625 2531.45703125 -779.8679809570312 -3473.346923828125 -5345.580078125 -2568.473876953125 -1226.5499267578125 4318.599609375 -7251.2490234375 886.6760864257812 -9708.849609375 -3428.011962890625 5698.5498046875 9512.5595703125 112.34841918945312 4239.57421875 7900.81103515625 -4723.37109375 5135.982421875 output 3 4 1 10 7 9 8 2 5 6 indices 2 -1 3 4 -1 1 3 4 2 1 -1 4 9 -1 1 2 2 1 3 4 -1 4 1 2 2 1 3 4 2 1 3 4 -1 6 1 2 2 1 3 4 value 0.0 0.0 0.0 0.0 0.0 0.0 0.0 0.0 0.0 0.0 0.0 0.0 1.0 1.0 0.0 0.0 0.0 0.0 0.0 0.0 3.0 1.0 0.0 0.0 0.0 0.0 0.0 0.0 0.0 0.0 0.0 0.0 3.0 1.0 0.0 0.0 0.0 0.0 0.0 0.0 
7783.791015625 4404.8642578125 -7163.70556640625 -1504.29150390625 -5772.9873046875 -9335.232421875 -1034.8170166015625 3605.9599609375 -4233.609375 6494.2626953125 3155.632080078125 -4320.74658203125 -249.51022338867188 -2918.205078125 2525.706787109375 437.06146240234375 11263.8857421875 -1234.98974609375 -6274.3857421875 4371.31689453125 output 1 9 6 7 3 2 10 5 4 8 indices -1 3 2 4 -1 1 3 4 -1 7 1 2 2 1 3 -1 2 1 3 4 2 1 3 4 -1 1 2 3 2 1 3 4 2 1 3 4 2 1 3 4 value 3.0 1.0 0.0 0.0 0.0 0.0 0.0 0.0 3.0 1.0 0.0 0.0 0.0 0.0 0.0 0.0 0.0 0.0 0.0 0.0 0.0 0.0 0.0 0.0 1.0 1.0 0.0 0.0 0.0 0.0 0.0 0.0 0.0 0.0 0.0 0.0 0.0 0.0 0.0 0.0 
3297.4755859375 5445.9248046875 10171.384765625 -7145.10888671875 -4211.68310546875 -487.9707946777344 901.438232421875 -7183.63525390625 -8642.8251953125 8137.50390625 -5172.67919921875 10657.9208984375 -4850.54248046875 -2027.997802734375 6198.88525390625 -1082.492919921875 5078.2900390625 -3347.46044921875 -2769.743896484375 -2966.6845703125 output 2 9 8 1 6 5 3 7 10 4 indices 2 -1 3 4 -1 1 3 4 2 1 -1 4 -1 10 1 2 2 1 3 4 -1 4 1 2 2 1 3 4 2 1 3 4 2 1 3 4 -1 6 1 2 value 0.0 0.0 0.0 0.0 0.0 0.0 0.0 0.0 0.0 0.0 0.0 0.0 3.0 1.0 0.0 0.0 0.0 0.0 0.0 0.0 3.0 1.0 0.0 0.0 0.0 0.0 0.0 0.0 0.0 0.0 0.0 0.0 0.0 0.0 0.0 0.0 1.0 1.0 0.0 0.0 
1068.2821044921875 3638.293701171875 -4456.35205078125 -3933.376953125 10482.728515625 4432.00634765625 -8169.84765625 3921.881591796875 10534.7939453125 -110.19483947753906 6671.837890625 -7188.69140625 -6375.755859375 625.8926391601562 -5575.39453125 -9967.1728515625 -2489.103271484375 3397.14111328125 -1691.189453125 5184.22021484375 output 3 5 6 8 2 7 4 9 10 1 indices 2 -1 3 4 3 -1 1 4 -1 8 1 2 2 1 3 -1 2 1 3 4 2 1 3 4 2 1 3 4 -1 2 1 3 2 1 3 4 2 1 3 4 value 0.0 0.0 0.0 0.0 1.0 1.0 0.0 0.0 3.0 1.0 0.0 0.0 0.0 0.0 0.0 0.0 0.0 0.0 0.0 0.0 0.0 0.0 0.0 0.0 0.0 0.0 0.0 0.0 3.0 1.0 0.0 0.0 0.0 0.0 0.0 0.0 0.0 0.0 0.0 0.0 
1074.62451171875 -5036.82373046875 -1299.5816650390625 1314.4522705078125 3320.790771484375 -7945.0859375 -4561.19873046875 2748.84814453125 -8171.18603515625 9935.84765625 1715.1431884765625 -2198.946044921875 -5102.15673828125 -3861.7529296875 5638.2373046875 -4405.57470703125 2369.19384765625 206.00535583496094 5016.1337890625 9243.0302734375 output 1 3 8 6 9 10 5 4 2 7 indices 2 -1 3 4 -1 1 3 4 -1 6 1 2 2 1 3 -1 2 1 3 4 10 -1 1 2 2 1 3 4 2 1 3 4 2 1 3 4 -1 3 1 2 value 0.0 0.0 0.0 0.0 0.0 0.0 0.0 0.0 3.0 1.0 0.0 0.0 0.0 0.0 0.0 0.0 0.0 0.0 0.0 0.0 1.0 1.0 0.0 0.0 0.0 0.0 0.0 0.0 0.0 0.0 0.0 0.0 0.0 0.0 0.0 0.0 3.0 1.0 0.0 0.0 
-768.9265747070312 -350.966796875 -7410.97509765625 -7664.5283203125 -4691.0654296875 4533.248046875 -6047.12548828125 5427.57568359375 5740.4365234375 -7836.29248046875 -4199.0625 -6234.171875 6841.82958984375 3845.33642578125 6463.326171875 9742.7373046875 -705.4048461914062 -283.7724609375 4776.96826171875 -1179.16552734375 output 8 7 10 5 6 2 1 9 3 4 indices 9 8 -1 2 -1 1 9 3 2 1 -1 4 2 1 3 -1 2 1 3 4 2 1 3 4 2 1 3 4 -1 2 1 3 8 -1 1 2 2 1 3 4 value 0.9983194470405579 1.446331409987819e-22 1.4439008348755244e-22 0.0 3.0 0.9983194470405579 0.0016805321210995317 0.0 0.0 0.0 0.0 0.0 0.0 0.0 0.0 0.0 0.0 0.0 0.0 0.0 0.0 0.0 0.0 0.0 0.0 0.0 0.0 0.0 3.0 1.0 0.0 0.0 1.0 0.0016805321210995317 2.43060642021174e-25 0.0 0.0 0.0 0.0 0.0 
4689.51953125 6201.6611328125 -3214.157958984375 -8932.9365234375 -408.3586730957031 3689.012451171875 -8091.173828125 -2287.439208984375 -247.8798370361328 -3342.045166015625 10103.4267578125 7699.73486328125 -5074.3515625 -3276.25830078125 -2715.2373046875 -2358.603271484375 3171.80859375 9544.1279296875 1786.4046630859375 -6937.25390625 output 9 3 8 7 4 2 10 5 1 6 indices 2 -1 3 4 -1 8 1 3 2 1 -1 4 2 1 3 -1 2 1 3 4 -1 2 1 3 2 1 3 4 -1 6 1 2 2 1 3 4 2 1 3 4 value 0.0 0.0 0.0 0.0 3.0 1.0 0.0 0.0 0.0 0.0 0.0 0.0 0.0 0.0 0.0 0.0 0.0 0.0 0.0 0.0 3.0 1.0 0.0 0.0 0.0 0.0 0.0 0.0 1.0 1.0 0.0 0.0 0.0 0.0 0.0 0.0 0.0 0.0 0.0 0.0 
-6122.79931640625 2550.5947265625 3623.219970703125 853.7577514648438 1212.729736328125 1673.722412109375 -1039.1346435546875 1563.73486328125 4141.04345703125 -2594.532470703125 -5647.341796875 -2361.13232421875 -7535.57177734375 -2969.970947265625 5784.607421875 -231.76828002929688 6964.291015625 3301.364013671875 -1381.0430908203125 -1785.7696533203125 output 4 3 2 9 8 5 10 6 7 1 indices 2 -1 3 4 -1 1 3 4 2 1 -1 4 2 1 3 -1 2 1 3 4 2 1 3 4 -1 10 1 2 2 1 3 4 -1 7 1 2 -1 9 1 2 value 0.0 0.0 0.0 0.0 0.0 0.0 0.0 0.0 0.0 0.0 0.0 0.0 0.0 0.0 0.0 0.0 0.0 0.0 0.0 0.0 0.0 0.0 0.0 0.0 3.0 1.0 0.0 0.0 0.0 0.0 0.0 0.0 3.0 1.0 0.0 0.0 1.0 1.0 0.0 0.0 
5168.5546875 4302.767578125 3647.83837890625 -2230.98681640625 1911.5970458984375 7581.9150390625 7024.27197265625 1113.517822265625 6176.72314453125 -10865.5859375 -11288.7646484375 -3120.869384765625 -8767.3251953125 -7464.94482421875 831.015869140625 3562.25634765625 -2386.3896484375 3728.22509765625 -2317.52197265625 3393.70556640625 output 5 2 4 1 3 8 9 10 6 7 indices 2 -1 3 4 3 -1 1 4 -1 5 1 2 2 1 3 -1 -1 2 1 3 2 1 3 4 2 1 3 4 2 1 3 4 2 1 3 4 2 1 3 4 value 0.0 0.0 0.0 0.0 1.0 1.0 0.0 0.0 3.0 1.0 0.0 0.0 0.0 0.0 0.0 0.0 3.0 1.0 0.0 0.0 0.0 0.0 0.0 0.0 0.0 0.0 0.0 0.0 0.0 0.0 0.0 0.0 0.0 0.0 0.0 0.0 0.0 0.0 0.0 0.0 
-7719.0859375 -9443.7880859375 1517.727783203125 6072.1953125 -4231.72412109375 -6518.43505859375 2991.295654296875 -10594.46875 7245.0810546875 -4554.419921875 -2288.225341796875 7441.85693359375 -7324.80419921875 4532.7099609375 7451.125 7414.6025390625 9638.5341796875 1193.8323974609375 -7279.92333984375 4455.9150390625 output 5 9 8 2 6 7 10 3 1 4 indices 2 -1 3 4 -1 1 3 4 8 -1 1 2 -1 3 1 2 2 1 3 4 2 1 3 4 2 1 3 4 -1 4 1 2 2 1 3 4 2 1 3 4 value 0.0 0.0 0.0 0.0 0.0 0.0 0.0 0.0 1.0 1.0 0.0 0.0 3.0 1.0 0.0 0.0 0.0 0.0 0.0 0.0 0.0 0.0 0.0 0.0 0.0 0.0 0.0 0.0 3.0 1.0 0.0 0.0 0.0 0.0 0.0 0.0 0.0 0.0 0.0 0.0 
11453.9736328125 -2848.572021484375 -271.41107177734375 -2903.771728515625 -378.6417541503906 6640.11669921875 -2982.390380859375 -2110.407958984375 -2204.70849609375 -6160.853515625 4827.1875 6264.28564453125 -2057.08935546875 -3880.41259765625 1632.767333984375 -2948.83837890625 -3481.36474609375 331.7219543457031 -6538.32275390625 7616.732421875 output 4 7 5 2 8 1 6 3 10 9 indices 2 -1 3 4 6 -1 1 3 2 1 -1 4 2 1 3 -1 -1 2 1 3 -1 5 1 2 2 1 3 4 2 1 3 4 2 1 3 4 2 1 3 4 value 0.0 0.0 0.0 0.0 1.0 1.0 0.0 0.0 0.0 0.0 0.0 0.0 0.0 0.0 0.0 0.0 3.0 1.0 0.0 0.0 3.0 1.0 0.0 0.0 0.0 0.0 0.0 0.0 0.0 0.0 0.0 0.0 0.0 0.0 0.0 0.0 0.0 0.0 0.0 0.0 
-1606.8814697265625 9559.734375 -335.23876953125 -1634.0101318359375 1933.0072021484375 -5976.2861328125 8095.55908203125 6891.69775390625 5099.72607421875 3492.698974609375 -2749.9248046875 -6503.759765625 -2401.947265625 -3703.916015625 -932.9525146484375 -5687.65380859375 936.001953125 8286.798828125 -8037.34912109375 -4725.3046875 output 1 2 7 10 6 8 3 5 4 9 indices 2 -1 3 4 4 -1 1 3 2 1 -1 4 -1 6 1 2 2 1 3 4 -1 2 1 3 2 1 3 4 2 1 3 4 2 1 3 4 2 1 3 4 value 0.0 0.0 0.0 0.0 1.0 1.0 0.0 0.0 0.0 0.0 0.0 0.0 3.0 1.0 0.0 0.0 0.0 0.0 0.0 0.0 3.0 1.0 0.0 0.0 0.0 0.0 0.0 0.0 0.0 0.0 0.0 0.0 0.0 0.0 0.0 0.0 0.0 0.0 0.0 0.0 
-10294.5537109375 -3505.57763671875 -2923.666015625 8416.72265625 7071.24267578125 -6190.42041015625 5075.9521484375 3637.055908203125 944.8357543945312 -2441.838134765625 2178.4853515625 -712.9293823242188 -8134.74169921875 -7604.23046875 -5537.3984375 6953.3935546875 7619.4931640625 -7504.96240234375 4000.351318359375 8952.7861328125 output 8 2 10 4 6 5 3 9 7 1 indices 2 -1 3 4 -1 1 3 4 2 1 -1 4 2 1 3 -1 10 -1 1 2 2 1 3 4 -1 5 1 2 2 1 3 4 2 1 3 4 -1 7 1 2 value 0.0 0.0 0.0 0.0 0.0 0.0 0.0 0.0 0.0 0.0 0.0 0.0 0.0 0.0 0.0 0.0 1.0 1.0 0.0 0.0 0.0 0.0 0.0 0.0 3.0 1.0 0.0 0.0 0.0 0.0 0.0 0.0 0.0 0.0 0.0 0.0 3.0 1.0 0.0 0.0 
1290.53759765625 730.0823364257812 -4317.671875 -276.8253173828125 6991.85009765625 -2057.01611328125 -7517.85546875 -8546.6435546875 -3169.5576171875 6672.6513671875 5158.74560546875 3363.28955078125 5087.79931640625 -7857.17529296875 -7441.484375 -3702.1845703125 4616.07861328125 8279.98046875 -698.442138671875 3393.841552734375 output 1 10 5 9 6 3 7 4 8 2 indices 2 -1 3 4 9 -1 1 3 2 1 -1 4 -1 2 1 3 2 1 3 4 2 1 3 4 2 1 3 4 2 1 3 4 -1 4 1 2 2 1 3 4 value 0.0 0.0 0.0 0.0 1.0 1.0 0.0 0.0 0.0 0.0 0.0 0.0 3.0 1.0 0.0 0.0 0.0 0.0 0.0 0.0 0.0 0.0 0.0 0.0 0.0 0.0 0.0 0.0 0.0 0.0 0.0 0.0 3.0 1.0 0.0 0.0 0.0 0.0 0.0 0.0 
-7384.96826171875 939.109130859375 8997.4541015625 -1894.6072998046875 2373.603759765625 -5703.98974609375 -810.945068359375 -5563.0732421875 -1006.1823120117188 8557.208984375 -5039.29052734375 -2044.0235595703125 383.2851257324219 -7000.80712890625 8367.58984375 4812.52587890625 -1570.74462890625 1957.65234375 -4309.802734375 5940.00390625 output 9 10 5 8 2 3 7 4 6 1 indices 2 -1 3 4 -1 1 3 4 2 1 -1 4 6 3 1 2 8 -1 1 2 -1 5 1 2 -1 6 4 1 -1 7 1 2 2 1 3 4 2 1 3 4 value 0.0 0.0 0.0 0.0 0.0 0.0 0.0 0.0 0.0 0.0 0.0 0.0 4.894329719851318e-38 0.0 0.0 0.0 1.0 1.0 0.0 0.0 1.0 1.0 0.0 0.0 3.0 1.0 4.894329719851318e-38 0.0 1.0 1.0 0.0 0.0 0.0 0.0 0.0 0.0 0.0 0.0 0.0 0.0 
4436.59521484375 -1026.996337890625 -3761.613037109375 -8823.1201171875 -500.5301818847656 -4620.845703125 -6288.78759765625 -7362.1484375 -1589.375732421875 4280.1435546875 5616.88671875 965.9229736328125 -1674.471923828125 9575.0087890625 5684.9716796875 -1181.805908203125 4565.2919921875 6516.76806640625 -6488.966796875 1677.072998046875 output 4 2 3 1 8 6 9 7 5 10 indices 2 -1 3 4 -1 3 1 4 7 -1 1 2 2 1 3 -1 2 1 3 4 2 1 3 4 -1 2 1 3 2 1 3 4 2 1 3 4 2 1 3 4 value 0.0 0.0 0.0 0.0 3.0 1.0 0.0 0.0 1.0 1.0 0.0 0.0 0.0 0.0 0.0 0.0 0.0 0.0 0.0 0.0 0.0 0.0 0.0 0.0 3.0 1.0 0.0 0.0 0.0 0.0 0.0 0.0 0.0 0.0 0.0 0.0 0.0 0.0 0.0 0.0 
-861.8524169921875 -400.5008544921875 7882.62109375 -2841.08935546875 -9358.6591796875 -3548.9208984375 6269.2099609375 9274.8310546875 79.55425262451172 2501.89306640625 1377.9757080078125 -6523.2392578125 -7453.32958984375 8948.861328125 5453.10888671875 -9346.279296875 -8795.6376953125 -6166.1494140625 5407.00927734375 8100.59375 output 6 8 2 1 5 10 4 7 3 9 indices 4 -1 2 3 -1 1 3 4 2 1 -1 4 -1 8 1 2 2 1 3 4 2 1 3 4 2 1 3 4 -1 1 2 3 2 1 3 4 2 1 3 4 value 1.0 1.0 0.0 0.0 0.0 0.0 0.0 0.0 0.0 0.0 0.0 0.0 3.0 1.0 0.0 0.0 0.0 0.0 0.0 0.0 0.0 0.0 0.0 0.0 0.0 0.0 0.0 0.0 3.0 1.0 0.0 0.0 0.0 0.0 0.0 0.0 0.0 0.0 0.0 0.0 
-6090.0244140625 -8242.2216796875 -5018.94873046875 10164.181640625 -2106.617919921875 -9316.8798828125 4528.62744140625 -4858.68603515625 -7290.49658203125 -6959.32666015625 5222.8447265625 -4343.93310546875 64.38768768310547 9984.697265625 4695.1240234375 -3338.455810546875 5562.75732421875 7857.15673828125 432.3460693359375 9053.466796875 output 5 1 3 4 6 8 9 10 7 2 indices 7 -1 2 3 -1 1 3 4 -1 1 2 4 2 1 3 -1 2 1 3 4 2 1 3 4 9 -1 1 2 2 1 3 4 -1 3 1 2 2 1 3 4 value 1.0 1.0 0.0 0.0 0.0 0.0 0.0 0.0 3.0 1.0 0.0 0.0 0.0 0.0 0.0 0.0 0.0 0.0 0.0 0.0 0.0 0.0 0.0 0.0 1.0 1.0 0.0 0.0 0.0 0.0 0.0 0.0 1.0 1.0 0.0 0.0 0.0 0.0 0.0 0.0 
-7982.6689453125 6221.716796875 10726.892578125 5501.416015625 -5157.03955078125 7787.53076171875 -5322.390625 -9972.7841796875 -2262.614013671875 -155.07501220703125 2478.7109375 2898.92431640625 6628.01611328125 -10467.525390625 -4566.994140625 1034.216796875 7661.54296875 7852.740234375 -2203.4560546875 -10701.1611328125 output 1 3 6 9 2 7 10 4 5 8 indices 2 -1 3 4 -1 1 3 4 2 1 -1 4 2 1 3 -1 9 -1 1 2 2 1 3 4 2 1 3 4 2 1 3 4 -1 10 1 2 -1 5 1 2 value 0.0 0.0 0.0 0.0 0.0 0.0 0.0 0.0 0.0 0.0 0.0 0.0 0.0 0.0 0.0 0.0 1.0 1.0 0.0 0.0 0.0 0.0 0.0 0.0 0.0 0.0 0.0 0.0 0.0 0.0 0.0 0.0 3.0 1.0 0.0 0.0 3.0 1.0 0.0 0.0 
-7986.17578125 -6324.294921875 -7327.068359375 7413.14794921875 3839.887451171875 10023.169921875 -840.2039184570312 2371.90478515625 11308.671875 8117.4453125 1430.5433349609375 -6067.26220703125 -434.8251953125 -7667.548828125 -6666.59912109375 -7223.07080078125 6594.90380859375 -5443.10595703125 80.86563110351562 4799.61474609375 output 4 10 3 5 9 6 7 8 1 2 indices 2 -1 3 4 -1 1 3 4 2 1 -1 4 2 1 3 -1 -1 7 1 2 -1 5 1 2 -1 6 1 2 2 1 3 4 2 1 3 4 2 1 3 4 value 0.0 0.0 0.0 0.0 0.0 0.0 0.0 0.0 0.0 0.0 0.0 0.0 0.0 0.0 0.0 0.0 3.0 1.0 0.0 0.0 1.0 1.0 0.0 0.0 3.0 1.0 0.0 0.0 0.0 0.0 0.0 0.0 0.0 0.0 0.0 0.0 0.0 0.0 0.0 0.0 
-219.85093688964844 -917.5825805664062 -5859.37646484375 5531.93603515625 7875.8896484375 -4520.44775390625 -2118.965087890625 -5675.98388671875 1721.41162109375 1817.3468017578125 -4236.548828125 2805.80224609375 -6363.15380859375 -6511.3349609375 4168.76708984375 -7160.369140625 9713.0751953125 7048.77783203125 -4681.24951171875 7581.85498046875 output 1 7 4 8 3 9 5 10 2 6 indices 9 -1 2 3 -1 1 3 4 2 1 -1 4 2 1 3 -1 2 1 3 4 2 1 3 4 2 1 3 4 -1 1 2 3 -1 8 1 2 2 1 3 4 value 1.0 1.0 0.0 0.0 0.0 0.0 0.0 0.0 0.0 0.0 0.0 0.0 0.0 0.0 0.0 0.0 0.0 0.0 0.0 0.0 0.0 0.0 0.0 0.0 0.0 0.0 0.0 0.0 3.0 1.0 0.0 0.0 3.0 1.0 0.0 0.0 0.0 0.0 0.0 0.0 
-218.53733825683594 6052.185546875 -5782.4599609375 5340.74072265625 -7477.9306640625 -831.9371948242188 3430.708740234375 -10322.7275390625 -658.3306274414062 -6525.96826171875 10593.361328125 7644.13671875 -5988.56396484375 7417.42333984375 6244.25439453125 -8653.7412109375 -6819.05322265625 -5787.5009765625 6676.55126953125 5667.388671875 output 6 10 1 7 2 3 9 5 4 8 indices 2 -1 3 4 -1 1 3 4 2 1 -1 4 -1 5 1 2 6 -1 1 2 -1 4 1 2 2 1 3 4 2 1 3 4 2 1 3 4 2 1 3 4 value 0.0 0.0 0.0 0.0 0.0 0.0 0.0 0.0 0.0 0.0 0.0 0.0 3.0 1.0 0.0 0.0 1.0 1.0 0.0 0.0 3.0 1.0 0.0 0.0 0.0 0.0 0.0 0.0 0.0 0.0 0.0 0.0 0.0 0.0 0.0 0.0 0.0 0.0 0.0 0.0 
-4031.14892578125 -1729.2255859375 4056.591064453125 117.0086669921875 -6962.8681640625 -1931.6190185546875 4338.45361328125 -535.2574462890625 -6755.2333984375 4299.5087890625 570.9776611328125 -10010.7529296875 7948.0419921875 3540.302001953125 9397.1591796875 -2466.5302734375 -4687.1875 5817.52099609375 -3874.785400390625 2899.044921875 output 1 6 8 7 4 2 10 9 5 3 indices 7 -1 2 3 -1 1 3 4 2 1 -1 4 2 1 3 -1 2 1 3 4 -1 1 2 3 -1 6 1 2 2 1 3 4 2 1 3 4 2 1 3 4 value 1.0 1.0 0.0 0.0 0.0 0.0 0.0 0.0 0.0 0.0 0.0 0.0 0.0 0.0 0.0 0.0 0.0 0.0 0.0 0.0 3.0 1.0 0.0 0.0 3.0 1.0 0.0 0.0 0.0 0.0 0.0 0.0 0.0 0.0 0.0 0.0 0.0 0.0 0.0 0.0 
9232.6669921875 723.7181396484375 -7501.88720703125 -3624.160400390625 1476.1356201171875 6828.15087890625 -5374.2451171875 -948.0476684570312 4509.947265625 -9954.6357421875 -386.9468994140625 9310.958984375 7691.89208984375 -7432.5146484375 7845.1201171875 69.3628921508789 -8118.25048828125 2733.976318359375 -9374.4326171875 2293.191162109375 output 7 5 2 4 10 9 6 3 1 8 indices 2 -1 3 4 -1 1 3 4 2 1 -1 4 6 -1 1 2 -1 4 1 2 -1 5 1 2 2 1 3 4 2 1 3 4 2 1 3 4 2 1 3 4 value 0.0 0.0 0.0 0.0 0.0 0.0 0.0 0.0 0.0 0.0 0.0 0.0 1.0 1.0 0.0 0.0 3.0 1.0 0.0 0.0 3.0 1.0 0.0 0.0 0.0 0.0 0.0 0.0 0.0 0.0 0.0 0.0 0.0 0.0 0.0 0.0 0.0 0.0 0.0 0.0 
5463.7412109375 -8922.283203125 874.5997314453125 5835.22998046875 -889.3497924804688 6548.47900390625 -8317.189453125 -3019.831298828125 7689.96484375 3447.16552734375 1354.30126953125 -808.9778442382812 -1082.4918212890625 4447.09521484375 5367.16552734375 4337.87939453125 -924.0180053710938 -10558.8134765625 -9536.72265625 -1305.943115234375 output 1 9 4 10 7 3 2 8 5 6 indices 2 -1 3 4 -1 1 3 4 2 1 -1 4 2 1 3 -1 9 -1 1 2 8 -1 1 2 2 1 3 4 -1 5 1 2 -1 6 1 2 2 1 3 4 value 0.0 0.0 0.0 0.0 0.0 0.0 0.0 0.0 0.0 0.0 0.0 0.0 0.0 0.0 0.0 0.0 1.0 1.0 0.0 0.0 1.0 1.0 0.0 0.0 0.0 0.0 0.0 0.0 1.0 1.0 0.0 0.0 3.0 1.0 0.0 0.0 0.0 0.0 0.0 0.0 
2429.646484375 -9527.1611328125 -6751.4228515625 5293.5009765625 7968.08251953125 1516.3900146484375 2348.45263671875 2200.4755859375 -1221.697021484375 -617.8359985351562 6114.46337890625 6448.134765625 -5628.20947265625 -9658.7060546875 -3801.940673828125 1829.67919921875 5631.88525390625 2.243290662765503 -7089.26025390625 2513.27978515625 output 8 2 10 7 1 9 3 6 4 5 indices 2 -1 3 4 -1 1 3 4 2 1 -1 4 2 1 3 -1 6 -1 1 2 -1 7 1 2 -1 5 1 2 2 1 3 4 2 1 3 4 2 1 3 4 value 0.0 0.0 0.0 0.0 0.0 0.0 0.0 0.0 0.0 0.0 0.0 0.0 0.0 0.0 0.0 0.0 1.0 1.0 0.0 0.0 3.0 1.0 0.0 0.0 3.0 1.0 0.0 0.0 0.0 0.0 0.0 0.0 0.0 0.0 0.0 0.0 0.0 0.0 0.0 0.0 
8759.9111328125 -6417.919921875 -2016.3521728515625 7384.376953125 -391.2159118652344 7753.71923828125 -3910.213134765625 3019.31689453125 -2722.796142578125 3870.958740234375 -2069.090087890625 -6988.50439453125 6616.49462890625 1077.462158203125 -6031.0888671875 -6617.13232421875 -222.1876220703125 308.874755859375 1986.537841796875 -3391.152099609375 output 5 4 9 8 6 10 1 7 3 2 indices 2 -1 3 4 -1 1 3 4 -1 6 1 2 2 1 3 -1 2 1 3 4 -1 9 1 2 2 1 3 4 2 1 3 4 -1 3 1 2 2 1 3 4 value 0.0 0.0 0.0 0.0 0.0 0.0 0.0 0.0 3.0 1.0 0.0 0.0 0.0 0.0 0.0 0.0 0.0 0.0 0.0 0.0 3.0 1.0 0.0 0.0 0.0 0.0 0.0 0.0 0.0 0.0 0.0 0.0 1.0 1.0 0.0 0.0 0.0 0.0 0.0 0.0 
-8688.10546875 -789.197021484375 -1079.4156494140625 -2626.1396484375 -9374.1064453125 2216.171142578125 3301.734130859375 -9428.185546875 4279.90087890625 -9120.568359375 1162.636474609375 6705.32666015625 7334.70654296875 -1481.078857421875 3172.178955078125 7682.501953125 7007.18408203125 7.917230606079102 -7116.7138671875 6833.251953125 output 6 8 9 7 5 4 2 1 3 10 indices 2 -1 3 4 8 -1 1 3 2 1 -1 4 -1 2 1 3 2 1 3 4 2 1 3 4 2 1 3 4 -1 4 1 2 2 1 3 4 2 1 3 4 value 0.0 0.0 0.0 0.0 1.0 1.0 0.0 0.0 0.0 0.0 0.0 0.0 3.0 1.0 0.0 0.0 0.0 0.0 0.0 0.0 0.0 0.0 0.0 0.0 0.0 0.0 0.0 0.0 3.0 1.0 0.0 0.0 0.0 0.0 0.0 0.0 0.0 0.0 0.0 0.0 
-6627.91796875 5607.833984375 -5966.5390625 -2244.0029296875 -6088.24853515625 -6127.57763671875 7779.87353515625 5127.3515625 2417.240234375 4989.08544921875 -5036.00439453125 -7563.6689453125 11521.1708984375 5132.65576171875 6129.412109375 -2752.34423828125 1434.7926025390625 -3073.2451171875 -5563.779296875 903.9117431640625 output 1 10 2 3 6 9 8 7 4 5 indices 2 -1 3 4 -1 1 3 4 2 1 -1 4 2 1 3 -1 2 1 3 4 -1 9 1 2 -1 6 1 2 2 1 3 4 -1 7 1 2 2 1 3 4 value 0.0 0.0 0.0 0.0 0.0 0.0 0.0 0.0 0.0 0.0 0.0 0.0 0.0 0.0 0.0 0.0 0.0 0.0 0.0 0.0 3.0 1.0 0.0 0.0 3.0 1.0 0.0 0.0 0.0 0.0 0.0 0.0 1.0 1.0 0.0 0.0 0.0 0.0 0.0 0.0 
6103.98681640625 1327.5592041015625 -8704.05078125 4961.87451171875 2001.247314453125 1934.3995361328125 4025.8798828125 3640.3779296875 5232.49560546875 -2067.03173828125 -11101.3564453125 986.5494995117188 1679.386474609375 -1793.429931640625 4880.75537109375 -3857.861572265625 -1722.3262939453125 3269.9521484375 -2396.016845703125 -8402.3896484375 output 1 5 8 7 10 6 2 9 3 4 indices 2 -1 3 4 -1 1 3 4 2 1 -1 4 -1 10 1 2 2 1 3 4 2 1 3 4 -1 4 1 2 2 1 3 4 2 1 3 4 -1 7 1 2 value 0.0 0.0 0.0 0.0 0.0 0.0 0.0 0.0 0.0 0.0 0.0 0.0 3.0 1.0 0.0 0.0 0.0 0.0 0.0 0.0 0.0 0.0 0.0 0.0 1.0 1.0 0.0 0.0 0.0 0.0 0.0 0.0 0.0 0.0 0.0 0.0 3.0 1.0 0.0 0.0 
5948.0849609375 -4085.99609375 3667.1748046875 -1248.82861328125 -2410.952880859375 5471.6484375 2188.569091796875 2611.44140625 939.66943359375 -1255.0609130859375 -7357.22265625 3895.381591796875 4409.2021484375 -3311.151123046875 -8993.888671875 5976.5859375 -1184.38427734375 -3388.106689453125 2793.747802734375 -4665.91357421875 output 6 8 3 4 5 2 7 1 10 9 indices 2 -1 3 4 -1 1 3 4 -1 10 1 2 2 1 3 -1 -1 3 1 2 2 1 3 4 2 1 3 4 2 1 3 4 2 1 3 4 -1 5 1 2 value 0.0 0.0 0.0 0.0 0.0 0.0 0.0 0.0 3.0 1.0 0.0 0.0 0.0 0.0 0.0 0.0 1.0 1.0 0.0 0.0 0.0 0.0 0.0 0.0 0.0 0.0 0.0 0.0 0.0 0.0 0.0 0.0 0.0 0.0 0.0 0.0 3.0 1.0 0.0 0.0 
1733.6356201171875 -11616.9921875 -3827.24560546875 -1531.893798828125 5616.55126953125 -353.3369445800781 -1884.1695556640625 2390.418701171875 12932.734375 -3201.650390625 -5637.01708984375 3785.3720703125 -5093.908203125 1253.2342529296875 -3187.093505859375 6364.83642578125 -3531.621826171875 -2127.0634765625 2878.1337890625 5037.07568359375 output 1 5 3 10 4 8 6 7 2 9 indices -1 9 2 3 -1 1 3 4 2 1 -1 4 2 1 3 -1 2 1 3 4 2 1 3 4 2 1 3 4 2 1 3 4 10 -1 1 2 -1 1 2 3 value 3.0 1.0 0.0 0.0 0.0 0.0 0.0 0.0 0.0 0.0 0.0 0.0 0.0 0.0 0.0 0.0 0.0 0.0 0.0 0.0 0.0 0.0 0.0 0.0 0.0 0.0 0.0 0.0 0.0 0.0 0.0 0.0 1.0 1.0 0.0 0.0 3.0 1.0 0.0 0.0 
-3249.170654296875 -3748.016357421875 8907.92578125 -7321.47509765625 -5945.3662109375 -2079.5810546875 7845.71826171875 -6193.7822265625 -10521.783203125 6372.232421875 -3155.101318359375 8943.060546875 7722.22265625 -122.59015655517578 2145.260498046875 5137.22607421875 -2857.1416015625 5015.724609375 -892.5639038085938 -6002.79931640625 output 8 9 6 5 3 1 10 2 4 7 indices 6 -1 2 3 -1 1 3 4 2 1 -1 4 2 1 3 -1 2 1 3 4 -1 2 1 3 2 1 3 4 2 1 3 4 2 1 3 4 2 1 3 4 value 1.0 1.0 0.0 0.0 3.0 1.0 0.0 0.0 0.0 0.0 0.0 0.0 0.0 0.0 0.0 0.0 0.0 0.0 0.0 0.0 3.0 1.0 0.0 0.0 0.0 0.0 0.0 0.0 0.0 0.0 0.0 0.0 0.0 0.0 0.0 0.0 0.0 0.0 0.0 0.0 
-192.4093017578125 4480.94970703125 9487.97265625 2268.9091796875 -146.0216827392578 -983.557861328125 -4725.9619140625 3587.287841796875 3873.46142578125 -8561.5419921875 -4326.62451171875 877.7850952148438 347.87823486328125 12.601943969726562 -5441.80419921875 10434.23046875 6833.35205078125 -6107.99072265625 -5709.84326171875 -6008.67333984375 output 4 8 1 7 3 2 9 5 10 6 indices 2 -1 3 4 -1 1 3 4 8 -1 1 2 2 1 3 -1 -1 3 1 2 2 1 3 4 2 1 3 4 -1 5 1 2 2 1 3 4 2 1 3 4 value 0.0 0.0 0.0 0.0 0.0 0.0 0.0 0.0 1.0 1.0 0.0 0.0 0.0 0.0 0.0 0.0 3.0 1.0 0.0 0.0 0.0 0.0 0.0 0.0 0.0 0.0 0.0 0.0 3.0 1.0 0.0 0.0 0.0 0.0 0.0 0.0 0.0 0.0 0.0 0.0 
8574.6181640625 8531.458984375 -5078.54931640625 6754.126953125 -9167.076171875 -3072.624267578125 1132.443115234375 -4791.6005859375 381.1082458496094 -3098.542236328125 -9337.5537109375 -5906.7607421875 4311.19384765625 2361.89453125 8687.71484375 -1848.3897705078125 -6873.18798828125 -7966.998046875 7369.2880859375 9037.435546875 output 10 1 7 8 4 5 9 6 3 2 indices 9 -1 2 3 -1 1 3 4 2 1 -1 4 2 1 3 -1 10 -1 1 2 2 1 3 4 2 1 3 4 2 1 3 4 -1 5 1 2 -1 1 2 3 value 1.0 1.0 0.0 0.0 0.0 0.0 0.0 0.0 0.0 0.0 0.0 0.0 0.0 0.0 0.0 0.0 1.0 1.0 0.0 0.0 0.0 0.0 0.0 0.0 0.0 0.0 0.0 0.0 0.0 0.0 0.0 0.0 3.0 1.0 0.0 0.0 1.0 1.0 0.0 0.0 
-455.0962829589844 3492.7294921875 6679.60009765625 -4739.31982421875 -5420.02880859375 5617.05908203125 -4611.22314453125 7028.43408203125 6393.61962890625 -4165.31884765625 1764.4678955078125 -3370.211181640625 -9697.7724609375 -4061.07763671875 7308.6669921875 -6378.50634765625 1273.0494384765625 6538.453125 -3235.28369140625 37.75872039794922 output 1 9 4 3 7 10 6 8 2 5 indices 2 -1 3 4 -1 1 3 4 2 1 -1 4 2 1 3 -1 2 1 3 4 2 1 3 4 2 1 3 4 -1 10 1 2 -1 8 1 2 -1 9 1 2 value 0.0 0.0 0.0 0.0 0.0 0.0 0.0 0.0 0.0 0.0 0.0 0.0 0.0 0.0 0.0 0.0 0.0 0.0 0.0 0.0 0.0 0.0 0.0 0.0 0.0 0.0 0.0 0.0 3.0 1.0 0.0 0.0 3.0 1.0 0.0 0.0 1.0 1.0 0.0 0.0 
-5142.66748046875 6752.11279296875 8592.6865234375 2966.552001953125 -4932.92236328125 -10368.6376953125 -3611.343505859375 5937.7705078125 8206.5966796875 4314.97509765625 5789.89697265625 -10579.5986328125 4238.58642578125 -1480.961669921875 -1863.976806640625 126.76160430908203 -5098.822265625 8378.9921875 -6178.03369140625 -6047.966796875 output 7 2 5 9 1 4 8 10 3 6 indices 2 -1 3 4 -1 1 3 4 -1 8 1 2 2 1 3 -1 -1 3 1 2 2 1 3 4 2 1 3 4 -1 5 1 2 2 1 3 4 2 1 3 4 value 0.0 0.0 0.0 0.0 0.0 0.0 0.0 0.0 3.0 1.0 0.0 0.0 0.0 0.0 0.0 0.0 3.0 1.0 0.0 0.0 0.0 0.0 0.0 0.0 0.0 0.0 0.0 0.0 1.0 1.0 0.0 0.0 0.0 0.0 0.0 0.0 0.0 0.0 0.0 0.0 
2300.48876953125 -1394.0802001953125 -7547.287109375 -7880.0546875 -6414.83544921875 6842.6376953125 -3180.701904296875 4539.0166015625 -5692.9521484375 -8404.9228515625 6602.6376953125 6148.6650390625 -6170.787109375 5893.1337890625 9187.9228515625 -1879.0067138671875 1682.80029296875 -3578.29248046875 9232.7138671875 -287.09637451171875 output 5 2 7 3 4 6 10 8 1 9 indices 2 -1 3 4 -1 1 3 4 2 1 -1 4 2 1 3 -1 -1 9 1 2 -1 5 1 2 2 1 3 4 2 1 3 4 -1 6 1 2 2 1 3 4 value 0.0 0.0 0.0 0.0 0.0 0.0 0.0 0.0 0.0 0.0 0.0 0.0 0.0 0.0 0.0 0.0 3.0 1.0 0.0 0.0 3.0 1.0 0.0 0.0 0.0 0.0 0.0 0.0 0.0 0.0 0.0 0.0 1.0 1.0 0.0 0.0 0.0 0.0 0.0 0.0 
-7778.69775390625 -6462.7978515625 4685.29736328125 7341.05029296875 -5122.30712890625 2744.771484375 -2891.802001953125 -6518.29541015625 -3066.490234375 7390.99853515625 -3460.398681640625 -5897.1220703125 5946.966796875 -2224.965087890625 11426.5029296875 3468.171142578125 -5798.2490234375 4926.10888671875 6059.177734375 -4767.92041015625 output 9 3 1 6 4 10 7 8 2 5 indices 4 -1 2 3 -1 1 3 4 2 1 -1 4 6 -1 1 2 2 1 3 4 -1 2 1 3 2 1 3 4 2 1 3 4 2 1 3 4 2 1 3 4 value 1.0 1.0 0.0 0.0 3.0 1.0 0.0 0.0 0.0 0.0 0.0 0.0 1.0 1.0 0.0 0.0 0.0 0.0 0.0 0.0 1.0 1.0 0.0 0.0 0.0 0.0 0.0 0.0 0.0 0.0 0.0 0.0 0.0 0.0 0.0 0.0 0.0 0.0 0.0 0.0 
3674.494384765625 -1376.225341796875 5627.58447265625 -81.64158630371094 -3210.923828125 -5583.650390625 555.321044921875 191.14279174804688 -5060.80810546875 -2724.430908203125 -5151.71533203125 -1669.510986328125 -693.8684692382812 9336.078125 -6017.78076171875 3945.6181640625 1067.047119140625 -6049.3583984375 9210.6494140625 4011.978759765625 output 1 4 9 3 5 6 8 7 10 2 indices 2 -1 3 4 -1 1 3 4 2 1 -1 4 7 -1 1 2 2 1 3 4 2 1 3 4 -1 9 1 2 2 1 3 4 -1 4 1 2 2 1 3 4 value 0.0 0.0 0.0 0.0 0.0 0.0 0.0 0.0 0.0 0.0 0.0 0.0 1.0 1.0 0.0 0.0 0.0 0.0 0.0 0.0 0.0 0.0 0.0 0.0 3.0 1.0 0.0 0.0 0.0 0.0 0.0 0.0 3.0 1.0 0.0 0.0 0.0 0.0 0.0 0.0 
1662.3463134765625 -5522.04150390625 1757.7308349609375 -5237.5 -2611.0166015625 -62.70489501953125 -8160.541015625 2827.30810546875 -5504.6064453125 816.7223510742188 2934.195068359375 -7378.7431640625 4196.9765625 2458.453369140625 -1259.135498046875 1550.8873291015625 5251.8984375 3679.65625 1732.15234375 6867.9619140625 output 4 5 3 2 1 6 7 9 10 8 indices 2 -1 3 4 -1 1 3 4 10 -1 1 2 2 1 3 -1 2 1 3 4 -1 3 1 2 2 1 3 4 2 1 3 4 2 1 3 4 -1 6 1 2 value 0.0 0.0 0.0 0.0 0.0 0.0 0.0 0.0 1.0 1.0 0.0 0.0 0.0 0.0 0.0 0.0 0.0 0.0 0.0 0.0 3.0 1.0 0.0 0.0 0.0 0.0 0.0 0.0 0.0 0.0 0.0 0.0 0.0 0.0 0.0 0.0 3.0 1.0 0.0 0.0 
-1744.507080078125 -2509.8427734375 -9300.291015625 -9121.609375 2705.948486328125 -1230.1383056640625 469.0335998535156 -3647.640380859375 5170.08837890625 2406.242919921875 -6218.35107421875 6901.12646484375 -2376.9033203125 3827.907958984375 -201.93739318847656 -5528.96435546875 4772.4267578125 -1074.6368408203125 6724.49365234375 9977.5546875 output 1 7 6 10 5 9 3 4 8 2 indices 10 -1 2 3 -1 1 3 4 2 1 -1 4 2 1 3 -1 2 1 3 4 2 1 3 4 2 1 3 4 2 1 3 4 2 1 3 4 -1 2 1 3 value 1.0 1.0 0.0 0.0 3.0 1.0 0.0 0.0 0.0 0.0 0.0 0.0 0.0 0.0 0.0 0.0 0.0 0.0 0.0 0.0 0.0 0.0 0.0 0.0 0.0 0.0 0.0 0.0 0.0 0.0 0.0 0.0 0.0 0.0 0.0 0.0 3.0 1.0 0.0 0.0 
296.7194519042969 -8736.328125 2957.69873046875 -8684.3720703125 6296.74072265625 7196.50048828125 816.2448120117188 4904.8974609375 -1740.37353515625 -6424.75048828125 -6573.29296875 2443.693115234375 930.8696899414062 7233.384765625 -4503.130859375 1820.1865234375 2536.018798828125 -7006.71826171875 -1017.4951171875 7253.505859375 output 9 2 1 5 8 6 10 7 4 3 indices -1 5 2 3 -1 1 3 4 -1 1 2 4 2 1 3 -1 -1 3 1 2 2 1 3 4 2 1 3 4 2 1 3 4 2 1 3 4 2 1 3 4 value 3.0 1.0 0.0 0.0 0.0 0.0 0.0 0.0 3.0 1.0 0.0 0.0 0.0 0.0 0.0 0.0 1.0 1.0 0.0 0.0 0.0 0.0 0.0 0.0 0.0 0.0 0.0 0.0 0.0 0.0 0.0 0.0 0.0 0.0 0.0 0.0 0.0 0.0 0.0 0.0 
3177.534912109375 -1855.005859375 5844.8193359375 7701.70263671875 -3407.698486328125 -4062.54248046875 -2.0695998668670654 10885.3720703125 -5310.5458984375 -4896.3330078125 -9348.4658203125 -1658.0411376953125 6624.6689453125 -5967.4912109375 -3376.495361328125 -5220.97509765625 8077.5595703125 11196.9560546875 -2279.30712890625 -6123.64208984375 output 3 5 6 4 9 2 1 7 10 8 indices 2 -1 3 4 -1 1 3 4 9 -1 1 2 2 1 3 -1 2 1 3 4 2 1 3 4 2 1 3 4 2 1 3 4 -1 10 1 2 -1 3 1 2 value 0.0 0.0 0.0 0.0 0.0 0.0 0.0 0.0 1.0 1.0 0.0 0.0 0.0 0.0 0.0 0.0 0.0 0.0 0.0 0.0 0.0 0.0 0.0 0.0 0.0 0.0 0.0 0.0 0.0 0.0 0.0 0.0 3.0 1.0 0.0 0.0 3.0 1.0 0.0 0.0 
3784.874755859375 3355.646240234375 -4550.787109375 7076.18896484375 -9977.76953125 -8578.44921875 4648.03955078125 -3846.714599609375 -75.53929901123047 -7867.3056640625 -1452.870849609375 -677.3446044921875 4406.62255859375 6244.3662109375 5198.40869140625 5545.7724609375 7222.0107421875 5283.755859375 -9202.9892578125 -6535.91552734375 output 1 4 5 3 10 6 2 7 8 9 indices 2 -1 3 4 -1 1 3 4 -1 6 1 2 2 1 3 -1 2 1 3 4 9 -1 1 2 2 1 3 4 2 1 3 4 -1 3 1 2 2 1 3 4 value 0.0 0.0 0.0 0.0 0.0 0.0 0.0 0.0 3.0 1.0 0.0 0.0 0.0 0.0 0.0 0.0 0.0 0.0 0.0 0.0 1.0 1.0 0.0 0.0 0.0 0.0 0.0 0.0 0.0 0.0 0.0 0.0 3.0 1.0 0.0 0.0 0.0 0.0 0.0 0.0 
243.27488708496094 2587.790283203125 6115.474609375 3917.47607421875 -5120.3349609375 2858.095458984375 4731.33056640625 2145.6416015625 -6353.67529296875 -2353.647705078125 9525.869140625 5728.626953125 6446.6953125 66.10015106201172 -7084.857421875 -5314.359375 -652.80126953125 -5951.70361328125 -7850.97509765625 -3684.02001953125 output 6 2 4 1 3 5 10 8 9 7 indices 2 -1 3 4 -1 1 3 4 2 1 -1 4 2 1 3 -1 2 1 3 4 -1 9 1 2 2 1 3 4 2 1 3 4 -1 6 1 2 2 1 3 4 value 0.0 0.0 0.0 0.0 0.0 0.0 0.0 0.0 0.0 0.0 0.0 0.0 0.0 0.0 0.0 0.0 0.0 0.0 0.0 0.0 3.0 1.0 0.0 0.0 0.0 0.0 0.0 0.0 0.0 0.0 0.0 0.0 5.0 1.0 0.0 0.0 0.0 0.0 0.0 0.0 
-7357.109375 5346.59814453125 2497.921630859375 -1514.0751953125 7802.76318359375 5867.23486328125 4675.85009765625 -7775.53564453125 -4990.111328125 -1137.83056640625 -6921.49951171875 -2243.58203125 -5206.228515625 3914.2021484375 -5982.1689453125 -11829.40625 5533.384765625 3140.142822265625 9947.1982421875 6232.25244140625 output 1 7 3 10 9 2 4 8 6 5 indices 2 -1 3 4 -1 1 3 4 2 1 -1 4 2 1 3 -1 10 -1 1 2 2 1 3 4 2 1 3 4 -1 5 1 2 2 1 3 4 -1 8 1 2 value 0.0 0.0 0.0 0.0 0.0 0.0 0.0 0.0 0.0 0.0 0.0 0.0 0.0 0.0 0.0 0.0 1.0 1.0 0.0 0.0 0.0 0.0 0.0 0.0 0.0 0.0 0.0 0.0 3.0 1.0 0.0 0.0 0.0 0.0 0.0 0.0 3.0 1.0 0.0 0.0 
3638.353759765625 -8703.896484375 -1227.0880126953125 -2329.242431640625 5654.0048828125 -1415.01708984375 -7145.26611328125 7025.5439453125 -3842.4033203125 1524.0230712890625 1240.270263671875 6304.77880859375 -1319.708740234375 4416.66064453125 -7551.19970703125 -7380.85498046875 2836.902099609375 9706.3515625 7716.13525390625 -9148.34765625 output 1 10 3 9 6 7 4 5 2 8 indices 2 -1 3 4 9 -1 1 3 2 1 -1 4 2 1 3 -1 2 1 3 4 2 1 3 4 2 1 3 4 2 1 3 4 -1 10 1 2 -1 2 1 3 value 0.0 0.0 0.0 0.0 1.0 1.0 0.0 0.0 0.0 0.0 0.0 0.0 0.0 0.0 0.0 0.0 0.0 0.0 0.0 0.0 0.0 0.0 0.0 0.0 0.0 0.0 0.0 0.0 0.0 0.0 0.0 0.0 3.0 1.0 0.0 0.0 3.0 1.0 0.0 0.0 
-3072.90380859375 2186.8251953125 -8787.27734375 -7170.6943359375 2717.060546875 6843.94970703125 -3646.188720703125 -8751.63671875 9194.708984375 2932.202880859375 -3044.40869140625 -889.3778686523438 5297.19775390625 -3552.50732421875 -8212.099609375 9447.8203125 4796.27783203125 -7738.107421875 4757.63427734375 6691.52587890625 output 8 1 6 2 4 9 7 5 10 3 indices 2 -1 3 4 -1 1 3 4 2 1 -1 4 -1 6 1 2 2 1 3 4 10 -1 1 2 2 1 3 4 2 1 3 4 2 1 3 4 -1 4 1 2 value 0.0 0.0 0.0 0.0 0.0 0.0 0.0 0.0 0.0 0.0 0.0 0.0 3.0 1.0 0.0 0.0 0.0 0.0 0.0 0.0 1.0 1.0 0.0 0.0 0.0 0.0 0.0 0.0 0.0 0.0 0.0 0.0 0.0 0.0 0.0 0.0 3.0 1.0 0.0 0.0 
-3585.669189453125 8505.48046875 3874.968994140625 1955.1285400390625 -2626.841064453125 -372.1022644042969 -4349.22216796875 -1453.0931396484375 7807.83984375 2286.0908203125 6670.47900390625 -4588.38916015625 -6050.2216796875 -4998.375 -4343.8125 6181.45947265625 4268.51611328125 1917.0181884765625 -1666.0369873046875 -9433.2177734375 output 10 7 4 3 8 1 2 9 5 6 indices -1 10 2 3 -1 1 3 4 -1 1 2 4 2 1 3 -1 2 1 3 4 2 1 3 4 2 1 3 4 2 1 3 4 2 1 3 4 -1 3 1 2 value 3.0 1.0 0.0 0.0 0.0 0.0 0.0 0.0 1.0 1.0 0.0 0.0 0.0 0.0 0.0 0.0 0.0 0.0 0.0 0.0 0.0 0.0 0.0 0.0 0.0 0.0 0.0 0.0 0.0 0.0 0.0 0.0 0.0 0.0 0.0 0.0 3.0 1.0 0.0 0.0 
-1520.101806640625 -8436.6259765625 -2580.959716796875 4745.65087890625 6828.13427734375 -6709.72998046875 -7358.3994140625 -5672.93310546875 -7029.63037109375 -1424.0029296875 7887.42919921875 786.0344848632812 5184.4365234375 -5335.56884765625 -1119.89013671875 8505.697265625 -2393.10986328125 4418.38720703125 2102.091796875 9123.091796875 output 1 4 5 9 2 8 10 6 3 7 indices -1 5 2 3 -1 1 3 4 2 1 -1 4 2 1 3 -1 10 -1 1 2 2 1 3 4 2 1 3 4 2 1 3 4 2 1 3 4 -1 1 2 3 value 3.0 1.0 0.0 0.0 0.0 0.0 0.0 0.0 0.0 0.0 0.0 0.0 0.0 0.0 0.0 0.0 1.0 1.0 0.0 0.0 0.0 0.0 0.0 0.0 0.0 0.0 0.0 0.0 0.0 0.0 0.0 0.0 0.0 0.0 0.0 0.0 3.0 1.0 0.0 0.0 
-6979.6826171875 6637.8720703125 1484.0867919921875 -3416.87890625 8474.3876953125 2588.02001953125 1448.3017578125 -3756.859619140625 -4395.76025390625 1348.0240478515625 8770.43359375 -6074.8251953125 -2412.9677734375 4177.6318359375 -7571.26318359375 -4861.68603515625 -2635.04296875 3484.638671875 3817.5068359375 -125.93638610839844 output 8 5 1 7 9 10 3 6 2 4 indices 2 -1 3 4 3 -1 1 4 -1 6 1 2 2 1 3 -1 2 1 3 4 -1 2 1 3 2 1 3 4 2 1 3 4 2 1 3 4 2 1 3 4 value 0.0 0.0 0.0 0.0 1.0 1.0 0.0 0.0 3.0 1.0 0.0 0.0 0.0 0.0 0.0 0.0 0.0 0.0 0.0 0.0 3.0 1.0 0.0 0.0 0.0 0.0 0.0 0.0 0.0 0.0 0.0 0.0 0.0 0.0 0.0 0.0 0.0 0.0 0.0 0.0 
3429.896484375 2860.307373046875 498.11962890625 6781.046875 3434.41357421875 -7135.84228515625 2083.100341796875 2748.10546875 3939.35693359375 -5275.931640625 1487.5648193359375 -198.0008087158203 -562.7815551757812 -5504.5 -7435.0107421875 2166.169189453125 4232.826171875 4913.978515625 -11107.4853515625 -1355.3326416015625 output 10 8 2 9 1 4 6 5 3 7 indices 2 -1 3 4 -1 3 1 4 -1 7 1 2 2 1 3 -1 2 1 3 4 2 4 1 3 2 -1 6 1 2 1 3 4 2 1 3 4 2 1 3 4 value 0.0 0.0 0.0 0.0 3.0 1.0 0.0 0.0 3.0 1.0 0.0 0.0 0.0 0.0 0.0 0.0 0.0 0.0 0.0 0.0 2.855227615044992e-24 0.0 0.0 0.0 1.0 1.0 2.855227615044992e-24 0.0 0.0 0.0 0.0 0.0 0.0 0.0 0.0 0.0 0.0 0.0 0.0 0.0 
-9087.6875 -9428.62109375 1528.3253173828125 927.7809448242188 7485.27734375 9449.259765625 8161.89404296875 -5600.85546875 6157.72900390625 -4967.95458984375 -2091.28271484375 9677.27734375 1925.4749755859375 -8289.890625 -10715.3994140625 3884.294921875 3616.89599609375 2909.27392578125 -6981.22705078125 1439.435546875 output 3 9 2 5 4 7 1 10 8 6 indices -1 7 10 2 -1 1 3 4 -1 1 2 4 2 1 3 -1 2 1 3 4 2 1 3 4 10 3 1 2 2 1 3 4 2 1 3 4 3 4 1 2 value 3.000000476837158 0.9999996423721313 4.005332243650628e-07 0.0 0.0 0.0 0.0 0.0 3.0 1.0 0.0 0.0 0.0 0.0 0.0 0.0 0.0 0.0 0.0 0.0 0.0 0.0 0.0 0.0 0.9999996423721313 0.0 0.0 0.0 0.0 0.0 0.0 0.0 0.0 0.0 0.0 0.0 1.0 0.0 0.0 0.0 
-8592.4775390625 -10094.9501953125 3350.45703125 5110.08984375 9628.0546875 -5520.85595703125 -8706.8984375 -5153.76806640625 3556.24755859375 -3187.19140625 -6792.19140625 6862.73779296875 10964.08984375 7486.302734375 -3984.547607421875 4274.30908203125 -7832.6259765625 -9177.140625 8409.8916015625 9400.466796875 output 5 3 7 10 2 8 6 4 1 9 indices -1 5 2 3 -1 1 3 4 2 1 -1 4 10 3 1 2 -1 10 4 1 2 1 3 4 2 1 3 4 2 1 3 4 2 1 3 4 -1 1 2 3 value 3.0 1.0 0.0 0.0 0.0 0.0 0.0 0.0 0.0 0.0 0.0 0.0 1.3534020828141948e-40 0.0 0.0 0.0 1.0 1.0 1.3534020828141948e-40 0.0 0.0 0.0 0.0 0.0 0.0 0.0 0.0 0.0 0.0 0.0 0.0 0.0 0.0 0.0 0.0 0.0 3.0 1.0 0.0 0.0 
-3139.12841796875 5697.98046875 -2533.06494140625 -243.08212280273438 -2649.401123046875 -1011.2639770507812 -2159.5869140625 3934.29345703125 3518.140869140625 6715.03076171875 6738.94287109375 -9152.5986328125 -3649.11572265625 -8070.68212890625 -3082.6494140625 2536.71044921875 3538.143310546875 4696.29541015625 3417.71923828125 -5102.68359375 output 1 4 8 2 3 7 6 10 9 5 indices 2 -1 3 4 5 3 1 -1 -1 5 2 1 2 1 3 -1 -1 6 1 2 -1 3 1 2 2 1 3 4 2 1 3 4 2 1 3 4 2 1 3 4 value 0.0 0.0 0.0 0.0 5.605193857299268e-45 0.0 0.0 0.0 1.0 1.0 5.605193857299268e-45 0.0 0.0 0.0 0.0 0.0 3.0 1.0 0.0 0.0 3.0 1.0 0.0 0.0 0.0 0.0 0.0 0.0 0.0 0.0 0.0 0.0 0.0 0.0 0.0 0.0 0.0 0.0 0.0 0.0 
-5067.2880859375 -1107.2950439453125 4731.14306640625 4964.27490234375 -8682.1318359375 3391.00537109375 8976.3740234375 -11308.97265625 -500.13800048828125 -2545.296875 5069.88330078125 6057.16259765625 -6920.15673828125 216.92738342285156 -679.2424926757812 7319.8505859375 -529.96484375 1190.7677001953125 3601.5224609375 -8178.423828125 output 1 9 5 10 4 2 6 8 3 7 indices 2 -1 3 4 -1 1 3 4 2 1 -1 4 -1 5 1 2 6 -1 1 2 -1 4 1 2 2 1 3 4 2 1 3 4 2 1 3 4 2 1 3 4 value 0.0 0.0 0.0 0.0 0.0 0.0 0.0 0.0 0.0 0.0 0.0 0.0 3.0 1.0 0.0 0.0 1.0 1.0 0.0 0.0 3.0 1.0 0.0 0.0 0.0 0.0 0.0 0.0 0.0 0.0 0.0 0.0 0.0 0.0 0.0 0.0 0.0 0.0 0.0 0.0 
-8012.9140625 -7388.865234375 -1110.36572265625 -847.2349243164062 4984.703125 88.19461822509766 -1061.05322265625 6076.087890625 3142.811767578125 77.91221618652344 -8175.9404296875 -7362.5751953125 4734.84033203125 -672.9833984375 1565.94873046875 -8531.04296875 -4627.63818359375 9240.326171875 8559.6083984375 9320.181640625 output 1 8 5 7 3 10 9 4 2 6 indices 2 -1 3 4 10 -1 1 3 2 1 -1 4 2 1 3 -1 2 1 3 4 2 1 3 4 2 1 3 4 -1 2 1 3 2 1 3 4 -1 8 1 2 value 0.0 0.0 0.0 0.0 1.0 1.0 0.0 0.0 0.0 0.0 0.0 0.0 0.0 0.0 0.0 0.0 0.0 0.0 0.0 0.0 0.0 0.0 0.0 0.0 0.0 0.0 0.0 0.0 3.0 1.0 0.0 0.0 0.0 0.0 0.0 0.0 3.0 1.0 0.0 0.0 
-8682.794921875 -3720.647705078125 6116.548828125 1222.667236328125 -4691.76708984375 1320.2645263671875 -2033.656982421875 -5270.1181640625 7147.6416015625 -5060.53125 -2615.291748046875 -2393.327880859375 -1558.8736572265625 7951.2978515625 5110.6611328125 11589.0029296875 3266.134033203125 -2404.0576171875 -2058.601806640625 -3234.550048828125 output 10 6 1 3 7 8 2 5 9 4 indices 2 -1 3 4 -1 1 3 4 2 1 -1 4 -1 10 1 2 2 1 3 4 8 3 1 2 2 1 3 4 -1 4 1 2 2 1 3 4 8 -1 6 1 value 0.0 0.0 0.0 0.0 0.0 0.0 0.0 0.0 0.0 0.0 0.0 0.0 3.0 1.0 0.0 0.0 0.0 0.0 0.0 0.0 5.415338932834857e-08 0.0 0.0 0.0 0.0 0.0 0.0 0.0 3.0 1.0 0.0 0.0 0.0 0.0 0.0 0.0 1.0 1.0 5.415338932834857e-08 0.0 
4229.18017578125 6947.2783203125 -4739.34619140625 -6518.99951171875 3454.426513671875 9207.298828125 5593.634765625 1676.276611328125 -10423.0205078125 -4719.39990234375 -2098.87744140625 -2023.1634521484375 840.337158203125 -5590.078125 -4617.52392578125 -2904.888427734375 3664.066650390625 -115.81128692626953 4097.12255859375 4041.487548828125 output 9 4 10 1 3 6 8 5 2 7 indices 2 -1 3 4 -1 6 1 3 -1 2 1 4 2 1 3 -1 2 1 3 4 -1 3 1 2 2 1 3 4 2 1 3 4 2 1 3 4 2 1 3 4 value 0.0 0.0 0.0 0.0 3.0 1.0 0.0 0.0 3.0 1.0 0.0 0.0 0.0 0.0 0.0 0.0 0.0 0.0 0.0 0.0 1.0 1.0 0.0 0.0 0.0 0.0 0.0 0.0 0.0 0.0 0.0 0.0 0.0 0.0 0.0 0.0 0.0 0.0 0.0 0.0 
-2145.0244140625 -1777.946533203125 2479.64111328125 -5310.63427734375 -2137.711181640625 -2273.5322265625 8910.046875 -6322.6923828125 -842.7982788085938 7604.7001953125 -1767.090087890625 -2204.81640625 -6173.3017578125 -1004.3860473632812 -5590.50048828125 9889.4736328125 4653.94091796875 324.2203063964844 2612.797119140625 1075.6141357421875 output 9 4 2 6 3 1 7 8 5 10 indices 2 -1 3 4 -1 1 3 4 2 1 -1 4 -1 6 1 2 2 1 3 4 8 -1 1 2 2 1 3 4 -1 4 1 2 2 1 3 4 2 1 3 4 value 0.0 0.0 0.0 0.0 0.0 0.0 0.0 0.0 0.0 0.0 0.0 0.0 3.0 1.0 0.0 0.0 0.0 0.0 0.0 0.0 1.0 1.0 0.0 0.0 0.0 0.0 0.0 0.0 3.0 1.0 0.0 0.0 0.0 0.0 0.0 0.0 0.0 0.0 0.0 0.0 
5345.32666015625 1188.7734375 905.9055786132812 2457.51513671875 -3103.98193359375 -4133.54833984375 -3590.94189453125 -773.6533813476562 -758.5281982421875 4195.6083984375 -5597.37060546875 -4310.109375 -565.6980590820312 6960.9482421875 4435.33056640625 -6308.79150390625 -6524.265625 511.6898498535156 9454.2236328125 211.5677032470703 output 1 2 5 7 9 4 6 3 8 10 indices 2 -1 3 4 -1 1 3 4 2 1 -1 4 7 -1 1 2 2 1 3 4 2 1 3 4 -1 8 1 2 -1 4 1 2 2 1 3 4 2 1 3 4 value 0.0 0.0 0.0 0.0 0.0 0.0 0.0 0.0 0.0 0.0 0.0 0.0 1.0 1.0 0.0 0.0 0.0 0.0 0.0 0.0 0.0 0.0 0.0 0.0 3.0 1.0 0.0 0.0 3.0 1.0 0.0 0.0 0.0 0.0 0.0 0.0 0.0 0.0 0.0 0.0 
-10212.5595703125 7404.49365234375 12.07141399383545 5676.7705078125 6317.505859375 2120.47314453125 2176.748779296875 9199.390625 8722.2919921875 1267.0614013671875 717.0092163085938 -9181.6533203125 -2161.000244140625 -8614.6298828125 -3017.248046875 -1264.298828125 5168.08154296875 -9152.0341796875 -7722.90087890625 2544.4267578125 output 2 4 3 5 9 6 7 8 10 1 indices 2 -1 3 4 -1 1 3 4 2 1 -1 4 -1 6 1 2 2 1 3 4 -1 8 1 2 2 1 3 4 -1 4 1 2 2 1 3 4 2 1 3 4 value 0.0 0.0 0.0 0.0 0.0 0.0 0.0 0.0 0.0 0.0 0.0 0.0 3.0 1.0 0.0 0.0 0.0 0.0 0.0 0.0 3.0 1.0 0.0 0.0 0.0 0.0 0.0 0.0 1.0 1.0 0.0 0.0 0.0 0.0 0.0 0.0 0.0 0.0 0.0 0.0 
-6037.72998046875 6716.89404296875 361.83746337890625 -5333.998046875 1432.2017822265625 3864.2763671875 817.0126342773438 -5642.25439453125 -24.63443946838379 5357.3056640625 3069.031982421875 -4020.10400390625 2690.447509765625 -2491.2021484375 79.07617950439453 652.6398315429688 -5836.453125 -4137.38232421875 3449.209716796875 5033.8251953125 output 8 7 6 4 2 9 1 5 10 3 indices 2 -1 3 4 -1 1 3 4 2 1 -1 4 -1 8 1 2 2 1 3 4 2 1 3 4 2 1 3 4 10 -1 1 2 2 1 3 4 -1 4 1 2 value 0.0 0.0 0.0 0.0 0.0 0.0 0.0 0.0 0.0 0.0 0.0 0.0 3.0 1.0 0.0 0.0 0.0 0.0 0.0 0.0 0.0 0.0 0.0 0.0 0.0 0.0 0.0 0.0 1.0 1.0 0.0 0.0 0.0 0.0 0.0 0.0 3.0 1.0 0.0 0.0 
-11794.7744140625 -7814.919921875 5481.60693359375 -6988.9384765625 3233.264404296875 379.3639221191406 -8653.9375 2137.285888671875 1574.10107421875 -719.3311767578125 -8518.8115234375 459.22900390625 2492.614990234375 6555.86279296875 4909.23291015625 -3237.481201171875 5335.015625 3047.32373046875 5941.68701171875 6181.60595703125 output 1 2 8 5 3 9 10 7 4 6 indices -1 5 2 3 -1 1 3 4 2 1 -1 4 2 1 3 -1 10 -1 1 2 2 1 3 4 2 1 3 4 2 1 3 4 2 1 3 4 -1 1 2 3 value 3.0 1.0 0.0 0.0 0.0 0.0 0.0 0.0 0.0 0.0 0.0 0.0 0.0 0.0 0.0 0.0 1.0 1.0 0.0 0.0 0.0 0.0 0.0 0.0 0.0 0.0 0.0 0.0 0.0 0.0 0.0 0.0 0.0 0.0 0.0 0.0 3.0 1.0 0.0 0.0 
-5643.0546875 -1694.2484130859375 -5677.10791015625 9008.927734375 8959.3876953125 7918.7177734375 6438.23291015625 -7428.744140625 -554.9031372070312 -7975.888671875 -7677.8857421875 -6780.62109375 3131.646728515625 -3560.34521484375 -7101.21240234375 6742.18408203125 -717.4615478515625 7036.46923828125 8842.357421875 -3266.4521484375 output 10 4 7 5 6 1 8 2 9 3 indices 3 -1 2 4 -1 1 3 4 -1 5 1 2 2 1 3 -1 -1 1 2 3 2 1 3 4 2 1 3 4 2 1 3 4 2 1 3 4 2 1 3 4 value 1.0 1.0 0.0 0.0 0.0 0.0 0.0 0.0 3.0 1.0 0.0 0.0 0.0 0.0 0.0 0.0 3.0 1.0 0.0 0.0 0.0 0.0 0.0 0.0 0.0 0.0 0.0 0.0 0.0 0.0 0.0 0.0 0.0 0.0 0.0 0.0 0.0 0.0 0.0 0.0 
-4462.6259765625 4413.88818359375 5685.34716796875 3448.85888671875 4471.39013671875 3902.294189453125 -12102.08984375 3219.150390625 2451.32666015625 -4009.0537109375 4693.55908203125 -3906.86328125 -4732.08447265625 -969.62744140625 -4372.25390625 -8792.3603515625 1975.18115234375 2184.807373046875 6392.25048828125 508.9057922363281 output 10 2 3 9 1 4 7 8 5 6 indices 2 -1 3 4 -1 8 1 3 2 1 -1 4 2 1 3 -1 2 1 3 4 2 1 3 4 -1 2 1 3 -1 7 1 2 2 1 3 4 2 1 3 4 value 0.0 0.0 0.0 0.0 3.0 1.0 0.0 0.0 0.0 0.0 0.0 0.0 0.0 0.0 0.0 0.0 0.0 0.0 0.0 0.0 0.0 0.0 0.0 0.0 1.0 1.0 0.0 0.0 3.0 1.0 0.0 0.0 0.0 0.0 0.0 0.0 0.0 0.0 0.0 0.0 
1011.4558715820312 2699.646728515625 -9532.119140625 6554.65380859375 2681.265869140625 2199.997802734375 5185.4130859375 -2942.378173828125 8732.69140625 -3686.572998046875 -830.7674560546875 1822.4244384765625 -9284.923828125 8942.947265625 1652.9615478515625 -6881.01416015625 5876.01708984375 -3073.86328125 -5491.9951171875 -5635.84130859375 output 1 6 7 2 10 8 5 9 4 3 indices 2 -1 3 4 -1 1 3 4 2 1 -1 4 2 1 3 -1 2 1 3 4 2 1 3 4 -1 8 1 2 -1 10 1 2 2 1 3 4 -1 7 1 2 value 0.0 0.0 0.0 0.0 0.0 0.0 0.0 0.0 0.0 0.0 0.0 0.0 0.0 0.0 0.0 0.0 0.0 0.0 0.0 0.0 0.0 0.0 0.0 0.0 3.0 1.0 0.0 0.0 3.0 1.0 0.0 0.0 0.0 0.0 0.0 0.0 1.0 1.0 0.0 0.0 
9133.7490234375 5136.67626953125 5081.78173828125 -5667.00146484375 -6522.42578125 -7238.8076171875 -470.5287170410156 -5751.38037109375 -7412.71240234375 -7572.326171875 -3313.271240234375 -711.406982421875 -1144.1861572265625 4829.28173828125 -167.2667236328125 -3226.014404296875 232.76405334472656 10662.568359375 4582.0966796875 9538.4091796875 output 9 10 1 2 8 4 3 5 6 7 indices 2 -1 3 4 -1 1 3 4 2 1 -1 4 2 1 3 -1 -1 8 1 2 10 3 1 2 2 1 3 4 6 3 1 2 2 1 3 4 -1 5 1 2 value 0.0 0.0 0.0 0.0 0.0 0.0 0.0 0.0 0.0 0.0 0.0 0.0 0.0 0.0 0.0 0.0 3.0 1.0 0.0 0.0 1.0 0.0 0.0 0.0 0.0 0.0 0.0 0.0 1.0 0.0 0.0 0.0 0.0 0.0 0.0 0.0 3.0 1.0 0.0 0.0 
-2815.417724609375 7398.625 3497.8271484375 -4069.353271484375 -2867.97021484375 -1224.736328125 2601.80029296875 7213.65966796875 4125.044921875 -5270.77880859375 7051.00146484375 -5255.1591796875 -6197.9462890625 9504.6748046875 -1012.2501831054688 546.0316162109375 -8647.7607421875 -1989.58642578125 4265.6708984375 -6853.37744140625 output 7 1 4 6 10 5 2 8 3 9 indices 2 -1 3 4 -1 1 3 4 2 1 -1 4 -1 10 1 2 2 1 3 4 2 1 3 4 2 1 3 4 -1 4 1 2 2 1 3 4 -1 8 1 2 value 0.0 0.0 0.0 0.0 0.0 0.0 0.0 0.0 0.0 0.0 0.0 0.0 3.0 1.0 0.0 0.0 0.0 0.0 0.0 0.0 0.0 0.0 0.0 0.0 0.0 0.0 0.0 0.0 1.0 1.0 0.0 0.0 0.0 0.0 0.0 0.0 3.0 1.0 0.0 0.0 
-5800.23291015625 9831.0693359375 -922.1907958984375 -112.56497192382812 -1239.652099609375 6435.92041015625 6558.58544921875 1565.8665771484375 10392.2265625 -6785.16357421875 -8556.1708984375 7174.556640625 -9177.931640625 45.32197952270508 -9463.703125 -6459.5537109375 8846.2421875 -6659.99462890625 9362.8271484375 -5035.45751953125 output 1 3 4 10 5 9 2 8 7 6 indices -1 8 2 3 -1 1 3 4 2 1 -1 4 2 1 3 -1 2 1 3 4 2 1 3 4 2 1 3 4 -1 2 1 3 2 1 3 4 2 1 3 4 value 3.0 1.0 0.0 0.0 1.0 1.0 0.0 0.0 0.0 0.0 0.0 0.0 0.0 0.0 0.0 0.0 0.0 0.0 0.0 0.0 0.0 0.0 0.0 0.0 0.0 0.0 0.0 0.0 3.0 1.0 0.0 0.0 0.0 0.0 0.0 0.0 0.0 0.0 0.0 0.0 
-5105.9765625 1317.744140625 -9505.8681640625 3935.158447265625 5928.71533203125 6395.2578125 7893.0849609375 -5549.19287109375 6632.6435546875 5502.8271484375 -4636.056640625 -3641.629150390625 -7049.6357421875 -1635.16943359375 5512.84912109375 -312.27679443359375 2441.64990234375 -6711.40185546875 -2111.40576171875 698.6826171875 output 1 2 7 6 9 4 8 5 3 10 indices 2 -1 3 4 -1 1 3 4 -1 9 1 2 2 1 3 -1 2 1 3 4 2 1 3 4 2 1 3 4 2 1 3 4 -1 10 1 2 -1 3 1 2 value 0.0 0.0 0.0 0.0 0.0 0.0 0.0 0.0 3.0 1.0 0.0 0.0 0.0 0.0 0.0 0.0 0.0 0.0 0.0 0.0 0.0 0.0 0.0 0.0 0.0 0.0 0.0 0.0 0.0 0.0 0.0 0.0 3.0 1.0 0.0 0.0 1.0 1.0 0.0 0.0 
-5809.81103515625 3017.565185546875 7117.97802734375 4186.15869140625 -4713.822265625 4445.00244140625 11152.9873046875 -5780.36669921875 3579.04931640625 4871.1640625 -3785.972900390625 -6038.3046875 -4393.07275390625 -4413.69970703125 -2615.14599609375 4138.529296875 673.8201293945312 -6203.30029296875 -1206.0093994140625 1777.2515869140625 output 2 5 10 8 3 1 7 6 9 4 indices 2 -1 3 4 -1 9 1 3 2 1 -1 4 2 1 3 -1 2 1 3 4 2 1 3 4 -1 2 1 3 2 1 3 4 -1 7 1 2 2 1 3 4 value 0.0 0.0 0.0 0.0 3.0 1.0 0.0 0.0 0.0 0.0 0.0 0.0 0.0 0.0 0.0 0.0 0.0 0.0 0.0 0.0 0.0 0.0 0.0 0.0 1.0 1.0 0.0 0.0 0.0 0.0 0.0 0.0 3.0 1.0 0.0 0.0 0.0 0.0 0.0 0.0 
1189.591064453125 3431.598388671875 -8044.23388671875 3478.720703125 11296.56640625 8404.9990234375 -7452.09228515625 4818.9638671875 6253.77685546875 -6238.86767578125 -3826.906982421875 -3417.634521484375 791.4429321289062 -4399.36474609375 2145.811279296875 -7448.09814453125 3447.66845703125 7015.95703125 -5801.62451171875 -5646.27392578125 output 2 4 1 9 3 5 8 7 6 10 indices 2 -1 3 4 -1 1 3 4 -1 8 1 2 2 1 3 -1 2 1 3 4 -1 3 1 2 2 1 3 4 -1 6 1 2 2 1 3 4 2 1 3 4 value 0.0 0.0 0.0 0.0 0.0 0.0 0.0 0.0 3.0 1.0 0.0 0.0 0.0 0.0 0.0 0.0 0.0 0.0 0.0 0.0 1.0 1.0 0.0 0.0 0.0 0.0 0.0 0.0 3.0 1.0 0.0 0.0 0.0 0.0 0.0 0.0 0.0 0.0 0.0 0.0 
-1417.2615966796875 -8298.10546875 -7481.9677734375 -9085.66015625 -5218.5458984375 4146.48828125 11034.77734375 5193.4326171875 -8184.10302734375 -442.08770751953125 -7523.0234375 3741.33349609375 3875.641357421875 7200.73291015625 9398.3056640625 620.0763549804688 -873.194580078125 5196.8740234375 6389.37158203125 -8273.0849609375 output 10 1 2 5 6 3 9 7 4 8 indices 4 -1 2 3 -1 1 3 4 2 1 -1 4 -1 2 1 3 2 1 3 4 2 1 3 4 2 1 3 4 2 1 3 4 2 1 3 4 2 1 3 4 value 1.0 1.0 0.0 0.0 3.0 1.0 0.0 0.0 0.0 0.0 0.0 0.0 3.0 1.0 0.0 0.0 0.0 0.0 0.0 0.0 0.0 0.0 0.0 0.0 0.0 0.0 0.0 0.0 0.0 0.0 0.0 0.0 0.0 0.0 0.0 0.0 0.0 0.0 0.0 0.0 
-5360.6474609375 -9816.5146484375 4659.56494140625 137.8140411376953 1024.0926513671875 -6283.044921875 -1406.8577880859375 4526.658203125 -4300.89990234375 -9796.3447265625 2876.023681640625 4285.73486328125 11208.2294921875 5465.83251953125 -5142.3798828125 -4.064985752105713 1469.9544677734375 6786.00927734375 -5027.07958984375 4697.919921875 output 10 8 1 5 3 2 7 6 9 4 indices -1 8 2 3 -1 1 3 4 2 1 -1 4 2 1 3 -1 2 1 3 4 2 1 3 4 -1 1 2 3 -1 7 1 2 2 1 3 4 2 1 3 4 value 3.0 1.0 0.0 0.0 0.0 0.0 0.0 0.0 0.0 0.0 0.0 0.0 0.0 0.0 0.0 0.0 0.0 0.0 0.0 0.0 0.0 0.0 0.0 0.0 3.0 1.0 0.0 0.0 1.0 1.0 0.0 0.0 0.0 0.0 0.0 0.0 0.0 0.0 0.0 0.0 
-139.5853729248047 -7832.08740234375 6028.50244140625 4580.30712890625 5628.19189453125 -9262.498046875 3699.329345703125 4126.6103515625 -4496.09814453125 5986.10546875 -6747.84326171875 5523.4384765625 -6024.61669921875 5002.09716796875 1174.0101318359375 3431.83154296875 -6254.7978515625 -12478.1796875 7132.90771484375 922.3744506835938 output 7 6 5 8 4 2 10 3 1 9 indices 2 -1 3 4 -1 9 1 3 2 1 -1 4 2 1 3 -1 2 1 3 4 2 1 3 4 2 1 3 4 2 1 3 4 -1 1 2 3 2 1 3 4 value 1.0 1.0 0.0 0.0 3.0 1.0 0.0 0.0 0.0 0.0 0.0 0.0 0.0 0.0 0.0 0.0 0.0 0.0 0.0 0.0 0.0 0.0 0.0 0.0 0.0 0.0 0.0 0.0 0.0 0.0 0.0 0.0 3.0 1.0 0.0 0.0 0.0 0.0 0.0 0.0 
508.9413757324219 4619.4541015625 -7282.96435546875 10017.6533203125 323.8203125 -4503.6728515625 8065.28662109375 -1006.9150390625 411.4691162109375 -4496.3017578125 -1983.275634765625 1399.224853515625 1751.48828125 -6362.70849609375 -6612.37548828125 5084.15478515625 51.2955207824707 -4049.158203125 4766.314453125 -701.7308959960938 output 9 3 5 7 4 10 1 2 8 6 indices 2 -1 3 4 -1 7 1 3 -1 2 1 4 2 1 3 -1 2 1 3 4 2 1 3 4 -1 3 1 2 2 1 3 4 2 1 3 4 2 1 3 4 value 0.0 0.0 0.0 0.0 3.0 1.0 0.0 0.0 1.0 1.0 0.0 0.0 0.0 0.0 0.0 0.0 0.0 0.0 0.0 0.0 0.0 0.0 0.0 0.0 3.0 1.0 0.0 0.0 0.0 0.0 0.0 0.0 0.0 0.0 0.0 0.0 0.0 0.0 0.0 0.0 
6442.27392578125 9436.2236328125 4450.12451171875 3253.594482421875 2346.68701171875 5819.18701171875 4477.5595703125 -8087.3642578125 -3548.792236328125 2070.516845703125 -8980.9013671875 -9749.9013671875 6253.81982421875 -2582.315673828125 -4859.693359375 9919.52734375 2252.529052734375 -7131.97021484375 -8833.607421875 -2947.497802734375 output 7 2 3 1 8 5 10 6 9 4 indices -1 6 2 3 -1 1 3 4 2 1 -1 4 2 1 3 -1 2 1 3 4 -1 10 1 2 2 1 3 4 2 1 3 4 2 1 3 4 -1 1 2 3 value 3.0 1.0 0.0 0.0 0.0 0.0 0.0 0.0 0.0 0.0 0.0 0.0 0.0 0.0 0.0 0.0 0.0 0.0 0.0 0.0 3.0 1.0 0.0 0.0 0.0 0.0 0.0 0.0 0.0 0.0 0.0 0.0 0.0 0.0 0.0 0.0 1.0 1.0 0.0 0.0 
2865.600341796875 3906.729248046875 -695.0885620117188 9830.708984375 -6467.89404296875 -1638.8341064453125 -2174.272216796875 -4065.986083984375 -6506.158203125 -5734.51123046875 -3215.7451171875 -290.9659118652344 7161.21484375 -2359.666748046875 -737.8926391601562 -3675.273681640625 6940.51904296875 6576.6455078125 2829.716796875 -2548.846435546875 output 7 10 8 4 5 3 6 2 1 9 indices 2 -1 3 4 9 -1 1 3 2 1 -1 4 6 3 1 2 -1 4 8 1 2 4 1 3 2 1 3 4 6 3 1 2 -1 5 1 2 2 1 3 4 value 0.0 0.0 0.0 0.0 1.0 1.0 0.0 0.0 0.0 0.0 0.0 0.0 1.0 0.0 0.0 0.0 3.0 1.0 1.2945148290108912e-24 0.0 1.0 0.0 0.0 0.0 0.0 0.0 0.0 0.0 1.2945148290108912e-24 0.0 0.0 0.0 1.0 1.0 0.0 0.0 0.0 0.0 0.0 0.0 
1943.2073974609375 3741.97216796875 4110.4697265625 -3053.48486328125 5178.03515625 -3249.206787109375 -7573.55810546875 -3715.6474609375 757.542724609375 -9019.7470703125 8774.98828125 5633.34765625 -1149.1756591796875 8475.2998046875 -1968.825439453125 -2296.749267578125 -4836.67041015625 -3002.203125 -5236.01318359375 6486.4189453125 output 5 8 9 4 10 7 1 6 3 2 indices 2 -1 3 4 -1 1 3 4 2 1 -1 4 2 1 3 -1 -1 8 1 2 -1 5 1 2 2 1 3 4 -1 6 1 2 2 1 3 4 2 1 3 4 value 0.0 0.0 0.0 0.0 0.0 0.0 0.0 0.0 0.0 0.0 0.0 0.0 0.0 0.0 0.0 0.0 3.0 1.0 0.0 0.0 3.0 1.0 0.0 0.0 0.0 0.0 0.0 0.0 1.0 1.0 0.0 0.0 0.0 0.0 0.0 0.0 0.0 0.0 0.0 0.0 
-1707.3468017578125 1244.670166015625 -1707.173583984375 -8547.0546875 -5920.52490234375 -8699.3916015625 -7948.3408203125 4226.37158203125 -4673.27685546875 8104.59326171875 -8093.84033203125 7589.4599609375 8059.0146484375 -1473.301513671875 7383.63720703125 -3049.693115234375 7994.88818359375 -8381.2685546875 6612.96337890625 8985.615234375 output 9 8 7 10 5 6 4 1 3 2 indices 10 -1 2 3 -1 1 3 4 -1 1 2 4 2 1 3 -1 2 1 3 4 2 1 3 4 2 1 3 4 2 1 3 4 2 1 3 4 -1 3 1 2 value 1.0 1.0 0.0 0.0 0.0 0.0 0.0 0.0 3.0 1.0 0.0 0.0 0.0 0.0 0.0 0.0 0.0 0.0 0.0 0.0 0.0 0.0 0.0 0.0 0.0 0.0 0.0 0.0 0.0 0.0 0.0 0.0 0.0 0.0 0.0 0.0 3.0 1.0 0.0 0.0 
-5539.3759765625 6540.7890625 -1556.7435302734375 414.88568115234375 8253.6796875 5808.73291015625 4181.9814453125 -6305.05126953125 618.4448852539062 1580.05224609375 4165.45703125 -977.4844360351562 -3313.481201171875 -2904.3046875 -3759.23046875 -2358.381591796875 184.23635864257812 -4231.248046875 -3234.968505859375 2432.01025390625 output 7 8 2 10 1 5 3 6 4 9 indices 2 -1 3 4 3 -1 1 4 -1 4 1 2 -1 2 1 3 2 1 3 4 2 1 3 4 2 1 3 4 2 1 3 4 2 1 3 4 2 1 3 4 value 0.0 0.0 0.0 0.0 1.0 1.0 0.0 0.0 3.0 1.0 0.0 0.0 3.0 1.0 0.0 0.0 0.0 0.0 0.0 0.0 0.0 0.0 0.0 0.0 0.0 0.0 0.0 0.0 0.0 0.0 0.0 0.0 0.0 0.0 0.0 0.0 0.0 0.0 0.0 0.0 
-5943.224609375 3276.87744140625 2089.40869140625 2932.624267578125 3957.375732421875 -2908.84765625 8885.962890625 -6211.58740234375 437.6943664550781 3341.83056640625 -4544.4931640625 2378.222412109375 -120.812744140625 -5877.3056640625 -456.1474609375 -4259.93994140625 -5943.65283203125 1392.1221923828125 1637.8892822265625 5936.00390625 output 5 6 1 9 8 7 4 3 2 10 indices 2 -1 3 4 -1 1 3 4 2 1 -1 4 2 1 3 -1 2 1 3 4 2 1 3 4 -1 8 1 2 10 -1 1 2 2 1 3 4 -1 7 1 2 value 0.0 0.0 0.0 0.0 0.0 0.0 0.0 0.0 0.0 0.0 0.0 0.0 0.0 0.0 0.0 0.0 0.0 0.0 0.0 0.0 0.0 0.0 0.0 0.0 3.0 1.0 0.0 0.0 1.0 1.0 0.0 0.0 0.0 0.0 0.0 0.0 3.0 1.0 0.0 0.0 
-8556.3505859375 6532.220703125 -7299.7587890625 -8247.005859375 8160.705078125 7142.4453125 -6764.57763671875 -5786.75341796875 83.37203979492188 -4130.6083984375 6080.2734375 4622.255859375 5500.54296875 2531.035400390625 5875.1865234375 7978.669921875 -1711.2052001953125 -4923.35498046875 -1368.1878662109375 -5718.9052734375 output 10 2 4 1 8 3 6 7 5 9 indices 2 -1 3 4 -1 9 1 3 -1 2 1 4 2 1 3 -1 2 1 3 4 2 1 3 4 2 1 3 4 2 1 3 4 -1 3 1 2 2 1 3 4 value 0.0 0.0 0.0 0.0 3.0 1.0 0.0 0.0 3.0 1.0 0.0 0.0 0.0 0.0 0.0 0.0 0.0 0.0 0.0 0.0 0.0 0.0 0.0 0.0 0.0 0.0 0.0 0.0 0.0 0.0 0.0 0.0 1.0 1.0 0.0 0.0 0.0 0.0 0.0 0.0 
7937.01025390625 8736.4755859375 -5164.80322265625 -5101.40625 -6880.23876953125 -10446.314453125 -2894.922119140625 903.6663818359375 2119.382568359375 -238.62696838378906 -4864.15283203125 1546.1861572265625 7845.40283203125 6803.78173828125 6266.66455078125 1575.466796875 2432.26953125 -6809.97021484375 -6796.61328125 3030.741455078125 output 1 4 6 10 2 3 9 5 8 7 indices -1 3 2 4 -1 1 3 4 -1 4 1 2 -1 1 2 3 2 1 3 4 2 1 3 4 2 1 3 4 2 1 3 4 2 1 3 4 2 1 3 4 value 3.0 1.0 0.0 0.0 0.0 0.0 0.0 0.0 3.0 1.0 0.0 0.0 1.0 1.0 0.0 0.0 0.0 0.0 0.0 0.0 0.0 0.0 0.0 0.0 0.0 0.0 0.0 0.0 0.0 0.0 0.0 0.0 0.0 0.0 0.0 0.0 0.0 0.0 0.0 0.0 
5841.54736328125 -3185.828857421875 -9406.8349609375 4233.44189453125 -3174.829345703125 -8558.4169921875 7130.35595703125 2633.629150390625 5429.74609375 -4899.26025390625 1736.7003173828125 -4.734640121459961 -9322.1533203125 -9058.888671875 -6894.76513671875 6750.89794921875 8252.3818359375 4533.27880859375 407.8516540527344 7555.88037109375 output 1 5 3 7 2 8 10 9 4 6 indices 2 -1 3 4 -1 1 3 4 10 -1 1 2 2 1 3 -1 2 1 3 4 2 1 3 4 -1 3 1 2 2 1 3 4 -1 7 1 2 -1 9 1 2 value 0.0 0.0 0.0 0.0 0.0 0.0 0.0 0.0 1.0 1.0 0.0 0.0 0.0 0.0 0.0 0.0 0.0 0.0 0.0 0.0 0.0 0.0 0.0 0.0 3.0 1.0 0.0 0.0 0.0 0.0 0.0 0.0 1.0 1.0 0.0 0.0 1.0 1.0 0.0 0.0 
-7971.8203125 -6493.79736328125 -4939.71337890625 -368.90069580078125 1884.279052734375 -7359.20458984375 801.8707275390625 6141.89697265625 -2720.822509765625 -1102.894775390625 -4773.6845703125 -153.57276916503906 11280.8212890625 1218.7581787109375 4205.353515625 -4120.81396484375 8118.61328125 4786.20263671875 -5884.89697265625 7452.326171875 output 1 3 8 7 9 4 10 6 2 5 indices 2 -1 3 4 -1 1 3 4 -1 5 1 2 2 1 3 -1 9 -1 1 2 2 1 3 4 2 1 3 4 2 1 3 4 -1 3 1 2 2 1 3 4 value 0.0 0.0 0.0 0.0 0.0 0.0 0.0 0.0 3.0 1.0 0.0 0.0 0.0 0.0 0.0 0.0 1.0 1.0 0.0 0.0 0.0 0.0 0.0 0.0 0.0 0.0 0.0 0.0 0.0 0.0 0.0 0.0 3.0 1.0 0.0 0.0 0.0 0.0 0.0 0.0 
7433.9033203125 -6144.8642578125 3286.7724609375 2093.119140625 -934.8956909179688 104.7135009765625 -6005.87646484375 1474.537841796875 -7443.14501953125 -8688.947265625 7918.1357421875 5464.8681640625 2367.03173828125 -1001.1310424804688 -9252.36328125 -243.51614379882812 5556.583984375 9862.634765625 -2926.147216796875 -2921.4150390625 output 1 7 10 5 8 4 3 2 9 6 indices 2 -1 3 4 -1 1 3 4 9 -1 1 2 2 1 3 -1 -1 3 1 2 2 1 3 4 2 1 3 4 2 1 3 4 -1 5 1 2 2 1 3 4 value 0.0 0.0 0.0 0.0 0.0 0.0 0.0 0.0 1.0 1.0 0.0 0.0 0.0 0.0 0.0 0.0 3.0 1.0 0.0 0.0 0.0 0.0 0.0 0.0 0.0 0.0 0.0 0.0 0.0 0.0 0.0 0.0 3.0 1.0 0.0 0.0 0.0 0.0 0.0 0.0 
1652.6329345703125 2240.225830078125 -2523.117919921875 -2165.609619140625 2458.189208984375 3527.14892578125 -8624.35546875 9084.3544921875 -2440.93994140625 -246.9112548828125 5659.404296875 -4437.744140625 -6694.19189453125 -9722.1259765625 9292.185546875 -3569.33056640625 487.39044189453125 996.475830078125 732.8024291992188 4293.51708984375 output 8 6 7 2 5 4 10 3 1 9 indices 2 -1 3 4 -1 1 3 4 2 1 -1 4 -1 7 1 2 -1 4 1 2 2 1 3 4 -1 5 1 2 2 1 3 4 2 1 3 4 2 1 3 4 value 0.0 0.0 0.0 0.0 0.0 0.0 0.0 0.0 0.0 0.0 0.0 0.0 3.0 1.0 0.0 0.0 1.0 1.0 0.0 0.0 0.0 0.0 0.0 0.0 3.0 1.0 0.0 0.0 0.0 0.0 0.0 0.0 0.0 0.0 0.0 0.0 0.0 0.0 0.0 0.0 
-9755.177734375 -6075.9853515625 7763.025390625 4156.34033203125 802.50830078125 2049.02197265625 -5008.31298828125 -1719.2835693359375 508.07843017578125 4963.3896484375 7172.7646484375 5828.36328125 2905.169677734375 2577.589111328125 -4794.41650390625 -7590.42919921875 -3277.486328125 -3769.178466796875 3683.84619140625 -419.82769775390625 output 6 2 10 9 8 1 4 3 5 7 indices 2 -1 3 4 -1 1 3 4 2 1 -1 4 2 1 3 -1 2 1 3 4 -1 8 1 2 2 1 3 4 -1 9 1 2 -1 6 1 2 2 1 3 4 value 0.0 0.0 0.0 0.0 0.0 0.0 0.0 0.0 0.0 0.0 0.0 0.0 0.0 0.0 0.0 0.0 0.0 0.0 0.0 0.0 3.0 1.0 0.0 0.0 0.0 0.0 0.0 0.0 3.0 1.0 0.0 0.0 1.0 1.0 0.0 0.0 0.0 0.0 0.0 0.0 
2423.355712890625 -5545.98486328125 -1664.5882568359375 -8175.76318359375 -7107.083984375 4564.17822265625 -2625.045654296875 -3216.48681640625 5391.34228515625 7629.9375 -3008.655029296875 954.3411254882812 103.01789093017578 -8295.6474609375 3966.439453125 -3309.319091796875 -867.44873046875 5955.20361328125 3388.666748046875 9439.541015625 output 3 6 4 2 7 1 8 5 10 9 indices 2 -1 3 4 -1 1 3 4 2 1 -1 4 10 -1 1 2 2 1 3 4 2 1 3 4 -1 4 1 2 2 1 3 4 2 1 3 4 -1 7 1 2 value 0.0 0.0 0.0 0.0 0.0 0.0 0.0 0.0 0.0 0.0 0.0 0.0 1.0 1.0 0.0 0.0 0.0 0.0 0.0 0.0 0.0 0.0 0.0 0.0 3.0 1.0 0.0 0.0 0.0 0.0 0.0 0.0 0.0 0.0 0.0 0.0 3.0 1.0 0.0 0.0 
-10186.1640625 -696.6881103515625 5731.87744140625 6012.04833984375 -4356.22314453125 2533.212890625 3261.96533203125 11055.828125 2351.361328125 -7368.11962890625 -8649.802734375 -7601.1435546875 8094.6162109375 -4428.17041015625 -4278.06640625 5390.42578125 6231.13916015625 -2240.021240234375 1799.2974853515625 -2657.3720703125 output 3 8 4 2 9 7 10 5 6 1 indices 2 -1 3 4 -1 1 3 4 2 1 -1 4 -1 6 1 2 2 1 3 4 -1 10 1 2 2 1 3 4 2 1 3 4 2 1 3 4 -1 4 1 2 value 0.0 0.0 0.0 0.0 0.0 0.0 0.0 0.0 0.0 0.0 0.0 0.0 3.0 1.0 0.0 0.0 0.0 0.0 0.0 0.0 3.0 1.0 0.0 0.0 0.0 0.0 0.0 0.0 0.0 0.0 0.0 0.0 0.0 0.0 0.0 0.0 1.0 1.0 0.0 0.0 
2369.97607421875 8363.4912109375 -3855.609130859375 917.3828125 2110.09814453125 -7921.42919921875 329.0052490234375 -6942.56201171875 -7374.81689453125 757.3949584960938 1150.5626220703125 7005.24169921875 6773.3720703125 1491.460205078125 8341.1005859375 5245.92919921875 -7272.60107421875 -5482.76416015625 -2571.087646484375 -3434.144287109375 output 6 1 8 7 3 4 10 9 5 2 indices -1 3 2 4 -1 1 3 4 -1 10 1 2 2 1 3 -1 2 1 3 4 2 1 3 4 2 1 3 4 2 1 3 4 2 1 3 4 -1 1 2 3 value 3.0 1.0 0.0 0.0 0.0 0.0 0.0 0.0 3.0 1.0 0.0 0.0 0.0 0.0 0.0 0.0 0.0 0.0 0.0 0.0 0.0 0.0 0.0 0.0 0.0 0.0 0.0 0.0 0.0 0.0 0.0 0.0 0.0 0.0 0.0 0.0 1.0 1.0 0.0 0.0 
2430.76318359375 -6396.9404296875 4725.90869140625 5580.53271484375 -4581.8955078125 -115.32462310791016 5167.98681640625 -5603.94921875 -7990.408203125 -2540.5849609375 -2291.72900390625 -1717.269287109375 -3980.404052734375 -5967.3134765625 6847.64599609375 2855.516845703125 -5766.68896484375 6471.68896484375 5438.8212890625 7433.64306640625 output 6 3 9 10 2 8 4 1 7 5 indices -1 6 2 3 -1 1 3 4 2 1 -1 4 2 1 3 -1 2 1 3 4 10 -1 1 2 2 1 3 4 2 1 3 4 2 1 3 4 -1 1 2 3 value 3.0 1.0 0.0 0.0 0.0 0.0 0.0 0.0 0.0 0.0 0.0 0.0 0.0 0.0 0.0 0.0 0.0 0.0 0.0 0.0 1.0 1.0 0.0 0.0 0.0 0.0 0.0 0.0 0.0 0.0 0.0 0.0 0.0 0.0 0.0 0.0 3.0 1.0 0.0 0.0 
-5268.712890625 -1450.6953125 8152.39111328125 2559.876953125 7816.806640625 -4696.30908203125 -5191.0634765625 -2892.0546875 149.8784637451172 7510.75341796875 8499.451171875 308.35040283203125 -891.4058227539062 -197.4503631591797 -8581.62109375 -4911.123046875 3959.87060546875 468.2806396484375 -8645.5947265625 3300.370849609375 output 3 6 2 5 10 8 4 1 7 9 indices 2 -1 3 4 -1 1 3 4 2 1 -1 4 2 1 3 -1 -1 8 1 2 2 1 3 4 -1 5 1 2 -1 7 1 2 2 1 3 4 2 1 3 4 value 0.0 0.0 0.0 0.0 0.0 0.0 0.0 0.0 0.0 0.0 0.0 0.0 0.0 0.0 0.0 0.0 3.0 1.0 0.0 0.0 0.0 0.0 0.0 0.0 1.0 1.0 0.0 0.0 3.0 1.0 0.0 0.0 0.0 0.0 0.0 0.0 0.0 0.0 0.0 0.0 
6185.6025390625 8394.3056640625 3567.328125 9250.337890625 6223.20458984375 -4683.44384765625 -10829.626953125 -4411.73388671875 6303.16796875 -3534.42529296875 4294.90283203125 255.29412841796875 32.49490737915039 -175.87217712402344 -5995.1455078125 4627.49853515625 -6164.11669921875 -1117.9129638671875 -3617.812255859375 -8604.0478515625 output 1 2 8 9 4 10 7 3 5 6 indices -1 10 2 3 -1 1 3 4 2 1 -1 4 2 1 3 -1 2 1 3 4 2 1 3 4 -1 1 2 3 2 1 3 4 2 1 3 4 -1 7 1 2 value 3.0 1.0 0.0 0.0 0.0 0.0 0.0 0.0 0.0 0.0 0.0 0.0 0.0 0.0 0.0 0.0 0.0 0.0 0.0 0.0 0.0 0.0 0.0 0.0 1.0 1.0 0.0 0.0 0.0 0.0 0.0 0.0 0.0 0.0 0.0 0.0 3.0 1.0 0.0 0.0 
-4375.35107421875 -3899.649169921875 4815.44970703125 9441.609375 4176.1025390625 -6519.4521484375 -760.9660034179688 2104.319580078125 8635.3994140625 -1310.0660400390625 8842.1513671875 -4879.44921875 -5019.39013671875 -5697.6123046875 -5668.37548828125 8172.10400390625 -4560.04296875 5881.2109375 -6084.9765625 -3293.014892578125 output 2 8 9 4 10 1 7 3 6 5 indices 2 -1 3 4 -1 3 1 4 -1 1 2 4 2 1 3 -1 2 1 3 4 2 1 3 4 2 1 3 4 2 1 3 4 2 1 3 4 2 1 3 4 value 1.0 1.0 0.0 0.0 3.0 1.0 0.0 0.0 3.0 1.0 0.0 0.0 0.0 0.0 0.0 0.0 0.0 0.0 0.0 0.0 0.0 0.0 0.0 0.0 0.0 0.0 0.0 0.0 0.0 0.0 0.0 0.0 0.0 0.0 0.0 0.0 0.0 0.0 0.0 0.0 
576.6350708007812 5248.25341796875 1364.140625 -2042.59765625 1928.2860107421875 7689.353515625 4796.98095703125 4519.5498046875 4898.43701171875 -6892.44677734375 649.6766967773438 -4229.439453125 -2490.455078125 -9172.8564453125 -1328.2237548828125 6678.82080078125 -2733.71630859375 -8257.1787109375 -7661.76123046875 6458.54150390625 output 1 8 10 9 7 5 6 2 4 3 indices 2 -1 3 4 3 -1 1 4 -1 7 1 2 2 1 3 -1 2 1 3 4 2 1 3 4 -1 2 1 3 2 1 3 4 2 1 3 4 2 1 3 4 value 0.0 0.0 0.0 0.0 1.0 1.0 0.0 0.0 3.0 1.0 0.0 0.0 0.0 0.0 0.0 0.0 0.0 0.0 0.0 0.0 0.0 0.0 0.0 0.0 3.0 1.0 0.0 0.0 0.0 0.0 0.0 0.0 0.0 0.0 0.0 0.0 0.0 0.0 0.0 0.0 
-2746.88623046875 6339.4541015625 3288.656005859375 5397.81884765625 -1759.060546875 -2687.375 -7349.2109375 -9124.814453125 550.8197631835938 7847.2568359375 -7172.2861328125 -5304.3447265625 268.12969970703125 -3941.535888671875 8635.23046875 -1263.95556640625 2877.711181640625 -5051.0419921875 3406.89697265625 7788.5380859375 output 1 6 4 3 7 9 8 2 10 5 indices 2 -1 3 4 -1 1 3 4 10 -1 1 2 -1 3 1 2 2 1 3 4 2 1 3 4 2 1 3 4 2 1 3 4 2 1 3 4 -1 4 1 2 value 0.0 0.0 0.0 0.0 0.0 0.0 0.0 0.0 1.0 1.0 0.0 0.0 3.0 1.0 0.0 0.0 0.0 0.0 0.0 0.0 0.0 0.0 0.0 0.0 0.0 0.0 0.0 0.0 0.0 0.0 0.0 0.0 0.0 0.0 0.0 0.0 3.0 1.0 0.0 0.0 
-1062.004638671875 -8265.1728515625 2662.36083984375 -6839.2900390625 2214.335693359375 8328.6962890625 -7610.90771484375 -5897.876953125 6455.93994140625 7383.91357421875 -329.37646484375 8655.578125 -8199.29296875 7134.029296875 8504.6826171875 8786.8671875 -1351.1025390625 -9460.0400390625 -1284.634765625 -9826.703125 output 5 8 3 6 7 4 10 9 1 2 indices 4 3 -1 2 -1 1 3 4 2 1 -1 4 8 3 1 2 2 1 3 4 2 1 3 4 2 1 3 4 -1 10 1 2 2 1 3 4 -1 1 2 3 value 1.0 0.0 0.0 0.0 0.0 0.0 0.0 0.0 0.0 0.0 0.0 0.0 1.0 0.0 0.0 0.0 0.0 0.0 0.0 0.0 0.0 0.0 0.0 0.0 0.0 0.0 0.0 0.0 3.0 1.0 0.0 0.0 0.0 0.0 0.0 0.0 3.0 1.0 0.0 0.0 
-9531.6025390625 -3767.3896484375 341.79638671875 -4640.82568359375 9101.0478515625 5529.2783203125 6017.96875 -7950.6787109375 -8450.9970703125 3289.601318359375 1402.2860107421875 4003.16748046875 -4335.71923828125 7681.3896484375 -6208.64208984375 -6180.44482421875 8827.630859375 7509.52392578125 2836.2314453125 -5473.62158203125 output 10 2 8 1 5 7 6 9 3 4 indices 2 -1 3 4 9 -1 1 3 2 1 -1 4 -1 2 1 3 2 1 3 4 2 1 3 4 2 1 3 4 2 1 3 4 -1 4 1 2 2 1 3 4 value 0.0 0.0 0.0 0.0 1.0 1.0 0.0 0.0 0.0 0.0 0.0 0.0 3.0 1.0 0.0 0.0 0.0 0.0 0.0 0.0 0.0 0.0 0.0 0.0 0.0 0.0 0.0 0.0 0.0 0.0 0.0 0.0 3.0 1.0 0.0 0.0 0.0 0.0 0.0 0.0 
2657.809814453125 3159.4345703125 -342.6604309082031 -7938.03466796875 -3565.17041015625 1463.893310546875 5633.111328125 -6149.95947265625 -3358.27197265625 -13.845584869384766 -4893.61328125 7185.283203125 -5147.7978515625 4684.23291015625 8334.28515625 -859.064208984375 7201.5703125 -2186.62939453125 -6519.26220703125 654.6890258789062 output 1 6 7 10 3 5 2 4 9 8 indices 2 -1 3 4 -1 5 1 3 2 1 -1 4 2 1 3 -1 6 -1 1 2 -1 2 1 3 2 1 3 4 2 1 3 4 2 1 3 4 2 1 3 4 value 0.0 0.0 0.0 0.0 3.0 1.0 0.0 0.0 0.0 0.0 0.0 0.0 0.0 0.0 0.0 0.0 1.0 1.0 0.0 0.0 3.0 1.0 0.0 0.0 0.0 0.0 0.0 0.0 0.0 0.0 0.0 0.0 0.0 0.0 0.0 0.0 0.0 0.0 0.0 0.0 
-2628.232177734375 10259.4716796875 6544.21044921875 -7385.1044921875 -6798.95361328125 -5552.50048828125 2224.593505859375 -7964.92919921875 -7391.54443359375 4643.529296875 7988.6513671875 7235.89990234375 4057.92578125 -8423.259765625 4957.84716796875 5666.22900390625 -5866.4189453125 -3150.171630859375 -3088.079345703125 4670.8359375 output 2 7 4 3 9 5 10 1 8 6 indices 2 -1 3 4 -1 1 3 4 2 1 -1 4 2 1 3 -1 2 1 3 4 -1 7 1 2 -1 9 1 2 2 1 3 4 -1 6 1 2 2 1 3 4 value 0.0 0.0 0.0 0.0 0.0 0.0 0.0 0.0 0.0 0.0 0.0 0.0 0.0 0.0 0.0 0.0 0.0 0.0 0.0 0.0 3.0 1.0 0.0 0.0 3.0 1.0 0.0 0.0 0.0 0.0 0.0 0.0 1.0 1.0 0.0 0.0 0.0 0.0 0.0 0.0 
2926.549560546875 2175.439453125 -718.770263671875 -7605.2529296875 7513.0654296875 -1562.83056640625 -8303.6982421875 -1000.6929321289062 -6307.01416015625 -6289.9951171875 -7468.90966796875 6458.841796875 4917.71240234375 789.5875854492188 7011.31298828125 -8179.67041015625 8267.9658203125 5799.54833984375 -7838.2138671875 9415.025390625 output 1 7 9 3 8 2 5 4 6 10 indices 2 -1 3 4 -1 1 3 4 2 1 -1 4 2 1 3 -1 9 -1 1 2 2 1 3 4 2 1 3 4 -1 5 1 2 -1 8 1 2 2 1 3 4 value 0.0 0.0 0.0 0.0 0.0 0.0 0.0 0.0 0.0 0.0 0.0 0.0 0.0 0.0 0.0 0.0 1.0 1.0 0.0 0.0 0.0 0.0 0.0 0.0 0.0 0.0 0.0 0.0 3.0 1.0 0.0 0.0 3.0 1.0 0.0 0.0 0.0 0.0 0.0 0.0 
-4918.03271484375 -3361.428466796875 5286.64599609375 713.4598388671875 9646.275390625 -4771.10302734375 9283.9052734375 -3310.5146484375 -6743.52294921875 6667.7138671875 -9365.1201171875 1364.8343505859375 1178.11181640625 5350.5654296875 3927.88623046875 -4970.09912109375 -585.4725952148438 -3151.643798828125 -7710.67724609375 5468.2158203125 output 7 2 4 3 8 9 1 6 10 5 indices 2 -1 3 4 -1 1 3 4 2 1 -1 4 2 1 3 -1 2 1 3 4 2 1 3 4 -1 8 1 2 -1 9 1 2 -1 7 1 2 2 1 3 4 value 0.0 0.0 0.0 0.0 0.0 0.0 0.0 0.0 0.0 0.0 0.0 0.0 0.0 0.0 0.0 0.0 0.0 0.0 0.0 0.0 0.0 0.0 0.0 0.0 3.0 1.0 0.0 0.0 3.0 1.0 0.0 0.0 1.0 1.0 0.0 0.0 0.0 0.0 0.0 0.0 
1359.2918701171875 -2574.289794921875 9649.888671875 7033.419921875 -5245.41162109375 -5805.15087890625 -347.52923583984375 2267.57080078125 4886.39306640625 -7295.93115234375 -8453.7099609375 -7113.92041015625 1459.2431640625 2019.09423828125 -2376.14892578125 10190.021484375 6156.9365234375 8320.5849609375 -7088.953125 -7041.39892578125 output 10 6 3 1 7 4 8 9 2 5 indices 2 -1 3 4 -1 6 1 3 2 1 -1 4 2 1 3 -1 2 1 3 4 -1 1 2 3 2 1 3 4 2 1 3 4 2 1 3 4 2 1 3 4 value 1.0 1.0 0.0 0.0 3.0 1.0 0.0 0.0 0.0 0.0 0.0 0.0 0.0 0.0 0.0 0.0 0.0 0.0 0.0 0.0 3.0 1.0 0.0 0.0 0.0 0.0 0.0 0.0 0.0 0.0 0.0 0.0 0.0 0.0 0.0 0.0 0.0 0.0 0.0 0.0 
-910.4254150390625 -6051.85791015625 -2449.5546875 4560.49072265625 4154.0703125 -4861.279296875 -5030.95361328125 1759.2674560546875 -2897.107666015625 9358.9765625 3920.2197265625 9735.169921875 -2105.0888671875 -3231.166015625 -955.8080444335938 -6403.89892578125 7341.15087890625 -1255.4208984375 -1066.5025634765625 -3610.281494140625 output 5 2 4 7 10 1 8 3 9 6 indices 2 -1 3 4 -1 1 3 4 2 1 -1 4 2 1 3 -1 2 1 3 4 -1 8 1 2 -1 6 1 2 -1 7 1 2 2 1 3 4 2 1 3 4 value 0.0 0.0 0.0 0.0 0.0 0.0 0.0 0.0 0.0 0.0 0.0 0.0 0.0 0.0 0.0 0.0 0.0 0.0 0.0 0.0 3.0 1.0 0.0 0.0 1.0 1.0 0.0 0.0 3.0 1.0 0.0 0.0 0.0 0.0 0.0 0.0 0.0 0.0 0.0 0.0 
-4891.0224609375 3165.6181640625 5414.912109375 -6008.439453125 -1332.95703125 2960.6279296875 4833.904296875 -5839.1396484375 432.2174072265625 -2733.10546875 3221.696533203125 -304.3270263671875 -1758.80712890625 9365.55859375 -9142.794921875 -2724.441162109375 -1436.1868896484375 487.8768615722656 4659.0380859375 1629.7708740234375 output 1 8 9 5 4 2 6 10 3 7 indices 2 -1 3 4 -1 9 1 3 2 1 -1 4 2 1 3 -1 2 1 3 4 2 1 3 4 -1 2 1 3 2 1 3 4 -1 7 1 2 2 1 3 4 value 0.0 0.0 0.0 0.0 3.0 1.0 0.0 0.0 0.0 0.0 0.0 0.0 0.0 0.0 0.0 0.0 0.0 0.0 0.0 0.0 0.0 0.0 0.0 0.0 3.0 1.0 0.0 0.0 0.0 0.0 0.0 0.0 1.0 1.0 0.0 0.0 0.0 0.0 0.0 0.0 
-163.35833740234375 -10028.263671875 -7152.0986328125 4443.58203125 -5982.11767578125 -9507.197265625 -11.633138656616211 7204.341796875 5142.72265625 298.1887512207031 5882.0029296875 7551.05078125 6391.96826171875 -412.9725341796875 -7695.0830078125 5773.2236328125 -4669.5751953125 -11456.9306640625 8257.171875 6134.97705078125 output 2 8 4 6 10 5 7 1 9 3 indices 2 -1 3 4 -1 1 3 4 6 -1 1 2 2 1 3 -1 2 1 3 4 -1 9 1 2 2 1 3 4 2 1 3 4 -1 3 1 2 2 1 3 4 value 0.0 0.0 0.0 0.0 0.0 0.0 0.0 0.0 1.0 1.0 0.0 0.0 0.0 0.0 0.0 0.0 0.0 0.0 0.0 0.0 3.0 1.0 0.0 0.0 0.0 0.0 0.0 0.0 0.0 0.0 0.0 0.0 3.0 1.0 0.0 0.0 0.0 0.0 0.0 0.0 
-5267.27197265625 -4464.25244140625 7018.42578125 -3159.96337890625 -9953.4765625 1870.030029296875 3246.218017578125 4159.5947265625 -9259.1279296875 -1364.1328125 -1437.9593505859375 5958.2744140625 6544.947265625 -734.9180908203125 7059.02197265625 -2215.642333984375 -5334.30712890625 1043.9266357421875 7383.5302734375 -1092.917236328125 output 9 6 4 7 10 8 2 1 5 3 indices -1 6 2 3 -1 1 3 4 2 1 -1 4 -1 1 2 3 2 1 3 4 -1 4 1 2 2 1 3 4 2 1 3 4 2 1 3 4 2 1 3 4 value 5.0 1.0 0.0 0.0 0.0 0.0 0.0 0.0 0.0 0.0 0.0 0.0 1.0 1.0 0.0 0.0 0.0 0.0 0.0 0.0 1.0 1.0 0.0 0.0 0.0 0.0 0.0 0.0 0.0 0.0 0.0 0.0 0.0 0.0 0.0 0.0 0.0 0.0 0.0 0.0 
2896.90966796875 7468.435546875 32.452392578125 2057.326416015625 3095.66650390625 6308.4580078125 -9451.73828125 2001.271240234375 4479.07470703125 -9266.6162109375 -2014.631103515625 -5347.56689453125 1116.9620361328125 3860.624755859375 -7550.431640625 -1955.4434814453125 3766.85888671875 3836.722900390625 3628.876708984375 -8963.212890625 output 1 7 2 4 8 6 10 5 9 3 indices -1 5 2 3 -1 1 3 4 2 1 -1 4 2 1 3 -1 -1 6 1 2 -1 1 2 3 2 1 3 4 2 1 3 4 2 1 3 4 2 1 3 4 value 3.0 1.0 0.0 0.0 0.0 0.0 0.0 0.0 0.0 0.0 0.0 0.0 0.0 0.0 0.0 0.0 3.0 1.0 0.0 0.0 1.0 1.0 0.0 0.0 0.0 0.0 0.0 0.0 0.0 0.0 0.0 0.0 0.0 0.0 0.0 0.0 0.0 0.0 0.0 0.0 
1582.062744140625 -3640.835693359375 -6253.48193359375 1828.3892822265625 1969.80810546875 2915.05859375 -7731.8037109375 -465.7417907714844 9488.6826171875 -3443.708984375 -6530.6220703125 -2856.7744140625 -1648.3653564453125 391.203125 4931.2529296875 3748.160888671875 7959.0439453125 33.98391342163086 -3766.576904296875 1490.26513671875 output 4 2 10 7 3 8 9 5 1 6 indices -1 7 2 3 -1 1 3 4 2 1 -1 4 2 1 3 -1 2 1 3 4 2 1 3 4 8 -1 1 2 -1 1 2 3 2 1 3 4 2 1 3 4 value 3.0 1.0 0.0 0.0 0.0 0.0 0.0 0.0 0.0 0.0 0.0 0.0 0.0 0.0 0.0 0.0 0.0 0.0 0.0 0.0 0.0 0.0 0.0 0.0 1.0 1.0 0.0 0.0 3.0 1.0 0.0 0.0 0.0 0.0 0.0 0.0 0.0 0.0 0.0 0.0 
4126.537109375 -2256.55078125 -2047.3135986328125 6981.34326171875 -2777.882568359375 -3508.900634765625 -615.7529907226562 -9876.0654296875 -7090.74609375 9351.935546875 2093.37353515625 2594.296142578125 1370.71630859375 -8937.6259765625 -5405.27783203125 7183.46875 5532.34521484375 -87.33216094970703 4814.0009765625 -1444.5689697265625 output 5 8 3 4 7 1 10 9 6 2 indices 2 -1 3 4 -1 1 3 4 5 -1 1 2 -1 3 1 2 -1 4 1 2 2 1 3 4 2 1 3 4 2 1 3 4 2 1 3 4 2 1 3 4 value 0.0 0.0 0.0 0.0 0.0 0.0 0.0 0.0 1.0 1.0 0.0 0.0 3.0 1.0 0.0 0.0 3.0 1.0 0.0 0.0 0.0 0.0 0.0 0.0 0.0 0.0 0.0 0.0 0.0 0.0 0.0 0.0 0.0 0.0 0.0 0.0 0.0 0.0 0.0 0.0 
1971.229736328125 -1701.283447265625 287.7094421386719 -2193.2470703125 5306.72705078125 -7861.17724609375 -3633.06298828125 6647.32958984375 4807.943359375 -1922.0826416015625 -1223.604248046875 6322.728515625 5009.2998046875 3682.415771484375 -12391.634765625 1275.5068359375 1803.6707763671875 -1090.33984375 -1938.2779541015625 -3159.85107421875 output 1 3 5 7 6 4 8 10 2 9 indices 2 -1 3 4 6 -1 1 3 -1 2 1 4 2 1 3 -1 2 1 3 4 7 -1 1 2 -1 3 1 2 2 1 3 4 2 1 3 4 2 1 3 4 value 0.0 0.0 0.0 0.0 1.0 1.0 0.0 0.0 3.0 1.0 0.0 0.0 0.0 0.0 0.0 0.0 0.0 0.0 0.0 0.0 1.0 1.0 0.0 0.0 1.0 1.0 0.0 0.0 0.0 0.0 0.0 0.0 0.0 0.0 0.0 0.0 0.0 0.0 0.0 0.0 
-7649.34326171875 -7569.8935546875 -4272.06982421875 -5505.42724609375 -2293.58154296875 4133.9013671875 -465.95513916015625 -3309.74462890625 2992.285888671875 5151.62255859375 954.1640014648438 -3661.088623046875 -3048.52392578125 -2965.154541015625 5610.587890625 -465.568115234375 4928.42333984375 10094.08203125 3244.011962890625 4097.2705078125 output 1 2 4 6 8 10 5 9 3 7 indices -1 4 2 3 -1 1 3 4 2 1 -1 4 9 -1 1 2 2 1 3 4 2 1 3 4 2 1 3 4 2 1 3 4 -1 1 2 3 2 1 3 4 value 3.0 1.0 0.0 0.0 0.0 0.0 0.0 0.0 0.0 0.0 0.0 0.0 1.0 1.0 0.0 0.0 0.0 0.0 0.0 0.0 0.0 0.0 0.0 0.0 0.0 0.0 0.0 0.0 0.0 0.0 0.0 0.0 3.0 1.0 0.0 0.0 0.0 0.0 0.0 0.0 
-4774.3642578125 -6135.96728515625 6667.88232421875 8175.75830078125 3146.38623046875 -6627.009765625 -8940.3017578125 8485.3671875 7551.99853515625 1641.4981689453125 1269.888916015625 -350.89459228515625 -7543.03515625 -3753.540771484375 5335.2900390625 2584.186767578125 859.7213134765625 -6714.35400390625 -3573.4658203125 2694.955810546875 output 3 9 1 7 10 4 2 5 8 6 indices 2 -1 3 4 -1 9 1 3 2 1 -1 4 2 1 3 -1 2 1 3 4 -1 2 1 3 2 1 3 4 2 1 3 4 -1 6 1 2 2 1 3 4 value 0.0 0.0 0.0 0.0 3.0 1.0 0.0 0.0 0.0 0.0 0.0 0.0 0.0 0.0 0.0 0.0 0.0 0.0 0.0 0.0 1.0 1.0 0.0 0.0 0.0 0.0 0.0 0.0 0.0 0.0 0.0 0.0 3.0 1.0 0.0 0.0 0.0 0.0 0.0 0.0 
1228.330810546875 7063.796875 245.5979766845703 -646.7081298828125 5243.5546875 -2231.1318359375 -4753.23828125 -1835.2711181640625 -1117.3004150390625 8075.896484375 -4963.49755859375 1469.0120849609375 -6769.50732421875 -10766.74609375 -3540.510009765625 -7225.52880859375 5156.54345703125 2698.81494140625 9270.0263671875 3397.865478515625 output 10 9 1 5 6 4 7 8 2 3 indices 2 -1 3 4 5 -1 1 3 2 1 -1 4 2 1 3 -1 10 -1 1 2 2 1 3 4 -1 2 1 3 2 1 3 4 2 1 3 4 -1 7 1 2 value 0.0 0.0 0.0 0.0 1.0 1.0 0.0 0.0 0.0 0.0 0.0 0.0 0.0 0.0 0.0 0.0 1.0 1.0 0.0 0.0 0.0 0.0 0.0 0.0 3.0 1.0 0.0 0.0 0.0 0.0 0.0 0.0 0.0 0.0 0.0 0.0 1.0 1.0 0.0 0.0 
-3577.279052734375 -1437.510986328125 -5055.818359375 5246.14794921875 -378.7287902832031 4101.5888671875 7324.17041015625 -8720.888671875 10937.8974609375 -1146.409423828125 -8232.509765625 -666.8795166015625 1653.82861328125 -8387.5654296875 -8236.0361328125 4532.1337890625 5924.12353515625 -2375.728515625 -359.64849853515625 8855.1123046875 output 9 5 4 7 1 6 8 2 10 3 indices 10 -1 2 3 -1 1 3 4 2 1 -1 4 7 -1 1 2 2 1 3 4 2 1 3 4 -1 1 2 3 2 1 3 4 2 1 3 4 -1 4 1 2 value 1.0 1.0 0.0 0.0 0.0 0.0 0.0 0.0 0.0 0.0 0.0 0.0 1.0 1.0 0.0 0.0 0.0 0.0 0.0 0.0 0.0 0.0 0.0 0.0 1.0 1.0 0.0 0.0 0.0 0.0 0.0 0.0 0.0 0.0 0.0 0.0 3.0 1.0 0.0 0.0 
-9867.2294921875 7215.66796875 1202.4974365234375 -264.4143371582031 5958.20166015625 -6900.59765625 -559.5643310546875 -8454.166015625 -4183.1796875 9264.5595703125 6246.9423828125 4749.748046875 -10887.8486328125 -9710.9990234375 1909.8497314453125 -9788.0859375 3848.296142578125 9703.0869140625 6332.03369140625 4185.2001953125 output 5 1 7 4 8 3 2 10 6 9 indices 2 -1 3 4 9 -1 1 3 2 1 -1 4 2 1 3 -1 2 1 3 4 2 1 3 4 -1 2 1 3 2 1 3 4 -1 7 1 2 2 1 3 4 value 0.0 0.0 0.0 0.0 1.0 1.0 0.0 0.0 0.0 0.0 0.0 0.0 0.0 0.0 0.0 0.0 0.0 0.0 0.0 0.0 0.0 0.0 0.0 0.0 3.0 1.0 0.0 0.0 0.0 0.0 0.0 0.0 3.0 1.0 0.0 0.0 0.0 0.0 0.0 0.0 
523.2561645507812 3892.435302734375 -7164.09716796875 3448.31201171875 -1189.449951171875 2872.5361328125 2099.676025390625 382.6168518066406 83.5531005859375 2430.177001953125 6211.29052734375 -2177.1015625 7222.79248046875 -10199.724609375 2127.64794921875 -2535.898193359375 -2984.779052734375 -1809.4176025390625 -6929.89013671875 3696.064697265625 output 1 5 4 6 7 8 9 2 10 3 indices -1 7 2 3 -1 1 3 4 2 1 -1 4 2 1 3 -1 2 1 3 4 2 1 3 4 -1 9 1 2 2 1 3 4 -1 1 2 3 2 1 3 4 value 3.0 1.0 0.0 0.0 0.0 0.0 0.0 0.0 0.0 0.0 0.0 0.0 0.0 0.0 0.0 0.0 0.0 0.0 0.0 0.0 0.0 0.0 0.0 0.0 3.0 1.0 0.0 0.0 0.0 0.0 0.0 0.0 1.0 1.0 0.0 0.0 0.0 0.0 0.0 0.0 
-2344.663330078125 -554.7619018554688 -6650.7099609375 5029.5712890625 6936.08056640625 -1315.37841796875 2010.7606201171875 -7260.0380859375 -8231.4755859375 2536.496826171875 6100.740234375 7282.2744140625 1696.673583984375 4895.64599609375 -3991.714599609375 -8582.31640625 6733.7138671875 -3868.548828125 -2259.405517578125 1837.055419921875 output 5 2 7 6 3 9 4 8 1 10 indices 6 -1 2 3 -1 1 3 4 2 1 -1 4 2 1 3 -1 2 1 3 4 -1 8 1 2 2 1 3 4 -1 1 2 3 2 1 3 4 2 1 3 4 value 1.0 1.0 0.0 0.0 0.0 0.0 0.0 0.0 0.0 0.0 0.0 0.0 0.0 0.0 0.0 0.0 0.0 0.0 0.0 0.0 3.0 1.0 0.0 0.0 0.0 0.0 0.0 0.0 3.0 1.0 0.0 0.0 0.0 0.0 0.0 0.0 0.0 0.0 0.0 0.0 
-2162.633056640625 8527.5810546875 -6115.22265625 -299.7803039550781 -9165.56640625 11610.2431640625 6458.6220703125 -5536.79736328125 2385.73828125 -1647.767822265625 -3389.812744140625 -4769.30419921875 5621.15869140625 -4845.11962890625 2084.383056640625 1630.043212890625 10287.6142578125 -1515.85009765625 -6004.2822265625 -3153.248046875 output 1 8 9 4 7 5 6 10 2 3 indices 2 -1 3 4 -1 1 3 4 -1 4 1 2 -1 6 1 2 2 1 3 4 -1 3 1 2 2 1 3 4 2 1 3 4 2 1 3 4 2 1 3 4 value 0.0 0.0 0.0 0.0 0.0 0.0 0.0 0.0 3.0 1.0 0.0 0.0 3.0 1.0 0.0 0.0 0.0 0.0 0.0 0.0 1.0 1.0 0.0 0.0 0.0 0.0 0.0 0.0 0.0 0.0 0.0 0.0 0.0 0.0 0.0 0.0 0.0 0.0 0.0 0.0 
6635.990234375 3439.930419921875 5368.78564453125 -5838.69580078125 -7138.9716796875 3613.957763671875 -9850.134765625 2061.577880859375 -589.0700073242188 -2674.07373046875 1190.8192138671875 -5382.3759765625 -6205.49072265625 3265.2890625 7617.2216796875 2704.85986328125 -2739.6435546875 3374.262939453125 5710.494140625 -4564.73193359375 output 1 8 10 2 6 5 4 3 7 9 indices -1 2 3 4 -1 5 1 3 2 1 -1 4 2 1 3 -1 -1 1 2 3 2 1 3 4 2 1 3 4 2 1 3 4 2 1 3 4 2 1 3 4 value 3.0 1.0 0.0 0.0 3.0 1.0 0.0 0.0 0.0 0.0 0.0 0.0 0.0 0.0 0.0 0.0 1.0 1.0 0.0 0.0 0.0 0.0 0.0 0.0 0.0 0.0 0.0 0.0 0.0 0.0 0.0 0.0 0.0 0.0 0.0 0.0 0.0 0.0 0.0 0.0 
1585.4774169921875 5662.31591796875 8121.68212890625 -10756.931640625 1498.3035888671875 1300.5496826171875 -2625.505615234375 6603.78515625 -7889.70849609375 -7177.42138671875 -5236.98779296875 5887.8603515625 597.0640869140625 -8667.8076171875 -6713.05712890625 206.66085815429688 2249.28271484375 7373.60546875 8413.4482421875 -432.6163330078125 output 6 4 9 1 3 10 2 7 5 8 indices 2 -1 3 4 -1 8 1 3 2 1 -1 4 2 1 3 -1 2 1 3 4 2 1 3 4 2 1 3 4 9 -1 1 2 -1 2 1 3 2 1 3 4 value 0.0 0.0 0.0 0.0 3.0 1.0 0.0 0.0 0.0 0.0 0.0 0.0 0.0 0.0 0.0 0.0 0.0 0.0 0.0 0.0 0.0 0.0 0.0 0.0 0.0 0.0 0.0 0.0 1.0 1.0 0.0 0.0 3.0 1.0 0.0 0.0 0.0 0.0 0.0 0.0 
-3377.149658203125 2534.190185546875 -6792.11474609375 -2266.57958984375 -5125.71826171875 5124.173828125 3217.210693359375 -1898.95703125 -5708.16943359375 -4403.01416015625 -1087.15771484375 -1213.6297607421875 7135.03662109375 -404.87646484375 9644.640625 -7843.26806640625 -6377.41064453125 2805.8125 8470.8330078125 7566.1484375 output 5 2 9 3 1 10 7 8 4 6 indices 2 -1 3 4 -1 1 3 4 2 1 -1 4 2 1 3 -1 2 1 3 4 10 -1 1 2 2 1 3 4 -1 6 1 2 2 1 3 4 -1 8 1 2 value 0.0 0.0 0.0 0.0 0.0 0.0 0.0 0.0 0.0 0.0 0.0 0.0 0.0 0.0 0.0 0.0 0.0 0.0 0.0 0.0 1.0 1.0 0.0 0.0 0.0 0.0 0.0 0.0 3.0 1.0 0.0 0.0 0.0 0.0 0.0 0.0 3.0 1.0 0.0 0.0 
-4069.242431640625 12827.986328125 7769.15185546875 5288.369140625 4266.73828125 -6201.25537109375 -5603.6591796875 -2642.665283203125 -4798.9609375 -6007.7392578125 5810.75732421875 1705.7791748046875 1850.8564453125 -3217.39501953125 -2324.98876953125 -744.6251831054688 -8678.6640625 -4741.869140625 5778.01123046875 3733.414306640625 output 1 2 10 6 3 7 5 9 4 8 indices -1 5 2 3 -1 1 3 4 2 1 -1 4 2 1 3 -1 -1 8 1 2 2 1 3 4 2 1 3 4 -1 1 2 3 2 1 3 4 2 1 3 4 value 3.0 1.0 0.0 0.0 0.0 0.0 0.0 0.0 0.0 0.0 0.0 0.0 0.0 0.0 0.0 0.0 3.0 1.0 0.0 0.0 0.0 0.0 0.0 0.0 0.0 0.0 0.0 0.0 1.0 1.0 0.0 0.0 0.0 0.0 0.0 0.0 0.0 0.0 0.0 0.0 
151.1392822265625 -5116.6591796875 4505.50341796875 -4956.72802734375 -1120.2646484375 4677.12890625 6840.3212890625 4050.185302734375 -1663.8280029296875 3918.60693359375 -6163.71826171875 -6264.8701171875 4141.72412109375 -7361.97509765625 6701.1640625 10225.4296875 -5783.51416015625 7457.9794921875 -7608.52685546875 -6629.09765625 output 2 7 1 6 10 9 5 3 8 4 indices 8 -1 2 3 -1 1 3 4 2 1 -1 4 2 1 3 -1 2 1 3 4 2 1 3 4 -1 1 2 3 -1 7 1 2 2 1 3 4 2 1 3 4 value 1.0 1.0 0.0 0.0 0.0 0.0 0.0 0.0 0.0 0.0 0.0 0.0 0.0 0.0 0.0 0.0 0.0 0.0 0.0 0.0 0.0 0.0 0.0 0.0 3.0 1.0 0.0 0.0 3.0 1.0 0.0 0.0 0.0 0.0 0.0 0.0 0.0 0.0 0.0 0.0 
-8249.62109375 3423.880126953125 1610.2099609375 118.5082015991211 -4884.1611328125 -5459.78466796875 502.6590576171875 6661.40478515625 6776.935546875 2745.8203125 1198.70654296875 1620.9044189453125 428.1121520996094 -33.24492645263672 4116.71630859375 1178.1685791015625 -412.85528564453125 -4727.21142578125 -1086.7017822265625 -5528.4453125 output 7 2 6 8 5 4 1 3 10 9 indices 2 -1 3 4 -1 1 3 4 10 -1 1 2 -1 3 1 2 2 1 3 4 2 1 3 4 -1 4 1 2 2 1 3 4 2 1 3 4 -1 7 1 2 value 0.0 0.0 0.0 0.0 0.0 0.0 0.0 0.0 1.0 0.0 0.0 0.0 3.0 1.0 0.0 0.0 0.0 0.0 0.0 0.0 0.0 0.0 0.0 0.0 1.0 1.0 0.0 0.0 0.0 0.0 0.0 0.0 0.0 0.0 0.0 0.0 2.0 1.0 0.0 0.0 
4849.177734375 8916.0751953125 1897.070068359375 2629.8251953125 -7690.78173828125 -9669.9228515625 -7589.80908203125 280.51611328125 4764.0068359375 7184.67578125 -8953.962890625 1658.470703125 1455.9173583984375 -430.1899108886719 4521.9716796875 -5058.544921875 5340.49462890625 -3898.35302734375 1405.9154052734375 -1612.5516357421875 output 6 4 3 8 9 10 7 2 5 1 indices -1 3 2 4 -1 1 3 4 -1 10 1 2 2 1 3 -1 2 1 3 4 2 1 3 4 2 1 3 4 2 1 3 4 2 1 3 4 -1 1 2 3 value 3.0 1.0 0.0 0.0 0.0 0.0 0.0 0.0 3.0 1.0 0.0 0.0 0.0 0.0 0.0 0.0 0.0 0.0 0.0 0.0 0.0 0.0 0.0 0.0 0.0 0.0 0.0 0.0 0.0 0.0 0.0 0.0 0.0 0.0 0.0 0.0 1.0 1.0 0.0 0.0 
-5615.5341796875 5840.64453125 6631.7783203125 -2775.83056640625 3261.519775390625 -1069.3714599609375 5957.849609375 -10094.7080078125 2588.7490234375 -8103.900390625 -5050.36865234375 -5138.0009765625 -7880.111328125 6814.61083984375 -5439.40478515625 5823.31640625 5321.724609375 3509.29443359375 223.7977752685547 5193.94482421875 output 7 1 8 10 9 3 2 4 5 6 indices 2 -1 3 4 -1 1 3 4 2 1 -1 4 -1 6 1 2 2 1 3 4 9 -1 1 2 2 1 3 4 2 1 3 4 -1 4 1 2 2 1 3 4 value 0.0 0.0 0.0 0.0 0.0 0.0 0.0 0.0 0.0 0.0 0.0 0.0 3.0 1.0 0.0 0.0 0.0 0.0 0.0 0.0 1.0 1.0 0.0 0.0 0.0 0.0 0.0 0.0 0.0 0.0 0.0 0.0 3.0 1.0 0.0 0.0 0.0 0.0 0.0 0.0 
2585.728271484375 -1804.6253662109375 1433.50830078125 9113.1328125 -2573.338623046875 100.26068878173828 -4199.06640625 -6552.3505859375 3747.290771484375 2828.62939453125 -1117.9735107421875 -6981.3212890625 6984.3681640625 11242.564453125 -7946.70654296875 -8080.14111328125 7032.880859375 -3248.50732421875 -5946.69091796875 3382.3583984375 output 5 9 1 6 4 8 3 10 2 7 indices 2 -1 3 4 -1 1 3 4 7 -1 1 2 2 1 3 -1 2 1 3 4 2 1 3 4 -1 8 1 2 -1 3 1 2 2 1 3 4 2 1 3 4 value 0.0 0.0 0.0 0.0 0.0 0.0 0.0 0.0 1.0 1.0 0.0 0.0 0.0 0.0 0.0 0.0 0.0 0.0 0.0 0.0 0.0 0.0 0.0 0.0 3.0 1.0 0.0 0.0 3.0 1.0 0.0 0.0 0.0 0.0 0.0 0.0 0.0 0.0 0.0 0.0 
-1171.1182861328125 -8495.5703125 41.77637481689453 6033.37744140625 -1246.9720458984375 5520.42822265625 -5067.24658203125 -6831.02197265625 6985.2119140625 1082.8912353515625 2111.55126953125 -3393.177734375 3983.954833984375 -1990.0853271484375 198.54830932617188 2240.242431640625 629.7726440429688 -40.36236572265625 -6465.478515625 5873.27783203125 output 1 4 10 3 2 8 9 5 7 6 indices -1 9 2 3 -1 1 3 4 2 1 -1 4 2 1 3 -1 2 1 3 4 2 1 3 4 2 1 3 4 2 1 3 4 -1 2 1 3 2 1 3 4 value 3.0 1.0 0.0 0.0 3.0 1.0 0.0 0.0 0.0 0.0 0.0 0.0 0.0 0.0 0.0 0.0 0.0 0.0 0.0 0.0 0.0 0.0 0.0 0.0 0.0 0.0 0.0 0.0 0.0 0.0 0.0 0.0 1.0 1.0 0.0 0.0 0.0 0.0 0.0 0.0 
692.6799926757812 -1632.685302734375 4004.635498046875 5799.26513671875 -11038.185546875 -11378.16015625 4179.68310546875 6139.55029296875 1843.0758056640625 4625.64404296875 5128.3623046875 585.6755981445312 3282.095703125 -448.2470703125 -3402.208984375 6280.22119140625 -260.09149169921875 -9294.9228515625 -4430.0458984375 -676.3410034179688 output 3 9 1 7 6 4 2 5 8 10 indices 4 -1 2 3 -1 1 3 4 -1 1 2 4 -1 3 1 2 2 1 3 4 2 1 3 4 2 1 3 4 2 1 3 4 2 1 3 4 2 1 3 4 value 1.0 1.0 0.0 0.0 0.0 0.0 0.0 0.0 3.0 1.0 0.0 0.0 3.0 1.0 0.0 0.0 0.0 0.0 0.0 0.0 0.0 0.0 0.0 0.0 0.0 0.0 0.0 0.0 0.0 0.0 0.0 0.0 0.0 0.0 0.0 0.0 0.0 0.0 0.0 0.0 
3594.07568359375 3138.3193359375 -5893.22900390625 6624.87548828125 4131.8916015625 -11180.2412109375 -4065.815673828125 3055.74853515625 -6809.47705078125 -3616.537841796875 -7824.83837890625 -8135.84375 286.55169677734375 5932.318359375 3225.15234375 5791.302734375 4872.4384765625 -525.2803344726562 8483.25 -1084.660888671875 output 4 2 7 8 1 9 10 3 6 5 indices 2 -1 3 4 -1 1 3 4 -1 5 1 2 2 1 3 -1 8 -1 1 2 2 1 3 4 2 1 3 4 -1 3 1 2 2 1 3 4 2 1 3 4 value 0.0 0.0 0.0 0.0 0.0 0.0 0.0 0.0 3.0 1.0 0.0 0.0 0.0 0.0 0.0 0.0 1.0 1.0 0.0 0.0 0.0 0.0 0.0 0.0 0.0 0.0 0.0 0.0 3.0 1.0 0.0 0.0 0.0 0.0 0.0 0.0 0.0 0.0 0.0 0.0 
-1799.010009765625 1865.56591796875 -5109.73046875 3987.38037109375 7754.46875 5791.138671875 391.6624755859375 3604.893310546875 -1100.001708984375 -3709.100341796875 -5996.548828125 -2701.082275390625 -6703.41552734375 -10434.966796875 5503.47607421875 2605.882080078125 8602.0869140625 -2569.238525390625 -1542.9871826171875 1559.528076171875 output 10 1 2 6 7 5 9 3 8 4 indices 2 -1 3 4 -1 1 3 4 -1 7 1 2 2 1 3 -1 -1 3 1 2 2 1 3 4 -1 5 1 2 2 1 3 4 2 1 3 4 2 1 3 4 value 0.0 0.0 0.0 0.0 0.0 0.0 0.0 0.0 3.0 1.0 0.0 0.0 0.0 0.0 0.0 0.0 1.0 1.0 0.0 0.0 0.0 0.0 0.0 0.0 3.0 1.0 0.0 0.0 0.0 0.0 0.0 0.0 0.0 0.0 0.0 0.0 0.0 0.0 0.0 0.0 
-3329.8115234375 -2865.7783203125 863.3951416015625 -7175.8720703125 -2782.858642578125 -6230.7890625 -2070.617919921875 3862.240234375 -6886.71337890625 5108.78271484375 -6608.52490234375 3123.045166015625 4403.14013671875 3469.766357421875 -6573.90185546875 1822.8515625 11037.5390625 160.0096893310547 11948.353515625 -1274.2567138671875 output 4 5 6 8 1 3 2 10 9 7 indices 7 -1 2 3 -1 1 3 4 2 1 -1 4 2 1 3 -1 2 1 3 4 2 1 3 4 9 -1 1 2 2 1 3 4 -1 2 1 3 2 1 3 4 value 1.0 1.0 0.0 0.0 3.0 1.0 0.0 0.0 0.0 0.0 0.0 0.0 0.0 0.0 0.0 0.0 0.0 0.0 0.0 0.0 0.0 0.0 0.0 0.0 1.0 1.0 0.0 0.0 0.0 0.0 0.0 0.0 1.0 1.0 0.0 0.0 0.0 0.0 0.0 0.0 
3272.97998046875 7300.38818359375 1263.927490234375 -2754.952880859375 1612.280517578125 -4156.66064453125 -1677.006103515625 -4466.07861328125 -6943.5234375 5541.91552734375 5530.18505859375 -8665.865234375 -10738.6171875 8747.001953125 5626.58740234375 2628.335205078125 -411.44635009765625 -7489.96142578125 2464.63232421875 3315.877685546875 output 7 5 4 9 6 3 2 8 10 1 indices -1 6 2 3 -1 1 3 4 2 1 -1 4 -1 1 2 3 2 1 3 4 -1 4 1 2 2 1 3 4 2 1 3 4 2 1 3 4 2 1 3 4 value 3.0 1.0 0.0 0.0 0.0 0.0 0.0 0.0 0.0 0.0 0.0 0.0 1.0 1.0 0.0 0.0 0.0 0.0 0.0 0.0 3.0 1.0 0.0 0.0 0.0 0.0 0.0 0.0 0.0 0.0 0.0 0.0 0.0 0.0 0.0 0.0 0.0 0.0 0.0 0.0 
-4471.55029296875 -11314.470703125 -4599.5673828125 -8537.513671875 9362.0087890625 3851.03857421875 -6533.1103515625 1485.5426025390625 -3835.175048828125 -4088.217529296875 10119.970703125 7141.67431640625 -189.64112854003906 3115.416015625 3244.515625 2135.29541015625 -5414.0400390625 6845.2001953125 2316.5888671875 -633.964599609375 output 1 10 8 3 6 7 9 4 5 2 indices -1 5 2 3 -1 1 3 4 2 1 -1 4 2 1 3 -1 6 -1 1 2 -1 1 2 3 2 1 3 4 2 1 3 4 2 1 3 4 2 1 3 4 value 3.0 1.0 0.0 0.0 0.0 0.0 0.0 0.0 0.0 0.0 0.0 0.0 0.0 0.0 0.0 0.0 1.0 1.0 0.0 0.0 3.0 1.0 0.0 0.0 0.0 0.0 0.0 0.0 0.0 0.0 0.0 0.0 0.0 0.0 0.0 0.0 0.0 0.0 0.0 0.0 
3303.26416015625 7793.66015625 9330.6630859375 -2523.664794921875 -2922.056640625 -4126.79345703125 2317.606689453125 4187.046875 -6910.04638671875 4076.6298828125 -7106.169921875 3355.273193359375 10364.8359375 -4665.61669921875 -4090.0400390625 -8882.4306640625 -2251.6181640625 8775.982421875 -2036.4388427734375 -7990.0869140625 output 5 6 3 8 10 7 2 4 1 9 indices -1 8 2 3 -1 1 3 4 -1 1 2 4 2 1 3 -1 2 1 3 4 2 1 3 4 2 1 3 4 -1 3 1 2 2 1 3 4 2 1 3 4 value 3.0 1.0 0.0 0.0 0.0 0.0 0.0 0.0 1.0 1.0 0.0 0.0 0.0 0.0 0.0 0.0 0.0 0.0 0.0 0.0 0.0 0.0 0.0 0.0 0.0 0.0 0.0 0.0 3.0 1.0 0.0 0.0 0.0 0.0 0.0 0.0 0.0 0.0 0.0 0.0 
-4054.4482421875 3578.470947265625 7641.5595703125 -3671.582763671875 7641.45166015625 6302.8837890625 -5556.30224609375 -1225.7052001953125 2649.69580078125 1131.822509765625 -10813.05859375 3835.79736328125 -345.0504150390625 2718.287353515625 6711.5703125 -1958.4342041015625 -3068.41748046875 -10438.8720703125 -807.0001220703125 -272.66741943359375 output 1 7 10 5 3 8 2 9 4 6 indices 2 -1 3 4 -1 1 3 4 -1 9 1 2 2 1 3 -1 2 1 3 4 2 1 3 4 2 1 3 4 2 1 3 4 -1 10 1 2 -1 3 1 2 value 0.0 0.0 0.0 0.0 0.0 0.0 0.0 0.0 3.0 1.0 0.0 0.0 0.0 0.0 0.0 0.0 0.0 0.0 0.0 0.0 0.0 0.0 0.0 0.0 0.0 0.0 0.0 0.0 0.0 0.0 0.0 0.0 3.0 1.0 0.0 0.0 1.0 1.0 0.0 0.0 
-976.1236572265625 -102.76628112792969 6439.76416015625 -4798.95849609375 -7778.01220703125 -5674.9599609375 895.8486938476562 6640.908203125 3148.6064453125 -5857.61328125 -241.0546417236328 1230.733642578125 -8451.7607421875 -10782.7958984375 688.4470825195312 4121.69384765625 618.8992309570312 6669.978515625 5655.38525390625 8553.7802734375 output 7 3 1 6 8 9 4 10 2 5 indices 10 -1 2 3 -1 1 3 4 2 1 -1 4 2 1 3 -1 2 1 3 4 2 1 3 4 -1 1 2 3 2 1 3 4 2 1 3 4 -1 7 1 2 value 1.0 1.0 0.0 0.0 0.0 0.0 0.0 0.0 0.0 0.0 0.0 0.0 0.0 0.0 0.0 0.0 0.0 0.0 0.0 0.0 0.0 0.0 0.0 0.0 3.0 1.0 0.0 0.0 0.0 0.0 0.0 0.0 0.0 0.0 0.0 0.0 3.0 1.0 0.0 0.0 
1820.8770751953125 2157.245849609375 5479.662109375 -5880.9306640625 7251.69091796875 1394.7215576171875 -9420.7412109375 -6152.1796875 -421.326904296875 8768.6044921875 -9383.3662109375 -4173.7216796875 3429.453857421875 -8777.2041015625 3881.181884765625 5724.44677734375 -8638.9248046875 869.7791748046875 6001.49267578125 6069.23876953125 output 1 8 10 3 2 7 4 6 9 5 indices 2 -1 3 4 -1 1 3 4 2 1 -1 4 2 1 3 -1 10 -1 1 2 -1 5 1 2 -1 6 1 2 2 1 3 4 2 1 3 4 -1 7 1 2 value 0.0 0.0 0.0 0.0 0.0 0.0 0.0 0.0 0.0 0.0 0.0 0.0 0.0 0.0 0.0 0.0 1.0 1.0 0.0 0.0 1.0 1.0 0.0 0.0 3.0 1.0 0.0 0.0 0.0 0.0 0.0 0.0 0.0 0.0 0.0 0.0 1.0 1.0 0.0 0.0 
8208.291015625 3896.0673828125 1616.6590576171875 2039.634033203125 -752.9263305664062 1364.7841796875 7428.33984375 6475.79541015625 -5245.20849609375 -4155.0751953125 -2355.650146484375 -568.0896606445312 -4517.525390625 -6067.54638671875 -9818.9833984375 -5589.1865234375 -1815.1201171875 4452.443359375 7252.125 -1848.8262939453125 output 1 10 7 8 5 6 3 9 2 4 indices 2 -1 3 4 -1 1 3 4 2 1 -1 4 -1 7 1 2 2 1 3 4 -1 4 1 2 -1 6 1 2 2 1 3 4 2 1 3 4 2 1 3 4 value 0.0 0.0 0.0 0.0 0.0 0.0 0.0 0.0 0.0 0.0 0.0 0.0 3.0 1.0 0.0 0.0 0.0 0.0 0.0 0.0 1.0 1.0 0.0 0.0 3.0 1.0 0.0 0.0 0.0 0.0 0.0 0.0 0.0 0.0 0.0 0.0 0.0 0.0 0.0 0.0 
10700.5166015625 -6344.06005859375 5171.21826171875 -6785.306640625 -2249.628662109375 6879.21435546875 9442.3818359375 -6147.94189453125 -8253.7353515625 9332.669921875 -8012.8408203125 10260.154296875 -4419.9873046875 -7732.94580078125 5255.38671875 8010.451171875 -2866.9638671875 -8616.1708984375 -4766.34716796875 1143.9349365234375 output 8 3 6 5 10 7 9 2 4 1 indices 2 -1 3 4 -1 1 3 4 2 1 -1 4 2 1 3 -1 2 1 3 4 2 1 3 4 8 -1 1 2 -1 9 1 2 -1 7 1 2 2 1 3 4 value 0.0 0.0 0.0 0.0 0.0 0.0 0.0 0.0 0.0 0.0 0.0 0.0 0.0 0.0 0.0 0.0 0.0 0.0 0.0 0.0 0.0 0.0 0.0 0.0 1.0 1.0 0.0 0.0 3.0 1.0 0.0 0.0 3.0 1.0 0.0 0.0 0.0 0.0 0.0 0.0 
5868.56884765625 -7856.84619140625 3990.995849609375 5737.33935546875 -7985.19287109375 -1754.2342529296875 3016.852294921875 -6699.212890625 9675.8701171875 2753.307861328125 -6272.61279296875 -3026.3642578125 1079.1134033203125 -1402.2733154296875 6617.2822265625 2712.625 -7938.29296875 1282.6988525390625 -8052.58447265625 8252.958984375 output 6 3 9 10 2 8 5 1 4 7 indices -1 7 2 3 -1 1 3 4 2 1 -1 4 2 1 3 -1 2 1 3 4 2 1 3 4 -1 2 1 3 2 1 3 4 2 1 3 4 2 1 3 4 value 3.0 1.0 0.0 0.0 3.0 1.0 0.0 0.0 0.0 0.0 0.0 0.0 0.0 0.0 0.0 0.0 0.0 0.0 0.0 0.0 0.0 0.0 0.0 0.0 1.0 1.0 0.0 0.0 0.0 0.0 0.0 0.0 0.0 0.0 0.0 0.0 0.0 0.0 0.0 0.0 
-5503.4658203125 -3967.062255859375 -3235.1845703125 2788.421630859375 -4692.02978515625 3102.330810546875 -7542.34716796875 1202.773681640625 10138.181640625 -4258.59228515625 1801.9700927734375 -2184.224853515625 6429.0908203125 -5245.68603515625 -504.8798828125 2222.3037109375 5852.59375 5063.73974609375 -2743.92919921875 1275.99560546875 output 9 8 10 2 3 4 1 6 7 5 indices 2 -1 3 4 -1 1 3 4 2 1 -1 4 2 1 3 -1 2 1 3 4 9 -1 1 2 -1 6 1 2 2 1 3 4 -1 7 1 2 2 1 3 4 value 0.0 0.0 0.0 0.0 0.0 0.0 0.0 0.0 0.0 0.0 0.0 0.0 0.0 0.0 0.0 0.0 0.0 0.0 0.0 0.0 1.0 1.0 0.0 0.0 3.0 1.0 0.0 0.0 0.0 0.0 0.0 0.0 3.0 1.0 0.0 0.0 0.0 0.0 0.0 0.0 
2910.244873046875 3925.460205078125 -3165.16455078125 -9835.2265625 6540.0458984375 1928.376220703125 1842.590576171875 7606.74462890625 -2135.7548828125 4445.22021484375 2269.260986328125 -7293.08935546875 -5959.79248046875 -7767.091796875 -1481.5975341796875 -5909.392578125 -8160.609375 7179.521484375 7340.7763671875 5719.4775390625 output 9 5 4 1 10 3 6 8 2 7 indices 2 -1 3 4 -1 8 1 3 2 1 -1 4 2 1 3 -1 2 1 3 4 2 1 3 4 2 1 3 4 10 -1 1 2 2 1 3 4 -1 2 1 3 value 0.0 0.0 0.0 0.0 3.0 1.0 0.0 0.0 0.0 0.0 0.0 0.0 0.0 0.0 0.0 0.0 0.0 0.0 0.0 0.0 0.0 0.0 0.0 0.0 0.0 0.0 0.0 0.0 1.0 1.0 0.0 0.0 0.0 0.0 0.0 0.0 3.0 1.0 0.0 0.0 
-6343.2685546875 -3216.89404296875 -6777.65673828125 -3481.951416015625 8118.59716796875 7465.47509765625 3094.878173828125 -2868.11669921875 1517.082763671875 -6788.1337890625 7896.77001953125 -7340.3955078125 -653.4698486328125 -7462.064453125 -1076.74658203125 1422.36962890625 -6968.380859375 10419.4189453125 1192.194580078125 11850.2919921875 output 6 4 3 10 9 8 1 2 7 5 indices 10 -1 2 3 -1 1 3 4 2 1 -1 4 2 1 3 -1 2 1 3 4 2 1 3 4 -1 1 2 3 2 1 3 4 2 1 3 4 -1 7 1 2 value 1.0 1.0 0.0 0.0 0.0 0.0 0.0 0.0 0.0 0.0 0.0 0.0 0.0 0.0 0.0 0.0 0.0 0.0 0.0 0.0 0.0 0.0 0.0 0.0 3.0 1.0 0.0 0.0 0.0 0.0 0.0 0.0 0.0 0.0 0.0 0.0 3.0 1.0 0.0 0.0 
1393.9913330078125 582.7704467773438 7058.08642578125 -3936.548583984375 5265.880859375 -7407.2490234375 -9337.169921875 215.7146453857422 4315.26123046875 2257.59130859375 5.524706840515137 -2012.767822265625 -7024.9365234375 5636.94140625 5112.6259765625 8200.96875 -11926.05078125 3044.65283203125 5136.78662109375 -6582.07373046875 output 3 10 6 4 9 7 8 5 1 2 indices 2 -1 3 4 -1 1 3 4 -1 6 1 2 2 1 3 -1 2 1 3 4 8 -1 1 2 2 1 3 4 -1 3 1 2 2 1 3 4 2 1 3 4 value 0.0 0.0 0.0 0.0 0.0 0.0 0.0 0.0 3.0 1.0 0.0 0.0 0.0 0.0 0.0 0.0 0.0 0.0 0.0 0.0 1.0 1.0 0.0 0.0 0.0 0.0 0.0 0.0 3.0 1.0 0.0 0.0 0.0 0.0 0.0 0.0 0.0 0.0 0.0 0.0 
6029.9765625 6874.22412109375 -239.4847412109375 -3038.826904296875 9805.5390625 -702.2949829101562 -4151.814453125 -10048.4365234375 6502.53759765625 7164.494140625 -4912.724609375 -4780.388671875 -7802.8134765625 -470.934814453125 -3839.820556640625 -1318.733642578125 -5913.94873046875 -881.432373046875 4522.5537109375 7202.330078125 output 9 7 6 4 2 3 5 1 10 8 indices 2 -1 3 4 5 -1 1 3 2 1 -1 4 -1 2 1 3 -1 4 1 2 2 1 3 4 2 1 3 4 2 1 3 4 2 1 3 4 2 1 3 4 value 0.0 0.0 0.0 0.0 1.0 1.0 0.0 0.0 0.0 0.0 0.0 0.0 3.0 1.0 0.0 0.0 3.0 1.0 0.0 0.0 0.0 0.0 0.0 0.0 0.0 0.0 0.0 0.0 0.0 0.0 0.0 0.0 0.0 0.0 0.0 0.0 0.0 0.0 0.0 0.0 
-5669.9033203125 -5398.78857421875 -1904.3155517578125 1030.281494140625 -5152.67041015625 7172.8408203125 -5237.25439453125 1009.4218139648438 2357.86279296875 2564.766845703125 6200.830078125 7095.7666015625 4356.68359375 -103.72311401367188 6501.1337890625 741.9981079101562 -9772.388671875 -4046.69482421875 8320.0224609375 -10065.869140625 output 8 7 10 1 9 4 3 2 5 6 indices 2 -1 3 4 6 -1 1 3 2 1 -1 4 2 1 3 -1 2 1 3 4 -1 10 1 2 2 1 3 4 2 1 3 4 2 1 3 4 -1 2 1 3 value 0.0 0.0 0.0 0.0 1.0 1.0 0.0 0.0 0.0 0.0 0.0 0.0 0.0 0.0 0.0 0.0 0.0 0.0 0.0 0.0 3.0 1.0 0.0 0.0 0.0 0.0 0.0 0.0 0.0 0.0 0.0 0.0 0.0 0.0 0.0 0.0 3.0 1.0 0.0 0.0 
6215.38818359375 -1702.6998291015625 -5203.1943359375 2212.621337890625 3805.373291015625 -4162.4716796875 -2646.350830078125 4788.56103515625 -5638.3212890625 3374.607177734375 -577.37158203125 3213.36572265625 2839.890869140625 -397.5838623046875 -6063.1748046875 3236.911865234375 -1781.3404541015625 -8521.853515625 9049.1015625 -2041.458740234375 output 7 1 10 3 9 2 8 5 4 6 indices 2 -1 3 4 -1 1 3 4 2 1 -1 4 -1 9 1 2 2 1 3 4 2 1 3 4 2 1 3 4 2 1 3 4 -1 4 1 2 2 1 3 4 value 0.0 0.0 0.0 0.0 0.0 0.0 0.0 0.0 0.0 0.0 0.0 0.0 3.0 1.0 0.0 0.0 0.0 0.0 0.0 0.0 0.0 0.0 0.0 0.0 0.0 0.0 0.0 0.0 0.0 0.0 0.0 0.0 5.0 1.0 0.0 0.0 0.0 0.0 0.0 0.0 
6277.57958984375 -1910.0054931640625 2935.549560546875 2041.5205078125 -8959.0302734375 4366.77880859375 7597.78759765625 -3719.54345703125 1957.18115234375 5537.37548828125 -10069.0400390625 5096.818359375 6447.7216796875 -6097.373046875 -8073.7099609375 9657.37890625 -4694.38134765625 -5238.61767578125 6580.34228515625 -9734.3330078125 output 6 3 9 10 7 4 1 2 5 8 indices 2 -1 3 4 -1 1 3 4 2 1 -1 4 2 1 3 -1 10 -1 1 2 2 1 3 4 2 1 3 4 -1 5 1 2 -1 8 1 2 -1 9 1 2 value 0.0 0.0 0.0 0.0 0.0 0.0 0.0 0.0 0.0 0.0 0.0 0.0 0.0 0.0 0.0 0.0 1.0 1.0 0.0 0.0 0.0 0.0 0.0 0.0 0.0 0.0 0.0 0.0 1.0 1.0 0.0 0.0 1.0 1.0 0.0 0.0 3.0 1.0 0.0 0.0 
-8253.359375 -1726.84326171875 2695.4169921875 3827.66455078125 6587.96728515625 -8272.1552734375 4022.2880859375 2554.212890625 3976.19677734375 1091.87744140625 -6179.7373046875 4266.330078125 -1286.6414794921875 -2475.227783203125 -114.86430358886719 1685.7891845703125 -2284.38134765625 7737.6455078125 837.1143798828125 -8689.29296875 output 1 7 10 3 5 4 2 8 9 6 indices 2 -1 3 4 -1 1 3 4 2 1 -1 4 2 1 3 -1 2 1 3 4 2 1 3 4 9 -1 1 2 2 1 3 4 -1 10 1 2 -1 7 1 2 value 0.0 0.0 0.0 0.0 0.0 0.0 0.0 0.0 0.0 0.0 0.0 0.0 0.0 0.0 0.0 0.0 0.0 0.0 0.0 0.0 0.0 0.0 0.0 0.0 1.0 1.0 0.0 0.0 0.0 0.0 0.0 0.0 3.0 1.0 0.0 0.0 3.0 1.0 0.0 0.0 
7723.96875 3727.306640625 -4150.49853515625 2823.48583984375 -4927.7177734375 7073.326171875 -4059.48486328125 -1665.7587890625 6639.47412109375 -4542.71240234375 -6590.7412109375 -4505.19140625 4037.685791015625 -315.6918029785156 -7949.11572265625 1718.7147216796875 6107.490234375 -4397.4013671875 3168.939208984375 83.92195892333984 output 3 2 8 6 4 10 7 9 5 1 indices -1 6 2 3 -1 1 3 4 2 1 -1 4 -1 1 2 3 2 1 3 4 -1 4 1 2 2 1 3 4 2 1 3 4 2 1 3 4 2 1 3 4 value 3.0 1.0 0.0 0.0 0.0 0.0 0.0 0.0 0.0 0.0 0.0 0.0 1.0 1.0 0.0 0.0 0.0 0.0 0.0 0.0 3.0 1.0 0.0 0.0 0.0 0.0 0.0 0.0 0.0 0.0 0.0 0.0 0.0 0.0 0.0 0.0 0.0 0.0 0.0 0.0 
3185.252197265625 -1739.234130859375 -1252.7864990234375 4999.47705078125 -1674.3756103515625 -753.282958984375 -4545.44091796875 7941.65380859375 3604.08984375 -1344.4354248046875 -2428.10791015625 -8128.8369140625 2442.7470703125 3574.00732421875 -3865.86279296875 -3459.90869140625 3253.3740234375 1839.2845458984375 1281.11083984375 -2928.724609375 output 4 2 7 9 5 1 10 6 8 3 indices 2 -1 3 4 -1 1 3 4 4 -1 1 2 -1 6 1 2 2 1 3 4 -1 3 1 2 2 1 3 4 2 1 3 4 2 1 3 4 2 1 3 4 value 0.0 0.0 0.0 0.0 0.0 0.0 0.0 0.0 1.0 1.0 0.0 0.0 3.0 1.0 0.0 0.0 0.0 0.0 0.0 0.0 3.0 1.0 0.0 0.0 0.0 0.0 0.0 0.0 0.0 0.0 0.0 0.0 0.0 0.0 0.0 0.0 0.0 0.0 0.0 0.0 
-4722.0458984375 97.10293579101562 -4607.57177734375 5790.5 -3485.288818359375 -7731.1064453125 460.57342529296875 1735.0567626953125 -165.72677612304688 -6806.96435546875 1116.93798828125 -7576.48486328125 6114.1162109375 3027.675537109375 5076.3466796875 11809.0859375 6746.80078125 -1819.84326171875 -6534.1416015625 1474.97802734375 output 6 5 3 1 10 2 4 8 7 9 indices 8 -1 2 3 -1 1 3 4 -1 1 2 4 2 1 3 -1 2 1 3 4 2 1 3 4 2 1 3 4 -1 3 1 2 2 1 3 4 2 1 3 4 value 1.0 1.0 0.0 0.0 0.0 0.0 0.0 0.0 3.0 1.0 0.0 0.0 0.0 0.0 0.0 0.0 0.0 0.0 0.0 0.0 0.0 0.0 0.0 0.0 0.0 0.0 0.0 0.0 3.0 1.0 0.0 0.0 0.0 0.0 0.0 0.0 0.0 0.0 0.0 0.0 
8450.15234375 1192.679443359375 -4797.69140625 2747.95166015625 -2635.53515625 -6068.89892578125 2689.192626953125 11216.9833984375 -6485.6220703125 9424.8876953125 -5036.947265625 2069.594970703125 -6026.62353515625 -2651.744384765625 2660.404052734375 -6176.33984375 4597.3291015625 -7202.4130859375 6585.341796875 -4552.701171875 output 10 9 8 3 7 6 2 5 4 1 indices 2 -1 3 4 -1 1 3 4 4 -1 1 2 -1 9 1 2 2 1 3 4 2 1 3 4 2 1 3 4 2 1 3 4 -1 3 1 2 2 1 3 4 value 0.0 0.0 0.0 0.0 0.0 0.0 0.0 0.0 1.0 1.0 0.0 0.0 3.0 1.0 0.0 0.0 0.0 0.0 0.0 0.0 0.0 0.0 0.0 0.0 0.0 0.0 0.0 0.0 0.0 0.0 0.0 0.0 3.0 1.0 0.0 0.0 0.0 0.0 0.0 0.0 
6523.3583984375 8006.7880859375 -4004.031005859375 -7060.14111328125 -1264.77294921875 9920.7802734375 -4835.55224609375 -6524.7978515625 6275.34130859375 -1030.9068603515625 4796.64794921875 10334.712890625 -7326.95849609375 -5290.75390625 -1263.2608642578125 -5096.3623046875 -5580.6181640625 478.0769958496094 6679.845703125 -3737.39697265625 output 3 6 1 5 10 8 2 4 7 9 indices 2 -1 3 4 -1 8 1 3 2 1 -1 4 2 1 3 -1 2 1 3 4 -1 2 1 3 2 1 3 4 -1 6 1 2 2 1 3 4 2 1 3 4 value 0.0 0.0 0.0 0.0 3.0 1.0 0.0 0.0 0.0 0.0 0.0 0.0 0.0 0.0 0.0 0.0 0.0 0.0 0.0 0.0 3.0 1.0 0.0 0.0 0.0 0.0 0.0 0.0 1.0 1.0 0.0 0.0 0.0 0.0 0.0 0.0 0.0 0.0 0.0 0.0 
3347.68017578125 -5460.8349609375 5867.7353515625 3352.75927734375 5688.0986328125 6727.4560546875 4631.96142578125 3948.1640625 -8675.7822265625 1287.350830078125 -8488.513671875 -7326.77685546875 2294.02197265625 -2086.073486328125 -2289.94677734375 -4316.7919921875 -8317.294921875 268.58697509765625 5942.0400390625 3606.16064453125 output 1 7 2 10 3 4 5 9 6 8 indices 2 -1 3 4 -1 1 3 4 -1 6 1 2 2 1 3 -1 2 1 3 4 -1 8 1 2 2 1 3 4 -1 3 1 2 2 1 3 4 2 1 3 4 value 0.0 0.0 0.0 0.0 0.0 0.0 0.0 0.0 3.0 1.0 0.0 0.0 0.0 0.0 0.0 0.0 0.0 0.0 0.0 0.0 3.0 1.0 0.0 0.0 0.0 0.0 0.0 0.0 1.0 1.0 0.0 0.0 0.0 0.0 0.0 0.0 0.0 0.0 0.0 0.0 
-4761.05859375 3453.89306640625 4831.1259765625 7290.4619140625 -4592.791015625 -6072.74462890625 7761.10498046875 4303.701171875 -8108.70556640625 106.3823471069336 -9366.7705078125 -3750.106201171875 2035.41748046875 -6358.15625 9272.875 -5484.169921875 -6431.10009765625 -46.96919250488281 9359.90234375 6557.70751953125 output 5 9 1 2 10 4 8 7 3 6 indices 2 -1 3 4 -1 1 3 4 10 -1 1 2 2 1 3 -1 2 1 3 4 2 1 3 4 -1 3 1 2 2 1 3 4 2 1 3 4 -1 7 1 2 value 0.0 0.0 0.0 0.0 0.0 0.0 0.0 0.0 1.0 1.0 0.0 0.0 0.0 0.0 0.0 0.0 0.0 0.0 0.0 0.0 0.0 0.0 0.0 0.0 3.0 1.0 0.0 0.0 0.0 0.0 0.0 0.0 0.0 0.0 0.0 0.0 3.0 1.0 0.0 0.0 
477.3027038574219 2298.27587890625 299.10552978515625 8970.3408203125 1973.046875 -6067.75732421875 2923.66455078125 -5997.33740234375 -8400.419921875 -4742.1240234375 2960.58642578125 -7915.78076171875 -5358.7666015625 605.53515625 2521.5546875 9697.6181640625 1808.265380859375 -2841.958984375 795.6598510742188 5993.1884765625 output 1 9 4 6 3 5 7 2 8 10 indices 2 -1 3 4 -1 1 3 4 2 1 -1 4 2 1 3 -1 2 1 3 4 -1 9 1 2 2 1 3 4 -1 6 1 2 -1 8 1 2 2 1 3 4 value 0.0 0.0 0.0 0.0 0.0 0.0 0.0 0.0 0.0 0.0 0.0 0.0 0.0 0.0 0.0 0.0 0.0 0.0 0.0 0.0 3.0 1.0 0.0 0.0 0.0 0.0 0.0 0.0 3.0 1.0 0.0 0.0 1.0 1.0 0.0 0.0 0.0 0.0 0.0 0.0 
10912.1640625 526.6847534179688 8221.509765625 632.23291015625 -7408.53955078125 835.7056274414062 -4037.471435546875 -2066.199462890625 350.4348449707031 5955.2294921875 -6041.552734375 5953.65576171875 -4555.8828125 -7204.7421875 2054.506591796875 3663.087158203125 2024.58642578125 -3091.407470703125 -1519.75537109375 -5204.2470703125 output 2 1 9 10 7 4 3 6 5 8 indices 7 3 -1 2 -1 1 3 4 2 1 -1 4 5 -1 1 2 -1 1 2 3 2 1 3 4 -1 4 1 2 2 1 3 4 2 1 3 4 2 1 3 4 value 1.0 0.0 0.0 0.0 0.0 0.0 0.0 0.0 0.0 0.0 0.0 0.0 1.0 1.0 0.0 0.0 2.0 1.0 0.0 0.0 0.0 0.0 0.0 0.0 3.0 1.0 0.0 0.0 0.0 0.0 0.0 0.0 0.0 0.0 0.0 0.0 0.0 0.0 0.0 0.0 
5882.18017578125 5818.76513671875 -3224.2373046875 -2675.761474609375 -5323.96484375 1119.8623046875 -2275.253173828125 -6881.10400390625 -8946.0830078125 1958.9801025390625 6394.27001953125 -7180.7724609375 1034.016357421875 9941.09375 4572.81396484375 -4966.7431640625 1551.4627685546875 153.62503051757812 334.79595947265625 2712.054931640625 output 1 10 9 8 6 4 2 3 5 7 indices 2 -1 3 4 7 -1 1 3 2 1 -1 4 -1 2 1 3 2 1 3 4 2 1 3 4 -1 4 1 2 2 1 3 4 2 1 3 4 2 1 3 4 value 0.0 0.0 0.0 0.0 1.0 1.0 0.0 0.0 0.0 0.0 0.0 0.0 3.0 1.0 0.0 0.0 0.0 0.0 0.0 0.0 0.0 0.0 0.0 0.0 3.0 1.0 0.0 0.0 0.0 0.0 0.0 0.0 0.0 0.0 0.0 0.0 0.0 0.0 0.0 0.0 
6298.8466796875 2528.09423828125 4686.55712890625 6932.427734375 -10022.2353515625 -2187.40869140625 -7407.43505859375 -8335.302734375 659.8414306640625 967.9315185546875 -2935.00537109375 -3156.583740234375 1340.6544189453125 8254.609375 3217.8681640625 1950.20166015625 -472.72320556640625 -7620.759765625 4633.63134765625 666.7898559570312 output 7 2 1 10 8 5 6 9 4 3 indices 2 -1 3 4 4 -1 1 3 2 1 -1 4 -1 6 1 2 2 1 3 4 7 -1 1 2 -1 2 1 3 2 1 3 4 2 1 3 4 2 1 3 4 value 0.0 0.0 0.0 0.0 1.0 1.0 0.0 0.0 0.0 0.0 0.0 0.0 3.0 1.0 0.0 0.0 0.0 0.0 0.0 0.0 1.0 1.0 0.0 0.0 1.0 1.0 0.0 0.0 0.0 0.0 0.0 0.0 0.0 0.0 0.0 0.0 0.0 0.0 0.0 0.0 
1018.74609375 -1146.257568359375 -2116.78369140625 -4749.2119140625 -3451.1171875 -6416.7216796875 946.8652954101562 10022.4140625 -4031.94677734375 4572.5546875 1168.9052734375 -8983.69921875 -6184.08251953125 -5634.15625 3287.462890625 -4330.80029296875 10791.46484375 9956.2724609375 -1429.514404296875 6709.6064453125 output 1 9 4 10 5 7 3 2 6 8 indices 9 -1 2 3 -1 1 3 4 2 1 -1 4 2 1 3 -1 2 1 3 4 -1 1 2 3 2 1 3 4 2 1 3 4 -1 6 1 2 2 1 3 4 value 1.0 1.0 0.0 0.0 0.0 0.0 0.0 0.0 0.0 0.0 0.0 0.0 0.0 0.0 0.0 0.0 0.0 0.0 0.0 0.0 3.0 1.0 0.0 0.0 0.0 0.0 0.0 0.0 0.0 0.0 0.0 0.0 3.0 1.0 0.0 0.0 0.0 0.0 0.0 0.0 
-8288.6474609375 4390.71484375 -6428.9814453125 -3460.660888671875 1495.7608642578125 -4391.87841796875 2173.12255859375 1948.1431884765625 -7243.24267578125 -4732.25732421875 4645.953125 6367.4091796875 7530.7275390625 6078.66552734375 8157.8974609375 -1118.7275390625 -3525.3564453125 -4300.71826171875 1482.7664794921875 -780.6900634765625 output 1 4 6 7 8 10 3 9 5 2 indices 2 -1 3 4 -1 1 3 4 2 1 -1 4 2 1 3 -1 -1 10 1 2 2 1 3 4 -1 5 1 2 2 1 3 4 2 1 3 4 -1 7 1 2 value 0.0 0.0 0.0 0.0 0.0 0.0 0.0 0.0 0.0 0.0 0.0 0.0 0.0 0.0 0.0 0.0 3.0 1.0 0.0 0.0 0.0 0.0 0.0 0.0 3.0 1.0 0.0 0.0 0.0 0.0 0.0 0.0 0.0 0.0 0.0 0.0 1.0 1.0 0.0 0.0 
-7940.896484375 6556.91796875 -67.71851348876953 -1066.3878173828125 -1127.4307861328125 -5227.21240234375 7768.865234375 6434.85986328125 5196.65673828125 -2347.90576171875 -4722.693359375 -1448.4224853515625 -8560.1220703125 2932.00048828125 -7705.7734375 -8939.638671875 7948.93017578125 -5414.9912109375 9210.1826171875 8520.7802734375 output 1 10 4 9 5 2 3 8 6 7 indices 2 -1 3 4 10 -1 1 3 2 1 -1 4 2 1 3 -1 2 1 3 4 2 1 3 4 2 1 3 4 -1 2 1 3 2 1 3 4 -1 8 1 2 value 0.0 0.0 0.0 0.0 1.0 1.0 0.0 0.0 0.0 0.0 0.0 0.0 0.0 0.0 0.0 0.0 0.0 0.0 0.0 0.0 0.0 0.0 0.0 0.0 0.0 0.0 0.0 0.0 3.0 1.0 0.0 0.0 0.0 0.0 0.0 0.0 3.0 1.0 0.0 0.0 
-3747.429443359375 -752.1472778320312 7245.93408203125 2568.73974609375 -5130.97998046875 3776.796630859375 -5516.5869140625 512.6253662109375 1426.3648681640625 -9344.990234375 4496.88232421875 -4269.041015625 -6220.2783203125 -1550.856201171875 8958.3173828125 2961.89599609375 -3986.733642578125 4952.0595703125 2474.510009765625 1144.9166259765625 output 5 6 8 2 10 9 3 4 7 1 indices 8 -1 2 3 -1 1 3 4 2 1 -1 4 2 1 3 -1 -1 1 2 3 2 1 3 4 2 1 3 4 -1 5 1 2 2 1 3 4 2 1 3 4 value 1.0 1.0 0.0 0.0 0.0 0.0 0.0 0.0 0.0 0.0 0.0 0.0 0.0 0.0 0.0 0.0 3.0 1.0 0.0 0.0 0.0 0.0 0.0 0.0 0.0 0.0 0.0 0.0 3.0 1.0 0.0 0.0 0.0 0.0 0.0 0.0 0.0 0.0 0.0 0.0 
-1948.8172607421875 -69.01840209960938 -1995.2777099609375 3222.605712890625 5436.73583984375 7303.81591796875 -4107.85107421875 -1196.6297607421875 -2141.68212890625 113.03639221191406 -3872.565185546875 -9902.55859375 9129.58203125 -2752.39697265625 -6763.81396484375 -5826.271484375 10620.5546875 9439.2412109375 -4356.865234375 -331.8236389160156 output 8 6 7 9 3 2 5 1 10 4 indices 9 -1 2 3 -1 1 3 4 2 1 -1 4 2 1 3 -1 2 1 3 4 -1 1 2 3 2 1 3 4 2 1 3 4 -1 6 1 2 2 1 3 4 value 1.0 1.0 0.0 0.0 0.0 0.0 0.0 0.0 0.0 0.0 0.0 0.0 0.0 0.0 0.0 0.0 0.0 0.0 0.0 0.0 3.0 1.0 0.0 0.0 0.0 0.0 0.0 0.0 0.0 0.0 0.0 0.0 3.0 1.0 0.0 0.0 0.0 0.0 0.0 0.0 
-8468.1533203125 3110.2041015625 7925.39208984375 2963.6669921875 6745.4267578125 2656.640869140625 -1958.8248291015625 -4461.07666015625 -4295.19873046875 6159.63330078125 4084.093994140625 521.01220703125 1391.8983154296875 -2039.080078125 -3880.295166015625 7930.509765625 -2492.888671875 -8654.9794921875 948.55029296875 -8186.53076171875 output 1 4 9 10 7 6 3 2 8 5 indices 2 -1 3 4 9 -1 1 3 2 1 -1 4 8 -1 1 2 2 1 3 4 2 1 3 4 2 1 3 4 -1 2 1 3 -1 4 1 2 2 1 3 4 value 0.0 0.0 0.0 0.0 1.0 1.0 0.0 0.0 0.0 0.0 0.0 0.0 1.0 1.0 0.0 0.0 0.0 0.0 0.0 0.0 0.0 0.0 0.0 0.0 0.0 0.0 0.0 0.0 1.0 1.0 0.0 0.0 3.0 1.0 0.0 0.0 0.0 0.0 0.0 0.0 
2829.07080078125 -1485.3392333984375 2608.602783203125 10129.486328125 -5469.556640625 -2400.842529296875 1976.6917724609375 1650.1710205078125 5328.16064453125 -525.2950439453125 -8242.26953125 -5820.5029296875 5755.32763671875 4457.10107421875 4637.771484375 -7036.46484375 -8464.578125 9496.447265625 -959.220458984375 -8464.7607421875 output 4 7 2 9 3 6 10 8 5 1 indices 2 -1 3 4 -1 10 1 3 -1 2 1 4 2 1 3 -1 2 1 3 4 2 1 3 4 2 1 3 4 2 1 3 4 2 1 3 4 -1 3 1 2 value 0.0 0.0 0.0 0.0 3.0 1.0 0.0 0.0 1.0 1.0 0.0 0.0 0.0 0.0 0.0 0.0 0.0 0.0 0.0 0.0 0.0 0.0 0.0 0.0 0.0 0.0 0.0 0.0 0.0 0.0 0.0 0.0 0.0 0.0 0.0 0.0 3.0 1.0 0.0 0.0 
-6230.6396484375 -9497.419921875 -6513.0947265625 -4558.73876953125 -8946.7392578125 -9126.861328125 -691.0057983398438 4846.2041015625 6516.1630859375 -2879.31494140625 -4017.091796875 5009.75732421875 4513.77001953125 4300.736328125 6188.12548828125 7870.869140625 4817.97998046875 -904.8574829101562 4362.533203125 4939.625 output 1 3 2 6 4 8 10 7 9 5 indices -1 2 3 4 8 -1 1 3 2 1 -1 4 2 1 3 -1 2 1 3 4 2 1 3 4 2 1 3 4 -1 1 2 3 2 1 3 4 2 1 3 4 value 3.0 1.0 0.0 0.0 1.0 1.0 0.0 0.0 0.0 0.0 0.0 0.0 0.0 0.0 0.0 0.0 0.0 0.0 0.0 0.0 0.0 0.0 0.0 0.0 0.0 0.0 0.0 0.0 3.0 1.0 0.0 0.0 0.0 0.0 0.0 0.0 0.0 0.0 0.0 0.0 
-4502.49072265625 -9207.546875 -1578.8590087890625 8479.150390625 5597.7890625 270.71746826171875 6905.98046875 140.5818328857422 -7072.9013671875 6437.68017578125 815.5648193359375 5931.94140625 6204.595703125 5124.33349609375 -1968.300537109375 -8378.7333984375 -1268.958740234375 -6090.77685546875 -3132.419677734375 -2707.347900390625 output 10 1 8 9 3 4 7 6 2 5 indices -1 10 2 3 7 -1 1 3 2 1 -1 4 2 1 3 -1 2 1 3 4 2 1 3 4 -1 1 2 3 2 1 3 4 2 1 3 4 -1 2 1 3 value 3.0 1.0 0.0 0.0 1.0 1.0 0.0 0.0 0.0 0.0 0.0 0.0 0.0 0.0 0.0 0.0 0.0 0.0 0.0 0.0 0.0 0.0 0.0 0.0 1.0 1.0 0.0 0.0 0.0 0.0 0.0 0.0 0.0 0.0 0.0 0.0 1.0 1.0 0.0 0.0 
-275.5492858886719 2286.126708984375 -2644.37890625 2663.9677734375 10707.2080078125 -6323.5302734375 -6340.35693359375 5503.5458984375 -3543.093994140625 7572.98486328125 -3652.218505859375 -5104.42333984375 7973.69775390625 -2060.90673828125 639.0260009765625 -5046.2314453125 -7433.0791015625 -7746.50048828125 4568.7451171875 8254.966796875 output 4 5 10 7 3 8 6 9 1 2 indices 2 -1 3 4 -1 1 3 4 2 1 -1 4 2 1 3 -1 2 1 3 4 10 -1 1 2 2 1 3 4 2 1 3 4 -1 6 1 2 -1 9 1 2 value 0.0 0.0 0.0 0.0 0.0 0.0 0.0 0.0 0.0 0.0 0.0 0.0 0.0 0.0 0.0 0.0 0.0 0.0 0.0 0.0 1.0 1.0 0.0 0.0 0.0 0.0 0.0 0.0 0.0 0.0 0.0 0.0 3.0 1.0 0.0 0.0 3.0 1.0 0.0 0.0 
-2323.0576171875 -4362.11767578125 -8154.1123046875 -7768.91552734375 -1782.099609375 10956.935546875 -2390.67626953125 -5126.7744140625 7393.96142578125 4980.8896484375 3379.301513671875 -367.880126953125 -3761.34033203125 6272.41748046875 5422.29150390625 -3772.349365234375 1962.0657958984375 7043.01806640625 253.66598510742188 -7855.2236328125 output 4 1 2 7 3 9 5 6 8 10 indices 3 -1 2 4 -1 1 3 4 -1 2 1 4 2 1 3 -1 2 1 3 4 2 1 3 4 2 1 3 4 2 1 3 4 2 1 3 4 2 1 3 4 value 1.0 1.0 0.0 0.0 3.0 1.0 0.0 0.0 3.0 1.0 0.0 0.0 0.0 0.0 0.0 0.0 0.0 0.0 0.0 0.0 0.0 0.0 0.0 0.0 0.0 0.0 0.0 0.0 0.0 0.0 0.0 0.0 0.0 0.0 0.0 0.0 0.0 0.0 0.0 0.0 
-7768.7470703125 -7464.892578125 9605.4658203125 5292.390625 -3940.966552734375 -2479.488525390625 7752.23388671875 -6436.546875 -128.42764282226562 -7747.48681640625 -8735.484375 3422.427490234375 1665.788330078125 5634.54150390625 -5928.20654296875 -553.593994140625 -1772.4456787109375 6638.88427734375 9250.7890625 3693.764892578125 output 2 10 4 5 1 3 8 6 9 7 indices 2 -1 3 4 -1 5 1 3 -1 2 1 4 2 1 3 -1 -1 3 1 2 2 1 3 4 2 1 3 4 2 1 3 4 2 1 3 4 2 1 3 4 value 0.0 0.0 0.0 0.0 3.0 1.0 0.0 0.0 1.0 1.0 0.0 0.0 0.0 0.0 0.0 0.0 3.0 1.0 0.0 0.0 0.0 0.0 0.0 0.0 0.0 0.0 0.0 0.0 0.0 0.0 0.0 0.0 0.0 0.0 0.0 0.0 0.0 0.0 0.0 0.0 
-6069.27587890625 3387.052978515625 -8102.12451171875 1675.7900390625 3099.357666015625 -7205.5380859375 3793.057373046875 -5445.71533203125 -4809.3203125 -2583.079833984375 -4439.2666015625 -5490.97802734375 -1752.25537109375 10179.8271484375 8879.9521484375 6857.68115234375 2138.879150390625 3803.9921875 7260.99609375 -5179.03173828125 output 9 7 1 2 5 6 3 4 10 8 indices 2 -1 3 4 -1 1 3 4 -1 5 1 2 2 1 3 -1 8 -1 1 2 2 1 3 4 2 1 3 4 -1 3 1 2 2 1 3 4 2 1 3 4 value 0.0 0.0 0.0 0.0 0.0 0.0 0.0 0.0 3.0 1.0 0.0 0.0 0.0 0.0 0.0 0.0 1.0 1.0 0.0 0.0 0.0 0.0 0.0 0.0 0.0 0.0 0.0 0.0 3.0 1.0 0.0 0.0 0.0 0.0 0.0 0.0 0.0 0.0 0.0 0.0 
-1736.000732421875 -1205.60595703125 6924.92919921875 -5123.44580078125 -1544.8790283203125 -3167.026123046875 1839.2440185546875 -3250.561279296875 1840.751220703125 -2698.229248046875 -9090.5380859375 -5437.72802734375 221.34422302246094 10656.4267578125 2864.2685546875 119.26988220214844 1527.8558349609375 6263.17626953125 -2846.974365234375 3843.723876953125 output 1 5 4 2 8 9 7 10 6 3 indices 7 -1 2 3 -1 1 3 4 2 1 -1 4 2 1 3 -1 2 1 3 4 -1 1 2 3 -1 6 1 2 2 1 3 4 2 1 3 4 2 1 3 4 value 1.0 1.0 0.0 0.0 0.0 0.0 0.0 0.0 0.0 0.0 0.0 0.0 0.0 0.0 0.0 0.0 0.0 0.0 0.0 0.0 3.0 1.0 0.0 0.0 3.0 1.0 0.0 0.0 0.0 0.0 0.0 0.0 0.0 0.0 0.0 0.0 0.0 0.0 0.0 0.0 
-108.5161361694336 6287.54638671875 745.3971557617188 -3417.135498046875 -2546.33203125 -898.7576904296875 -743.0367431640625 8319.25 -3588.829833984375 7706.20361328125 6650.978515625 -10645.912109375 -6143.107421875 -3758.48828125 5974.5126953125 3562.075927734375 8456.130859375 -4711.3916015625 -8697.1962890625 -2443.390869140625 output 9 6 2 3 7 10 5 4 1 8 indices 2 -1 3 4 -1 1 3 4 4 -1 1 2 -1 6 1 2 2 1 3 4 -1 3 1 2 2 1 3 4 2 1 3 4 2 1 3 4 2 1 3 4 value 0.0 0.0 0.0 0.0 0.0 0.0 0.0 0.0 1.0 1.0 0.0 0.0 3.0 1.0 0.0 0.0 0.0 0.0 0.0 0.0 3.0 1.0 0.0 0.0 0.0 0.0 0.0 0.0 0.0 0.0 0.0 0.0 0.0 0.0 0.0 0.0 0.0 0.0 0.0 0.0 
7940.376953125 -8606.5390625 6162.67529296875 9394.7294921875 107.85574340820312 934.8702392578125 3619.86376953125 -4449.69140625 -6350.58447265625 7170.3349609375 -10053.9609375 -1671.244140625 -2314.5576171875 -2303.754150390625 3019.979248046875 2030.7613525390625 6675.63525390625 3729.1787109375 -8807.283203125 -6228.646484375 output 6 10 7 1 4 3 8 9 2 5 indices -1 7 2 3 -1 1 3 4 2 1 -1 4 2 1 3 -1 2 1 3 4 2 1 3 4 -1 2 1 3 2 1 3 4 2 1 3 4 2 1 3 4 value 3.0 1.0 0.0 0.0 3.0 1.0 0.0 0.0 0.0 0.0 0.0 0.0 0.0 0.0 0.0 0.0 0.0 0.0 0.0 0.0 0.0 0.0 0.0 0.0 1.0 1.0 0.0 0.0 0.0 0.0 0.0 0.0 0.0 0.0 0.0 0.0 0.0 0.0 0.0 0.0 
-7144.40185546875 -3735.838134765625 2510.9833984375 3416.096923828125 3206.071533203125 1625.1500244140625 4960.8017578125 876.770751953125 -7433.4287109375 2773.68359375 2848.034423828125 -9929.736328125 -447.54547119140625 -5236.5302734375 -3465.935546875 -2051.050048828125 9369.4609375 5904.58251953125 -4404.04052734375 6356.87109375 output 1 5 10 2 3 9 4 6 7 8 indices 2 -1 3 4 -1 1 3 4 2 1 -1 4 2 1 3 -1 2 1 3 4 -1 8 1 2 2 1 3 4 9 -1 1 2 -1 6 1 2 2 1 3 4 value 0.0 0.0 0.0 0.0 0.0 0.0 0.0 0.0 0.0 0.0 0.0 0.0 0.0 0.0 0.0 0.0 0.0 0.0 0.0 0.0 3.0 1.0 0.0 0.0 0.0 0.0 0.0 0.0 1.0 1.0 0.0 0.0 3.0 1.0 0.0 0.0 0.0 0.0 0.0 0.0 
-2851.975341796875 7097.81298828125 -4019.9775390625 3082.627685546875 1718.460205078125 6076.2529296875 4088.3544921875 -1298.428955078125 -306.6617126464844 -4408.56201171875 4767.2509765625 -5799.85009765625 2241.344482421875 6433.25830078125 -4332.8671875 -2428.1455078125 -4041.205078125 -9782.7109375 2737.276611328125 1027.7459716796875 output 10 7 3 1 2 8 9 5 6 4 indices 2 -1 3 4 -1 1 3 4 2 1 -1 4 2 1 3 -1 8 3 1 2 2 1 3 4 -1 9 1 2 7 3 1 2 -1 5 1 2 2 1 3 4 value 0.0 0.0 0.0 0.0 0.0 0.0 0.0 0.0 0.0 0.0 0.0 0.0 0.0 0.0 0.0 0.0 1.0 0.0 0.0 0.0 0.0 0.0 0.0 0.0 3.0 1.0 0.0 0.0 1.0 0.0 0.0 0.0 3.0 1.0 0.0 0.0 0.0 0.0 0.0 0.0 
-7580.7568359375 -5641.8095703125 3224.23046875 -6578.90771484375 -9342.6591796875 2285.91259765625 -7762.94384765625 -1073.4132080078125 6056.5654296875 -8313.0869140625 2436.504150390625 5639.60546875 5405.927734375 2895.042724609375 -771.325927734375 7007.91748046875 445.7974548339844 556.1842651367188 7888.66064453125 3222.5546875 output 8 6 10 7 9 5 2 1 4 3 indices 2 -1 3 4 -1 1 3 4 2 1 -1 4 2 1 3 -1 -1 9 1 2 2 1 3 4 2 1 3 4 10 -1 1 2 -1 8 1 2 -1 5 1 2 value 0.0 0.0 0.0 0.0 0.0 0.0 0.0 0.0 0.0 0.0 0.0 0.0 0.0 0.0 0.0 0.0 3.0 1.0 0.0 0.0 0.0 0.0 0.0 0.0 0.0 0.0 0.0 0.0 1.0 1.0 0.0 0.0 1.0 1.0 0.0 0.0 1.0 1.0 0.0 0.0 
4433.88623046875 9265.033203125 -3577.357666015625 -3850.53271484375 2534.972900390625 -1070.53662109375 9085.498046875 -3942.58642578125 8474.2666015625 5776.1025390625 -1739.264404296875 -5077.5537109375 -5470.50634765625 -6007.4443359375 -6730.8974609375 -21.75788116455078 -9588.544921875 8257.5341796875 2577.94775390625 -3328.257568359375 output 5 1 9 8 7 2 6 10 3 4 indices -1 7 2 3 -1 1 3 4 2 1 -1 4 2 1 3 -1 2 1 3 4 -1 1 2 3 -1 6 1 2 2 1 3 4 2 1 3 4 2 1 3 4 value 3.0 1.0 0.0 0.0 0.0 0.0 0.0 0.0 0.0 0.0 0.0 0.0 0.0 0.0 0.0 0.0 0.0 0.0 0.0 0.0 1.0 1.0 0.0 0.0 3.0 1.0 0.0 0.0 0.0 0.0 0.0 0.0 0.0 0.0 0.0 0.0 0.0 0.0 0.0 0.0 
6574.87109375 -3343.37109375 -6558.64892578125 -6442.3740234375 -7816.0966796875 -5228.05908203125 -5153.60498046875 -4106.17529296875 -4914.8017578125 3024.28076171875 4066.70703125 9577.439453125 6433.638671875 -4519.56201171875 -7877.24951171875 9930.8447265625 7594.216796875 7049.03173828125 7650.96826171875 -5942.0546875 output 1 7 10 2 3 4 5 8 6 9 indices 2 -1 3 4 -1 4 1 3 2 1 -1 4 6 -1 1 2 2 1 3 4 -1 2 1 3 2 1 3 4 2 1 3 4 2 1 3 4 2 1 3 4 value 0.0 0.0 0.0 0.0 3.0 1.0 0.0 0.0 0.0 0.0 0.0 0.0 1.0 1.0 0.0 0.0 0.0 0.0 0.0 0.0 3.0 1.0 0.0 0.0 0.0 0.0 0.0 0.0 0.0 0.0 0.0 0.0 0.0 0.0 0.0 0.0 0.0 0.0 0.0 0.0 
-1579.50048828125 -4943.02978515625 4383.8359375 3267.388427734375 -2043.300048828125 3718.630126953125 4485.44921875 580.8658447265625 -2344.984130859375 -4722.03955078125 -9061.2880859375 8237.2744140625 3264.362548828125 7099.984375 1680.989501953125 -4411.62548828125 -2694.84228515625 -4453.98486328125 3909.278076171875 -4373.462890625 output 10 8 1 5 9 6 3 7 2 4 indices -1 5 2 3 -1 1 3 4 2 1 -1 4 2 1 3 -1 7 -1 1 2 2 1 3 4 -1 1 2 3 2 1 3 4 2 1 3 4 2 1 3 4 value 3.0 1.0 0.0 0.0 0.0 0.0 0.0 0.0 0.0 0.0 0.0 0.0 0.0 0.0 0.0 0.0 1.0 1.0 0.0 0.0 0.0 0.0 0.0 0.0 3.0 1.0 0.0 0.0 0.0 0.0 0.0 0.0 0.0 0.0 0.0 0.0 0.0 0.0 0.0 0.0 
2612.4375 7292.21142578125 -7553.73388671875 -96.92460632324219 9135.591796875 -6887.15576171875 1644.809326171875 -1953.1065673828125 -8916.9013671875 5188.6806640625 -3006.385009765625 5216.1416015625 6226.7607421875 -6247.08642578125 6398.1708984375 -2385.535400390625 -9994.994140625 3569.98388671875 3454.244140625 -3697.208984375 output 10 7 3 8 1 6 5 9 2 4 indices -1 3 2 4 -1 1 3 4 -1 4 1 2 -1 1 2 3 2 1 3 4 2 1 3 4 2 1 3 4 2 1 3 4 2 1 3 4 2 1 3 4 value 3.0 1.0 0.0 0.0 0.0 0.0 0.0 0.0 3.0 1.0 0.0 0.0 1.0 1.0 0.0 0.0 0.0 0.0 0.0 0.0 0.0 0.0 0.0 0.0 0.0 0.0 0.0 0.0 0.0 0.0 0.0 0.0 0.0 0.0 0.0 0.0 0.0 0.0 0.0 0.0 
-1073.194580078125 4533.96728515625 8839.9873046875 7067.9267578125 762.47021484375 -7572.4052734375 -6112.3876953125 -6184.11328125 -5976.57958984375 6544.0703125 -6522.06298828125 -4601.75537109375 2131.767822265625 2508.942626953125 -4959.6630859375 2480.297607421875 3529.291259765625 -3575.113525390625 9380.37109375 -1201.816650390625 output 5 8 6 4 3 9 10 2 7 1 indices 2 -1 3 4 -1 3 1 4 -1 6 1 2 2 1 3 -1 2 1 3 4 -1 2 1 3 2 1 3 4 2 1 3 4 2 1 3 4 2 1 3 4 value 0.0 0.0 0.0 0.0 3.0 1.0 0.0 0.0 3.0 1.0 0.0 0.0 0.0 0.0 0.0 0.0 0.0 0.0 0.0 0.0 1.0 1.0 0.0 0.0 0.0 0.0 0.0 0.0 0.0 0.0 0.0 0.0 0.0 0.0 0.0 0.0 0.0 0.0 0.0 0.0 
3313.64501953125 -5553.7470703125 -1723.7567138671875 -3603.09033203125 5352.80224609375 8610.841796875 -2238.4501953125 3603.43994140625 -2514.014892578125 -8001.40869140625 -2587.0458984375 9816.4794921875 3948.0419921875 -7955.578125 -4295.55029296875 2994.73095703125 574.9324951171875 -6195.99755859375 169.3963623046875 6284.32958984375 output 7 1 3 6 10 4 8 2 5 9 indices 2 -1 3 4 3 -1 1 4 -1 5 1 2 2 1 3 -1 -1 2 1 3 2 1 3 4 2 1 3 4 2 1 3 4 2 1 3 4 2 1 3 4 value 0.0 0.0 0.0 0.0 1.0 1.0 0.0 0.0 3.0 1.0 0.0 0.0 0.0 0.0 0.0 0.0 3.0 1.0 0.0 0.0 0.0 0.0 0.0 0.0 0.0 0.0 0.0 0.0 0.0 0.0 0.0 0.0 0.0 0.0 0.0 0.0 0.0 0.0 0.0 0.0 
800.4760131835938 -2484.300048828125 -4514.31201171875 -2607.19677734375 4630.43359375 -1334.9820556640625 -1816.806884765625 -1814.216552734375 -6057.59130859375 -582.2713012695312 8760.009765625 3595.19140625 -780.1972045898438 1008.2186889648438 -7930.03515625 -363.3797607421875 5906.13916015625 6817.04736328125 1001.8839721679688 -2234.111083984375 output 9 6 3 10 1 4 2 8 5 7 indices 2 -1 3 4 -1 4 1 3 2 1 -1 4 9 -1 1 2 2 1 3 4 2 1 3 4 2 1 3 4 2 1 3 4 -1 2 1 3 2 1 3 4 value 0.0 0.0 0.0 0.0 3.0 1.0 0.0 0.0 0.0 0.0 0.0 0.0 1.0 1.0 0.0 0.0 0.0 0.0 0.0 0.0 0.0 0.0 0.0 0.0 0.0 0.0 0.0 0.0 0.0 0.0 0.0 0.0 3.0 1.0 0.0 0.0 0.0 0.0 0.0 0.0 
-7328.89794921875 -2040.142822265625 2122.670166015625 7709.36181640625 5880.21435546875 2597.662841796875 -9053.9013671875 -718.9573974609375 1297.57666015625 4149.779296875 -7399.9609375 -728.59228515625 5289.15771484375 -8021.91015625 5590.63134765625 9248.59765625 -465.6532287597656 -5154.07373046875 4068.163818359375 -7041.72509765625 output 10 7 3 8 2 5 6 4 1 9 indices 2 -1 3 4 -1 1 3 4 2 1 -1 4 2 1 3 -1 2 1 3 4 2 1 3 4 -1 9 1 2 -1 7 1 2 -1 8 1 2 2 1 3 4 value 0.0 0.0 0.0 0.0 0.0 0.0 0.0 0.0 0.0 0.0 0.0 0.0 0.0 0.0 0.0 0.0 0.0 0.0 0.0 0.0 0.0 0.0 0.0 0.0 3.0 1.0 0.0 0.0 3.0 1.0 0.0 0.0 1.0 1.0 0.0 0.0 0.0 0.0 0.0 0.0 
-2110.97607421875 3861.007568359375 -3732.375732421875 -4898.02587890625 -1026.7811279296875 -5341.24853515625 1844.12890625 5038.28857421875 -3072.434326171875 -4398.5361328125 3192.445068359375 -7982.7060546875 699.2216186523438 8450.5224609375 -4917.015625 -4297.5048828125 -1830.607421875 828.1889038085938 10954.39453125 8740.0126953125 output 7 4 1 9 8 2 5 3 6 10 indices 2 -1 3 4 -1 1 3 4 2 1 -1 4 2 1 3 -1 9 3 1 2 -1 5 1 2 2 1 3 4 2 1 3 4 10 3 1 2 -1 6 1 2 value 0.0 0.0 0.0 0.0 0.0 0.0 0.0 0.0 0.0 0.0 0.0 0.0 0.0 0.0 0.0 0.0 1.0 0.0 0.0 0.0 3.0 1.0 0.0 0.0 0.0 0.0 0.0 0.0 0.0 0.0 0.0 0.0 1.0 0.0 0.0 0.0 3.0 1.0 0.0 0.0 
-1945.02978515625 6260.759765625 6274.1337890625 -5081.12255859375 6613.3896484375 -1313.649169921875 -6867.42724609375 252.34886169433594 -710.6819458007812 1908.7000732421875 -2270.748046875 -5084.89892578125 4099.4375 6353.70361328125 5788.05810546875 4305.01708984375 -526.571533203125 -6540.14794921875 -10454.560546875 -1060.710693359375 output 4 10 6 9 2 3 8 7 1 5 indices 2 -1 3 4 -1 1 3 4 2 1 -1 4 2 1 3 -1 2 1 3 4 7 -1 1 2 -1 9 1 2 2 1 3 4 -1 6 1 2 2 1 3 4 value 0.0 0.0 0.0 0.0 0.0 0.0 0.0 0.0 0.0 0.0 0.0 0.0 0.0 0.0 0.0 0.0 0.0 0.0 0.0 0.0 1.0 1.0 0.0 0.0 3.0 1.0 0.0 0.0 0.0 0.0 0.0 0.0 3.0 1.0 0.0 0.0 0.0 0.0 0.0 0.0 
-3431.72021484375 -13973.1591796875 -830.8920288085938 341.747314453125 -8754.6650390625 4205.49462890625 392.5514221191406 -2139.644287109375 -783.1966552734375 5429.54443359375 4895.50341796875 -3709.24560546875 9322.66796875 4822.5068359375 -4899.0302734375 4169.1904296875 -365.9466247558594 5676.5966796875 4454.728515625 -4823.03125 output 1 4 2 3 8 5 9 7 6 10 indices -1 2 3 4 7 -1 1 3 2 1 -1 4 2 1 3 -1 2 1 3 4 2 1 3 4 -1 1 2 3 2 1 3 4 2 1 3 4 2 1 3 4 value 3.0 1.0 0.0 0.0 1.0 1.0 0.0 0.0 0.0 0.0 0.0 0.0 0.0 0.0 0.0 0.0 0.0 0.0 0.0 0.0 0.0 0.0 0.0 0.0 3.0 1.0 0.0 0.0 0.0 0.0 0.0 0.0 0.0 0.0 0.0 0.0 0.0 0.0 0.0 0.0 
-9469.154296875 -1159.4228515625 -6118.4609375 1355.9267578125 7702.6904296875 3499.162353515625 -4117.1513671875 3372.64990234375 6881.6962890625 172.5664520263672 5057.5419921875 -3633.50146484375 6788.7421875 -2219.199462890625 -6282.86083984375 -2806.457275390625 3861.235107421875 -5116.76318359375 -4304.27783203125 6535.0390625 output 2 4 10 3 5 7 6 9 8 1 indices 2 -1 3 4 -1 1 3 4 -1 9 1 2 2 1 3 -1 2 1 3 4 2 1 3 4 2 1 3 4 -1 3 1 2 -1 8 1 2 2 1 3 4 value 0.0 0.0 0.0 0.0 0.0 0.0 0.0 0.0 3.0 1.0 0.0 0.0 0.0 0.0 0.0 0.0 0.0 0.0 0.0 0.0 0.0 0.0 0.0 0.0 0.0 0.0 0.0 0.0 1.0 1.0 0.0 0.0 3.0 1.0 0.0 0.0 0.0 0.0 0.0 0.0 
11069.87109375 547.9575805664062 -6945.53662109375 -5285.068359375 7399.796875 -1153.7666015625 -3739.34765625 -7496.60595703125 753.6410522460938 4838.27197265625 4774.77197265625 -3741.735107421875 -6344.080078125 -4975.3408203125 -3079.429443359375 3822.49560546875 -7909.36962890625 6922.94287109375 4019.6826171875 6520.8486328125 output 9 8 5 10 1 3 6 4 7 2 indices 2 -1 3 4 -1 1 3 4 2 1 -1 4 -1 10 1 2 2 1 3 4 2 1 3 4 2 1 3 4 2 1 3 4 2 1 3 4 -1 4 1 2 value 0.0 0.0 0.0 0.0 0.0 0.0 0.0 0.0 0.0 0.0 0.0 0.0 5.0 1.0 0.0 0.0 0.0 0.0 0.0 0.0 0.0 0.0 0.0 0.0 0.0 0.0 0.0 0.0 0.0 0.0 0.0 0.0 0.0 0.0 0.0 0.0 3.0 1.0 0.0 0.0 
-118.15032196044922 757.9046630859375 -3168.72021484375 4484.21533203125 2360.48046875 -5058.458984375 -2885.371337890625 1454.2730712890625 -1914.69140625 2579.53466796875 5743.49267578125 -6230.80419921875 8201.7626953125 6312.005859375 -4424.80224609375 -7445.19921875 -3629.435791015625 -3331.892333984375 -164.56419372558594 6478.4208984375 output 2 5 4 1 9 8 3 6 7 10 indices 2 -1 3 4 -1 1 3 4 2 1 -1 4 2 1 3 -1 2 1 3 4 2 1 3 4 -1 8 1 2 -1 9 1 2 -1 7 1 2 2 1 3 4 value 0.0 0.0 0.0 0.0 0.0 0.0 0.0 0.0 0.0 0.0 0.0 0.0 0.0 0.0 0.0 0.0 0.0 0.0 0.0 0.0 0.0 0.0 0.0 0.0 3.0 1.0 0.0 0.0 3.0 1.0 0.0 0.0 1.0 1.0 0.0 0.0 0.0 0.0 0.0 0.0 
8345.4765625 4783.59619140625 10919.884765625 -6730.1640625 557.05908203125 -3654.791259765625 -5153.96826171875 8060.20703125 -7971.7470703125 -4757.87109375 8066.4375 -7243.0224609375 -1890.3028564453125 -3276.875732421875 -6186.92529296875 -4429.31103515625 -4809.90234375 8426.6357421875 -1876.01220703125 8821.5966796875 output 8 5 4 9 10 1 2 6 3 7 indices 6 -1 2 3 -1 1 3 4 2 1 -1 4 2 1 3 -1 2 1 3 4 -1 7 1 2 10 -1 1 2 2 1 3 4 2 1 3 4 -1 1 2 3 value 1.0 1.0 0.0 0.0 0.0 0.0 0.0 0.0 0.0 0.0 0.0 0.0 0.0 0.0 0.0 0.0 0.0 0.0 0.0 0.0 3.0 1.0 0.0 0.0 1.0 1.0 0.0 0.0 0.0 0.0 0.0 0.0 0.0 0.0 0.0 0.0 1.0 1.0 0.0 0.0 
-8691.1533203125 -9214.2734375 -5272.533203125 -3498.777587890625 -3958.3046875 -5340.59228515625 8261.5400390625 4903.14306640625 10996.3505859375 6095.22607421875 4187.08544921875 2332.221923828125 -1246.228759765625 5572.38134765625 -4954.69970703125 -3679.691162109375 -2590.691650390625 1935.670654296875 3268.6357421875 894.6907348632812 output 8 2 9 7 5 4 6 10 3 1 indices -1 3 2 4 -1 1 3 4 5 -1 8 1 2 1 3 -1 -1 1 2 3 2 1 3 4 2 1 3 4 5 3 1 2 2 1 3 4 2 1 3 4 value 3.0 1.0 0.0 0.0 0.0 0.0 0.0 0.0 1.0 1.0 1.1381214190568341e-23 0.0 0.0 0.0 0.0 0.0 3.0 1.0 0.0 0.0 0.0 0.0 0.0 0.0 0.0 0.0 0.0 0.0 1.1381214190568341e-23 0.0 0.0 0.0 0.0 0.0 0.0 0.0 0.0 0.0 0.0 0.0 
1328.0516357421875 -5633.5302734375 3081.132568359375 -477.16522216796875 5164.6220703125 -560.38037109375 446.83477783203125 -1750.47900390625 -7781.4208984375 8194.4140625 -5182.28857421875 7237.2900390625 9389.796875 -7670.134765625 -7444.56201171875 2230.267578125 339.908447265625 5143.59912109375 657.9255981445312 -6713.88134765625 output 8 5 6 9 2 3 7 10 1 4 indices 2 -1 3 4 -1 1 3 4 2 1 -1 4 5 -1 1 2 9 -1 1 2 2 1 3 4 -1 4 1 2 2 1 3 4 -1 7 1 2 2 1 3 4 value 0.0 0.0 0.0 0.0 0.0 0.0 0.0 0.0 0.0 0.0 0.0 0.0 1.0 1.0 0.0 0.0 1.0 1.0 0.0 0.0 0.0 0.0 0.0 0.0 3.0 1.0 0.0 0.0 0.0 0.0 0.0 0.0 1.0 1.0 0.0 0.0 0.0 0.0 0.0 0.0 
2696.796630859375 5371.2705078125 -2700.9091796875 4092.01806640625 -933.1009521484375 7949.56640625 3773.024658203125 -1363.799072265625 3857.803466796875 6162.09716796875 917.64306640625 -5819.8681640625 -3731.5244140625 -6410.85205078125 7982.14453125 -5124.8193359375 -9027.869140625 -2890.481689453125 -2834.0087890625 -1965.1317138671875 output 6 8 4 1 5 3 2 10 9 7 indices 2 -1 3 4 -1 1 3 4 5 -1 1 2 2 1 3 -1 7 -1 1 2 2 1 3 4 -1 10 1 2 2 1 3 4 2 1 3 4 -1 3 1 2 value 0.0 0.0 0.0 0.0 0.0 0.0 0.0 0.0 1.0 1.0 0.0 0.0 0.0 0.0 0.0 0.0 1.0 1.0 0.0 0.0 0.0 0.0 0.0 0.0 3.0 1.0 0.0 0.0 0.0 0.0 0.0 0.0 0.0 0.0 0.0 0.0 1.0 1.0 0.0 0.0 
519.9264526367188 -1913.2523193359375 5367.97314453125 -2409.634521484375 -3027.0 -3784.9482421875 -3825.284423828125 -1176.8929443359375 -5021.3857421875 8711.357421875 2076.025390625 -3184.73193359375 -4917.958984375 -1570.300048828125 -4257.27587890625 -3256.717529296875 10084.8671875 8262.0078125 3000.113037109375 323.1129455566406 output 6 1 3 8 7 4 5 9 10 2 indices 9 -1 2 3 -1 1 3 4 -1 1 2 4 2 1 3 -1 2 1 3 4 2 1 3 4 2 1 3 4 2 1 3 4 -1 3 1 2 2 1 3 4 value 1.0 1.0 0.0 0.0 0.0 0.0 0.0 0.0 3.0 1.0 0.0 0.0 0.0 0.0 0.0 0.0 0.0 0.0 0.0 0.0 0.0 0.0 0.0 0.0 0.0 0.0 0.0 0.0 0.0 0.0 0.0 0.0 3.0 1.0 0.0 0.0 0.0 0.0 0.0 0.0 
6102.318359375 4710.76220703125 -4470.2841796875 -6310.89013671875 -7119.41015625 5478.55029296875 2530.91845703125 1161.2254638671875 3758.48193359375 3893.89404296875 146.94183349609375 -6117.9970703125 446.5967102050781 3200.26953125 1378.080810546875 -475.2855529785156 -447.3337707519531 997.6582641601562 -2326.310302734375 -6538.1875 output 1 5 7 9 3 2 10 6 8 4 indices -1 10 2 3 -1 1 3 4 2 1 -1 4 2 1 3 -1 2 1 3 4 2 1 3 4 2 1 3 4 -1 1 2 3 2 1 3 4 -1 8 1 2 value 3.0 1.0 0.0 0.0 0.0 0.0 0.0 0.0 0.0 0.0 0.0 0.0 0.0 0.0 0.0 0.0 0.0 0.0 0.0 0.0 0.0 0.0 0.0 0.0 0.0 0.0 0.0 0.0 1.0 1.0 0.0 0.0 0.0 0.0 0.0 0.0 3.0 1.0 0.0 0.0 
-2918.448974609375 528.6419067382812 362.2497253417969 -4522.25341796875 1226.9288330078125 654.0364990234375 -6890.775390625 -4240.1650390625 -6866.1376953125 1993.8709716796875 -2705.648681640625 -5396.39208984375 8427.994140625 10541.982421875 6171.12451171875 -5157.89013671875 3390.09619140625 6226.7744140625 -197.38299560546875 -628.6060180664062 output 10 3 9 7 8 2 6 4 5 1 indices 2 -1 3 4 -1 1 3 4 2 1 -1 4 2 1 3 -1 2 1 3 4 -1 10 1 2 -1 6 1 2 2 1 3 4 2 1 3 4 -1 7 1 2 value 0.0 0.0 0.0 0.0 0.0 0.0 0.0 0.0 0.0 0.0 0.0 0.0 0.0 0.0 0.0 0.0 0.0 0.0 0.0 0.0 3.0 1.0 0.0 0.0 3.0 1.0 0.0 0.0 0.0 0.0 0.0 0.0 0.0 0.0 0.0 0.0 1.0 1.0 0.0 0.0 
6283.943359375 -551.9295043945312 -5934.51953125 6884.7177734375 1651.50830078125 -12639.0634765625 -7738.21484375 -1849.3443603515625 -232.2828826904297 1700.6409912109375 105.08448028564453 -6563.6669921875 6841.31591796875 -2850.097412109375 9955.5546875 2349.518798828125 -1865.414306640625 6960.54248046875 -9066.9755859375 6558.681640625 output 2 9 5 8 1 7 3 6 4 10 indices 2 -1 3 4 -1 1 3 4 -1 6 1 2 2 1 3 -1 2 1 3 4 9 -1 1 2 2 1 3 4 -1 3 1 2 -1 8 1 2 2 1 3 4 value 0.0 0.0 0.0 0.0 0.0 0.0 0.0 0.0 3.0 1.0 0.0 0.0 0.0 0.0 0.0 0.0 0.0 0.0 0.0 0.0 1.0 1.0 0.0 0.0 0.0 0.0 0.0 0.0 1.0 1.0 0.0 0.0 1.0 1.0 0.0 0.0 0.0 0.0 0.0 0.0 
-1870.846923828125 -1721.2020263671875 -426.4652404785156 5920.64794921875 -5202.21630859375 -5765.25634765625 3521.42724609375 -5058.11474609375 1330.1619873046875 -6324.59814453125 5203.962890625 6382.0849609375 760.9273071289062 10340.18359375 -2462.439208984375 -6992.75634765625 5231.2080078125 8427.0859375 -6085.7197265625 -5208.07470703125 output 1 10 3 8 5 4 6 9 7 2 indices 7 -1 2 3 -1 1 3 4 2 1 -1 4 2 1 3 -1 2 1 3 4 2 1 3 4 9 -1 1 2 -1 1 2 3 -1 8 1 2 2 1 3 4 value 1.0 1.0 0.0 0.0 0.0 0.0 0.0 0.0 0.0 0.0 0.0 0.0 0.0 0.0 0.0 0.0 0.0 0.0 0.0 0.0 0.0 0.0 0.0 0.0 1.0 1.0 0.0 0.0 3.0 1.0 0.0 0.0 1.0 1.0 0.0 0.0 0.0 0.0 0.0 0.0 
-4051.64013671875 269.6744384765625 -7762.00341796875 -3517.1396484375 8064.76416015625 -7940.69140625 8985.623046875 1893.133544921875 1479.1070556640625 -7209.74072265625 344.5494689941406 1634.7183837890625 7291.85498046875 7635.43896484375 -5566.56103515625 2679.16650390625 -4936.73681640625 8059.70947265625 -3848.95703125 -3504.269287109375 output 1 8 9 6 7 4 3 5 10 2 indices 2 -1 3 4 -1 1 3 4 -1 10 1 2 2 1 3 -1 2 1 3 4 2 1 3 4 -1 3 1 2 2 1 3 4 2 1 3 4 -1 7 1 2 value 0.0 0.0 0.0 0.0 0.0 0.0 0.0 0.0 3.0 1.0 0.0 0.0 0.0 0.0 0.0 0.0 0.0 0.0 0.0 0.0 0.0 0.0 0.0 0.0 3.0 1.0 0.0 0.0 0.0 0.0 0.0 0.0 0.0 0.0 0.0 0.0 1.0 1.0 0.0 0.0 
1162.430419921875 -4561.92626953125 2497.311767578125 -112.34869384765625 -6099.32373046875 12143.966796875 -5585.44287109375 -514.466796875 -5738.8037109375 533.1617431640625 9620.0205078125 3094.473388671875 -7258.10888671875 -6498.9306640625 -736.2418823242188 -5278.16455078125 7472.6005859375 -540.9869995117188 4665.5576171875 1735.22216796875 output 1 8 7 4 5 3 6 9 10 2 indices 2 -1 3 4 -1 1 3 4 -1 7 1 2 2 1 3 -1 2 1 3 4 2 1 3 4 -1 8 1 2 -1 3 1 2 2 1 3 4 2 1 3 4 value 0.0 0.0 0.0 0.0 0.0 0.0 0.0 0.0 3.0 1.0 0.0 0.0 0.0 0.0 0.0 0.0 0.0 0.0 0.0 0.0 0.0 0.0 0.0 0.0 3.0 1.0 0.0 0.0 1.0 1.0 0.0 0.0 0.0 0.0 0.0 0.0 0.0 0.0 0.0 0.0 
-2112.815185546875 7423.0244140625 400.3202209472656 4874.5703125 2369.772705078125 -682.5322875976562 -13742.6787109375 -4870.765625 4095.642578125 7458.6640625 4247.85546875 -2697.157470703125 -4383.447265625 3451.885986328125 4373.490234375 2108.409912109375 2549.663330078125 -8831.080078125 2202.197265625 -8235.0185546875 output 1 2 5 8 3 6 9 10 4 7 indices 2 -1 3 4 -1 1 3 4 5 -1 1 2 2 1 3 -1 -1 9 1 2 2 1 3 4 2 1 3 4 2 1 3 4 -1 3 1 2 2 1 3 4 value 0.0 0.0 0.0 0.0 0.0 0.0 0.0 0.0 1.0 1.0 0.0 0.0 0.0 0.0 0.0 0.0 3.0 1.0 0.0 0.0 0.0 0.0 0.0 0.0 0.0 0.0 0.0 0.0 0.0 0.0 0.0 0.0 3.0 1.0 0.0 0.0 0.0 0.0 0.0 0.0 
6491.9794921875 3326.906005859375 849.4862670898438 3181.915771484375 3831.30859375 -2585.29736328125 -6248.83056640625 -5808.611328125 3273.8193359375 -5856.021484375 4237.73193359375 -3751.12060546875 -1708.8472900390625 5946.50390625 -906.9603881835938 12466.859375 -3323.395263671875 -6664.11767578125 -6496.29248046875 -257.01654052734375 output 3 6 5 9 4 10 7 8 2 1 indices 2 -1 3 4 -1 1 3 4 2 1 -1 4 2 1 3 -1 2 1 3 4 2 1 3 4 2 1 3 4 -1 9 1 2 -1 8 1 2 2 1 3 4 value 0.0 0.0 0.0 0.0 0.0 0.0 0.0 0.0 0.0 0.0 0.0 0.0 0.0 0.0 0.0 0.0 0.0 0.0 0.0 0.0 0.0 0.0 0.0 0.0 0.0 0.0 0.0 0.0 3.0 1.0 0.0 0.0 5.0 1.0 0.0 0.0 0.0 0.0 0.0 0.0 
-7595.62841796875 4174.44775390625 3720.544677734375 -7716.73828125 4265.67529296875 3851.65283203125 6334.6513671875 -1665.5413818359375 571.2247924804688 6089.61962890625 -194.5041046142578 -2950.90283203125 -1140.1793212890625 -4372.798828125 3858.91162109375 3285.857666015625 -2067.9912109375 -4783.6337890625 -7752.70458984375 4088.036865234375 output 3 8 4 2 6 7 9 10 1 5 indices 2 -1 3 4 -1 6 1 3 2 1 -1 4 2 1 3 -1 -1 2 1 3 -1 5 1 2 2 1 3 4 2 1 3 4 2 1 3 4 2 1 3 4 value 0.0 0.0 0.0 0.0 3.0 1.0 0.0 0.0 0.0 0.0 0.0 0.0 0.0 0.0 0.0 0.0 3.0 1.0 0.0 0.0 1.0 1.0 0.0 0.0 0.0 0.0 0.0 0.0 0.0 0.0 0.0 0.0 0.0 0.0 0.0 0.0 0.0 0.0 0.0 0.0 
-7875.8017578125 -8837.853515625 -4229.0927734375 5214.94677734375 2790.978759765625 4354.0576171875 4677.748046875 -6148.41748046875 -262.6106262207031 4350.765625 -7253.03466796875 2480.6796875 6474.1796875 -10397.2607421875 4759.70068359375 6795.185546875 1500.8551025390625 4548.4951171875 -582.9227294921875 -2360.598388671875 output 1 6 2 5 9 8 3 10 4 7 indices 2 -1 3 4 -1 1 3 4 2 1 -1 4 2 1 3 -1 2 1 3 4 2 1 3 4 -1 10 1 2 -1 7 1 2 2 1 3 4 -1 8 1 2 value 0.0 0.0 0.0 0.0 0.0 0.0 0.0 0.0 0.0 0.0 0.0 0.0 0.0 0.0 0.0 0.0 0.0 0.0 0.0 0.0 0.0 0.0 0.0 0.0 3.0 1.0 0.0 0.0 3.0 1.0 0.0 0.0 0.0 0.0 0.0 0.0 1.0 1.0 0.0 0.0 
-4716.7177734375 408.10205078125 -928.870361328125 3858.245849609375 5884.68359375 -11003.1259765625 2247.35888671875 -4388.0966796875 6054.7373046875 -3478.218505859375 -2369.06640625 6751.92041015625 -7473.59423828125 2804.16796875 5532.12353515625 1274.3709716796875 -4706.85595703125 -3065.515380859375 476.2008056640625 6838.1494140625 output 1 9 4 3 5 8 2 10 6 7 indices 2 -1 3 4 -1 1 3 4 -1 9 1 2 2 1 3 -1 2 1 3 4 2 1 3 4 2 1 3 4 2 1 3 4 10 -1 1 2 -1 3 1 2 value 0.0 0.0 0.0 0.0 0.0 0.0 0.0 0.0 3.0 1.0 0.0 0.0 0.0 0.0 0.0 0.0 0.0 0.0 0.0 0.0 0.0 0.0 0.0 0.0 0.0 0.0 0.0 0.0 0.0 0.0 0.0 0.0 1.0 1.0 0.0 0.0 3.0 1.0 0.0 0.0 
5683.62548828125 4940.59228515625 7833.93798828125 -7254.33056640625 72.0433578491211 -5599.353515625 -7423.82568359375 5884.46630859375 -5080.14697265625 8404.09765625 5471.3759765625 -1178.0560302734375 -3556.944580078125 -7825.6171875 8676.4326171875 -2299.104248046875 -2117.496826171875 10720.2119140625 -9559.0009765625 -5792.90673828125 output 4 5 9 1 6 8 2 3 7 10 indices 2 -1 3 4 -1 1 3 4 9 -1 1 2 2 1 3 -1 2 1 3 4 2 1 3 4 -1 3 1 2 2 1 3 4 -1 7 1 2 2 1 3 4 value 0.0 0.0 0.0 0.0 0.0 0.0 0.0 0.0 1.0 1.0 0.0 0.0 0.0 0.0 0.0 0.0 0.0 0.0 0.0 0.0 0.0 0.0 0.0 0.0 3.0 1.0 0.0 0.0 0.0 0.0 0.0 0.0 3.0 1.0 0.0 0.0 0.0 0.0 0.0 0.0 
6915.6416015625 -3654.318359375 3141.118896484375 -5636.25244140625 3091.6923828125 851.5180053710938 8359.15234375 32.98684310913086 -1108.095458984375 7288.56298828125 -7201.81982421875 -5362.74755859375 -8883.9072265625 -5194.216796875 -10185.7900390625 6345.37109375 1682.3480224609375 2318.23291015625 4189.658203125 3010.86328125 output 10 4 1 2 6 7 8 5 9 3 indices 2 -1 3 4 6 3 1 -1 2 1 -1 4 2 1 3 -1 -1 6 1 2 -1 5 2 1 2 1 3 4 2 1 3 4 2 1 3 4 2 1 3 4 value 0.0 0.0 0.0 0.0 1.0 0.0 0.0 0.0 0.0 0.0 0.0 0.0 0.0 0.0 0.0 0.0 3.0 1.0 0.0 0.0 3.0 1.0 1.0 0.0 0.0 0.0 0.0 0.0 0.0 0.0 0.0 0.0 0.0 0.0 0.0 0.0 0.0 0.0 0.0 0.0 
-3911.240234375 -3944.208984375 2914.635498046875 2269.702392578125 -6004.935546875 2524.5341796875 -403.3348083496094 1834.142333984375 4104.20947265625 4517.25244140625 -917.0572509765625 -8611.28515625 4573.59423828125 8446.4873046875 -98.14968872070312 -4297.1318359375 3848.261474609375 3256.315673828125 -4105.98388671875 -5995.80859375 output 2 9 5 7 4 3 1 10 6 8 indices 7 3 -1 2 -1 1 3 4 2 1 -1 4 2 1 3 -1 2 1 3 4 -1 8 1 2 -1 6 1 2 1 4 2 3 2 1 3 4 2 1 3 4 value 1.0 0.0 0.0 0.0 0.0 0.0 0.0 0.0 0.0 0.0 0.0 0.0 0.0 0.0 0.0 0.0 0.0 0.0 0.0 0.0 3.0 1.0 0.0 0.0 3.0 1.0 0.0 0.0 1.0 0.0 0.0 0.0 0.0 0.0 0.0 0.0 0.0 0.0 0.0 0.0 
2050.21240234375 6844.02587890625 552.5083618164062 -5912.4013671875 7201.59326171875 4787.501953125 -23.67877197265625 -1352.0340576171875 -819.9200439453125 -10717.0048828125 -7088.63427734375 7216.828125 -8314.0283203125 -153.37643432617188 2872.908935546875 -8728.8837890625 8593.0888671875 795.2782592773438 -5024.05029296875 7220.06640625 output 1 10 6 7 4 2 5 8 9 3 indices 3 -1 2 4 -1 1 3 4 5 -1 1 2 -1 1 2 3 -1 4 1 2 2 1 3 4 2 1 3 4 2 1 3 4 2 1 3 4 2 1 3 4 value 1.0 1.0 0.0 0.0 0.0 0.0 0.0 0.0 1.0 1.0 0.0 0.0 1.0 1.0 0.0 0.0 3.0 1.0 0.0 0.0 0.0 0.0 0.0 0.0 0.0 0.0 0.0 0.0 0.0 0.0 0.0 0.0 0.0 0.0 0.0 0.0 0.0 0.0 0.0 0.0 
3197.676025390625 -3914.300537109375 -182.80050659179688 -9169.4658203125 -7569.435546875 -3349.566650390625 -2109.314697265625 1352.244384765625 -10328.896484375 7239.79443359375 2865.365478515625 -6356.69921875 8717.763671875 7076.29443359375 7725.69091796875 7392.63427734375 -5188.79150390625 6270.1298828125 2872.742431640625 -6541.064453125 output 1 6 10 2 3 5 9 4 8 7 indices 2 -1 3 4 -1 6 1 3 2 1 -1 4 7 3 1 2 2 1 3 4 4 3 1 2 -1 2 1 3 2 1 3 4 2 1 3 4 2 1 3 4 value 0.0 0.0 0.0 0.0 3.0 1.0 0.0 0.0 0.0 0.0 0.0 0.0 1.0 0.0 0.0 0.0 0.0 0.0 0.0 0.0 1.0 0.0 0.0 0.0 3.0 1.0 0.0 0.0 0.0 0.0 0.0 0.0 0.0 0.0 0.0 0.0 0.0 0.0 0.0 0.0 
-4194.60498046875 -10425.021484375 2144.533935546875 597.1970825195312 8804.658203125 4408.1044921875 724.1920166015625 -5106.9150390625 -3010.504150390625 6725.2109375 -3283.054931640625 6601.83544921875 -1469.821044921875 2761.995361328125 -4576.037109375 2402.757080078125 8538.7470703125 3829.817138671875 -3678.109130859375 -11794.9814453125 output 5 6 8 1 10 4 2 9 3 7 indices 2 -1 3 4 -1 1 3 4 -1 10 1 2 -1 3 1 2 2 1 3 4 2 1 3 4 2 1 3 4 2 1 3 4 2 1 3 4 -1 4 1 2 value 0.0 0.0 0.0 0.0 0.0 0.0 0.0 0.0 3.0 1.0 0.0 0.0 1.0 1.0 0.0 0.0 0.0 0.0 0.0 0.0 0.0 0.0 0.0 0.0 0.0 0.0 0.0 0.0 0.0 0.0 0.0 0.0 0.0 0.0 0.0 0.0 3.0 1.0 0.0 0.0 
-3711.460205078125 6453.4384765625 -10344.7177734375 2487.075927734375 -10933.3056640625 4739.4306640625 8055.904296875 -1154.22314453125 -4369.302734375 -7143.40087890625 5566.431640625 5874.36962890625 7780.0263671875 -6069.20849609375 727.5422973632812 -3158.52490234375 2600.23486328125 -8158.6357421875 4628.64697265625 6129.67822265625 output 9 8 5 2 3 1 10 6 4 7 indices 2 -1 3 4 -1 1 3 4 2 1 -1 4 2 1 3 -1 2 1 3 4 -1 9 1 2 2 1 3 4 -1 6 1 2 -1 8 1 2 2 1 3 4 value 0.0 0.0 0.0 0.0 0.0 0.0 0.0 0.0 0.0 0.0 0.0 0.0 0.0 0.0 0.0 0.0 0.0 0.0 0.0 0.0 3.0 1.0 0.0 0.0 0.0 0.0 0.0 0.0 1.0 1.0 0.0 0.0 3.0 1.0 0.0 0.0 0.0 0.0 0.0 0.0 
6360.53076171875 2394.787109375 4100.3203125 -4175.3857421875 482.4223937988281 1083.837890625 -477.9875793457031 -6215.06591796875 -6126.26123046875 -2462.767822265625 -5221.0634765625 5564.41259765625 5351.97998046875 -6077.90869140625 -1132.4478759765625 2423.741455078125 626.7098999023438 7849.93115234375 -3964.203125 -385.5823974609375 output 6 8 3 10 5 4 7 2 1 9 indices 2 -1 3 4 -1 1 3 4 2 1 -1 4 -1 10 1 2 2 1 3 4 2 1 3 4 2 1 3 4 2 1 3 4 -1 4 1 2 -1 9 1 2 value 0.0 0.0 0.0 0.0 0.0 0.0 0.0 0.0 0.0 0.0 0.0 0.0 3.0 1.0 0.0 0.0 0.0 0.0 0.0 0.0 0.0 0.0 0.0 0.0 0.0 0.0 0.0 0.0 0.0 0.0 0.0 0.0 3.0 1.0 0.0 0.0 1.0 1.0 0.0 0.0 
-4785.66357421875 -6630.7509765625 -5708.37646484375 7713.87109375 10229.37890625 1684.212646484375 -2130.715576171875 3928.967529296875 -751.7800903320312 1179.5069580078125 -3009.228759765625 5360.451171875 -1616.461181640625 -5232.8837890625 591.0303344726562 -4534.0380859375 7466.70654296875 -5240.734375 -284.89019775390625 1771.3978271484375 output 4 6 2 1 7 8 9 3 10 5 indices -1 7 2 3 3 -1 1 4 -1 1 2 4 2 1 3 -1 2 1 3 4 2 1 3 4 -1 2 1 3 2 1 3 4 2 1 3 4 2 1 3 4 value 3.0 1.0 0.0 0.0 1.0 1.0 0.0 0.0 1.0 1.0 0.0 0.0 0.0 0.0 0.0 0.0 0.0 0.0 0.0 0.0 0.0 0.0 0.0 0.0 1.0 1.0 0.0 0.0 0.0 0.0 0.0 0.0 0.0 0.0 0.0 0.0 0.0 0.0 0.0 0.0 
-3781.3896484375 -6443.9541015625 -3758.43017578125 -5807.3193359375 3013.7197265625 5219.9169921875 4310.91748046875 -6520.9345703125 4856.40283203125 10160.1982421875 1033.665771484375 -5.186575889587402 2564.21875 -430.34967041015625 -11838.7734375 -5134.0458984375 254.92079162597656 10111.447265625 3344.747802734375 -1149.771728515625 output 1 4 10 7 6 3 5 9 8 2 indices -1 6 2 3 -1 1 3 4 2 1 -1 4 2 1 3 -1 -1 1 2 3 -1 5 1 2 2 1 3 4 2 1 3 4 2 1 3 4 2 1 3 4 value 3.0 1.0 0.0 0.0 0.0 0.0 0.0 0.0 0.0 0.0 0.0 0.0 0.0 0.0 0.0 0.0 3.0 1.0 0.0 0.0 1.0 1.0 0.0 0.0 0.0 0.0 0.0 0.0 0.0 0.0 0.0 0.0 0.0 0.0 0.0 0.0 0.0 0.0 0.0 0.0 
-3886.70849609375 -6114.216796875 4586.1396484375 -2034.184326171875 -4326.12451171875 4765.0595703125 5255.951171875 808.8355712890625 8665.810546875 1535.530517578125 5123.826171875 -4607.6123046875 -6746.21630859375 -6882.6796875 -5065.30810546875 -1292.67138671875 1369.9617919921875 4440.75439453125 -4977.33154296875 9381.1845703125 output 2 5 4 9 10 3 8 7 1 6 indices 8 3 -1 2 -1 1 3 4 2 1 -1 4 2 1 3 -1 2 1 3 4 2 1 3 4 -1 1 2 3 10 3 1 2 2 1 3 4 -1 7 1 2 value 1.0 0.0 0.0 0.0 0.0 0.0 0.0 0.0 0.0 0.0 0.0 0.0 0.0 0.0 0.0 0.0 0.0 0.0 0.0 0.0 0.0 0.0 0.0 0.0 3.0 1.0 0.0 0.0 1.0 0.0 0.0 0.0 0.0 0.0 0.0 0.0 3.0 1.0 0.0 0.0 
3388.286376953125 -9170.5439453125 -8819.8095703125 3094.324462890625 -2887.36474609375 4204.326171875 -1408.1356201171875 4871.18212890625 -4791.21337890625 5418.27587890625 10441.2958984375 2988.38525390625 -257.78228759765625 -9081.576171875 -8218.8056640625 2511.968994140625 2980.49072265625 1157.0382080078125 9573.037109375 -5993.3798828125 output 3 4 9 6 10 1 7 8 2 5 indices 2 -1 3 4 -1 1 3 4 2 1 -1 4 2 1 3 -1 2 1 3 4 -1 7 1 2 -1 6 1 2 2 1 3 4 2 1 3 4 2 1 3 4 value 0.0 0.0 0.0 0.0 0.0 0.0 0.0 0.0 0.0 0.0 0.0 0.0 0.0 0.0 0.0 0.0 0.0 0.0 0.0 0.0 3.0 1.0 0.0 0.0 5.0 1.0 0.0 0.0 0.0 0.0 0.0 0.0 0.0 0.0 0.0 0.0 0.0 0.0 0.0 0.0 
7514.515625 -12911.203125 7573.4951171875 3464.763916015625 -2099.235595703125 6032.73486328125 6610.5283203125 -3073.4013671875 -9477.677734375 -3154.9423828125 7402.09326171875 607.7298583984375 -9276.5576171875 3986.827392578125 -1210.582763671875 1278.425048828125 4064.3173828125 1221.8629150390625 -11100.8955078125 2547.20263671875 output 9 2 6 4 1 5 10 7 3 8 indices -1 8 2 3 -1 1 3 4 2 1 -1 4 2 1 3 -1 2 1 3 4 2 1 3 4 2 1 3 4 -1 2 1 3 2 1 3 4 2 1 3 4 value 3.0 1.0 0.0 0.0 3.0 1.0 0.0 0.0 0.0 0.0 0.0 0.0 0.0 0.0 0.0 0.0 0.0 0.0 0.0 0.0 0.0 0.0 0.0 0.0 0.0 0.0 0.0 0.0 1.0 1.0 0.0 0.0 0.0 0.0 0.0 0.0 0.0 0.0 0.0 0.0 
2266.477294921875 87.9739990234375 -1037.69482421875 -2125.86962890625 -5842.83251953125 268.818603515625 2566.0361328125 1858.8775634765625 10273.4951171875 -5112.50634765625 -4351.73095703125 594.4550170898438 105.86701202392578 12435.5927734375 -7242.94189453125 -2787.822021484375 6238.28662109375 -2062.35888671875 -2974.962158203125 -3157.16064453125 output 10 8 3 6 7 4 1 9 5 2 indices 2 -1 3 4 7 -1 1 3 2 1 -1 4 2 1 3 -1 -1 2 1 3 2 1 3 4 -1 5 1 2 2 1 3 4 2 1 3 4 2 1 3 4 value 0.0 0.0 0.0 0.0 1.0 1.0 0.0 0.0 0.0 0.0 0.0 0.0 0.0 0.0 0.0 0.0 3.0 1.0 0.0 0.0 0.0 0.0 0.0 0.0 3.0 1.0 0.0 0.0 0.0 0.0 0.0 0.0 0.0 0.0 0.0 0.0 0.0 0.0 0.0 0.0 
-1321.3717041015625 8772.19921875 -4468.0390625 -7803.68017578125 1094.7867431640625 -5805.841796875 -4062.6904296875 -1995.015869140625 -647.2528076171875 8167.57958984375 3957.5419921875 7781.94287109375 -8918.80859375 5612.11083984375 9699.92578125 -1739.4093017578125 6394.73583984375 -7644.85205078125 -1728.828125 -5345.033203125 output 5 1 7 4 2 10 3 9 8 6 indices 2 -1 3 4 -1 4 1 3 2 1 -1 4 6 -1 1 2 2 1 3 4 -1 2 1 3 2 1 3 4 2 1 3 4 2 1 3 4 2 1 3 4 value 0.0 0.0 0.0 0.0 3.0 1.0 0.0 0.0 0.0 0.0 0.0 0.0 1.0 1.0 0.0 0.0 0.0 0.0 0.0 0.0 3.0 1.0 0.0 0.0 0.0 0.0 0.0 0.0 0.0 0.0 0.0 0.0 0.0 0.0 0.0 0.0 0.0 0.0 0.0 0.0 
8955.5703125 1244.4644775390625 -1744.306640625 -9758.9619140625 726.0689086914062 -343.6257019042969 7323.98583984375 -2321.791015625 1774.3935546875 4318.107421875 -4760.78857421875 3192.856689453125 -1593.3172607421875 -3681.364990234375 -7314.1748046875 5454.7470703125 -6078.55419921875 -4242.6103515625 2711.123291015625 6138.177734375 output 1 4 3 7 2 9 8 6 5 10 indices 2 -1 3 4 -1 3 1 4 10 -1 1 2 2 1 3 -1 2 1 3 4 2 1 3 4 2 1 3 4 2 1 3 4 2 1 3 4 -1 2 1 3 value 0.0 0.0 0.0 0.0 3.0 1.0 0.0 0.0 1.0 1.0 0.0 0.0 0.0 0.0 0.0 0.0 0.0 0.0 0.0 0.0 0.0 0.0 0.0 0.0 0.0 0.0 0.0 0.0 0.0 0.0 0.0 0.0 0.0 0.0 0.0 0.0 3.0 1.0 0.0 0.0 
-6959.77734375 -1307.0400390625 -933.6739501953125 -1744.4337158203125 -5260.56884765625 8001.166015625 9835.96484375 -3069.17333984375 -1896.0604248046875 687.1058349609375 -4921.564453125 -3989.039794921875 2775.141357421875 3639.859130859375 4793.53076171875 890.50048828125 5744.53466796875 -10836.3896484375 -3177.52685546875 7727.4453125 output 1 6 5 2 9 4 8 7 10 3 indices 2 -1 3 4 10 -1 1 3 2 1 -1 4 2 1 3 -1 2 1 3 4 2 1 3 4 2 1 3 4 2 1 3 4 -1 2 1 3 -1 9 1 2 value 0.0 0.0 0.0 0.0 1.0 1.0 0.0 0.0 0.0 0.0 0.0 0.0 0.0 0.0 0.0 0.0 0.0 0.0 0.0 0.0 0.0 0.0 0.0 0.0 0.0 0.0 0.0 0.0 0.0 0.0 0.0 0.0 3.0 1.0 0.0 0.0 3.0 1.0 0.0 0.0 
706.4561157226562 -10224.0029296875 -6746.10888671875 8689.54296875 3402.806396484375 -9308.169921875 -8225.259765625 9472.9638671875 6255.4443359375 -3547.08154296875 -5083.900390625 -4983.19677734375 2223.904296875 340.4378967285156 2132.039794921875 8002.09716796875 6736.36181640625 1439.68994140625 -1401.743896484375 117.72042083740234 output 1 6 10 4 2 8 7 9 5 3 indices -1 10 2 3 -1 1 3 4 2 1 -1 4 2 1 3 -1 2 1 3 4 2 1 3 4 2 1 3 4 -1 1 2 3 2 1 3 4 -1 8 1 2 value 3.0 1.0 0.0 0.0 0.0 0.0 0.0 0.0 0.0 0.0 0.0 0.0 0.0 0.0 0.0 0.0 0.0 0.0 0.0 0.0 0.0 0.0 0.0 0.0 0.0 0.0 0.0 0.0 3.0 1.0 0.0 0.0 0.0 0.0 0.0 0.0 1.0 1.0 0.0 0.0 
5523.11669921875 -7694.91357421875 4104.64306640625 -292.7706298828125 1943.885009765625 -414.13970947265625 3301.718994140625 122.6052474975586 -4964.2587890625 611.6017456054688 712.5584716796875 6941.8564453125 -5734.83154296875 9983.0693359375 1774.712890625 -5618.87646484375 -5392.31298828125 2302.76220703125 -1269.23193359375 -5941.19482421875 output 9 5 10 8 1 2 4 3 6 7 indices -1 10 2 3 -1 1 3 4 2 1 -1 4 2 1 3 -1 2 1 3 4 2 1 3 4 -1 1 2 3 2 1 3 4 2 1 3 4 -1 7 1 2 value 3.0 1.0 0.0 0.0 0.0 0.0 0.0 0.0 0.0 0.0 0.0 0.0 0.0 0.0 0.0 0.0 0.0 0.0 0.0 0.0 0.0 0.0 0.0 0.0 3.0 1.0 0.0 0.0 0.0 0.0 0.0 0.0 0.0 0.0 0.0 0.0 1.0 1.0 0.0 0.0 
458.50164794921875 -11717.958984375 445.4891052246094 2293.392333984375 -5534.306640625 488.8182373046875 10662.517578125 -2555.135498046875 -5991.26513671875 5547.16748046875 -2482.560791015625 4073.6787109375 3491.8583984375 2469.498291015625 -3038.958984375 3222.8994140625 -1244.0504150390625 -11636.3720703125 3232.775146484375 7814.01220703125 output 10 7 4 1 9 3 5 8 6 2 indices -1 3 9 2 -1 1 3 4 10 -1 1 2 2 1 3 -1 2 1 3 4 2 1 3 4 2 1 3 4 2 1 3 4 3 4 1 2 -1 1 2 3 value 3.0 1.0 2.376686130592744e-23 0.0 0.0 0.0 0.0 0.0 1.0 1.0 0.0 0.0 0.0 0.0 0.0 0.0 0.0 0.0 0.0 0.0 0.0 0.0 0.0 0.0 0.0 0.0 0.0 0.0 0.0 0.0 0.0 0.0 2.376686130592744e-23 0.0 0.0 0.0 3.0 1.0 0.0 0.0 
9490.64453125 -4170.95068359375 5001.490234375 10267.0634765625 -2192.07861328125 -7395.7236328125 6285.28564453125 3778.427734375 597.1063842773438 -9125.560546875 -1837.83251953125 7753.99267578125 -8381.4345703125 -5622.892578125 5283.73388671875 7754.02587890625 -5990.7333984375 -1972.90869140625 -8256.181640625 -1265.4739990234375 output 4 8 2 6 9 10 7 3 5 1 indices 2 -1 3 4 -1 5 1 3 9 -1 1 2 2 1 3 -1 -1 3 1 2 2 1 3 4 2 1 3 4 2 1 3 4 2 4 1 3 2 1 3 4 value 0.0 0.0 0.0 0.0 3.0 1.0 0.0 0.0 1.0 0.0 0.0 0.0 0.0 0.0 0.0 0.0 3.0 1.0 0.0 0.0 0.0 0.0 0.0 0.0 0.0 0.0 0.0 0.0 0.0 0.0 0.0 0.0 1.0 0.0 0.0 0.0 0.0 0.0 0.0 0.0 
2016.3863525390625 -6688.69677734375 4069.27392578125 2115.997314453125 5655.57080078125 -745.9793090820312 -5703.3369140625 -8180.90087890625 -2178.76953125 2915.635986328125 -3903.26025390625 9191.7275390625 -4553.60205078125 857.9662475585938 10772.7568359375 4785.841796875 -5942.306640625 -530.0193481445312 -232.71315002441406 -3721.57275390625 output 10 1 3 8 2 6 5 7 9 4 indices 2 -1 3 4 -1 1 3 4 2 1 -1 4 -1 10 1 2 2 1 3 4 2 1 3 4 2 1 3 4 -1 4 1 2 2 1 3 4 -1 8 1 2 value 0.0 0.0 0.0 0.0 0.0 0.0 0.0 0.0 0.0 0.0 0.0 0.0 3.0 1.0 0.0 0.0 0.0 0.0 0.0 0.0 0.0 0.0 0.0 0.0 0.0 0.0 0.0 0.0 3.0 1.0 0.0 0.0 0.0 0.0 0.0 0.0 1.0 1.0 0.0 0.0 
531.69970703125 8172.10498046875 7686.9287109375 -7537.50634765625 -9575.4697265625 6363.16015625 -9177.771484375 -8425.64453125 -1056.2088623046875 5322.5302734375 6628.33544921875 -4757.30029296875 -3367.14111328125 -9000.8154296875 6347.74462890625 6454.32421875 -2233.96875 5138.56640625 4215.8515625 -1729.4180908203125 output 2 6 10 8 1 5 9 3 4 7 indices 2 -1 3 4 -1 1 3 4 2 1 -1 4 2 1 3 -1 2 1 3 4 2 1 3 4 -1 8 1 2 -1 7 1 2 2 1 3 4 2 1 3 4 value 0.0 0.0 0.0 0.0 0.0 0.0 0.0 0.0 0.0 0.0 0.0 0.0 0.0 0.0 0.0 0.0 0.0 0.0 0.0 0.0 0.0 0.0 0.0 0.0 5.0 1.0 0.0 0.0 3.0 1.0 0.0 0.0 0.0 0.0 0.0 0.0 0.0 0.0 0.0 0.0 
8522.8642578125 -6343.9482421875 -10569.6181640625 -7160.6630859375 -2914.3603515625 1999.1287841796875 7679.0498046875 -6598.4912109375 -9937.0556640625 5206.564453125 -1269.105712890625 9328.0537109375 -4785.482421875 7657.2099609375 1940.6336669921875 -7591.43701171875 2802.675048828125 -4207.6845703125 8530.3994140625 7711.2666015625 output 9 4 1 10 6 7 5 3 2 8 indices 2 -1 3 4 -1 1 3 4 2 1 -1 4 2 1 3 -1 2 1 3 4 2 1 3 4 2 1 3 4 -1 9 1 2 10 -1 1 2 -1 8 1 2 value 0.0 0.0 0.0 0.0 0.0 0.0 0.0 0.0 0.0 0.0 0.0 0.0 0.0 0.0 0.0 0.0 0.0 0.0 0.0 0.0 0.0 0.0 0.0 0.0 0.0 0.0 0.0 0.0 3.0 1.0 0.0 0.0 1.0 1.0 0.0 0.0 3.0 1.0 0.0 0.0 
-376.7564392089844 -9093.3623046875 -6941.79736328125 -5818.966796875 6215.98095703125 1430.0379638671875 5040.95166015625 7840.8388671875 525.0158081054688 4020.55224609375 158.3502960205078 8217.9970703125 -5769.9453125 -3696.966796875 586.6544189453125 -5478.55712890625 -1170.11376953125 -290.7229919433594 1731.659912109375 2869.149658203125 output 9 10 5 6 4 3 8 1 2 7 indices -1 9 2 3 -1 1 3 4 2 1 -1 4 -1 1 2 3 2 1 3 4 2 1 3 4 2 1 3 4 2 1 3 4 -1 4 1 2 2 1 3 4 value 3.0 1.0 0.0 0.0 0.0 0.0 0.0 0.0 0.0 0.0 0.0 0.0 3.0 1.0 0.0 0.0 0.0 0.0 0.0 0.0 0.0 0.0 0.0 0.0 0.0 0.0 0.0 0.0 0.0 0.0 0.0 0.0 1.0 1.0 0.0 0.0 0.0 0.0 0.0 0.0 
-800.5916748046875 -1752.9132080078125 8274.7958984375 -11441.1708984375 -1278.67431640625 1648.65576171875 414.8329772949219 240.09063720703125 7120.3046875 4915.517578125 -9481.4228515625 918.5487670898438 -3861.375 2351.994140625 -7786.66064453125 -7688.337890625 1178.9072265625 7141.49365234375 6219.884765625 3666.12109375 output 1 4 9 5 10 2 8 6 7 3 indices 9 -1 2 3 -1 1 3 4 2 1 -1 4 2 1 3 -1 -1 2 1 3 2 1 3 4 2 1 3 4 2 1 3 4 -1 5 1 2 2 1 3 4 value 1.0 1.0 0.0 0.0 3.0 1.0 0.0 0.0 0.0 0.0 0.0 0.0 0.0 0.0 0.0 0.0 1.0 1.0 0.0 0.0 0.0 0.0 0.0 0.0 0.0 0.0 0.0 0.0 0.0 0.0 0.0 0.0 1.0 1.0 0.0 0.0 0.0 0.0 0.0 0.0 
4610.64501953125 1187.963623046875 -2212.819580078125 -5395.27294921875 6130.7080078125 -1237.09912109375 -7236.892578125 4266.36083984375 -3094.8095703125 -545.1544189453125 3913.51318359375 1241.6781005859375 955.7227172851562 2765.365966796875 -3017.595703125 -9453.595703125 -648.3930053710938 -2910.697998046875 599.921875 10080.451171875 output 2 8 3 1 6 7 10 4 5 9 indices 2 -1 3 4 -1 1 3 4 2 1 -1 4 2 1 3 -1 2 1 3 4 2 1 3 4 2 1 3 4 -1 9 1 2 10 -1 1 2 -1 8 1 2 value 0.0 0.0 0.0 0.0 0.0 0.0 0.0 0.0 0.0 0.0 0.0 0.0 0.0 0.0 0.0 0.0 0.0 0.0 0.0 0.0 0.0 0.0 0.0 0.0 0.0 0.0 0.0 0.0 3.0 1.0 0.0 0.0 1.0 1.0 0.0 0.0 3.0 1.0 0.0 0.0 
-2336.959228515625 5648.15478515625 -7795.521484375 -2077.888916015625 -6326.47216796875 -5725.6669921875 6492.06591796875 8379.451171875 -6780.60693359375 5971.64794921875 -1824.4296875 -8287.01171875 10443.849609375 3896.939208984375 9642.166015625 -6338.03076171875 -55.5226936340332 2235.33935546875 -1458.5694580078125 -3702.9345703125 output 1 5 2 3 6 10 8 7 4 9 indices 2 -1 3 4 -1 1 3 4 2 1 -1 4 -1 6 1 2 2 1 3 4 -1 10 1 2 2 1 3 4 2 1 3 4 2 1 3 4 -1 4 1 2 value 0.0 0.0 0.0 0.0 0.0 0.0 0.0 0.0 0.0 0.0 0.0 0.0 3.0 1.0 0.0 0.0 0.0 0.0 0.0 0.0 3.0 1.0 0.0 0.0 0.0 0.0 0.0 0.0 0.0 0.0 0.0 0.0 0.0 0.0 0.0 0.0 1.0 1.0 0.0 0.0 
4369.42529296875 -2254.586669921875 -5874.009765625 -6344.24169921875 -5754.62744140625 5209.3330078125 -5544.3994140625 -2250.253173828125 -4264.0263671875 -7985.15576171875 2661.43017578125 7382.982421875 12700.86328125 6839.04052734375 -1963.3076171875 8445.87109375 4616.16259765625 -5854.16943359375 -947.5100708007812 -3188.820068359375 output 8 6 7 1 9 10 5 2 4 3 indices 2 -1 3 4 -1 1 3 4 2 1 -1 4 2 1 3 -1 -1 10 1 2 2 1 3 4 -1 5 1 2 2 1 3 4 2 1 3 4 -1 7 1 2 value 0.0 0.0 0.0 0.0 0.0 0.0 0.0 0.0 0.0 0.0 0.0 0.0 0.0 0.0 0.0 0.0 3.0 1.0 0.0 0.0 0.0 0.0 0.0 0.0 3.0 1.0 0.0 0.0 0.0 0.0 0.0 0.0 0.0 0.0 0.0 0.0 1.0 1.0 0.0 0.0 
-1337.27880859375 654.8490600585938 -8516.373046875 -5784.88671875 3775.753173828125 -6513.20361328125 1021.981689453125 -2002.845458984375 16.790904998779297 8073.45849609375 -4431.8798828125 -671.2542724609375 2809.187744140625 -1706.178955078125 366.9374084472656 7551.447265625 2345.087646484375 6171.81884765625 3949.793212890625 -5773.20458984375 output 1 5 8 9 4 7 10 3 2 6 indices 5 3 -1 2 -1 1 3 4 -1 4 1 2 1 -1 2 3 -1 3 1 2 2 1 3 4 2 1 3 4 2 1 3 4 2 1 3 4 2 1 3 4 value 1.0 0.0 0.0 0.0 0.0 0.0 0.0 0.0 3.0 1.0 0.0 0.0 1.0 0.0 0.0 0.0 3.0 1.0 0.0 0.0 0.0 0.0 0.0 0.0 0.0 0.0 0.0 0.0 0.0 0.0 0.0 0.0 0.0 0.0 0.0 0.0 0.0 0.0 0.0 0.0 
-6730.58154296875 -4874.908203125 -2264.859130859375 -1507.56494140625 -25.9377498626709 2233.50439453125 10837.2333984375 4446.38037109375 -4470.0537109375 -9136.4853515625 -7720.265625 -4237.1904296875 5517.50341796875 4717.40966796875 9829.0546875 1699.631591796875 -680.8533325195312 1793.1375732421875 -4291.23974609375 4866.0849609375 output 1 5 2 8 4 7 3 9 10 6 indices 2 -1 3 4 4 -1 1 3 2 1 -1 4 -1 5 1 2 -1 2 1 3 2 1 3 4 2 1 3 4 2 1 3 4 2 1 3 4 2 1 3 4 value 0.0 0.0 0.0 0.0 1.0 1.0 0.0 0.0 0.0 0.0 0.0 0.0 3.0 1.0 0.0 0.0 3.0 1.0 0.0 0.0 0.0 0.0 0.0 0.0 0.0 0.0 0.0 0.0 0.0 0.0 0.0 0.0 0.0 0.0 0.0 0.0 0.0 0.0 0.0 0.0 
8166.7998046875 3654.8779296875 -3632.656005859375 6644.72705078125 1090.094482421875 -4840.74560546875 -986.3401489257812 -7611.7177734375 -3005.09814453125 4405.9248046875 -2956.6416015625 5290.98095703125 5986.3212890625 252.68569946289062 2955.787109375 582.5224609375 -919.058837890625 -1983.361572265625 -6699.20751953125 -6395.8935546875 output 10 4 3 9 8 7 1 2 6 5 indices -1 4 2 3 -1 1 3 4 2 1 -1 4 -1 9 1 2 2 1 3 4 2 1 3 4 2 1 3 4 2 1 3 4 -1 1 2 3 2 1 3 4 value 3.0 1.0 0.0 0.0 0.0 0.0 0.0 0.0 0.0 0.0 0.0 0.0 3.0 1.0 0.0 0.0 0.0 0.0 0.0 0.0 0.0 0.0 0.0 0.0 0.0 0.0 0.0 0.0 0.0 0.0 0.0 0.0 1.0 1.0 0.0 0.0 0.0 0.0 0.0 0.0 
1679.739013671875 9530.818359375 8756.177734375 6478.1328125 209.4319305419922 -8112.84326171875 -10818.7080078125 -7748.73974609375 -3904.366455078125 -9662.322265625 1725.72021484375 -3751.467041015625 -1359.102783203125 9412.51953125 2925.548583984375 8147.7080078125 20.69491958618164 -1437.8206787109375 764.86474609375 -2855.985595703125 output 10 9 2 8 1 7 4 5 3 6 indices 2 -1 3 4 5 -1 1 3 2 1 -1 4 2 1 3 -1 -1 9 1 2 2 1 3 4 2 1 3 4 2 1 3 4 -1 1 2 3 2 1 3 4 value 1.0 1.0 0.0 0.0 1.0 1.0 0.0 0.0 0.0 0.0 0.0 0.0 0.0 0.0 0.0 0.0 3.0 1.0 0.0 0.0 0.0 0.0 0.0 0.0 0.0 0.0 0.0 0.0 0.0 0.0 0.0 0.0 1.0 1.0 0.0 0.0 0.0 0.0 0.0 0.0 
3059.5087890625 -3291.852294921875 4582.21044921875 -8052.7763671875 -7785.70166015625 1460.654296875 11280.9287109375 -247.91558837890625 5830.65234375 -8078.90087890625 -5168.62939453125 4504.97412109375 -6240.2490234375 -2248.034912109375 4171.484375 -3970.566162109375 -6356.6083984375 9089.1259765625 -3373.596435546875 10835.291015625 output 7 3 6 9 10 4 5 2 8 1 indices 2 -1 3 4 -1 7 1 3 2 1 -1 4 2 1 3 -1 2 1 3 4 2 1 3 4 10 -1 1 2 2 1 3 4 2 1 3 4 -1 2 1 3 value 0.0 0.0 0.0 0.0 3.0 1.0 0.0 0.0 0.0 0.0 0.0 0.0 0.0 0.0 0.0 0.0 0.0 0.0 0.0 0.0 0.0 0.0 0.0 0.0 1.0 1.0 0.0 0.0 0.0 0.0 0.0 0.0 0.0 0.0 0.0 0.0 3.0 1.0 0.0 0.0 
7305.4375 7377.57470703125 -6954.08154296875 6871.2529296875 2997.906982421875 -3758.295654296875 4576.97802734375 -1605.6705322265625 -7903.923828125 10461.064453125 -6028.1328125 -5570.052734375 -392.5257568359375 -2300.35107421875 2375.158203125 -6317.947265625 -667.2564697265625 -2017.3306884765625 4690.43994140625 -3140.244140625 output 6 9 7 8 3 10 4 1 5 2 indices -1 8 2 3 -1 1 3 4 2 1 -1 4 2 1 3 -1 2 1 3 4 2 1 3 4 2 1 3 4 -1 9 1 2 -1 1 2 3 2 1 3 4 value 3.0 1.0 0.0 0.0 0.0 0.0 0.0 0.0 0.0 0.0 0.0 0.0 0.0 0.0 0.0 0.0 0.0 0.0 0.0 0.0 0.0 0.0 0.0 0.0 0.0 0.0 0.0 0.0 3.0 1.0 0.0 0.0 1.0 1.0 0.0 0.0 0.0 0.0 0.0 0.0 
8141.4638671875 -1580.1624755859375 8195.9931640625 2084.61376953125 1475.4107666015625 -3510.385009765625 -9529.2138671875 -7714.658203125 850.71484375 6452.91259765625 -3681.761962890625 -5744.2509765625 7046.01171875 10690.7783203125 -4637.80712890625 795.02734375 -10457.3095703125 -3800.35498046875 2596.498779296875 2326.4794921875 output 1 3 6 4 9 8 10 5 7 2 indices 2 -1 3 4 -1 1 3 4 7 -1 1 2 -1 6 1 2 2 1 3 4 -1 7 3 1 -1 4 1 2 2 1 3 4 2 1 3 4 2 1 3 4 value 0.0 0.0 0.0 0.0 0.0 0.0 0.0 0.0 2.212973828992101e-17 0.0 0.0 0.0 3.0 1.0 0.0 0.0 0.0 0.0 0.0 0.0 1.0 1.0 2.212973828992101e-17 0.0 3.0 1.0 0.0 0.0 0.0 0.0 0.0 0.0 0.0 0.0 0.0 0.0 0.0 0.0 0.0 0.0 
-4798.85107421875 -7912.7509765625 -1222.7567138671875 6919.90185546875 5562.30517578125 7341.70458984375 1202.4576416015625 1627.3563232421875 -5945.64892578125 2403.023681640625 -1.4477572441101074 6792.34814453125 189.72003173828125 -8915.4306640625 -971.8359375 4717.267578125 3571.52294921875 -3660.8671875 2414.53466796875 -9312.5537109375 output 4 3 6 2 8 5 1 7 10 9 indices 3 -1 2 4 -1 1 3 4 -1 10 1 2 2 1 3 -1 2 1 3 4 2 1 3 4 2 1 3 4 2 1 3 4 2 1 3 4 -1 1 2 3 value 1.0 1.0 0.0 0.0 0.0 0.0 0.0 0.0 3.0 1.0 0.0 0.0 0.0 0.0 0.0 0.0 0.0 0.0 0.0 0.0 0.0 0.0 0.0 0.0 0.0 0.0 0.0 0.0 0.0 0.0 0.0 0.0 0.0 0.0 0.0 0.0 3.0 1.0 0.0 0.0 
-990.50390625 3674.46435546875 4865.314453125 -8949.9111328125 6486.4404296875 4410.46728515625 -5734.37158203125 -6301.15478515625 -4141.5888671875 -896.231201171875 9881.244140625 -11051.1611328125 -4986.2060546875 7565.037109375 -4484.0859375 -2204.176513671875 -2336.817626953125 6036.8173828125 1440.574951171875 7715.84912109375 output 8 5 1 9 7 10 3 6 2 4 indices 2 -1 3 4 -1 1 3 4 2 1 -1 4 2 1 3 -1 10 -1 1 2 -1 5 1 2 2 1 3 4 2 1 3 4 2 1 3 4 -1 6 1 2 value 0.0 0.0 0.0 0.0 0.0 0.0 0.0 0.0 0.0 0.0 0.0 0.0 0.0 0.0 0.0 0.0 1.0 1.0 0.0 0.0 3.0 1.0 0.0 0.0 0.0 0.0 0.0 0.0 0.0 0.0 0.0 0.0 0.0 0.0 0.0 0.0 3.0 1.0 0.0 0.0 
7808.248046875 3871.36474609375 -7499.134765625 5279.0947265625 8548.486328125 -3466.612060546875 956.0714111328125 -1382.267822265625 1242.463623046875 -4155.11279296875 -5476.5244140625 6275.4892578125 -2387.35498046875 -565.771728515625 4911.560546875 -1144.3575439453125 -5768.41943359375 -8291.59765625 -2335.396240234375 3579.7705078125 output 1 3 8 4 5 9 7 2 6 10 indices -1 9 2 3 -1 1 3 4 2 1 -1 4 7 3 1 2 2 1 3 4 2 1 3 4 1 4 2 3 2 1 3 4 -1 4 1 2 2 1 3 4 value 3.0 1.0 0.0 0.0 0.0 0.0 0.0 0.0 0.0 0.0 0.0 0.0 1.0 0.0 0.0 0.0 0.0 0.0 0.0 0.0 0.0 0.0 0.0 0.0 1.0 0.0 0.0 0.0 0.0 0.0 0.0 0.0 3.0 1.0 0.0 0.0 0.0 0.0 0.0 0.0 
-8787.0234375 4309.16259765625 -568.3785400390625 -1460.6019287109375 5987.51953125 6533.53857421875 -8955.86328125 -833.8902587890625 3520.811767578125 -7936.36376953125 -4975.0087890625 7484.814453125 -1513.95654296875 -7340.56005859375 708.2391357421875 -5965.5166015625 6864.38037109375 -2130.2470703125 7719.27978515625 7339.6640625 output 10 3 6 1 4 2 7 8 5 9 indices 2 -1 3 4 10 -1 1 3 2 1 -1 4 2 1 3 -1 -1 2 1 3 2 1 3 4 2 1 3 4 2 1 3 4 2 1 3 4 -1 5 1 2 value 0.0 0.0 0.0 0.0 1.0 1.0 0.0 0.0 0.0 0.0 0.0 0.0 0.0 0.0 0.0 0.0 3.0 1.0 0.0 0.0 0.0 0.0 0.0 0.0 0.0 0.0 0.0 0.0 0.0 0.0 0.0 0.0 0.0 0.0 0.0 0.0 3.0 1.0 0.0 0.0 
6347.86865234375 7410.92529296875 7359.6865234375 -3645.830078125 1646.2945556640625 -6880.5791015625 -8749.5244140625 3172.378662109375 -10295.0107421875 -2363.89404296875 -9689.0244140625 -9642.626953125 5436.798828125 -4326.74267578125 -2153.672607421875 3193.9296875 8017.775390625 7212.7265625 2078.80810546875 5869.71240234375 output 3 7 2 9 1 10 8 4 5 6 indices 2 -1 3 4 -1 1 3 4 9 -1 1 2 2 1 3 -1 2 1 3 4 -1 3 1 2 2 1 3 4 2 1 3 4 -1 6 1 2 2 1 3 4 value 0.0 0.0 0.0 0.0 0.0 0.0 0.0 0.0 1.0 1.0 0.0 0.0 0.0 0.0 0.0 0.0 0.0 0.0 0.0 0.0 3.0 1.0 0.0 0.0 0.0 0.0 0.0 0.0 0.0 0.0 0.0 0.0 3.0 1.0 0.0 0.0 0.0 0.0 0.0 0.0 
8532.83984375 -4485.7548828125 -8272.306640625 789.7642211914062 8793.662109375 7168.095703125 -8487.96875 5241.3515625 5231.79541015625 -5699.5244140625 -2886.76806640625 991.9105834960938 212.66549682617188 2019.212158203125 -7297.87109375 -1713.303955078125 8058.9990234375 -9012.43359375 -3885.04638671875 4700.68212890625 output 1 9 5 8 2 4 10 6 7 3 indices 2 -1 3 4 -1 1 3 4 -1 9 1 2 2 1 3 -1 2 1 3 4 -1 3 1 2 2 1 3 4 2 1 3 4 -1 6 1 2 2 1 3 4 value 0.0 0.0 0.0 0.0 0.0 0.0 0.0 0.0 3.0 1.0 0.0 0.0 0.0 0.0 0.0 0.0 0.0 0.0 0.0 0.0 1.0 1.0 0.0 0.0 0.0 0.0 0.0 0.0 0.0 0.0 0.0 0.0 3.0 1.0 0.0 0.0 0.0 0.0 0.0 0.0 
6634.01123046875 6672.943359375 5661.134765625 3014.145263671875 -7209.26318359375 -3481.34619140625 -4188.88525390625 -3649.579345703125 1094.9722900390625 -2562.7099609375 -3142.529052734375 -5665.26416015625 -573.7996826171875 141.3583526611328 5309.435546875 -2736.629638671875 2615.308349609375 3176.947509765625 -6200.384765625 5090.13525390625 output 1 2 8 5 6 4 3 10 7 9 indices -1 6 2 3 -1 1 3 4 2 1 -1 4 2 1 3 -1 2 1 3 4 -1 7 1 2 -1 1 2 3 2 1 3 4 2 1 3 4 2 1 3 4 value 3.0 1.0 0.0 0.0 0.0 0.0 0.0 0.0 0.0 0.0 0.0 0.0 0.0 0.0 0.0 0.0 0.0 0.0 0.0 0.0 3.0 1.0 0.0 0.0 1.0 1.0 0.0 0.0 0.0 0.0 0.0 0.0 0.0 0.0 0.0 0.0 0.0 0.0 0.0 0.0 
6469.82568359375 709.3636474609375 2936.4912109375 -5889.83251953125 -6129.20654296875 6956.7958984375 -6069.833984375 3960.146484375 8134.7216796875 1258.9410400390625 -617.9937133789062 2594.377685546875 -3555.041259765625 -9800.76953125 8505.8916015625 125.56832885742188 -3484.97900390625 -7373.1640625 -6189.8759765625 7458.572265625 output 10 3 4 9 7 2 8 5 1 6 indices 2 -1 3 4 -1 1 3 4 2 1 -1 4 2 1 3 -1 7 -1 1 2 2 1 3 4 -1 9 1 2 2 1 3 4 10 -1 1 2 -1 5 1 2 value 0.0 0.0 0.0 0.0 0.0 0.0 0.0 0.0 0.0 0.0 0.0 0.0 0.0 0.0 0.0 0.0 1.0 1.0 0.0 0.0 0.0 0.0 0.0 0.0 3.0 1.0 0.0 0.0 0.0 0.0 0.0 0.0 1.0 1.0 0.0 0.0 1.0 1.0 0.0 0.0 
-4352.0693359375 -2871.672119140625 -2265.2666015625 7690.62451171875 1409.7296142578125 13.367759704589844 4306.02783203125 -5831.99755859375 8020.51611328125 4033.146240234375 5535.25830078125 -6531.07373046875 3640.33349609375 3417.27734375 -6737.728515625 -3561.163818359375 -3126.221435546875 3815.814453125 -6430.57958984375 -174.3231964111328 output 1 3 4 6 5 7 2 9 10 8 indices 5 -1 2 3 -1 1 3 4 2 1 -1 4 2 1 3 -1 -1 6 1 2 -1 1 2 3 2 1 3 4 2 1 3 4 2 1 3 4 2 1 3 4 value 1.0 1.0 0.0 0.0 0.0 0.0 0.0 0.0 0.0 0.0 0.0 0.0 0.0 0.0 0.0 0.0 3.0 1.0 0.0 0.0 3.0 1.0 0.0 0.0 0.0 0.0 0.0 0.0 0.0 0.0 0.0 0.0 0.0 0.0 0.0 0.0 0.0 0.0 0.0 0.0 
4884.787109375 4076.84228515625 3743.155029296875 -1824.140625 -3545.739013671875 -5325.0234375 3347.6630859375 5002.8779296875 607.71533203125 -8442.939453125 -8842.5869140625 9646.7001953125 2398.466552734375 -7832.50634765625 353.6998291015625 1738.1107177734375 1390.87255859375 -6900.71484375 -4338.033203125 9860.7939453125 output 7 5 3 6 10 4 1 8 2 9 indices 2 -1 3 4 -1 1 3 4 10 -1 1 2 2 1 3 -1 -1 3 1 2 2 1 3 4 2 1 3 4 2 1 3 4 2 1 3 4 -1 5 1 2 value 0.0 0.0 0.0 0.0 0.0 0.0 0.0 0.0 1.0 1.0 0.0 0.0 0.0 0.0 0.0 0.0 3.0 1.0 0.0 0.0 0.0 0.0 0.0 0.0 0.0 0.0 0.0 0.0 0.0 0.0 0.0 0.0 0.0 0.0 0.0 0.0 3.0 1.0 0.0 0.0 
-2588.315185546875 -2537.423828125 -1736.951416015625 5661.12890625 -8668.6240234375 7723.400390625 -6178.60400390625 5511.333984375 -4512.31591796875 8750.3056640625 9785.109375 -4860.3349609375 -280.0109558105469 -3821.975830078125 -1278.9107666015625 -6977.501953125 5143.8154296875 -8628.556640625 10314.8076171875 -820.3757934570312 output 2 5 3 4 1 7 8 9 6 10 indices 5 -1 2 3 -1 1 3 4 2 1 -1 4 2 1 3 -1 -1 9 1 2 2 1 3 4 2 1 3 4 2 1 3 4 -1 1 2 3 2 1 3 4 value 1.0 1.0 0.0 0.0 0.0 0.0 0.0 0.0 0.0 0.0 0.0 0.0 0.0 0.0 0.0 0.0 3.0 1.0 0.0 0.0 0.0 0.0 0.0 0.0 0.0 0.0 0.0 0.0 0.0 0.0 0.0 0.0 3.0 1.0 0.0 0.0 0.0 0.0 0.0 0.0 
131.3120574951172 -2301.956787109375 -6722.21142578125 394.4976806640625 -5278.44287109375 -9422.3798828125 5787.08984375 6100.5732421875 -4174.0869140625 7222.537109375 4693.4765625 -7109.22216796875 -7619.017578125 513.2684326171875 8609.85546875 7371.49951171875 -39.00539779663086 1210.42236328125 4611.0302734375 -3979.239501953125 output 1 9 4 8 5 7 2 3 6 10 indices 8 -1 2 3 -1 1 3 4 -1 1 2 4 2 1 3 -1 2 1 3 4 2 1 3 4 2 1 3 4 -1 3 1 2 2 1 3 4 2 1 3 4 value 1.0 1.0 0.0 0.0 0.0 0.0 0.0 0.0 3.0 1.0 0.0 0.0 0.0 0.0 0.0 0.0 0.0 0.0 0.0 0.0 0.0 0.0 0.0 0.0 0.0 0.0 0.0 0.0 3.0 1.0 0.0 0.0 0.0 0.0 0.0 0.0 0.0 0.0 0.0 0.0 
-1606.9105224609375 75.64044952392578 6860.38134765625 4075.974853515625 1162.8240966796875 -1324.08642578125 413.82000732421875 5085.46337890625 -3852.539306640625 -6242.38818359375 8613.3916015625 -451.2222900390625 -7469.2587890625 -1100.6123046875 7433.7431640625 -6284.544921875 -2694.633544921875 -181.8961181640625 -8860.8173828125 6347.67138671875 output 1 3 8 6 2 4 10 7 5 9 indices 2 -1 3 4 -1 5 1 3 2 1 -1 4 2 1 3 -1 -1 1 2 3 2 1 3 4 2 1 3 4 2 1 3 4 2 1 3 4 2 1 3 4 value 1.0 1.0 0.0 0.0 3.0 1.0 0.0 0.0 0.0 0.0 0.0 0.0 0.0 0.0 0.0 0.0 3.0 1.0 0.0 0.0 0.0 0.0 0.0 0.0 0.0 0.0 0.0 0.0 0.0 0.0 0.0 0.0 0.0 0.0 0.0 0.0 0.0 0.0 0.0 0.0 
1873.76220703125 1844.3341064453125 -4429.513671875 -8685.947265625 9905.92578125 9657.677734375 -821.5751342773438 5590.0791015625 -8064.27392578125 -8572.1552734375 -694.2994384765625 -725.8402709960938 2977.404052734375 -5774.1318359375 2493.94384765625 -5311.28369140625 4466.16455078125 3782.98583984375 -7707.53759765625 8194.28125 output 1 9 3 4 10 5 2 7 8 6 indices 2 -1 3 4 -1 6 1 3 -1 2 1 4 2 1 3 -1 2 1 3 4 -1 3 1 2 2 1 3 4 2 1 3 4 2 1 3 4 2 1 3 4 value 0.0 0.0 0.0 0.0 3.0 1.0 0.0 0.0 3.0 1.0 0.0 0.0 0.0 0.0 0.0 0.0 0.0 0.0 0.0 0.0 1.0 1.0 0.0 0.0 0.0 0.0 0.0 0.0 0.0 0.0 0.0 0.0 0.0 0.0 0.0 0.0 0.0 0.0 0.0 0.0 
-6179.798828125 -5865.88671875 5001.0419921875 -6409.802734375 -1412.5489501953125 -955.827392578125 1010.0205078125 8271.158203125 -4766.11865234375 9504.166015625 8354.248046875 -6914.47607421875 -2903.631103515625 -3943.08154296875 4320.53173828125 4509.19873046875 -348.9632568359375 -2744.2919921875 -3074.78173828125 4548.84326171875 output 4 5 10 3 9 7 1 2 6 8 indices 2 -1 3 4 -1 1 3 4 4 -1 1 2 -1 6 1 2 2 1 3 4 -1 3 1 2 2 1 3 4 2 1 3 4 2 1 3 4 2 1 3 4 value 0.0 0.0 0.0 0.0 0.0 0.0 0.0 0.0 1.0 1.0 0.0 0.0 3.0 1.0 0.0 0.0 0.0 0.0 0.0 0.0 3.0 1.0 0.0 0.0 0.0 0.0 0.0 0.0 0.0 0.0 0.0 0.0 0.0 0.0 0.0 0.0 0.0 0.0 0.0 0.0 
-7655.970703125 4160.794921875 9561.1328125 7887.91796875 -6970.4619140625 -1688.5294189453125 11702.2353515625 -7978.35693359375 -6902.45751953125 3190.96728515625 5480.10009765625 1002.446044921875 -4562.80810546875 -4587.00341796875 2919.2265625 5557.40234375 -2362.135009765625 -10348.9697265625 -1208.8616943359375 2803.331298828125 output 6 4 9 7 3 5 1 10 8 2 indices 2 -1 3 4 -1 9 1 3 2 1 -1 4 2 1 3 -1 2 1 3 4 2 1 3 4 -1 2 1 3 2 1 3 4 -1 7 1 2 2 1 3 4 value 0.0 0.0 0.0 0.0 3.0 1.0 0.0 0.0 0.0 0.0 0.0 0.0 0.0 0.0 0.0 0.0 0.0 0.0 0.0 0.0 0.0 0.0 0.0 0.0 1.0 1.0 0.0 0.0 0.0 0.0 0.0 0.0 3.0 1.0 0.0 0.0 0.0 0.0 0.0 0.0 
6071.8681640625 -8079.30810546875 1666.3577880859375 -2026.8824462890625 -8814.4296875 6986.162109375 1438.845947265625 -7159.89697265625 3668.616943359375 6267.0595703125 3171.2880859375 -2349.447265625 3091.870361328125 353.2948303222656 -13642.294921875 3100.186767578125 -1793.8665771484375 -5430.56640625 5141.7431640625 8339.3974609375 output 9 4 1 6 2 7 5 10 3 8 indices -1 2 3 4 10 -1 1 3 2 1 -1 4 2 1 3 -1 2 1 3 4 2 1 3 4 2 1 3 4 2 1 3 4 2 1 3 4 -1 1 2 3 value 3.0 1.0 0.0 0.0 1.0 1.0 0.0 0.0 0.0 0.0 0.0 0.0 0.0 0.0 0.0 0.0 0.0 0.0 0.0 0.0 0.0 0.0 0.0 0.0 0.0 0.0 0.0 0.0 0.0 0.0 0.0 0.0 0.0 0.0 0.0 0.0 3.0 1.0 0.0 0.0 
7766.01806640625 -8546.5498046875 2235.462646484375 4551.390625 4873.404296875 -7372.76904296875 -8695.3046875 1412.4302978515625 -4543.703125 -7297.28759765625 3835.65625 6934.361328125 -3459.525634765625 2295.05859375 1693.3900146484375 4175.5751953125 -1685.5260009765625 2628.893798828125 -2019.8717041015625 1218.8966064453125 output 3 1 6 2 8 9 10 7 4 5 indices -1 10 2 3 -1 1 3 4 2 1 -1 4 2 1 3 -1 2 1 3 4 -1 1 2 3 2 1 3 4 2 1 3 4 2 1 3 4 -1 6 1 2 value 3.0 1.0 0.0 0.0 0.0 0.0 0.0 0.0 0.0 0.0 0.0 0.0 0.0 0.0 0.0 0.0 0.0 0.0 0.0 0.0 3.0 1.0 0.0 0.0 0.0 0.0 0.0 0.0 0.0 0.0 0.0 0.0 0.0 0.0 0.0 0.0 1.0 1.0 0.0 0.0 
-1708.5902099609375 802.9129638671875 -9297.0185546875 -6286.94482421875 -5842.2001953125 3029.28955078125 5701.34912109375 5137.462890625 4061.5830078125 4418.8994140625 -2105.36767578125 -4458.97412109375 5633.87353515625 -1402.8587646484375 -2318.016845703125 -991.3292846679688 5283.6259765625 2379.255615234375 590.7615356445312 -2627.7138671875 output 9 4 5 1 8 3 2 6 10 7 indices 2 -1 3 4 -1 8 1 3 2 1 -1 4 -1 2 1 3 2 1 3 4 2 1 3 4 2 1 3 4 -1 4 1 2 2 1 3 4 2 1 3 4 value 0.0 0.0 0.0 0.0 3.0 1.0 0.0 0.0 0.0 0.0 0.0 0.0 3.0 1.0 0.0 0.0 0.0 0.0 0.0 0.0 0.0 0.0 0.0 0.0 0.0 0.0 0.0 0.0 1.0 1.0 0.0 0.0 0.0 0.0 0.0 0.0 0.0 0.0 0.0 0.0 
-2923.5146484375 6160.53076171875 -1697.9942626953125 -1331.917236328125 2365.265380859375 347.0114440917969 3004.46240234375 4607.017578125 -3798.88427734375 -10734.626953125 3588.0615234375 -5382.34375 -3909.641357421875 1189.373046875 -6674.30322265625 -2517.48046875 6156.35107421875 5047.20361328125 3890.197265625 2615.231689453125 output 9 4 1 7 2 8 5 6 3 10 indices 2 -1 3 4 9 -1 1 3 2 1 -1 4 2 1 3 -1 -1 2 1 3 2 1 3 4 2 1 3 4 2 1 3 4 -1 5 1 2 2 1 3 4 value 0.0 0.0 0.0 0.0 1.0 1.0 0.0 0.0 0.0 0.0 0.0 0.0 0.0 0.0 0.0 0.0 3.0 1.0 0.0 0.0 0.0 0.0 0.0 0.0 0.0 0.0 0.0 0.0 0.0 0.0 0.0 0.0 3.0 1.0 0.0 0.0 0.0 0.0 0.0 0.0 
-2600.374267578125 -4934.181640625 -2735.7529296875 1306.1561279296875 -366.90545654296875 -6073.4462890625 4838.52197265625 -3552.542236328125 -3311.23828125 -2871.163818359375 5096.88525390625 6455.1396484375 5156.30859375 10625.8994140625 -254.3809356689453 -1400.98486328125 -9534.6240234375 -7663.55224609375 3711.560546875 8108.67626953125 output 1 3 4 6 7 10 2 8 5 9 indices 2 -1 3 4 -1 1 3 4 2 1 -1 4 2 1 3 -1 2 1 3 4 2 1 3 4 -1 9 1 2 -1 7 1 2 -1 8 1 2 2 1 3 4 value 0.0 0.0 0.0 0.0 0.0 0.0 0.0 0.0 0.0 0.0 0.0 0.0 0.0 0.0 0.0 0.0 0.0 0.0 0.0 0.0 0.0 0.0 0.0 0.0 3.0 1.0 0.0 0.0 1.0 1.0 0.0 0.0 3.0 1.0 0.0 0.0 0.0 0.0 0.0 0.0 
-1154.903076171875 1340.3812255859375 -6088.23193359375 -3379.1328125 10810.3349609375 -8513.3193359375 1051.13916015625 7984.82177734375 -1361.5958251953125 -92.93327331542969 -1307.144287109375 6740.04443359375 262.18377685546875 -7100.58544921875 -4888.11474609375 3748.649658203125 -5739.525390625 4357.56982421875 8415.857421875 -5085.49560546875 output 1 5 10 3 7 2 8 9 6 4 indices 2 -1 3 4 -1 1 3 4 -1 5 1 2 -1 3 1 2 -1 4 1 2 2 1 3 4 2 1 3 4 2 1 3 4 2 1 3 4 2 1 3 4 value 0.0 0.0 0.0 0.0 0.0 0.0 0.0 0.0 3.0 1.0 0.0 0.0 3.0 1.0 0.0 0.0 1.0 1.0 0.0 0.0 0.0 0.0 0.0 0.0 0.0 0.0 0.0 0.0 0.0 0.0 0.0 0.0 0.0 0.0 0.0 0.0 0.0 0.0 0.0 0.0 
1601.8223876953125 -3170.091552734375 -5830.3671875 6523.833984375 -7799.74560546875 -3428.620849609375 10343.7548828125 4970.56884765625 7857.0673828125 2384.031494140625 -861.77783203125 6483.77734375 5728.95458984375 -2558.57421875 -528.1283569335938 3644.4140625 -2600.664794921875 -3934.5537109375 -7910.91552734375 -10914.78515625 output 9 1 7 5 4 8 6 2 3 10 indices 2 -1 3 4 -1 1 3 4 2 1 -1 4 -1 10 1 2 2 1 3 4 2 1 3 4 2 1 3 4 2 1 3 4 -1 4 1 2 -1 9 1 2 value 0.0 0.0 0.0 0.0 0.0 0.0 0.0 0.0 0.0 0.0 0.0 0.0 3.0 1.0 0.0 0.0 0.0 0.0 0.0 0.0 0.0 0.0 0.0 0.0 0.0 0.0 0.0 0.0 0.0 0.0 0.0 0.0 1.0 1.0 0.0 0.0 3.0 1.0 0.0 0.0 
-4219.82373046875 3002.93798828125 4250.4443359375 -8124.67529296875 4774.2744140625 -316.98876953125 -3253.804443359375 9509.373046875 2034.2015380859375 7693.814453125 5532.658203125 -6073.625 -5027.751953125 -4076.149658203125 -7804.462890625 -5327.70361328125 4464.19970703125 -3486.683837890625 -749.9354248046875 7199.7001953125 output 2 6 9 3 5 10 4 1 8 7 indices 2 -1 3 4 -1 7 1 3 2 1 -1 4 2 1 3 -1 -1 2 1 3 2 1 3 4 -1 5 1 2 2 1 3 4 2 1 3 4 2 1 3 4 value 0.0 0.0 0.0 0.0 3.0 1.0 0.0 0.0 0.0 0.0 0.0 0.0 0.0 0.0 0.0 0.0 3.0 1.0 0.0 0.0 0.0 0.0 0.0 0.0 1.0 1.0 0.0 0.0 0.0 0.0 0.0 0.0 0.0 0.0 0.0 0.0 0.0 0.0 0.0 0.0 
-4392.52587890625 -5038.7294921875 -4125.85009765625 4187.53857421875 5451.67529296875 -6373.912109375 4555.533203125 5654.1513671875 530.6968994140625 7865.85986328125 -4187.31005859375 516.06689453125 8744.5556640625 -10030.6904296875 -2408.08740234375 -1017.020751953125 -1598.137939453125 7469.5966796875 -2570.54931640625 -3232.860595703125 output 2 6 8 10 1 7 3 4 5 9 indices 2 -1 3 4 -1 1 3 4 2 1 -1 4 2 1 3 -1 -1 7 1 2 2 1 3 4 -1 8 1 2 -1 5 1 2 2 1 3 4 2 1 3 4 value 0.0 0.0 0.0 0.0 0.0 0.0 0.0 0.0 0.0 0.0 0.0 0.0 0.0 0.0 0.0 0.0 3.0 1.0 0.0 0.0 0.0 0.0 0.0 0.0 3.0 1.0 0.0 0.0 1.0 1.0 0.0 0.0 0.0 0.0 0.0 0.0 0.0 0.0 0.0 0.0 
-5099.14306640625 739.6983642578125 751.1705932617188 -2724.76171875 8265.46484375 2173.595703125 -7667.0029296875 -11708.123046875 -6305.775390625 -5631.4443359375 5111.4287109375 4614.21240234375 1619.1939697265625 4871.48681640625 2920.844970703125 3572.350341796875 7661.46044921875 3729.13330078125 -7257.6416015625 363.8517761230469 output 6 9 3 2 4 5 10 1 7 8 indices 2 -1 3 4 9 -1 1 3 2 1 -1 4 -1 2 1 3 2 1 3 4 2 1 3 4 2 1 3 4 2 1 3 4 -1 4 1 2 2 1 3 4 value 0.0 0.0 0.0 0.0 1.0 1.0 0.0 0.0 0.0 0.0 0.0 0.0 3.0 1.0 0.0 0.0 0.0 0.0 0.0 0.0 0.0 0.0 0.0 0.0 0.0 0.0 0.0 0.0 0.0 0.0 0.0 0.0 3.0 1.0 0.0 0.0 0.0 0.0 0.0 0.0 
941.626953125 -10008.6767578125 -349.0552062988281 -802.771240234375 -1348.6729736328125 -3984.658203125 -4453.9453125 -1051.80517578125 -884.11962890625 6823.99951171875 1524.80859375 -832.6848754882812 494.9804992675781 8417.5546875 6037.75146484375 -2670.955322265625 -9142.767578125 -3036.82177734375 7179.3935546875 7146.81982421875 output 1 3 9 4 2 6 5 7 10 8 indices -1 2 3 4 10 -1 1 3 2 1 -1 4 2 1 3 -1 2 1 3 4 2 1 3 4 2 1 3 4 2 1 3 4 2 1 3 4 -1 1 2 3 value 3.0 1.0 0.0 0.0 1.0 1.0 0.0 0.0 0.0 0.0 0.0 0.0 0.0 0.0 0.0 0.0 0.0 0.0 0.0 0.0 0.0 0.0 0.0 0.0 0.0 0.0 0.0 0.0 0.0 0.0 0.0 0.0 0.0 0.0 0.0 0.0 3.0 1.0 0.0 0.0 
3966.93994140625 11392.0791015625 10338.443359375 -6107.39501953125 3148.967041015625 11567.4638671875 4075.771728515625 378.6942138671875 -2677.94775390625 -5960.177734375 -4289.8662109375 -7934.14697265625 -4245.58642578125 -1042.20556640625 -7518.28857421875 2668.08203125 5127.85888671875 -6067.591796875 -7926.2919921875 1105.197509765625 output 9 2 4 1 3 8 10 7 6 5 indices -1 6 2 3 -1 1 3 4 2 1 -1 4 2 1 3 -1 2 1 3 4 -1 7 1 2 -1 1 2 3 2 1 3 4 2 1 3 4 2 1 3 4 value 3.0 1.0 0.0 0.0 0.0 0.0 0.0 0.0 0.0 0.0 0.0 0.0 0.0 0.0 0.0 0.0 0.0 0.0 0.0 0.0 3.0 1.0 0.0 0.0 1.0 1.0 0.0 0.0 0.0 0.0 0.0 0.0 0.0 0.0 0.0 0.0 0.0 0.0 0.0 0.0 
-2637.3125 1456.4254150390625 5719.1044921875 -1812.1964111328125 1753.271484375 2511.17822265625 2546.77783203125 3610.671630859375 6400.8662109375 -4384.7744140625 -10266.2685546875 -4455.2216796875 2736.09765625 2417.0390625 -9009.14453125 2007.75927734375 5755.0224609375 -8860.2578125 -2998.41455078125 7509.3759765625 output 1 3 4 7 2 5 9 6 8 10 indices 10 -1 2 3 -1 1 3 4 2 1 -1 4 2 1 3 -1 2 1 3 4 2 1 3 4 2 1 3 4 2 1 3 4 -1 1 2 3 -1 9 1 2 value 1.0 1.0 0.0 0.0 0.0 0.0 0.0 0.0 0.0 0.0 0.0 0.0 0.0 0.0 0.0 0.0 0.0 0.0 0.0 0.0 0.0 0.0 0.0 0.0 0.0 0.0 0.0 0.0 0.0 0.0 0.0 0.0 3.0 1.0 0.0 0.0 3.0 1.0 0.0 0.0 
8060.49365234375 -359.8106384277344 -6940.59619140625 -1270.6036376953125 -2158.6630859375 -6852.83349609375 -4070.900634765625 -2535.77783203125 -1439.2581787109375 -5826.8193359375 4967.35009765625 1287.9891357421875 -89.29645538330078 7598.29296875 5708.4541015625 1831.1383056640625 5244.818359375 5746.82763671875 -9282.4013671875 381.5970153808594 output 6 1 5 3 4 2 10 7 9 8 indices 2 -1 3 4 -1 1 3 4 -1 4 1 2 9 -1 1 2 2 1 3 4 2 1 3 4 2 1 3 4 2 1 3 4 -1 3 1 2 2 1 3 4 value 0.0 0.0 0.0 0.0 0.0 0.0 0.0 0.0 3.0 1.0 0.0 0.0 1.0 1.0 0.0 0.0 0.0 0.0 0.0 0.0 0.0 0.0 0.0 0.0 0.0 0.0 0.0 0.0 0.0 0.0 0.0 0.0 3.0 1.0 0.0 0.0 0.0 0.0 0.0 0.0 
4135.654296875 -6991.900390625 1805.182861328125 -5039.27294921875 1524.49853515625 -56.846031188964844 -4048.883544921875 10510.29296875 -4722.3828125 7851.8779296875 -68.7529296875 8864.2568359375 -2269.671142578125 4750.3125 1474.3563232421875 -8031.62109375 3726.987548828125 -8468.9912109375 -1556.9891357421875 -3388.108642578125 output 4 5 7 10 8 9 1 2 3 6 indices 2 -1 3 4 -1 1 3 4 2 1 -1 4 6 -1 1 2 2 1 3 4 9 -1 1 2 2 1 3 4 2 1 3 4 -1 10 1 2 -1 4 1 2 value 0.0 0.0 0.0 0.0 0.0 0.0 0.0 0.0 0.0 0.0 0.0 0.0 1.0 1.0 0.0 0.0 0.0 0.0 0.0 0.0 1.0 1.0 0.0 0.0 0.0 0.0 0.0 0.0 0.0 0.0 0.0 0.0 3.0 1.0 0.0 0.0 1.0 1.0 0.0 0.0 
7583.79052734375 -3602.912109375 837.1519775390625 -6285.19140625 -5743.96240234375 7955.3271484375 -3903.404052734375 10426.779296875 -2054.33154296875 6407.21826171875 2116.375732421875 -7436.330078125 -2743.776611328125 -2143.3603515625 -2862.587158203125 -7566.58056640625 -3943.256591796875 -7423.10693359375 10714.0 9668.1572265625 output 8 9 7 5 3 4 10 1 6 2 indices 2 -1 3 4 -1 1 3 4 2 1 -1 4 2 1 3 -1 2 1 3 4 2 1 3 4 10 -1 1 2 -1 7 1 2 2 1 3 4 -1 8 1 2 value 0.0 0.0 0.0 0.0 0.0 0.0 0.0 0.0 0.0 0.0 0.0 0.0 0.0 0.0 0.0 0.0 0.0 0.0 0.0 0.0 0.0 0.0 0.0 0.0 1.0 1.0 0.0 0.0 3.0 1.0 0.0 0.0 0.0 0.0 0.0 0.0 3.0 1.0 0.0 0.0 
-1811.4407958984375 -7198.7099609375 -8989.8876953125 -516.4393310546875 4082.380126953125 2541.79736328125 6813.076171875 -1088.0626220703125 -1889.7303466796875 -528.1688232421875 2460.406494140625 -7739.85546875 -7125.5673828125 1850.801025390625 1599.97119140625 10749.6201171875 5151.62890625 -868.44287109375 -290.8371276855469 2797.4599609375 output 1 6 4 9 3 8 10 5 7 2 indices 2 -1 3 4 -1 1 3 4 2 1 -1 4 2 1 3 -1 8 -1 1 2 -1 5 1 2 2 1 3 4 -1 6 1 2 2 1 3 4 2 1 3 4 value 0.0 0.0 0.0 0.0 0.0 0.0 0.0 0.0 0.0 0.0 0.0 0.0 0.0 0.0 0.0 0.0 1.0 1.0 0.0 0.0 3.0 1.0 0.0 0.0 0.0 0.0 0.0 0.0 3.0 1.0 0.0 0.0 0.0 0.0 0.0 0.0 0.0 0.0 0.0 0.0 
-6281.77880859375 6627.30908203125 -3982.410400390625 -7007.359375 3365.152099609375 3945.498779296875 -5829.646484375 -2302.6953125 2553.714599609375 636.237548828125 2876.642578125 -8227.1962890625 -7991.763671875 3375.61572265625 6129.384765625 -5212.25439453125 7995.16357421875 8129.9521484375 1165.541748046875 34.892215728759766 output 10 5 3 9 1 7 4 2 6 8 indices 2 -1 3 4 -1 1 3 4 2 1 -1 4 2 1 3 -1 2 1 3 4 -1 10 1 2 2 1 3 4 2 1 3 4 -1 6 1 2 -1 9 1 2 value 0.0 0.0 0.0 0.0 0.0 0.0 0.0 0.0 0.0 0.0 0.0 0.0 0.0 0.0 0.0 0.0 0.0 0.0 0.0 0.0 3.0 1.0 0.0 0.0 0.0 0.0 0.0 0.0 0.0 0.0 0.0 0.0 3.0 1.0 0.0 0.0 1.0 1.0 0.0 0.0 
-3311.208251953125 5775.35400390625 -4854.880859375 -5722.6640625 -6188.55615234375 -4666.9658203125 4498.93115234375 -7202.271484375 -385.3481140136719 4618.1181640625 -9262.6357421875 8106.759765625 3798.706298828125 -4153.8408203125 2027.737548828125 5520.5859375 8212.1162109375 432.2743225097656 5465.138671875 -2707.350341796875 output 1 5 8 9 10 7 4 2 3 6 indices 2 -1 3 4 8 -1 1 3 2 1 -1 4 -1 2 1 3 2 1 3 4 2 1 3 4 2 1 3 4 -1 4 1 2 2 1 3 4 2 1 3 4 value 0.0 0.0 0.0 0.0 1.0 1.0 0.0 0.0 0.0 0.0 0.0 0.0 3.0 1.0 0.0 0.0 0.0 0.0 0.0 0.0 0.0 0.0 0.0 0.0 0.0 0.0 0.0 0.0 3.0 1.0 0.0 0.0 0.0 0.0 0.0 0.0 0.0 0.0 0.0 0.0 
7257.2255859375 -6562.544921875 -8369.962890625 9207.27734375 8376.8193359375 -823.2921142578125 2048.9111328125 1796.794677734375 758.117431640625 5685.30126953125 3623.307861328125 1628.10009765625 2367.633056640625 -9441.9677734375 -5669.35546875 -8429.6220703125 -7859.95458984375 5239.59521484375 -2532.74169921875 1700.3587646484375 output 7 1 3 6 4 5 2 9 10 8 indices 2 -1 3 4 5 -1 1 3 2 1 -1 4 2 1 3 -1 7 -1 1 2 2 1 3 4 -1 8 1 2 10 3 1 2 2 1 3 4 2 4 1 3 value 0.0 0.0 0.0 0.0 1.0 1.0 0.0 0.0 0.0 0.0 0.0 0.0 0.0 0.0 0.0 0.0 1.0 1.0 0.0 0.0 0.0 0.0 0.0 0.0 3.0 1.0 0.0 0.0 1.0 0.0 0.0 0.0 0.0 0.0 0.0 0.0 1.0 0.0 0.0 0.0 
-5701.138671875 5690.85595703125 -7036.9912109375 -7992.53955078125 8587.2353515625 5689.08935546875 5938.240234375 -455.9020080566406 166.916015625 -595.99169921875 -135.12283325195312 -2384.603271484375 -1116.1268310546875 2289.8564453125 9106.1640625 -4001.77734375 -8229.875 -2175.228515625 -1579.300537109375 3936.240966796875 output 4 8 3 7 10 1 9 2 6 5 indices 2 -1 3 4 -1 5 1 3 -1 2 1 4 2 1 3 -1 -1 3 1 2 2 1 3 4 2 1 3 4 2 1 3 4 2 1 3 4 2 1 3 4 value 0.0 0.0 0.0 0.0 3.0 1.0 0.0 0.0 3.0 1.0 0.0 0.0 0.0 0.0 0.0 0.0 1.0 1.0 0.0 0.0 0.0 0.0 0.0 0.0 0.0 0.0 0.0 0.0 0.0 0.0 0.0 0.0 0.0 0.0 0.0 0.0 0.0 0.0 0.0 0.0 
-954.9161376953125 -687.4088134765625 4663.52685546875 7359.3251953125 609.1024780273438 6070.22802734375 1701.8043212890625 4218.728515625 -1773.846923828125 834.1770629882812 7127.52978515625 -4976.56005859375 2177.625244140625 2080.361572265625 -12624.9482421875 -40.59735107421875 -3266.49365234375 -6334.34765625 2340.6162109375 -8523.90625 output 9 10 6 2 3 4 7 1 5 8 indices 2 -1 3 4 -1 10 1 3 2 1 -1 4 2 1 3 -1 2 1 3 4 2 1 3 4 2 1 3 4 2 1 3 4 2 1 3 4 -1 1 2 3 value 1.0 1.0 0.0 0.0 3.0 1.0 0.0 0.0 0.0 0.0 0.0 0.0 0.0 0.0 0.0 0.0 0.0 0.0 0.0 0.0 0.0 0.0 0.0 0.0 0.0 0.0 0.0 0.0 0.0 0.0 0.0 0.0 0.0 0.0 0.0 0.0 3.0 1.0 0.0 0.0 
-8514.7685546875 -958.8020629882812 7230.20556640625 1524.5352783203125 -7053.04931640625 8840.9208984375 8959.0859375 -872.9474487304688 -4890.939453125 7120.5068359375 1677.5760498046875 -5962.0517578125 6652.42724609375 -1260.468994140625 -7573.08935546875 -6526.09912109375 2709.912109375 458.592041015625 802.6395874023438 -2364.18603515625 output 8 1 3 5 9 2 4 7 10 6 indices 2 -1 3 4 -1 1 3 4 -1 8 1 2 2 1 3 -1 2 1 3 4 2 1 3 4 2 1 3 4 -1 10 1 2 2 1 3 4 -1 3 1 2 value 0.0 0.0 0.0 0.0 0.0 0.0 0.0 0.0 3.0 1.0 0.0 0.0 0.0 0.0 0.0 0.0 0.0 0.0 0.0 0.0 0.0 0.0 0.0 0.0 0.0 0.0 0.0 0.0 3.0 1.0 0.0 0.0 0.0 0.0 0.0 0.0 1.0 1.0 0.0 0.0 
5541.6416015625 -1636.2904052734375 8601.9521484375 4911.921875 -3410.08203125 5557.33935546875 -5746.50341796875 -3699.51806640625 -6349.95703125 -8663.1708984375 -6460.65576171875 2753.5068359375 -6521.8583984375 2836.127197265625 -945.0235595703125 686.7085571289062 2685.939453125 -4725.16748046875 12604.546875 1978.5430908203125 output 1 9 5 4 6 7 3 8 2 10 indices 2 -1 3 4 -1 5 1 3 2 1 -1 4 2 1 3 -1 -1 8 1 2 2 1 3 4 2 1 3 4 -1 2 1 3 2 1 3 4 2 1 3 4 value 0.0 0.0 0.0 0.0 3.0 1.0 0.0 0.0 0.0 0.0 0.0 0.0 0.0 0.0 0.0 0.0 3.0 1.0 0.0 0.0 0.0 0.0 0.0 0.0 0.0 0.0 0.0 0.0 1.0 1.0 0.0 0.0 0.0 0.0 0.0 0.0 0.0 0.0 0.0 0.0 
4962.58251953125 -621.1917114257812 6373.40576171875 6560.400390625 -1618.742431640625 -5715.73681640625 -5200.5595703125 2570.1181640625 3696.053955078125 -6469.40234375 -310.8638916015625 8501.857421875 -465.76824951171875 1220.1697998046875 1018.90771484375 -2700.369140625 1816.9876708984375 1984.630615234375 -10272.0029296875 -5330.4765625 output 1 9 7 8 5 3 10 4 6 2 indices 2 -1 3 4 -1 5 1 3 2 1 -1 4 2 1 3 -1 -1 8 1 2 2 1 3 4 2 1 3 4 -1 2 1 3 2 1 3 4 2 1 3 4 value 0.0 0.0 0.0 0.0 3.0 1.0 0.0 0.0 0.0 0.0 0.0 0.0 0.0 0.0 0.0 0.0 3.0 1.0 0.0 0.0 0.0 0.0 0.0 0.0 0.0 0.0 0.0 0.0 1.0 1.0 0.0 0.0 0.0 0.0 0.0 0.0 0.0 0.0 0.0 0.0 
1372.66796875 -901.762939453125 169.0093994140625 -3770.45458984375 5564.9169921875 4735.91455078125 5837.15380859375 3898.147705078125 5024.82275390625 -6439.72509765625 3399.0849609375 -2001.9627685546875 -10755.048828125 -796.6430053710938 4368.58642578125 102.07357788085938 -5474.25732421875 -4500.015625 -9506.935546875 9674.427734375 output 1 6 5 2 9 7 10 3 4 8 indices 3 -1 2 4 -1 1 3 4 -1 5 1 2 2 1 3 -1 -1 1 2 3 2 1 3 4 2 1 3 4 2 1 3 4 2 1 3 4 2 1 3 4 value 1.0 1.0 0.0 0.0 0.0 0.0 0.0 0.0 3.0 1.0 0.0 0.0 0.0 0.0 0.0 0.0 3.0 1.0 0.0 0.0 0.0 0.0 0.0 0.0 0.0 0.0 0.0 0.0 0.0 0.0 0.0 0.0 0.0 0.0 0.0 0.0 0.0 0.0 0.0 0.0 
9597.912109375 -6661.16748046875 4755.1767578125 -2741.866455078125 -135.71890258789062 6357.78125 2914.37646484375 10349.60546875 6268.1865234375 7999.14697265625 -3015.921142578125 -2196.007080078125 -8802.3466796875 -5867.78955078125 4934.009765625 -7323.69189453125 -9201.4814453125 -8877.7353515625 -7314.193359375 8961.7236328125 output 1 2 5 4 3 10 6 7 9 8 indices 2 -1 3 4 -1 1 3 4 2 1 -1 4 -1 9 1 2 2 1 3 4 -1 4 1 2 2 1 3 4 2 1 3 4 -1 6 1 2 2 1 3 4 value 0.0 0.0 0.0 0.0 0.0 0.0 0.0 0.0 0.0 0.0 0.0 0.0 3.0 1.0 0.0 0.0 0.0 0.0 0.0 0.0 1.0 1.0 0.0 0.0 0.0 0.0 0.0 0.0 0.0 0.0 0.0 0.0 3.0 1.0 0.0 0.0 0.0 0.0 0.0 0.0 
5250.03369140625 -882.3854370117188 8322.73828125 2494.743896484375 -3977.609375 -3386.098388671875 -1628.9625244140625 -7804.4033203125 -1166.6973876953125 5203.55322265625 -2423.4375 -6971.37255859375 -2013.3525390625 -730.1655883789062 4311.94580078125 5159.19921875 -2821.9736328125 5852.38623046875 -3852.685302734375 1064.543212890625 output 3 7 10 9 5 8 2 1 4 6 indices 2 -1 3 4 -1 1 3 4 2 1 -1 4 -1 7 1 2 2 1 3 4 2 1 3 4 8 -1 1 2 -1 4 1 2 2 1 3 4 2 1 3 4 value 0.0 0.0 0.0 0.0 0.0 0.0 0.0 0.0 0.0 0.0 0.0 0.0 3.0 1.0 0.0 0.0 0.0 0.0 0.0 0.0 0.0 0.0 0.0 0.0 1.0 1.0 0.0 0.0 3.0 1.0 0.0 0.0 0.0 0.0 0.0 0.0 0.0 0.0 0.0 0.0 
-8141.93408203125 -7652.6005859375 9898.892578125 -5293.7041015625 7049.248046875 1419.439697265625 7914.28125 -4705.14013671875 1888.69287109375 -1820.48388671875 -3617.706298828125 -4596.93505859375 -6864.8505859375 10383.27734375 -5518.81298828125 -577.28564453125 2335.382568359375 5219.9853515625 -4943.193359375 7623.4462890625 output 10 7 8 1 6 5 4 2 3 9 indices -1 6 2 3 -1 1 3 4 2 1 -1 4 2 1 3 -1 2 1 3 4 7 -1 1 2 -1 1 2 3 2 1 3 4 2 1 3 4 2 1 3 4 value 3.0 1.0 0.0 0.0 0.0 0.0 0.0 0.0 0.0 0.0 0.0 0.0 0.0 0.0 0.0 0.0 0.0 0.0 0.0 0.0 1.0 1.0 0.0 0.0 3.0 1.0 0.0 0.0 0.0 0.0 0.0 0.0 0.0 0.0 0.0 0.0 0.0 0.0 0.0 0.0 
4871.14013671875 7198.8046875 -2556.638671875 5550.8466796875 2125.67529296875 -8103.0 6374.7421875 -10824.0146484375 -3425.468505859375 -8959.1025390625 5256.85205078125 4468.169921875 -6851.2255859375 -2419.048583984375 -7285.74560546875 8205.8779296875 1737.0635986328125 -3536.252685546875 -246.39503479003906 8417.7197265625 output 7 5 3 4 9 6 1 10 2 8 indices -1 4 2 3 -1 1 3 4 2 1 -1 4 -1 9 1 2 2 1 3 4 2 1 3 4 2 1 3 4 2 1 3 4 -1 1 2 3 2 1 3 4 value 3.0 1.0 0.0 0.0 0.0 0.0 0.0 0.0 0.0 0.0 0.0 0.0 3.0 1.0 0.0 0.0 0.0 0.0 0.0 0.0 0.0 0.0 0.0 0.0 0.0 0.0 0.0 0.0 0.0 0.0 0.0 0.0 1.0 1.0 0.0 0.0 0.0 0.0 0.0 0.0 
-6129.16845703125 8651.4287109375 5763.072265625 2284.83154296875 -7313.81884765625 2498.157958984375 -7739.7392578125 -2241.337158203125 3444.401123046875 1246.1134033203125 4958.9814453125 -6575.53076171875 5609.8876953125 -8874.67578125 -2227.349365234375 -6789.78955078125 8059.02294921875 3748.921142578125 -4425.28955078125 6051.8798828125 output 5 2 9 6 7 8 4 3 1 10 indices 2 -1 3 4 -1 1 3 4 2 1 -1 4 2 1 3 -1 2 1 3 4 2 1 3 4 -1 8 1 2 9 -1 1 2 -1 7 1 2 2 1 3 4 value 0.0 0.0 0.0 0.0 0.0 0.0 0.0 0.0 0.0 0.0 0.0 0.0 0.0 0.0 0.0 0.0 0.0 0.0 0.0 0.0 0.0 0.0 0.0 0.0 3.0 1.0 0.0 0.0 1.0 1.0 0.0 0.0 3.0 1.0 0.0 0.0 0.0 0.0 0.0 0.0 
-7740.572265625 3004.6875 1375.985595703125 7257.607421875 8427.9150390625 -5831.1748046875 -10080.212890625 5905.40771484375 -972.8491821289062 -4572.71142578125 -3300.6787109375 -7058.966796875 8760.5478515625 1149.01220703125 -437.63958740234375 -212.280029296875 3911.0166015625 -6968.72021484375 56.48664855957031 7327.138671875 output 1 4 10 2 7 3 9 6 5 8 indices 2 -1 3 4 -1 6 1 3 2 1 -1 4 2 1 3 -1 2 1 3 4 -1 8 1 2 2 1 3 4 -1 2 1 3 2 1 3 4 2 1 3 4 value 0.0 0.0 0.0 0.0 3.0 1.0 0.0 0.0 0.0 0.0 0.0 0.0 0.0 0.0 0.0 0.0 0.0 0.0 0.0 0.0 3.0 1.0 0.0 0.0 0.0 0.0 0.0 0.0 1.0 1.0 0.0 0.0 0.0 0.0 0.0 0.0 0.0 0.0 0.0 0.0 
-3113.371337890625 2717.833984375 838.6939697265625 -5304.0029296875 -176.8311767578125 -9435.7197265625 -3997.334228515625 -7727.8916015625 -2874.165771484375 -8957.865234375 2206.573974609375 5056.2392578125 10577.9521484375 -525.55029296875 7252.05517578125 7163.765625 -7214.3271484375 8223.578125 -3499.24560546875 8789.61328125 output 10 9 1 4 5 3 2 7 8 6 indices 2 -1 3 4 -1 1 3 4 -1 4 1 2 8 -1 1 2 2 1 3 4 2 1 3 4 2 1 3 4 -1 3 1 2 2 1 3 4 2 1 3 4 value 0.0 0.0 0.0 0.0 0.0 0.0 0.0 0.0 3.0 1.0 0.0 0.0 1.0 1.0 0.0 0.0 0.0 0.0 0.0 0.0 0.0 0.0 0.0 0.0 0.0 0.0 0.0 0.0 3.0 1.0 0.0 0.0 0.0 0.0 0.0 0.0 0.0 0.0 0.0 0.0 
9954.466796875 5287.98291015625 -4234.90087890625 -9272.5390625 -1267.4954833984375 -7155.271484375 -6028.033203125 2451.790771484375 2779.39111328125 -3374.70361328125 10613.1796875 8139.60498046875 8929.54296875 4032.864990234375 -6924.49462890625 -132.82711791992188 -5494.64306640625 -2925.02392578125 -8327.013671875 2948.121826171875 output 6 1 7 5 3 2 9 8 10 4 indices 2 -1 3 4 -1 9 1 3 2 1 -1 4 2 1 3 -1 2 1 3 4 -1 2 1 3 2 1 3 4 2 1 3 4 -1 6 1 2 2 1 3 4 value 0.0 0.0 0.0 0.0 3.0 1.0 0.0 0.0 0.0 0.0 0.0 0.0 0.0 0.0 0.0 0.0 0.0 0.0 0.0 0.0 3.0 1.0 0.0 0.0 0.0 0.0 0.0 0.0 0.0 0.0 0.0 0.0 1.0 1.0 0.0 0.0 0.0 0.0 0.0 0.0 
7087.88916015625 -6726.25244140625 -2636.16015625 6617.10986328125 -11292.5830078125 -3117.15478515625 -6539.32275390625 -3942.203125 8060.064453125 -1291.4364013671875 7058.2763671875 -3075.608642578125 4598.37109375 9396.380859375 548.602783203125 1122.320068359375 -3740.66455078125 2794.020263671875 -3144.4736328125 -1777.175537109375 output 1 6 5 7 2 9 3 4 10 8 indices -1 10 2 3 -1 1 3 4 2 1 -1 4 2 1 3 -1 2 1 3 4 2 1 3 4 -1 1 2 3 2 1 3 4 2 1 3 4 -1 7 1 2 value 3.0 1.0 0.0 0.0 0.0 0.0 0.0 0.0 0.0 0.0 0.0 0.0 0.0 0.0 0.0 0.0 0.0 0.0 0.0 0.0 0.0 0.0 0.0 0.0 3.0 1.0 0.0 0.0 0.0 0.0 0.0 0.0 0.0 0.0 0.0 0.0 1.0 1.0 0.0 0.0 
6048.53662109375 -4545.1650390625 4007.886474609375 890.190673828125 9150.4951171875 1364.4700927734375 2635.830322265625 10220.9111328125 673.437255859375 -1654.808349609375 -6939.13525390625 4010.574462890625 -3759.58251953125 -2222.868408203125 -560.990966796875 678.2650756835938 -5283.873046875 -3452.281982421875 -5972.60400390625 -5289.2880859375 output 1 5 8 7 9 10 6 4 2 3 indices 2 -1 3 4 -1 1 3 4 2 1 -1 4 -1 10 1 2 -1 4 1 2 2 1 3 4 2 1 3 4 2 1 3 4 2 1 3 4 -1 5 1 2 value 0.0 0.0 0.0 0.0 0.0 0.0 0.0 0.0 0.0 0.0 0.0 0.0 3.0 1.0 0.0 0.0 1.0 1.0 0.0 0.0 0.0 0.0 0.0 0.0 0.0 0.0 0.0 0.0 0.0 0.0 0.0 0.0 0.0 0.0 0.0 0.0 3.0 1.0 0.0 0.0 
648.7137451171875 890.545654296875 7849.91943359375 5740.24609375 -8681.4306640625 -2376.492431640625 6932.400390625 7371.18212890625 -817.5150756835938 -4838.8505859375 3584.72607421875 3531.420654296875 -9425.4228515625 -4011.843994140625 4430.49072265625 -5749.90966796875 3571.691162109375 -7366.7958984375 -8093.57373046875 6810.498046875 output 1 6 2 4 10 3 7 5 9 8 indices 2 -1 3 4 -1 1 3 4 2 1 -1 4 -1 9 1 2 -1 4 1 2 2 1 3 4 2 1 3 4 2 1 3 4 -1 5 1 2 2 1 3 4 value 0.0 0.0 0.0 0.0 0.0 0.0 0.0 0.0 0.0 0.0 0.0 0.0 3.0 1.0 0.0 0.0 1.0 1.0 0.0 0.0 0.0 0.0 0.0 0.0 0.0 0.0 0.0 0.0 0.0 0.0 0.0 0.0 3.0 1.0 0.0 0.0 0.0 0.0 0.0 0.0 
3721.802734375 -4276.42138671875 -1538.868408203125 1749.294189453125 -5656.92578125 7590.86572265625 -3543.416259765625 -3229.374755859375 3815.937255859375 -7239.453125 8830.4921875 7522.50927734375 -8659.7392578125 -6985.5322265625 -7699.07275390625 -1237.425048828125 2975.79150390625 8429.6162109375 7753.9990234375 -2324.078369140625 output 4 7 8 2 3 9 6 10 1 5 indices 2 -1 3 4 -1 1 3 4 2 1 -1 4 6 -1 1 2 2 1 3 4 -1 7 1 2 -1 4 1 2 2 1 3 4 2 1 3 4 2 1 3 4 value 0.0 0.0 0.0 0.0 0.0 0.0 0.0 0.0 0.0 0.0 0.0 0.0 1.0 1.0 0.0 0.0 0.0 0.0 0.0 0.0 3.0 1.0 0.0 0.0 3.0 1.0 0.0 0.0 0.0 0.0 0.0 0.0 0.0 0.0 0.0 0.0 0.0 0.0 0.0 0.0 
-4449.69677734375 2906.31982421875 -9171.427734375 -8132.56591796875 473.44744873046875 2300.446533203125 -7261.2177734375 5655.14892578125 6592.3740234375 1563.9461669921875 -4716.81103515625 407.13311767578125 724.1632690429688 -4226.68017578125 4602.45654296875 7123.6787109375 8500.173828125 3541.005615234375 4706.53955078125 -11138.4326171875 output 1 4 6 2 10 7 5 9 8 3 indices 2 -1 3 4 -1 1 3 4 2 1 -1 4 2 1 3 -1 2 1 3 4 2 1 3 4 8 -1 1 2 -1 10 1 2 2 1 3 4 -1 7 1 2 value 0.0 0.0 0.0 0.0 0.0 0.0 0.0 0.0 0.0 0.0 0.0 0.0 0.0 0.0 0.0 0.0 0.0 0.0 0.0 0.0 0.0 0.0 0.0 0.0 1.0 1.0 0.0 0.0 3.0 1.0 0.0 0.0 0.0 0.0 0.0 0.0 3.0 1.0 0.0 0.0 
1908.8336181640625 -4597.7578125 3728.37451171875 1604.4906005859375 6230.85009765625 -178.00938415527344 -5834.275390625 -6116.58642578125 -1474.112060546875 4754.451171875 -3145.810546875 -7204.81103515625 -113.70812225341797 -127.9586410522461 -2728.7626953125 -3407.48388671875 6606.8720703125 6181.28662109375 -5178.26171875 9092.37890625 output 1 3 2 9 10 5 7 8 4 6 indices 2 -1 3 4 -1 1 3 4 2 1 -1 4 2 1 3 -1 2 1 3 4 -1 7 1 2 9 -1 1 2 2 1 3 4 -1 6 1 2 2 1 3 4 value 0.0 0.0 0.0 0.0 0.0 0.0 0.0 0.0 0.0 0.0 0.0 0.0 0.0 0.0 0.0 0.0 0.0 0.0 0.0 0.0 3.0 1.0 0.0 0.0 1.0 1.0 0.0 0.0 0.0 0.0 0.0 0.0 3.0 1.0 0.0 0.0 0.0 0.0 0.0 0.0 
10915.630859375 -7122.24658203125 -5696.67626953125 983.0861206054688 -8713.3896484375 6472.001953125 -582.148193359375 5065.3056640625 -799.3475341796875 -7761.4443359375 -1766.0546875 1423.4287109375 4613.3310546875 -30.82305335998535 -3571.278564453125 -5811.1044921875 1844.95751953125 4599.28125 3754.97607421875 2182.51416015625 output 1 7 10 9 4 6 3 2 8 5 indices 2 -1 3 4 -1 1 3 4 2 1 -1 4 2 1 3 -1 -1 8 1 2 2 1 3 4 2 1 3 4 9 -1 1 2 -1 5 1 2 2 1 3 4 value 0.0 0.0 0.0 0.0 0.0 0.0 0.0 0.0 0.0 0.0 0.0 0.0 0.0 0.0 0.0 0.0 3.0 1.0 0.0 0.0 0.0 0.0 0.0 0.0 0.0 0.0 0.0 0.0 1.0 1.0 0.0 0.0 3.0 1.0 0.0 0.0 0.0 0.0 0.0 0.0 
-2417.99560546875 -8547.5849609375 -6305.10791015625 5523.4453125 -1039.6826171875 6738.94677734375 6112.361328125 -432.8089904785156 -3600.01904296875 -651.0053100585938 1618.45556640625 -5339.2900390625 6353.13671875 1692.7403564453125 2564.87548828125 -6228.30615234375 -2660.331298828125 5770.9658203125 -625.692626953125 1472.89697265625 output 1 5 2 9 3 10 7 4 8 6 indices -1 5 2 3 -1 1 3 4 -1 1 2 4 2 1 3 -1 -1 3 1 2 2 1 3 4 2 1 3 4 2 1 3 4 2 1 3 4 2 1 3 4 value 3.0 1.0 0.0 0.0 0.0 0.0 0.0 0.0 3.0 1.0 0.0 0.0 0.0 0.0 0.0 0.0 1.0 1.0 0.0 0.0 0.0 0.0 0.0 0.0 0.0 0.0 0.0 0.0 0.0 0.0 0.0 0.0 0.0 0.0 0.0 0.0 0.0 0.0 0.0 0.0 
7740.88671875 -7366.65673828125 570.344970703125 625.1703491210938 9847.7294921875 935.09619140625 -6467.16162109375 9185.6201171875 -2590.75048828125 8554.6123046875 8664.5771484375 -7893.72119140625 -3821.67041015625 -7497.40966796875 -6342.45361328125 -6516.15283203125 -5732.91796875 4978.123046875 -1868.5836181640625 4995.31884765625 output 1 6 3 2 10 5 4 9 8 7 indices 2 -1 3 4 -1 1 3 4 2 1 -1 4 2 1 3 -1 -1 7 1 2 2 1 3 4 -1 5 1 2 2 1 3 4 2 1 3 4 2 1 3 4 value 0.0 0.0 0.0 0.0 0.0 0.0 0.0 0.0 0.0 0.0 0.0 0.0 0.0 0.0 0.0 0.0 3.0 1.0 0.0 0.0 0.0 0.0 0.0 0.0 5.0 1.0 0.0 0.0 0.0 0.0 0.0 0.0 0.0 0.0 0.0 0.0 0.0 0.0 0.0 0.0 
-7017.9306640625 -5318.0517578125 2144.793212890625 -1619.6513671875 6817.0341796875 -4953.24609375 -59.279396057128906 -6116.3857421875 -6005.7109375 2205.595703125 4687.70361328125 9735.5361328125 271.0180969238281 -8805.310546875 -4703.73388671875 10872.4384765625 2535.18408203125 6365.787109375 1330.9210205078125 -2366.712158203125 output 3 10 2 9 6 8 5 1 4 7 indices 2 -1 3 4 -1 1 3 4 2 1 -1 4 2 1 3 -1 2 1 3 4 -1 7 1 2 -1 10 1 2 2 1 3 4 2 1 3 4 -1 6 1 2 value 0.0 0.0 0.0 0.0 0.0 0.0 0.0 0.0 0.0 0.0 0.0 0.0 0.0 0.0 0.0 0.0 0.0 0.0 0.0 0.0 3.0 1.0 0.0 0.0 3.0 1.0 0.0 0.0 0.0 0.0 0.0 0.0 0.0 0.0 0.0 0.0 1.0 1.0 0.0 0.0 
-8174.78955078125 -652.8970336914062 3827.9306640625 7208.11181640625 6899.10400390625 -9427.2412109375 -902.997802734375 7242.7294921875 1628.13916015625 451.7115478515625 -4411.6416015625 418.3387756347656 -3296.019775390625 -2829.177734375 -722.6971435546875 -10423.3232421875 4250.4462890625 5887.99072265625 902.5259399414062 2123.7568359375 output 10 5 3 8 7 1 6 4 2 9 indices 2 -1 3 4 -1 8 1 3 2 1 -1 4 2 1 3 -1 2 1 3 4 2 1 3 4 -1 2 1 3 -1 7 1 2 2 1 3 4 2 1 3 4 value 0.0 0.0 0.0 0.0 3.0 1.0 0.0 0.0 0.0 0.0 0.0 0.0 0.0 0.0 0.0 0.0 0.0 0.0 0.0 0.0 0.0 0.0 0.0 0.0 1.0 1.0 0.0 0.0 3.0 1.0 0.0 0.0 0.0 0.0 0.0 0.0 0.0 0.0 0.0 0.0 
-4174.5068359375 2302.383056640625 -3063.847900390625 394.3592834472656 -1433.243408203125 -5944.203125 3533.78173828125 8123.4404296875 1140.515869140625 8723.94140625 4800.2861328125 2646.85107421875 1900.98583984375 -6603.41748046875 6290.43798828125 3131.92529296875 -5243.7724609375 -7274.18017578125 -3750.63720703125 -5501.10009765625 output 9 10 2 1 5 4 8 6 7 3 indices 2 -1 3 4 4 -1 1 3 2 1 -1 4 -1 9 1 2 2 1 3 4 2 1 3 4 2 1 3 4 2 1 3 4 -1 2 1 3 2 1 3 4 value 0.0 0.0 0.0 0.0 1.0 1.0 0.0 0.0 0.0 0.0 0.0 0.0 3.0 1.0 0.0 0.0 0.0 0.0 0.0 0.0 0.0 0.0 0.0 0.0 0.0 0.0 0.0 0.0 0.0 0.0 0.0 0.0 3.0 1.0 0.0 0.0 0.0 0.0 0.0 0.0 
-3824.650634765625 -6919.3369140625 6702.38720703125 2262.748779296875 -4352.9970703125 10358.970703125 1840.5244140625 -1635.8970947265625 7540.16357421875 5880.0791015625 8361.97265625 -108.634521484375 -7347.3154296875 -4976.3076171875 -3244.807373046875 -2372.078369140625 979.5294799804688 -7601.63916015625 -6654.80615234375 5112.0947265625 output 1 9 4 6 2 5 3 10 8 7 indices 2 -1 3 4 -1 1 3 4 5 -1 1 2 2 1 3 -1 9 -1 1 2 2 1 3 4 2 1 3 4 -1 3 1 2 -1 8 1 2 2 1 3 4 value 0.0 0.0 0.0 0.0 0.0 0.0 0.0 0.0 1.0 1.0 0.0 0.0 0.0 0.0 0.0 0.0 1.0 1.0 0.0 0.0 0.0 0.0 0.0 0.0 0.0 0.0 0.0 0.0 1.0 1.0 0.0 0.0 3.0 1.0 0.0 0.0 0.0 0.0 0.0 0.0 
8824.4765625 5045.30029296875 736.57177734375 -6137.10498046875 -881.350341796875 -2662.856689453125 -1620.0618896484375 6858.0361328125 6862.80908203125 1510.4461669921875 -5334.16015625 -825.4927978515625 -1682.0906982421875 -677.7349243164062 -105.35773468017578 1136.361083984375 -797.9324340820312 -5191.9443359375 -6002.904296875 944.9906005859375 output 9 2 3 7 8 5 1 4 10 6 indices -1 2 3 4 -1 7 1 3 2 1 -1 4 2 1 3 -1 2 1 3 4 2 1 3 4 -1 1 2 3 2 1 3 4 2 1 3 4 2 1 3 4 value 3.0 1.0 0.0 0.0 3.0 1.0 0.0 0.0 0.0 0.0 0.0 0.0 0.0 0.0 0.0 0.0 0.0 0.0 0.0 0.0 0.0 0.0 0.0 0.0 1.0 1.0 0.0 0.0 0.0 0.0 0.0 0.0 0.0 0.0 0.0 0.0 0.0 0.0 0.0 0.0 
-3923.897216796875 -5134.34423828125 -1772.0552978515625 4472.5361328125 3572.800048828125 6502.181640625 -6725.779296875 877.3839111328125 4429.0576171875 3314.9736328125 -151.074951171875 -40.71274948120117 4220.66357421875 -500.1571044921875 5089.09033203125 -646.3594970703125 -2280.65576171875 989.8703002929688 -2458.14892578125 -9835.3720703125 output 10 1 4 9 2 3 5 8 7 6 indices 2 -1 3 4 -1 1 3 4 -1 10 1 2 2 1 3 -1 2 1 3 4 -1 3 1 2 2 1 3 4 2 1 3 4 2 1 3 4 -1 6 1 2 value 0.0 0.0 0.0 0.0 0.0 0.0 0.0 0.0 3.0 1.0 0.0 0.0 0.0 0.0 0.0 0.0 0.0 0.0 0.0 0.0 1.0 1.0 0.0 0.0 0.0 0.0 0.0 0.0 0.0 0.0 0.0 0.0 0.0 0.0 0.0 0.0 3.0 1.0 0.0 0.0 
-6857.48828125 -1470.5472412109375 -8365.03515625 -8088.38232421875 5874.0400390625 7689.470703125 2033.415771484375 -625.9360961914062 1584.4425048828125 -2067.986083984375 6099.2490234375 6602.45703125 -11410.3642578125 2433.109375 4483.51171875 1423.158203125 2157.491455078125 -2760.857421875 4400.7373046875 -3134.486328125 output 6 3 7 1 2 5 9 10 4 8 indices 2 -1 3 4 -1 5 1 3 -1 2 1 4 2 1 3 -1 -1 3 1 2 2 1 3 4 2 1 3 4 2 1 3 4 2 1 3 4 2 1 3 4 value 0.0 0.0 0.0 0.0 3.0 1.0 0.0 0.0 3.0 1.0 0.0 0.0 0.0 0.0 0.0 0.0 1.0 1.0 0.0 0.0 0.0 0.0 0.0 0.0 0.0 0.0 0.0 0.0 0.0 0.0 0.0 0.0 0.0 0.0 0.0 0.0 0.0 0.0 0.0 0.0 
-2919.22705078125 -3950.62548828125 -2612.196044921875 5453.228515625 5503.5517578125 -4930.58837890625 -6862.43212890625 -658.1463012695312 -9635.1533203125 -1445.16845703125 -5259.220703125 -297.7543029785156 5981.8701171875 10785.7578125 2880.54443359375 -3008.386474609375 7534.00732421875 -2063.259765625 5388.255859375 114.94322967529297 output 1 5 4 6 2 7 10 9 3 8 indices 7 -1 2 3 -1 1 3 4 -1 1 2 4 2 1 3 -1 2 1 3 4 2 1 3 4 -1 3 1 2 2 1 3 4 2 1 3 4 2 1 3 4 value 1.0 1.0 0.0 0.0 0.0 0.0 0.0 0.0 3.0 1.0 0.0 0.0 0.0 0.0 0.0 0.0 0.0 0.0 0.0 0.0 0.0 0.0 0.0 0.0 3.0 1.0 0.0 0.0 0.0 0.0 0.0 0.0 0.0 0.0 0.0 0.0 0.0 0.0 0.0 0.0 
10343.6875 8788.173828125 28.407670974731445 -4153.05517578125 8487.0322265625 9840.3818359375 -7116.2041015625 938.9869384765625 -2722.12939453125 -1522.7794189453125 10435.3408203125 -1976.0950927734375 -4802.28857421875 -7214.7705078125 -7858.43701171875 8802.0087890625 2136.712158203125 -7373.826171875 -8932.1220703125 -6129.025390625 output 8 4 10 7 5 2 9 6 1 3 indices 2 -1 3 4 -1 1 3 4 -1 7 1 2 2 1 3 -1 -1 3 1 2 2 1 3 4 -1 5 1 2 2 1 3 4 2 1 3 4 2 1 3 4 value 0.0 0.0 0.0 0.0 0.0 0.0 0.0 0.0 3.0 1.0 0.0 0.0 0.0 0.0 0.0 0.0 1.0 1.0 0.0 0.0 0.0 0.0 0.0 0.0 3.0 1.0 0.0 0.0 0.0 0.0 0.0 0.0 0.0 0.0 0.0 0.0 0.0 0.0 0.0 0.0 
5210.43505859375 1100.8114013671875 -11988.7392578125 8264.478515625 -4734.9990234375 -8026.12109375 1294.2197265625 8629.6171875 2832.466796875 -4438.84130859375 -4645.13525390625 -7774.14013671875 4877.52392578125 7067.39599609375 3810.638671875 -7617.59375 479.60882568359375 -4789.44189453125 2863.980224609375 7583.83642578125 output 10 4 2 3 6 9 8 5 1 7 indices 2 -1 3 4 -1 1 3 4 -1 9 1 2 7 -1 1 2 2 1 3 4 2 1 3 4 -1 3 1 2 2 1 3 4 -1 4 1 2 2 1 3 4 value 0.0 0.0 0.0 0.0 0.0 0.0 0.0 0.0 3.0 1.0 0.0 0.0 1.0 1.0 0.0 0.0 0.0 0.0 0.0 0.0 0.0 0.0 0.0 0.0 1.0 1.0 0.0 0.0 0.0 0.0 0.0 0.0 1.0 1.0 0.0 0.0 0.0 0.0 0.0 0.0 
6912.6904296875 1863.603271484375 8278.228515625 -3989.373291015625 8153.54931640625 422.7554016113281 -99.55029296875 -5570.14990234375 -9226.0478515625 8206.888671875 -4944.25146484375 -3141.902587890625 2994.23681640625 -7042.314453125 -6315.53759765625 8478.2548828125 -3144.474853515625 1611.8570556640625 -2608.84375 -839.6192626953125 output 2 3 1 8 5 9 10 6 4 7 indices 2 -1 3 4 -1 1 3 4 2 1 -1 4 2 1 3 -1 2 1 3 4 2 1 3 4 -1 10 1 2 -1 7 1 2 2 1 3 4 -1 8 1 2 value 0.0 0.0 0.0 0.0 0.0 0.0 0.0 0.0 0.0 0.0 0.0 0.0 0.0 0.0 0.0 0.0 0.0 0.0 0.0 0.0 0.0 0.0 0.0 0.0 3.0 1.0 0.0 0.0 3.0 1.0 0.0 0.0 0.0 0.0 0.0 0.0 1.0 1.0 0.0 0.0 
2183.49560546875 4727.609375 -5615.98974609375 -4133.69140625 -4861.07421875 -2870.802001953125 -5646.2685546875 200.68521118164062 5162.3740234375 -1899.0888671875 1093.056640625 4854.80517578125 6720.16552734375 1980.5224609375 -5317.431640625 27.631023406982422 -5223.080078125 -1635.8277587890625 11504.751953125 -1251.843505859375 output 7 10 5 2 3 9 8 4 6 1 indices -1 2 3 4 -1 3 1 4 -1 1 2 4 2 1 3 -1 2 1 3 4 2 1 3 4 2 1 3 4 2 1 3 4 2 1 3 4 2 1 3 4 value 3.0 1.0 0.0 0.0 3.0 1.0 0.0 0.0 1.0 1.0 0.0 0.0 0.0 0.0 0.0 0.0 0.0 0.0 0.0 0.0 0.0 0.0 0.0 0.0 0.0 0.0 0.0 0.0 0.0 0.0 0.0 0.0 0.0 0.0 0.0 0.0 0.0 0.0 0.0 0.0 
7357.84228515625 -4464.62548828125 -3236.40771484375 -2403.701416015625 -6242.08349609375 -1267.8402099609375 7015.1298828125 11158.0107421875 -4692.17236328125 5878.71484375 1240.3909912109375 837.689453125 2683.0654296875 -2635.27978515625 -6344.1201171875 -3943.198974609375 1507.9337158203125 1082.220703125 710.4213256835938 -4241.990234375 output 1 10 2 8 3 5 4 9 6 7 indices 2 -1 3 4 4 -1 1 3 2 1 -1 4 -1 10 1 2 2 1 3 4 2 1 3 4 2 1 3 4 2 1 3 4 2 1 3 4 -1 2 1 3 value 0.0 0.0 0.0 0.0 1.0 1.0 0.0 0.0 0.0 0.0 0.0 0.0 3.0 1.0 0.0 0.0 0.0 0.0 0.0 0.0 0.0 0.0 0.0 0.0 0.0 0.0 0.0 0.0 0.0 0.0 0.0 0.0 0.0 0.0 0.0 0.0 3.0 1.0 0.0 0.0 
-504.066650390625 -4612.828125 -5519.587890625 8425.1826171875 6522.72412109375 -1593.3917236328125 -4841.9150390625 7096.685546875 12090.9921875 185.40951538085938 -1591.3072509765625 1432.2310791015625 2372.60400390625 -1017.711669921875 -237.42147827148438 6666.27734375 -1843.7904052734375 -8245.162109375 -6448.23095703125 -8336.6923828125 output 5 3 7 1 9 10 6 4 2 8 indices 8 -1 2 3 -1 1 3 4 2 1 -1 4 2 1 3 -1 2 1 3 4 2 1 3 4 2 1 3 4 -1 10 1 2 2 1 3 4 -1 1 2 3 value 1.0 1.0 0.0 0.0 0.0 0.0 0.0 0.0 0.0 0.0 0.0 0.0 0.0 0.0 0.0 0.0 0.0 0.0 0.0 0.0 0.0 0.0 0.0 0.0 0.0 0.0 0.0 0.0 3.0 1.0 0.0 0.0 0.0 0.0 0.0 0.0 3.0 1.0 0.0 0.0 
-6718.546875 -405.3216247558594 3574.24951171875 -8646.7197265625 317.2589111328125 5937.5556640625 -10002.951171875 7549.61865234375 -9434.2548828125 -1781.5369873046875 4842.333984375 1695.24853515625 1243.6553955078125 6806.74365234375 6531.34423828125 -902.6054077148438 6573.7431640625 -6293.81689453125 3073.167724609375 -3959.16552734375 output 1 10 2 9 8 6 7 3 4 5 indices 7 -1 2 3 -1 1 3 4 2 1 -1 4 2 1 3 -1 2 1 3 4 2 1 3 4 -1 2 1 3 2 1 3 4 2 1 3 4 2 1 3 4 value 1.0 1.0 0.0 0.0 3.0 1.0 0.0 0.0 0.0 0.0 0.0 0.0 0.0 0.0 0.0 0.0 0.0 0.0 0.0 0.0 0.0 0.0 0.0 0.0 3.0 1.0 0.0 0.0 0.0 0.0 0.0 0.0 0.0 0.0 0.0 0.0 0.0 0.0 0.0 0.0 
-2735.890625 7378.103515625 -5759.02294921875 8392.421875 1353.2620849609375 1320.0401611328125 4572.7578125 2370.168701171875 -8023.88330078125 -1807.4923095703125 -235.01564025878906 7986.025390625 -2744.1474609375 -8323.3193359375 8245.48046875 -7697.36474609375 -5165.57421875 183.1742401123047 10492.0341796875 -9801.7578125 output 9 5 7 10 8 4 3 6 1 2 indices 2 -1 3 4 -1 1 3 4 2 1 -1 4 2 1 3 -1 2 1 3 4 -1 10 1 2 2 1 3 4 2 1 3 4 -1 6 1 2 -1 9 1 2 value 0.0 0.0 0.0 0.0 0.0 0.0 0.0 0.0 0.0 0.0 0.0 0.0 0.0 0.0 0.0 0.0 0.0 0.0 0.0 0.0 3.0 1.0 0.0 0.0 0.0 0.0 0.0 0.0 0.0 0.0 0.0 0.0 1.0 1.0 0.0 0.0 3.0 1.0 0.0 0.0 
-153.24722290039062 -3819.088134765625 2080.430419921875 434.01763916015625 -7350.9140625 -3059.95068359375 -2195.51513671875 6535.609375 -4247.9306640625 4987.2421875 9617.42578125 3275.88525390625 3532.33740234375 -9390.85546875 3336.67919921875 -2683.9267578125 3997.951904296875 -738.2584838867188 -8617.2177734375 4459.3251953125 output 7 8 9 6 2 4 5 10 3 1 indices 6 -1 2 3 -1 1 3 4 2 1 -1 4 2 1 3 -1 2 1 3 4 -1 7 1 2 -1 1 2 3 2 1 3 4 2 1 3 4 2 1 3 4 value 1.0 1.0 0.0 0.0 0.0 0.0 0.0 0.0 0.0 0.0 0.0 0.0 0.0 0.0 0.0 0.0 0.0 0.0 0.0 0.0 3.0 1.0 0.0 0.0 3.0 1.0 0.0 0.0 0.0 0.0 0.0 0.0 0.0 0.0 0.0 0.0 0.0 0.0 0.0 0.0 
5106.94384765625 -1888.0233154296875 -3631.363525390625 6209.33203125 -4419.1630859375 -4070.416015625 6577.5009765625 4871.73681640625 2660.229248046875 -5349.22900390625 5017.45947265625 2075.107177734375 4712.416015625 -4459.2255859375 -10380.365234375 -336.0095520019531 -5216.8974609375 346.3824768066406 -426.75970458984375 2600.344970703125 output 9 2 10 4 6 1 7 5 3 8 indices 2 -1 3 4 -1 1 3 4 4 -1 1 2 -1 5 1 2 -1 3 1 2 2 1 3 4 2 1 3 4 2 1 3 4 2 1 3 4 2 1 3 4 value 0.0 0.0 0.0 0.0 0.0 0.0 0.0 0.0 1.0 1.0 0.0 0.0 3.0 1.0 0.0 0.0 3.0 1.0 0.0 0.0 0.0 0.0 0.0 0.0 0.0 0.0 0.0 0.0 0.0 0.0 0.0 0.0 0.0 0.0 0.0 0.0 0.0 0.0 0.0 0.0 
-6933.86669921875 -1759.9200439453125 -1956.8272705078125 7549.0400390625 3419.686767578125 -3415.347900390625 251.04104614257812 6512.125 641.7963256835938 4340.68017578125 -4753.6103515625 -7657.4794921875 1050.1431884765625 -8773.69921875 1793.714111328125 1940.1865234375 -384.17022705078125 7550.962890625 6872.09326171875 -6286.5478515625 output 9 2 1 6 7 10 3 8 5 4 indices 2 -1 3 4 -1 1 3 4 2 1 -1 4 2 1 3 -1 2 1 3 4 9 -1 1 2 -1 6 1 2 2 1 3 4 -1 7 1 2 2 1 3 4 value 0.0 0.0 0.0 0.0 0.0 0.0 0.0 0.0 0.0 0.0 0.0 0.0 0.0 0.0 0.0 0.0 0.0 0.0 0.0 0.0 1.0 1.0 0.0 0.0 3.0 1.0 0.0 0.0 0.0 0.0 0.0 0.0 3.0 1.0 0.0 0.0 0.0 0.0 0.0 0.0 
-2681.43115234375 7091.15380859375 8985.0927734375 -2294.35400390625 -3021.60888671875 1091.0672607421875 -9009.9248046875 -7724.83935546875 -1741.494140625 207.2060089111328 6773.72705078125 5509.21337890625 -5177.3056640625 -9869.8271484375 -731.8598022460938 -101.56776428222656 10593.7431640625 6427.58251953125 -3988.938720703125 -335.6343688964844 output 8 5 3 10 4 7 2 9 6 1 indices 2 -1 3 4 -1 1 3 4 2 1 -1 4 2 1 3 -1 2 1 3 4 2 1 3 4 -1 8 1 2 9 -1 1 2 -1 7 1 2 2 1 3 4 value 0.0 0.0 0.0 0.0 0.0 0.0 0.0 0.0 0.0 0.0 0.0 0.0 0.0 0.0 0.0 0.0 0.0 0.0 0.0 0.0 0.0 0.0 0.0 0.0 3.0 1.0 0.0 0.0 1.0 1.0 0.0 0.0 3.0 1.0 0.0 0.0 0.0 0.0 0.0 0.0 
-5719.74560546875 -3583.886962890625 -5148.0146484375 -754.1546020507812 -4524.43798828125 1535.26171875 -1810.6143798828125 -9578.03125 1142.4591064453125 3297.116455078125 8816.08984375 -3768.083740234375 980.0559692382812 3206.26806640625 1305.126953125 6199.2265625 5976.685546875 -6125.81103515625 -1017.6043701171875 9572.095703125 output 8 5 7 6 9 4 1 2 3 10 indices 2 -1 3 4 10 -1 1 3 2 1 -1 4 -1 2 1 3 2 1 3 4 2 1 3 4 2 1 3 4 2 1 3 4 2 1 3 4 -1 4 1 2 value 0.0 0.0 0.0 0.0 1.0 1.0 0.0 0.0 0.0 0.0 0.0 0.0 3.0 1.0 0.0 0.0 0.0 0.0 0.0 0.0 0.0 0.0 0.0 0.0 0.0 0.0 0.0 0.0 0.0 0.0 0.0 0.0 0.0 0.0 0.0 0.0 3.0 1.0 0.0 0.0 
-3670.17138671875 3150.150146484375 8764.369140625 1268.471923828125 -5694.1240234375 -328.6629333496094 5453.51025390625 7232.5390625 -8939.8505859375 -5643.8125 1392.5718994140625 -99.42961883544922 -1947.5911865234375 -5662.64697265625 6147.59130859375 -8926.3408203125 -3678.87744140625 4566.70751953125 2172.5712890625 4443.0244140625 output 3 5 7 8 2 4 10 6 9 1 indices 2 -1 3 4 -1 1 3 4 2 1 -1 4 -1 8 1 2 2 1 3 4 2 1 3 4 -1 4 1 2 -1 7 1 2 2 1 3 4 2 1 3 4 value 0.0 0.0 0.0 0.0 0.0 0.0 0.0 0.0 0.0 0.0 0.0 0.0 3.0 1.0 0.0 0.0 0.0 0.0 0.0 0.0 0.0 0.0 0.0 0.0 1.0 1.0 0.0 0.0 3.0 1.0 0.0 0.0 0.0 0.0 0.0 0.0 0.0 0.0 0.0 0.0 
-3166.5849609375 -575.759521484375 3500.796875 3303.15283203125 -9130.5703125 4146.43310546875 8275.0517578125 3713.09130859375 4976.095703125 2939.199951171875 5874.06787109375 -1364.1087646484375 -6408.72509765625 7820.99365234375 -5376.412109375 -2564.28955078125 7561.2548828125 -9253.775390625 -6104.97412109375 -8164.9375 output 9 6 4 5 2 7 3 1 8 10 indices 4 -1 2 3 -1 1 3 4 2 1 -1 4 -1 9 1 2 2 1 3 4 2 1 3 4 2 1 3 4 2 1 3 4 -1 1 2 3 2 1 3 4 value 1.0 1.0 0.0 0.0 0.0 0.0 0.0 0.0 0.0 0.0 0.0 0.0 3.0 1.0 0.0 0.0 0.0 0.0 0.0 0.0 0.0 0.0 0.0 0.0 0.0 0.0 0.0 0.0 0.0 0.0 0.0 0.0 3.0 1.0 0.0 0.0 0.0 0.0 0.0 0.0 
4621.49609375 -3462.47900390625 6091.67431640625 6648.1767578125 -9567.640625 11114.5341796875 6531.50927734375 -5373.32958984375 -4583.0888671875 -5284.7333984375 805.1852416992188 3194.74853515625 3943.346435546875 -1530.66162109375 -2027.709228515625 -794.3232421875 -4282.1748046875 2345.128662109375 -1532.59814453125 -6857.06201171875 output 8 9 3 6 2 7 1 4 10 5 indices 2 -1 3 4 -1 10 1 3 2 1 -1 4 2 1 3 -1 2 1 3 4 2 1 3 4 2 1 3 4 -1 2 1 3 2 1 3 4 -1 8 1 2 value 0.0 0.0 0.0 0.0 3.0 1.0 0.0 0.0 0.0 0.0 0.0 0.0 0.0 0.0 0.0 0.0 0.0 0.0 0.0 0.0 0.0 0.0 0.0 0.0 0.0 0.0 0.0 0.0 1.0 1.0 0.0 0.0 0.0 0.0 0.0 0.0 3.0 1.0 0.0 0.0 
6861.87548828125 6454.70654296875 4879.02099609375 -4993.30126953125 -3871.204833984375 1135.3677978515625 3092.165283203125 -8104.83154296875 -2993.18359375 4446.240234375 7535.40966796875 6958.93505859375 -11816.9951171875 2866.392578125 -9393.951171875 -6827.361328125 467.82159423828125 534.1156005859375 5239.041015625 -2470.263916015625 output 2 4 8 7 5 3 9 1 6 10 indices 2 -1 3 4 -1 1 3 4 2 1 -1 4 -1 9 1 2 2 1 3 4 -1 4 1 2 2 1 3 4 2 1 3 4 -1 6 1 2 2 1 3 4 value 0.0 0.0 0.0 0.0 0.0 0.0 0.0 0.0 0.0 0.0 0.0 0.0 3.0 1.0 0.0 0.0 0.0 0.0 0.0 0.0 3.0 1.0 0.0 0.0 0.0 0.0 0.0 0.0 0.0 0.0 0.0 0.0 1.0 1.0 0.0 0.0 0.0 0.0 0.0 0.0 
1124.8631591796875 2850.313720703125 6089.5302734375 -1787.73046875 -5235.626953125 7784.947265625 -7340.03466796875 5498.943359375 -1693.441162109375 -6092.44873046875 8470.48046875 1721.5413818359375 -6828.974609375 -9430.40625 -6690.6875 8486.68359375 10198.7734375 -2918.3935546875 1905.1177978515625 -6113.4501953125 output 6 1 3 8 4 7 5 10 2 9 indices 2 -1 3 4 -1 1 3 4 2 1 -1 4 2 1 3 -1 8 -1 1 2 7 -1 1 2 -1 5 1 2 -1 6 1 2 2 1 3 4 2 1 3 4 value 0.0 0.0 0.0 0.0 0.0 0.0 0.0 0.0 0.0 0.0 0.0 0.0 0.0 0.0 0.0 0.0 1.0 1.0 0.0 0.0 1.0 1.0 0.0 0.0 3.0 1.0 0.0 0.0 1.0 1.0 0.0 0.0 0.0 0.0 0.0 0.0 0.0 0.0 0.0 0.0 
-1140.28857421875 5815.43115234375 3701.69189453125 -3137.850830078125 -9557.9140625 -525.2247924804688 -2035.8726806640625 2450.328857421875 5647.236328125 -3826.612060546875 184.90408325195312 483.5218200683594 -4074.45947265625 -4473.1259765625 8104.515625 -6522.525390625 -8519.3701171875 3715.668701171875 7689.5576171875 6020.38916015625 output 1 10 8 5 2 6 7 3 9 4 indices 2 -1 3 4 -1 1 3 4 2 1 -1 4 2 1 3 -1 2 1 3 4 10 -1 1 2 2 1 3 4 -1 6 1 2 2 1 3 4 -1 8 1 2 value 0.0 0.0 0.0 0.0 0.0 0.0 0.0 0.0 0.0 0.0 0.0 0.0 0.0 0.0 0.0 0.0 0.0 0.0 0.0 0.0 1.0 1.0 0.0 0.0 0.0 0.0 0.0 0.0 3.0 1.0 0.0 0.0 0.0 0.0 0.0 0.0 3.0 1.0 0.0 0.0 
-3031.72412109375 -2005.2261962890625 2881.371826171875 -10395.794921875 5296.02734375 4927.58447265625 -9655.1513671875 7114.65673828125 1573.516845703125 901.9030151367188 -5005.77734375 4910.35986328125 -6350.92431640625 7004.45751953125 9835.771484375 -8667.2421875 6238.2412109375 -1392.8472900390625 -1781.3511962890625 -2397.851806640625 output 7 4 1 10 2 8 9 3 5 6 indices 2 -1 3 4 -1 10 1 3 -1 2 1 4 2 1 3 -1 2 1 3 4 2 1 3 4 2 1 3 4 2 1 3 4 2 1 3 4 -1 3 1 2 value 0.0 0.0 0.0 0.0 3.0 1.0 0.0 0.0 3.0 1.0 0.0 0.0 0.0 0.0 0.0 0.0 0.0 0.0 0.0 0.0 0.0 0.0 0.0 0.0 0.0 0.0 0.0 0.0 0.0 0.0 0.0 0.0 0.0 0.0 0.0 0.0 1.0 1.0 0.0 0.0 
5889.1904296875 -1665.4342041015625 305.0110778808594 -4640.630859375 3304.942138671875 -3805.926513671875 3993.93603515625 -5552.912109375 -12239.4970703125 11404.6025390625 1442.36572265625 1383.4029541015625 -7548.83056640625 -2689.65380859375 5640.5146484375 11789.7470703125 3705.603271484375 -3275.611083984375 -4493.23583984375 -2947.58349609375 output 9 3 4 2 10 7 5 8 6 1 indices 2 -1 3 4 -1 1 3 4 2 1 -1 4 -1 10 1 2 2 1 3 4 2 1 3 4 2 1 3 4 -1 4 1 2 2 1 3 4 -1 8 1 2 value 0.0 0.0 0.0 0.0 0.0 0.0 0.0 0.0 0.0 0.0 0.0 0.0 3.0 1.0 0.0 0.0 0.0 0.0 0.0 0.0 0.0 0.0 0.0 0.0 0.0 0.0 0.0 0.0 3.0 1.0 0.0 0.0 0.0 0.0 0.0 0.0 1.0 1.0 0.0 0.0 
-2688.387939453125 -2317.987060546875 2595.622802734375 3680.159912109375 8219.5126953125 -1523.4898681640625 -2552.82275390625 -240.33444213867188 4074.111572265625 3946.39306640625 8895.9365234375 -6124.70556640625 -5679.95263671875 -3868.527587890625 -9986.775390625 -928.627685546875 -10565.869140625 3764.013916015625 7688.6240234375 3613.10498046875 output 1 6 3 10 5 2 4 9 8 7 indices 2 -1 3 4 -1 1 3 4 2 1 -1 4 10 -1 1 2 2 1 3 4 -1 4 1 2 2 1 3 4 2 1 3 4 2 1 3 4 -1 6 1 2 value 0.0 0.0 0.0 0.0 0.0 0.0 0.0 0.0 0.0 0.0 0.0 0.0 1.0 1.0 0.0 0.0 0.0 0.0 0.0 0.0 3.0 1.0 0.0 0.0 0.0 0.0 0.0 0.0 0.0 0.0 0.0 0.0 0.0 0.0 0.0 0.0 3.0 1.0 0.0 0.0 
1265.9193115234375 1672.73193359375 -6669.49072265625 -7077.1435546875 -1511.73486328125 -4735.92578125 4334.4169921875 7522.08984375 9342.572265625 6507.1142578125 -1748.078857421875 -7744.89990234375 6993.43212890625 -5100.37158203125 -6706.65087890625 -1467.43408203125 -550.36865234375 3818.899169921875 -4750.0166015625 6604.939453125 output 1 4 5 7 3 6 2 8 10 9 indices 2 -1 3 4 -1 1 3 4 5 -1 1 2 2 1 3 -1 -1 6 1 2 -1 3 1 2 2 1 3 4 2 1 3 4 2 1 3 4 2 1 3 4 value 0.0 0.0 0.0 0.0 0.0 0.0 0.0 0.0 1.0 1.0 0.0 0.0 0.0 0.0 0.0 0.0 3.0 1.0 0.0 0.0 3.0 1.0 0.0 0.0 0.0 0.0 0.0 0.0 0.0 0.0 0.0 0.0 0.0 0.0 0.0 0.0 0.0 0.0 0.0 0.0 
-2733.654296875 9624.28515625 -7086.03369140625 -7333.9013671875 567.7888793945312 -3091.260009765625 -2431.0380859375 503.3406982421875 -3674.827880859375 6017.9912109375 2942.0849609375 -5825.18212890625 -4644.2900390625 1605.1094970703125 8137.03515625 -5894.3154296875 -1364.9150390625 5290.515625 10287.849609375 -896.5831909179688 output 1 5 7 4 2 3 6 8 10 9 indices -1 2 3 4 -1 3 1 4 4 -1 1 2 1 -1 2 3 2 1 3 4 2 1 3 4 2 1 3 4 2 1 3 4 2 1 3 4 2 1 3 4 value 3.0 1.0 0.0 0.0 3.0 1.0 0.0 0.0 1.0 0.0 0.0 0.0 1.0 0.0 0.0 0.0 0.0 0.0 0.0 0.0 0.0 0.0 0.0 0.0 0.0 0.0 0.0 0.0 0.0 0.0 0.0 0.0 0.0 0.0 0.0 0.0 0.0 0.0 0.0 0.0 
-2981.5849609375 4572.412109375 3021.52392578125 4575.03564453125 -2766.84033203125 -4250.66357421875 7738.029296875 -4782.75537109375 -1580.3250732421875 1696.314208984375 -8805.689453125 -754.0156860351562 3574.16357421875 -5236.455078125 3261.561767578125 5817.69873046875 -6413.146484375 1344.27001953125 4952.30810546875 -2981.84033203125 output 4 10 2 8 5 1 9 6 3 7 indices 2 -1 3 4 -1 1 3 4 8 -1 1 2 2 1 3 -1 2 1 3 4 2 1 3 4 -1 3 1 2 -1 7 1 2 2 1 3 4 2 1 3 4 value 0.0 0.0 0.0 0.0 0.0 0.0 0.0 0.0 1.0 1.0 0.0 0.0 0.0 0.0 0.0 0.0 0.0 0.0 0.0 0.0 0.0 0.0 0.0 0.0 3.0 1.0 0.0 0.0 3.0 1.0 0.0 0.0 0.0 0.0 0.0 0.0 0.0 0.0 0.0 0.0 
4120.9677734375 -3038.336181640625 -6780.9287109375 -3102.597900390625 -5608.31689453125 -1011.6844482421875 2835.94189453125 1283.865478515625 3012.230712890625 3126.02783203125 1837.2779541015625 -0.47953322529792786 -4908.53369140625 -2584.9169921875 6869.71728515625 3421.31591796875 3764.16015625 4756.48388671875 -5142.5166015625 -2849.677978515625 output 1 7 10 2 3 6 4 5 9 8 indices 2 -1 3 4 -1 7 1 3 2 1 -1 4 2 1 3 -1 2 1 3 4 2 1 3 4 9 -1 1 2 -1 2 1 3 -1 8 1 2 2 1 3 4 value 0.0 0.0 0.0 0.0 3.0 1.0 0.0 0.0 0.0 0.0 0.0 0.0 0.0 0.0 0.0 0.0 0.0 0.0 0.0 0.0 0.0 0.0 0.0 0.0 1.0 1.0 0.0 0.0 1.0 1.0 0.0 0.0 1.0 1.0 0.0 0.0 0.0 0.0 0.0 0.0 
3079.040771484375 -5443.25732421875 1451.257568359375 167.38226318359375 991.7276611328125 2126.94873046875 3858.015869140625 -6492.892578125 2924.308837890625 -4265.6865234375 -1539.044677734375 -926.51416015625 -5822.07080078125 9783.1494140625 5634.32275390625 -703.5946655273438 -3397.945556640625 -1743.52587890625 -7179.61279296875 7497.990234375 output 6 9 10 7 3 2 8 4 1 5 indices 2 -1 3 4 -1 1 3 4 2 1 -1 4 -1 6 1 2 2 1 3 4 7 -1 1 2 -1 4 1 2 2 1 3 4 2 1 3 4 2 1 3 4 value 0.0 0.0 0.0 0.0 0.0 0.0 0.0 0.0 0.0 0.0 0.0 0.0 3.0 1.0 0.0 0.0 0.0 0.0 0.0 0.0 1.0 1.0 0.0 0.0 3.0 1.0 0.0 0.0 0.0 0.0 0.0 0.0 0.0 0.0 0.0 0.0 0.0 0.0 0.0 0.0 
-2781.2529296875 -10648.80078125 -572.5222778320312 -5978.71484375 4504.66357421875 -4435.5576171875 -9058.91796875 3685.429443359375 1543.51025390625 4264.10595703125 3755.953857421875 6434.77587890625 510.8345031738281 -793.218017578125 7029.568359375 -1592.661865234375 659.5369262695312 5476.3173828125 -5591.375 3588.324951171875 output 4 10 9 5 6 8 3 1 2 7 indices -1 7 2 3 -1 1 3 4 2 1 -1 4 2 1 3 -1 2 1 3 4 -1 1 2 3 -1 6 1 2 2 1 3 4 2 1 3 4 2 1 3 4 value 3.0 1.0 0.0 0.0 0.0 0.0 0.0 0.0 0.0 0.0 0.0 0.0 0.0 0.0 0.0 0.0 0.0 0.0 0.0 0.0 3.0 1.0 0.0 0.0 1.0 1.0 0.0 0.0 0.0 0.0 0.0 0.0 0.0 0.0 0.0 0.0 0.0 0.0 0.0 0.0 
6620.27587890625 -3788.184814453125 10842.1103515625 6867.73095703125 -4342.76904296875 -10523.0361328125 -3152.305908203125 -607.0756225585938 -8589.224609375 5762.2763671875 3870.897705078125 1484.6578369140625 -249.56686401367188 -3800.77734375 9126.3818359375 -6842.224609375 -8408.6435546875 7204.80029296875 -5717.15625 4241.8330078125 output 1 8 3 7 4 10 5 9 6 2 indices 2 -1 3 4 -1 3 1 4 -1 4 1 2 -1 2 1 3 2 1 3 4 2 1 3 4 2 1 3 4 2 1 3 4 2 1 3 4 2 1 3 4 value 0.0 0.0 0.0 0.0 3.0 1.0 0.0 0.0 3.0 1.0 0.0 0.0 1.0 1.0 0.0 0.0 0.0 0.0 0.0 0.0 0.0 0.0 0.0 0.0 0.0 0.0 0.0 0.0 0.0 0.0 0.0 0.0 0.0 0.0 0.0 0.0 0.0 0.0 0.0 0.0 
-6254.0166015625 -480.3052978515625 1419.369384765625 -6391.8525390625 4887.98681640625 -2878.01123046875 2981.522705078125 -3087.916015625 -7693.857421875 4097.96826171875 -7410.50390625 3792.78515625 5802.39208984375 -6863.578125 5162.228515625 1956.580078125 -3734.60888671875 66.2704849243164 4839.48779296875 9788.0595703125 output 2 7 4 3 8 10 5 6 1 9 indices 2 -1 3 4 -1 1 3 4 2 1 -1 4 2 1 3 -1 2 1 3 4 2 1 3 4 -1 9 1 2 2 1 3 4 10 -1 1 2 -1 7 1 2 value 0.0 0.0 0.0 0.0 0.0 0.0 0.0 0.0 0.0 0.0 0.0 0.0 0.0 0.0 0.0 0.0 0.0 0.0 0.0 0.0 0.0 0.0 0.0 0.0 3.0 1.0 0.0 0.0 0.0 0.0 0.0 0.0 1.0 1.0 0.0 0.0 3.0 1.0 0.0 0.0 
-6585.84130859375 -3335.32666015625 1933.298828125 2678.20703125 8160.37646484375 5199.0361328125 -1847.4024658203125 6823.9345703125 -8458.2255859375 -3716.940673828125 -11537.6484375 -117.4793930053711 2237.956787109375 -9473.0009765625 7846.208984375 -3995.705322265625 2088.155517578125 2004.8970947265625 6163.12060546875 3932.378173828125 output 1 5 6 4 2 9 10 3 8 7 indices 3 -1 2 4 -1 1 3 4 -1 7 1 2 2 1 3 -1 2 1 3 4 2 1 3 4 -1 1 2 3 2 1 3 4 2 1 3 4 2 1 3 4 value 1.0 1.0 0.0 0.0 0.0 0.0 0.0 0.0 3.0 1.0 0.0 0.0 0.0 0.0 0.0 0.0 0.0 0.0 0.0 0.0 0.0 0.0 0.0 0.0 3.0 1.0 0.0 0.0 0.0 0.0 0.0 0.0 0.0 0.0 0.0 0.0 0.0 0.0 0.0 0.0 
-461.1319274902344 6313.47607421875 9099.5283203125 8487.4765625 -7819.05126953125 8285.75390625 2227.00146484375 -8773.7138671875 -7999.57568359375 -10087.615234375 2518.693115234375 -4385.32275390625 1352.5225830078125 -1035.1136474609375 -2047.7100830078125 6698.85791015625 -4496.69091796875 840.3736572265625 7626.41455078125 -6344.1728515625 output 3 8 1 2 7 6 10 4 5 9 indices 2 -1 3 4 -1 5 1 3 2 1 -1 4 2 1 3 -1 -1 7 1 2 2 1 3 4 -1 2 1 3 2 1 3 4 2 1 3 4 2 1 3 4 value 0.0 0.0 0.0 0.0 3.0 1.0 0.0 0.0 0.0 0.0 0.0 0.0 0.0 0.0 0.0 0.0 3.0 1.0 0.0 0.0 0.0 0.0 0.0 0.0 1.0 1.0 0.0 0.0 0.0 0.0 0.0 0.0 0.0 0.0 0.0 0.0 0.0 0.0 0.0 0.0 
-6072.65380859375 -238.18380737304688 -141.1381072998047 1683.9564208984375 -146.8486785888672 -8902.9228515625 1061.57177734375 -4357.31787109375 -1057.8673095703125 -7590.09130859375 -2871.327392578125 4231.84619140625 -4784.5986328125 4662.4208984375 3193.61767578125 4350.5732421875 7796.98388671875 1589.1187744140625 3022.26025390625 4570.6005859375 output 7 6 2 10 8 9 4 3 5 1 indices 2 -1 3 4 -1 1 3 4 -1 4 1 2 10 -1 1 2 2 1 3 4 2 1 3 4 2 1 3 4 2 1 3 4 2 1 3 4 -1 3 1 2 value 0.0 0.0 0.0 0.0 0.0 0.0 0.0 0.0 3.0 1.0 0.0 0.0 1.0 1.0 0.0 0.0 0.0 0.0 0.0 0.0 0.0 0.0 0.0 0.0 0.0 0.0 0.0 0.0 0.0 0.0 0.0 0.0 0.0 0.0 0.0 0.0 3.0 1.0 0.0 0.0 
-141.9976348876953 8394.0654296875 -4864.7109375 -872.7344970703125 130.86024475097656 4901.91357421875 1766.8704833984375 5468.72705078125 -1322.7235107421875 -10456.3955078125 10727.9833984375 -5975.63037109375 -8454.501953125 1292.93701171875 -6862.0751953125 1867.1318359375 4247.80078125 1584.8421630859375 4772.494140625 -6204.8564453125 output 7 8 1 3 4 9 6 10 5 2 indices -1 5 2 3 -1 1 3 4 2 1 -1 4 2 1 3 -1 -1 2 1 3 2 1 3 4 2 1 3 4 2 1 3 4 2 1 3 4 2 1 3 4 value 3.0 1.0 0.0 0.0 1.0 1.0 0.0 0.0 0.0 0.0 0.0 0.0 0.0 0.0 0.0 0.0 3.0 1.0 0.0 0.0 0.0 0.0 0.0 0.0 0.0 0.0 0.0 0.0 0.0 0.0 0.0 0.0 0.0 0.0 0.0 0.0 0.0 0.0 0.0 0.0 
-1700.84130859375 66.91928100585938 8567.263671875 -6524.02490234375 568.6055297851562 -6055.60986328125 -6863.541015625 7730.84326171875 -4383.4111328125 -9318.3916015625 -8868.1591796875 10014.0361328125 5114.95556640625 6805.37548828125 9071.91015625 5821.25537109375 -4192.818359375 -43.238792419433594 2686.035400390625 -8497.1640625 output 8 7 6 4 9 1 5 3 10 2 indices 8 -1 2 3 -1 1 3 4 2 1 -1 4 2 1 3 -1 -1 1 2 3 2 1 3 4 2 1 3 4 -1 5 1 2 2 1 3 4 2 1 3 4 value 1.0 1.0 0.0 0.0 0.0 0.0 0.0 0.0 0.0 0.0 0.0 0.0 0.0 0.0 0.0 0.0 3.0 1.0 0.0 0.0 0.0 0.0 0.0 0.0 0.0 0.0 0.0 0.0 3.0 1.0 0.0 0.0 0.0 0.0 0.0 0.0 0.0 0.0 0.0 0.0 
-2165.804443359375 2123.740966796875 -3801.3427734375 -10270.1962890625 -2355.266845703125 2718.2900390625 2253.0595703125 -7927.9306640625 -7779.92333984375 5188.935546875 3220.6396484375 6409.4404296875 -771.67578125 2083.249267578125 2108.57373046875 -4198.31005859375 4098.14111328125 -2961.74169921875 5193.59912109375 6834.521484375 output 1 3 5 2 4 8 9 10 6 7 indices 2 -1 3 4 -1 8 1 3 2 1 -1 4 2 1 3 -1 2 1 3 4 2 1 3 4 2 1 3 4 10 -1 1 2 2 1 3 4 -1 2 1 3 value 0.0 0.0 0.0 0.0 3.0 1.0 0.0 0.0 0.0 0.0 0.0 0.0 0.0 0.0 0.0 0.0 0.0 0.0 0.0 0.0 0.0 0.0 0.0 0.0 0.0 0.0 0.0 0.0 1.0 1.0 0.0 0.0 0.0 0.0 0.0 0.0 3.0 1.0 0.0 0.0 
1662.035400390625 6504.92822265625 -998.4330444335938 6487.091796875 5459.01611328125 -3460.21728515625 -6147.69970703125 -2774.990966796875 -3853.255615234375 -1697.427001953125 625.3480834960938 -4453.57080078125 4724.361328125 -2016.8131103515625 5572.951171875 -6596.34228515625 93.51004028320312 10449.01171875 -7137.833984375 -2441.670654296875 output 8 3 7 1 9 2 10 4 5 6 indices 2 -1 3 4 -1 1 3 4 2 1 -1 4 2 1 3 -1 9 -1 1 2 2 1 3 4 2 1 3 4 -1 5 1 2 -1 8 1 2 2 1 3 4 value 0.0 0.0 0.0 0.0 0.0 0.0 0.0 0.0 0.0 0.0 0.0 0.0 0.0 0.0 0.0 0.0 1.0 1.0 0.0 0.0 0.0 0.0 0.0 0.0 0.0 0.0 0.0 0.0 3.0 1.0 0.0 0.0 3.0 1.0 0.0 0.0 0.0 0.0 0.0 0.0 
-9483.6904296875 8831.5244140625 6539.8173828125 -10383.7900390625 -8380.083984375 8450.2783203125 -1448.3602294921875 -8314.314453125 6010.12890625 -4175.03955078125 -2849.551513671875 3604.476318359375 4405.09619140625 -7198.45556640625 2209.20703125 5127.61474609375 1483.95263671875 6686.84765625 1513.4832763671875 -2629.141845703125 output 7 5 8 9 3 1 6 10 4 2 indices 2 -1 3 4 -1 10 1 3 2 1 -1 4 2 1 3 -1 2 1 3 4 2 1 3 4 2 1 3 4 2 1 3 4 -1 2 1 3 -1 9 1 2 value 0.0 0.0 0.0 0.0 3.0 1.0 0.0 0.0 0.0 0.0 0.0 0.0 0.0 0.0 0.0 0.0 0.0 0.0 0.0 0.0 0.0 0.0 0.0 0.0 0.0 0.0 0.0 0.0 0.0 0.0 0.0 0.0 3.0 1.0 0.0 0.0 1.0 1.0 0.0 0.0 
1890.0367431640625 -11073.94921875 -3104.27685546875 -9823.330078125 -938.921875 4905.7177734375 -5731.51171875 -1348.9029541015625 -7046.2060546875 -4817.80810546875 -3500.410888671875 5399.4326171875 8277.1484375 1620.08203125 10922.21484375 4149.6728515625 -2792.541259765625 5509.576171875 2024.4681396484375 5479.5087890625 output 9 6 4 5 2 1 7 8 10 3 indices -1 4 2 3 -1 1 3 4 2 1 -1 4 8 -1 1 2 2 1 3 4 2 1 3 4 2 1 3 4 -1 1 2 3 2 1 3 4 2 1 3 4 value 3.0 1.0 0.0 0.0 0.0 0.0 0.0 0.0 0.0 0.0 0.0 0.0 1.0 1.0 0.0 0.0 0.0 0.0 0.0 0.0 0.0 0.0 0.0 0.0 0.0 0.0 0.0 0.0 3.0 1.0 0.0 0.0 0.0 0.0 0.0 0.0 0.0 0.0 0.0 0.0 
-3961.742919921875 -4514.44921875 -5496.6533203125 -3251.0185546875 9294.830078125 8573.2119140625 3858.213134765625 5023.1181640625 1823.41357421875 -9209.1240234375 -1357.623046875 6329.93359375 -5685.080078125 -3112.34375 -3017.434326171875 7565.73876953125 -1988.6953125 -10384.310546875 6530.77197265625 2979.24462890625 output 5 9 1 2 7 8 6 4 3 10 indices 3 -1 2 4 -1 1 3 4 -1 9 1 2 2 1 3 -1 2 1 3 4 2 1 3 4 2 1 3 4 2 1 3 4 -1 1 2 3 2 1 3 4 value 1.0 1.0 0.0 0.0 0.0 0.0 0.0 0.0 3.0 1.0 0.0 0.0 0.0 0.0 0.0 0.0 0.0 0.0 0.0 0.0 0.0 0.0 0.0 0.0 0.0 0.0 0.0 0.0 0.0 0.0 0.0 0.0 3.0 1.0 0.0 0.0 0.0 0.0 0.0 0.0 
-3680.823974609375 9357.6767578125 10433.955078125 -6602.30859375 -895.411376953125 7674.06884765625 -8478.853515625 -5834.06396484375 -409.6489562988281 -3617.531005859375 10821.1259765625 328.0340881347656 -1825.707275390625 1835.843505859375 3002.828369140625 -2176.6552734375 -2877.24755859375 -1440.2196044921875 -6090.216796875 475.15484619140625 output 9 5 8 2 6 3 1 7 10 4 indices -1 4 2 3 -1 1 3 4 2 1 -1 4 -1 9 1 2 2 1 3 4 2 1 3 4 2 1 3 4 2 1 3 4 -1 1 2 3 2 1 3 4 value 3.0 1.0 0.0 0.0 0.0 0.0 0.0 0.0 0.0 0.0 0.0 0.0 3.0 1.0 0.0 0.0 0.0 0.0 0.0 0.0 0.0 0.0 0.0 0.0 0.0 0.0 0.0 0.0 0.0 0.0 0.0 0.0 1.0 1.0 0.0 0.0 0.0 0.0 0.0 0.0 
-970.912109375 -2716.77978515625 -8520.431640625 -3867.740966796875 6322.46923828125 394.32861328125 -5267.90576171875 3190.402099609375 3498.19482421875 908.7471923828125 8145.2255859375 -5467.33935546875 7977.04443359375 338.3376770019531 -9116.53125 7535.13134765625 5482.17041015625 -6492.943359375 -7549.32470703125 6177.8564453125 output 9 6 7 3 5 4 10 8 2 1 indices 8 -1 2 3 -1 1 3 4 2 1 -1 4 2 1 3 -1 2 1 3 4 2 1 3 4 9 -1 1 2 -1 7 1 2 -1 1 2 3 2 1 3 4 value 1.0 1.0 0.0 0.0 0.0 0.0 0.0 0.0 0.0 0.0 0.0 0.0 0.0 0.0 0.0 0.0 0.0 0.0 0.0 0.0 0.0 0.0 0.0 0.0 1.0 1.0 0.0 0.0 1.0 1.0 0.0 0.0 3.0 1.0 0.0 0.0 0.0 0.0 0.0 0.0 
-9981.373046875 -7711.72705078125 -1842.1607666015625 -3608.197509765625 6681.76953125 8623.7802734375 -2060.44921875 -9219.09765625 213.65721130371094 8828.6259765625 6771.4951171875 5538.2802734375 3195.549560546875 -6917.97021484375 546.098388671875 -3388.97802734375 -2671.424072265625 1888.222900390625 -853.16259765625 5967.0615234375 output 1 4 7 8 6 3 5 10 9 2 indices 2 -1 3 4 3 -1 1 4 -1 4 1 2 -1 2 1 3 2 1 3 4 2 1 3 4 2 1 3 4 2 1 3 4 2 1 3 4 2 1 3 4 value 0.0 0.0 0.0 0.0 1.0 1.0 0.0 0.0 3.0 1.0 0.0 0.0 3.0 1.0 0.0 0.0 0.0 0.0 0.0 0.0 0.0 0.0 0.0 0.0 0.0 0.0 0.0 0.0 0.0 0.0 0.0 0.0 0.0 0.0 0.0 0.0 0.0 0.0 0.0 0.0 
-2161.1875 2169.583740234375 -5259.2841796875 -1277.5880126953125 2292.59521484375 -774.3129272460938 7039.56298828125 -8908.3623046875 3890.892822265625 -5754.7177734375 3250.599365234375 5778.08203125 -3423.662353515625 -7856.36279296875 -8116.259765625 4432.1806640625 8499.474609375 5051.06103515625 -6012.73046875 7140.43701171875 output 1 10 8 2 7 4 5 3 9 6 indices 2 -1 3 4 9 -1 1 3 2 1 -1 4 -1 2 1 3 2 1 3 4 2 1 3 4 2 1 3 4 2 1 3 4 -1 4 1 2 2 1 3 4 value 0.0 0.0 0.0 0.0 1.0 1.0 0.0 0.0 0.0 0.0 0.0 0.0 3.0 1.0 0.0 0.0 0.0 0.0 0.0 0.0 0.0 0.0 0.0 0.0 0.0 0.0 0.0 0.0 0.0 0.0 0.0 0.0 3.0 1.0 0.0 0.0 0.0 0.0 0.0 0.0 
1608.1114501953125 -6857.3896484375 -4930.7216796875 -1031.9912109375 1790.376220703125 -864.4900512695312 11890.8310546875 -4860.294921875 7138.62158203125 5928.57568359375 -7063.6123046875 4788.02490234375 47.47890090942383 -9051.2041015625 -3603.49169921875 -2234.53955078125 -7881.201171875 7057.04638671875 1003.6073608398438 7126.2626953125 output 9 6 2 8 3 1 7 4 5 10 indices 2 -1 3 4 -1 1 3 4 2 1 -1 4 2 1 3 -1 -1 7 1 2 2 1 3 4 -1 8 1 2 -1 5 1 2 2 1 3 4 2 1 3 4 value 0.0 0.0 0.0 0.0 0.0 0.0 0.0 0.0 0.0 0.0 0.0 0.0 0.0 0.0 0.0 0.0 3.0 1.0 0.0 0.0 0.0 0.0 0.0 0.0 3.0 1.0 0.0 0.0 1.0 1.0 0.0 0.0 0.0 0.0 0.0 0.0 0.0 0.0 0.0 0.0 
4924.1884765625 7193.1328125 -1378.4283447265625 -142.37600708007812 -2834.94189453125 -445.6465759277344 74.1122817993164 -4103.380859375 8111.1787109375 7101.421875 -8155.2802734375 1122.4715576171875 6138.18896484375 5428.2646484375 -5864.8515625 -6706.822265625 -8232.8857421875 -8644.970703125 7218.7197265625 -802.0946044921875 output 2 3 6 9 8 4 10 7 5 1 indices 2 -1 3 4 5 -1 1 3 2 1 -1 4 2 1 3 -1 -1 9 1 2 2 1 3 4 2 1 3 4 2 1 3 4 -1 2 1 3 2 1 3 4 value 0.0 0.0 0.0 0.0 1.0 1.0 0.0 0.0 0.0 0.0 0.0 0.0 0.0 0.0 0.0 0.0 3.0 1.0 0.0 0.0 0.0 0.0 0.0 0.0 0.0 0.0 0.0 0.0 0.0 0.0 0.0 0.0 3.0 1.0 0.0 0.0 0.0 0.0 0.0 0.0 
5575.7578125 -6306.83837890625 -4969.3427734375 1164.7626953125 -3431.9833984375 -7325.5859375 8107.736328125 -2599.606689453125 -4928.77685546875 2708.1533203125 -4920.8603515625 -1781.3648681640625 145.27685546875 2514.379638671875 -7355.73583984375 1706.2177734375 7308.5283203125 1720.2218017578125 4469.3994140625 8199.66015625 output 7 5 8 2 6 3 1 4 9 10 indices 2 -1 3 4 -1 1 3 4 -1 6 1 2 2 1 3 -1 2 1 3 4 10 -1 1 2 2 1 3 4 2 1 3 4 2 1 3 4 -1 3 1 2 value 0.0 0.0 0.0 0.0 0.0 0.0 0.0 0.0 3.0 1.0 0.0 0.0 0.0 0.0 0.0 0.0 0.0 0.0 0.0 0.0 1.0 1.0 0.0 0.0 0.0 0.0 0.0 0.0 0.0 0.0 0.0 0.0 0.0 0.0 0.0 0.0 3.0 1.0 0.0 0.0 
8644.8642578125 682.051025390625 -9549.7587890625 -6371.63818359375 -5081.865234375 -8806.1640625 1301.151123046875 -7256.12646484375 6681.53759765625 -3889.225341796875 -4719.96826171875 4722.61083984375 5715.07421875 5810.1943359375 -2680.822509765625 957.2579345703125 -4636.84033203125 7080.6796875 4326.62841796875 7070.36083984375 output 5 1 7 10 9 6 8 2 3 4 indices 2 -1 3 4 -1 1 3 4 -1 8 1 2 2 1 3 -1 2 1 3 4 2 1 3 4 2 1 3 4 10 -1 1 2 2 1 3 4 -1 3 1 2 value 0.0 0.0 0.0 0.0 0.0 0.0 0.0 0.0 3.0 1.0 0.0 0.0 0.0 0.0 0.0 0.0 0.0 0.0 0.0 0.0 0.0 0.0 0.0 0.0 0.0 0.0 0.0 0.0 1.0 1.0 0.0 0.0 0.0 0.0 0.0 0.0 3.0 1.0 0.0 0.0 
-7359.71826171875 2970.069091796875 1958.9913330078125 1702.6702880859375 -1507.739501953125 3495.427001953125 -7628.2001953125 -2148.461669921875 9434.6142578125 -2217.389892578125 -385.63909912109375 -8521.90625 -5449.90283203125 2274.451171875 7872.88720703125 5589.55859375 1689.4339599609375 -5466.09130859375 1375.2733154296875 2321.67333984375 output 5 8 2 10 3 7 1 4 6 9 indices 2 -1 3 4 -1 1 3 4 2 1 -1 4 2 1 3 -1 2 1 3 4 -1 9 1 2 2 1 3 4 -1 6 1 2 -1 8 1 2 2 1 3 4 value 0.0 0.0 0.0 0.0 0.0 0.0 0.0 0.0 0.0 0.0 0.0 0.0 0.0 0.0 0.0 0.0 0.0 0.0 0.0 0.0 3.0 1.0 0.0 0.0 0.0 0.0 0.0 0.0 3.0 1.0 0.0 0.0 1.0 1.0 0.0 0.0 0.0 0.0 0.0 0.0 
5251.75244140625 3149.916259765625 4184.6162109375 4047.075927734375 -2280.19873046875 5940.95849609375 990.2985229492188 -10313.169921875 -9949.0634765625 3432.93310546875 859.0042114257812 -7416.92822265625 335.7637023925781 -959.7734375 -9560.3798828125 2535.23046875 8010.767578125 -3807.14453125 2157.439697265625 3390.901611328125 output 2 1 9 4 6 7 8 5 3 10 indices 2 -1 3 4 -1 4 1 3 2 1 -1 4 -1 7 1 2 2 1 3 4 2 1 3 4 -1 2 1 3 2 1 3 4 2 1 3 4 2 1 3 4 value 0.0 0.0 0.0 0.0 3.0 1.0 0.0 0.0 0.0 0.0 0.0 0.0 3.0 1.0 0.0 0.0 0.0 0.0 0.0 0.0 0.0 0.0 0.0 0.0 1.0 1.0 0.0 0.0 0.0 0.0 0.0 0.0 0.0 0.0 0.0 0.0 0.0 0.0 0.0 0.0 
-181.7909393310547 -7863.4921875 2453.8984375 4701.72705078125 -6124.92822265625 3050.766845703125 -5319.59619140625 2784.08447265625 10005.4765625 10381.4462890625 -4892.64697265625 2155.003173828125 -1118.7200927734375 -4418.51123046875 3849.7421875 5482.33447265625 5635.40576171875 -8974.0556640625 -4306.8408203125 -7299.302734375 output 3 4 6 7 10 1 9 5 8 2 indices 2 -1 3 4 -1 1 3 4 2 1 -1 4 2 1 3 -1 -1 9 1 2 2 1 3 4 -1 5 1 2 2 1 3 4 -1 7 1 2 2 1 3 4 value 0.0 0.0 0.0 0.0 0.0 0.0 0.0 0.0 0.0 0.0 0.0 0.0 0.0 0.0 0.0 0.0 3.0 1.0 0.0 0.0 0.0 0.0 0.0 0.0 1.0 1.0 0.0 0.0 0.0 0.0 0.0 0.0 3.0 1.0 0.0 0.0 0.0 0.0 0.0 0.0 
3980.552734375 1168.147216796875 7348.6015625 2423.9287109375 5798.60888671875 -1975.3355712890625 5081.2919921875 4593.98193359375 -8429.7529296875 4385.93017578125 -6151.447265625 -10438.21875 1318.936767578125 5253.36669921875 -5697.3046875 -1640.8914794921875 -3681.737548828125 -1030.0113525390625 432.2506103515625 -2740.897216796875 output 6 10 3 1 2 4 7 5 9 8 indices 2 -1 3 4 -1 1 3 4 2 1 -1 4 -1 6 1 2 2 1 3 4 -1 10 1 2 2 1 3 4 2 1 3 4 2 1 3 4 -1 4 1 2 value 0.0 0.0 0.0 0.0 0.0 0.0 0.0 0.0 0.0 0.0 0.0 0.0 3.0 1.0 0.0 0.0 0.0 0.0 0.0 0.0 3.0 1.0 0.0 0.0 0.0 0.0 0.0 0.0 0.0 0.0 0.0 0.0 0.0 0.0 0.0 0.0 1.0 1.0 0.0 0.0 
-1627.50634765625 6713.4541015625 1068.0216064453125 -57.8388557434082 1520.677978515625 -4418.314453125 -400.9215393066406 7546.25830078125 9781.146484375 -1171.9356689453125 114.08367919921875 -3806.623779296875 -4579.33935546875 -1397.86767578125 -3594.1396484375 -1667.693359375 -5125.89697265625 4388.67724609375 2843.873779296875 -6128.11572265625 output 1 9 7 8 6 3 10 5 2 4 indices 2 -1 3 4 -1 1 3 4 2 1 -1 4 -1 10 1 2 2 1 3 4 2 1 3 4 2 1 3 4 -1 4 1 2 2 1 3 4 -1 8 1 2 value 0.0 0.0 0.0 0.0 0.0 0.0 0.0 0.0 0.0 0.0 0.0 0.0 3.0 1.0 0.0 0.0 0.0 0.0 0.0 0.0 0.0 0.0 0.0 0.0 0.0 0.0 0.0 0.0 1.0 1.0 0.0 0.0 0.0 0.0 0.0 0.0 3.0 1.0 0.0 0.0 
5464.734375 -4375.3017578125 7616.259765625 -479.1600341796875 -2635.557373046875 899.8345336914062 -7928.1376953125 -126.23858642578125 1310.5225830078125 2709.146728515625 -3394.125244140625 -5587.7685546875 5451.470703125 4817.44873046875 -8465.900390625 -1473.8963623046875 1026.572509765625 2194.771484375 1554.1605224609375 1421.1641845703125 output 6 1 2 7 5 9 10 3 4 8 indices 2 -1 3 4 -1 1 3 4 7 -1 1 2 2 1 3 -1 2 1 3 4 -1 3 1 2 -1 6 1 2 2 1 3 4 2 1 3 4 2 1 3 4 value 0.0 0.0 0.0 0.0 0.0 0.0 0.0 0.0 1.0 0.0 0.0 0.0 0.0 0.0 0.0 0.0 0.0 0.0 0.0 0.0 4.0 1.0 0.0 0.0 3.0 1.0 0.0 0.0 0.0 0.0 0.0 0.0 0.0 0.0 0.0 0.0 0.0 0.0 0.0 0.0 
-1041.4959716796875 4708.53564453125 -4690.7978515625 5491.72509765625 5749.99853515625 705.2715454101562 6910.57666015625 -7305.439453125 -2212.052490234375 569.4176025390625 4538.6865234375 8089.75390625 4456.08251953125 -9390.5400390625 2385.66064453125 -4086.8935546875 -10676.5400390625 1863.930419921875 -5420.11865234375 -645.7610473632812 output 1 2 9 10 5 8 7 4 3 6 indices 2 -1 3 4 -1 1 3 4 2 1 -1 4 2 1 3 -1 6 -1 1 2 -1 7 1 2 -1 5 1 2 2 1 3 4 2 1 3 4 2 1 3 4 value 0.0 0.0 0.0 0.0 0.0 0.0 0.0 0.0 0.0 0.0 0.0 0.0 0.0 0.0 0.0 0.0 1.0 1.0 0.0 0.0 3.0 1.0 0.0 0.0 3.0 1.0 0.0 0.0 0.0 0.0 0.0 0.0 0.0 0.0 0.0 0.0 0.0 0.0 0.0 0.0 
-605.64599609375 4120.1123046875 2130.788330078125 -6383.94091796875 -10510.5517578125 233.80072021484375 6777.20849609375 -2597.02392578125 2021.4637451171875 2152.73046875 -7404.2392578125 5070.7470703125 -6595.48193359375 -5693.10595703125 3657.878662109375 -5213.71435546875 6590.04833984375 2335.8095703125 3938.5322265625 5974.5849609375 output 10 9 4 8 2 7 3 6 1 5 indices 2 -1 3 4 -1 7 1 3 2 1 -1 4 2 1 3 -1 2 1 3 4 2 1 3 4 10 -1 1 2 2 1 3 4 2 1 3 4 -1 2 1 3 value 0.0 0.0 0.0 0.0 3.0 1.0 0.0 0.0 0.0 0.0 0.0 0.0 0.0 0.0 0.0 0.0 0.0 0.0 0.0 0.0 0.0 0.0 0.0 0.0 1.0 1.0 0.0 0.0 0.0 0.0 0.0 0.0 0.0 0.0 0.0 0.0 3.0 1.0 0.0 0.0 
-1676.9073486328125 -4717.35693359375 -1652.8392333984375 -340.4266662597656 2160.8134765625 -12239.716796875 5913.9013671875 6022.96484375 -2557.42529296875 6071.2119140625 326.5595703125 3757.082275390625 9129.826171875 5379.06005859375 -7464.34521484375 1503.351806640625 -6647.61669921875 -5962.826171875 2468.033203125 526.6555786132812 output 1 3 9 8 5 6 4 7 10 2 indices 2 -1 3 4 7 -1 1 3 -1 2 1 4 2 1 3 -1 2 1 3 4 2 1 3 4 -1 3 1 2 2 1 3 4 2 1 3 4 2 1 3 4 value 0.0 0.0 0.0 0.0 1.0 1.0 0.0 0.0 3.0 1.0 0.0 0.0 0.0 0.0 0.0 0.0 0.0 0.0 0.0 0.0 0.0 0.0 0.0 0.0 3.0 1.0 0.0 0.0 0.0 0.0 0.0 0.0 0.0 0.0 0.0 0.0 0.0 0.0 0.0 0.0 
-648.0088500976562 -3055.800537109375 5356.85400390625 1395.369384765625 -10217.48046875 9239.36328125 -668.3136596679688 -4489.4287109375 2467.12646484375 115.18911743164062 -108.5733871459961 -896.6611328125 766.5081176757812 -1704.3135986328125 3116.273193359375 4114.48974609375 4679.03955078125 -9017.01953125 -4743.42529296875 4298.8125 output 1 4 9 5 2 8 3 10 6 7 indices 2 -1 3 4 -1 1 3 4 8 -1 1 2 2 1 3 -1 2 1 3 4 -1 3 1 2 2 1 3 4 9 -1 1 2 -1 6 1 2 2 1 3 4 value 0.0 0.0 0.0 0.0 0.0 0.0 0.0 0.0 1.0 1.0 0.0 0.0 0.0 0.0 0.0 0.0 0.0 0.0 0.0 0.0 1.0 1.0 0.0 0.0 0.0 0.0 0.0 0.0 1.0 1.0 0.0 0.0 3.0 1.0 0.0 0.0 0.0 0.0 0.0 0.0 
-223.2490234375 746.5591430664062 1049.0111083984375 -6331.96142578125 -7969.14794921875 -3443.552490234375 9034.5048828125 -4137.52734375 3341.582275390625 -922.12060546875 926.6497192382812 -3496.406494140625 2683.776123046875 -3071.5029296875 -4105.64794921875 8748.71875 3436.51953125 5809.32080078125 -8173.998046875 6098.47265625 output 4 5 1 9 8 10 3 2 6 7 indices 8 3 -1 2 -1 6 1 3 2 1 -1 4 2 1 3 -1 2 1 3 4 1 4 2 3 2 1 3 4 9 -1 1 2 -1 2 1 3 2 1 3 4 value 1.0 0.0 0.0 0.0 3.0 1.0 0.0 0.0 0.0 0.0 0.0 0.0 0.0 0.0 0.0 0.0 0.0 0.0 0.0 0.0 1.0 0.0 0.0 0.0 0.0 0.0 0.0 0.0 1.0 1.0 0.0 0.0 1.0 1.0 0.0 0.0 0.0 0.0 0.0 0.0 
-1195.64208984375 -635.3156127929688 8603.205078125 -662.1990966796875 -4877.30078125 -3555.17236328125 7483.00048828125 -2978.15771484375 -3107.600341796875 -4711.1923828125 1998.73828125 -1181.8441162109375 -6968.66943359375 -1309.2738037109375 4161.04931640625 -378.5588073730469 -3482.40771484375 10914.7412109375 -2614.373046875 4496.97265625 output 9 10 7 3 5 1 6 8 4 2 indices 9 -1 2 3 -1 1 3 4 2 1 -1 4 2 1 3 -1 -1 1 2 3 2 1 3 4 2 1 3 4 2 1 3 4 -1 5 1 2 2 1 3 4 value 1.0 1.0 0.0 0.0 0.0 0.0 0.0 0.0 0.0 0.0 0.0 0.0 0.0 0.0 0.0 0.0 3.0 1.0 0.0 0.0 0.0 0.0 0.0 0.0 0.0 0.0 0.0 0.0 0.0 0.0 0.0 0.0 3.0 1.0 0.0 0.0 0.0 0.0 0.0 0.0 
1108.262451171875 -693.7395629882812 -1576.56005859375 -5034.47265625 -1695.47119140625 2705.508056640625 201.24374389648438 -1323.8941650390625 -7929.8740234375 6507.31884765625 7213.0458984375 -9039.673828125 -1281.626220703125 7179.6806640625 -8503.779296875 -2283.438720703125 1934.7919921875 -2544.401611328125 10529.966796875 4527.11328125 output 1 4 2 8 5 7 3 10 6 9 indices 2 -1 3 4 -1 1 3 4 2 1 -1 4 10 -1 1 2 2 1 3 4 -1 4 1 2 2 1 3 4 2 1 3 4 2 1 3 4 -1 6 1 2 value 0.0 0.0 0.0 0.0 0.0 0.0 0.0 0.0 0.0 0.0 0.0 0.0 1.0 1.0 0.0 0.0 0.0 0.0 0.0 0.0 3.0 1.0 0.0 0.0 0.0 0.0 0.0 0.0 0.0 0.0 0.0 0.0 0.0 0.0 0.0 0.0 3.0 1.0 0.0 0.0 
-4825.6181640625 2399.276123046875 2675.52099609375 -322.6539001464844 -3653.4755859375 863.7083129882812 -3991.0986328125 -1499.9407958984375 11301.6181640625 9304.33984375 3831.874267578125 -2596.7314453125 -5773.2861328125 -3744.64892578125 -1973.387939453125 -2404.110107421875 -6548.56689453125 3488.65869140625 8956.419921875 -5487.89794921875 output 1 3 4 7 8 2 6 10 5 9 indices 2 -1 3 4 -1 1 3 4 2 1 -1 4 2 1 3 -1 -1 10 1 2 2 1 3 4 2 1 3 4 -1 5 1 2 2 1 3 4 -1 8 1 2 value 0.0 0.0 0.0 0.0 0.0 0.0 0.0 0.0 0.0 0.0 0.0 0.0 0.0 0.0 0.0 0.0 3.0 1.0 0.0 0.0 0.0 0.0 0.0 0.0 0.0 0.0 0.0 0.0 1.0 1.0 0.0 0.0 0.0 0.0 0.0 0.0 3.0 1.0 0.0 0.0 
-2903.68701171875 -4764.806640625 -2625.638671875 -2089.87890625 -2040.37548828125 10222.9697265625 2070.749755859375 -4360.9990234375 1255.13671875 -2594.652099609375 -1865.17138671875 -3137.20361328125 8984.30078125 -2075.474365234375 -4468.5556640625 3687.430908203125 5880.3603515625 9497.0380859375 -4287.119140625 -4384.4248046875 output 6 1 10 2 8 3 9 7 4 5 indices -1 6 2 3 -1 1 3 4 2 1 -1 4 2 1 3 -1 2 1 3 4 9 -1 1 2 2 1 3 4 2 1 3 4 -1 1 2 3 2 1 3 4 value 3.0 1.0 0.0 0.0 0.0 0.0 0.0 0.0 0.0 0.0 0.0 0.0 0.0 0.0 0.0 0.0 0.0 0.0 0.0 0.0 1.0 1.0 0.0 0.0 0.0 0.0 0.0 0.0 0.0 0.0 0.0 0.0 3.0 1.0 0.0 0.0 0.0 0.0 0.0 0.0 
-7353.2880859375 -6148.6923828125 2821.012451171875 -9245.5 4199.26123046875 1614.9874267578125 -6247.71533203125 1221.9578857421875 -2527.97021484375 2436.71435546875 -3542.67236328125 -1285.8045654296875 4071.38232421875 4069.157958984375 9818.4970703125 9619.9443359375 -4530.26123046875 -687.3724975585938 3291.75439453125 -1595.392822265625 output 2 1 6 9 4 5 7 8 3 10 indices 2 -1 3 4 -1 6 1 3 2 1 -1 4 2 1 3 -1 2 1 3 4 8 -1 1 2 2 1 3 4 -1 2 1 3 2 1 3 4 2 1 3 4 value 0.0 0.0 0.0 0.0 3.0 1.0 0.0 0.0 0.0 0.0 0.0 0.0 0.0 0.0 0.0 0.0 0.0 0.0 0.0 0.0 1.0 1.0 0.0 0.0 0.0 0.0 0.0 0.0 3.0 1.0 0.0 0.0 0.0 0.0 0.0 0.0 0.0 0.0 0.0 0.0 
5429.984375 6694.595703125 1416.9815673828125 -4172.751953125 -6993.25146484375 -3906.216064453125 -2553.26025390625 873.9425048828125 -5725.50341796875 3568.0927734375 2045.0030517578125 2856.6689453125 8081.56884765625 3831.025634765625 852.6918334960938 -9022.2021484375 5169.17138671875 9141.923828125 -7723.38525390625 -9865.078125 output 9 1 7 2 8 10 3 5 4 6 indices 2 -1 3 4 -1 1 3 4 2 1 -1 4 9 -1 1 2 2 1 3 4 2 1 3 4 2 1 3 4 2 1 3 4 -1 10 1 2 -1 4 1 2 value 0.0 0.0 0.0 0.0 0.0 0.0 0.0 0.0 0.0 0.0 0.0 0.0 1.0 1.0 0.0 0.0 0.0 0.0 0.0 0.0 0.0 0.0 0.0 0.0 0.0 0.0 0.0 0.0 0.0 0.0 0.0 0.0 3.0 1.0 0.0 0.0 3.0 1.0 0.0 0.0 
-1952.9884033203125 3639.438232421875 4942.85888671875 537.4471435546875 5797.5634765625 1009.0820922851562 -1844.577392578125 585.417236328125 6515.728515625 -8396.671875 -6656.79052734375 8635.3359375 -4949.57958984375 2082.32568359375 2606.317626953125 -5275.53466796875 1919.9490966796875 -6872.3486328125 -6378.48095703125 4055.50927734375 output 5 3 2 1 6 10 7 4 8 9 indices 2 -1 3 4 -1 1 3 4 2 1 -1 4 6 -1 1 2 -1 4 1 2 -1 5 1 2 2 1 3 4 2 1 3 4 2 1 3 4 2 1 3 4 value 0.0 0.0 0.0 0.0 0.0 0.0 0.0 0.0 0.0 0.0 0.0 0.0 1.0 1.0 0.0 0.0 3.0 1.0 0.0 0.0 3.0 1.0 0.0 0.0 0.0 0.0 0.0 0.0 0.0 0.0 0.0 0.0 0.0 0.0 0.0 0.0 0.0 0.0 0.0 0.0 
-104.33036804199219 -2146.549560546875 -7225.64697265625 7534.619140625 -308.0208740234375 -2420.62109375 -2080.14501953125 7659.89453125 1187.8121337890625 -7881.037109375 -9657.2666015625 4583.29345703125 7266.64794921875 4296.8779296875 -241.2660675048828 1217.779052734375 5863.93115234375 -5396.87451171875 5298.28369140625 -7447.38134765625 output 1 3 5 10 9 7 4 2 6 8 indices 4 -1 2 3 -1 1 3 4 2 1 -1 4 7 -1 1 2 -1 1 2 3 2 1 3 4 -1 5 1 2 2 1 3 4 2 1 3 4 2 1 3 4 value 1.0 1.0 0.0 0.0 0.0 0.0 0.0 0.0 0.0 0.0 0.0 0.0 1.0 1.0 0.0 0.0 3.0 1.0 0.0 0.0 0.0 0.0 0.0 0.0 1.0 1.0 0.0 0.0 0.0 0.0 0.0 0.0 0.0 0.0 0.0 0.0 0.0 0.0 0.0 0.0 
-3186.6484375 -3449.31640625 -5226.6142578125 -3205.765625 2683.34033203125 6737.7861328125 -48.000370025634766 2126.53759765625 -3257.93310546875 -46.508121490478516 1056.0396728515625 -1383.955322265625 4851.99658203125 6082.3271484375 7117.0390625 1917.115966796875 -4407.5986328125 2238.609619140625 418.3797912597656 -11016.8310546875 output 1 2 5 9 4 3 7 8 6 10 indices 2 -1 3 4 -1 1 3 4 2 1 -1 4 2 1 3 -1 2 1 3 4 7 -1 1 2 -1 10 1 2 2 1 3 4 2 1 3 4 -1 6 1 2 value 0.0 0.0 0.0 0.0 0.0 0.0 0.0 0.0 0.0 0.0 0.0 0.0 0.0 0.0 0.0 0.0 0.0 0.0 0.0 0.0 1.0 1.0 0.0 0.0 3.0 1.0 0.0 0.0 0.0 0.0 0.0 0.0 0.0 0.0 0.0 0.0 3.0 1.0 0.0 0.0 
2505.278564453125 3033.013671875 129.0625457763672 6170.77490234375 7022.17724609375 2264.4951171875 3696.671875 2429.9912109375 1767.38134765625 7264.3173828125 -4051.995849609375 1861.6861572265625 2190.488525390625 -8090.85498046875 -7586.65673828125 -1720.17333984375 -10614.5849609375 -3259.97509765625 4942.1767578125 -9953.2744140625 output 3 4 1 5 2 6 8 9 7 10 indices 2 -1 3 4 -1 1 3 4 2 1 -1 4 2 1 3 -1 -1 10 1 2 2 1 3 4 2 1 3 4 -1 5 1 2 2 1 3 4 -1 8 1 2 value 0.0 0.0 0.0 0.0 0.0 0.0 0.0 0.0 0.0 0.0 0.0 0.0 0.0 0.0 0.0 0.0 3.0 1.0 0.0 0.0 0.0 0.0 0.0 0.0 0.0 0.0 0.0 0.0 1.0 1.0 0.0 0.0 0.0 0.0 0.0 0.0 3.0 1.0 0.0 0.0 
989.0697021484375 -6300.6748046875 5783.60693359375 4161.501953125 2523.6591796875 6226.0048828125 -10068.0693359375 3958.22021484375 -336.57916259765625 -4355.3212890625 -483.8000793457031 3815.69189453125 1251.846435546875 -11825.224609375 -2820.891845703125 3613.4404296875 2963.795166015625 -5676.84912109375 197.36337280273438 6383.21044921875 output 4 8 6 10 3 2 9 7 1 5 indices 2 -1 3 4 -1 1 3 4 -1 7 1 2 2 1 3 -1 -1 3 1 2 2 1 3 4 -1 5 1 2 2 1 3 4 2 1 3 4 2 1 3 4 value 0.0 0.0 0.0 0.0 0.0 0.0 0.0 0.0 3.0 1.0 0.0 0.0 0.0 0.0 0.0 0.0 1.0 1.0 0.0 0.0 0.0 0.0 0.0 0.0 3.0 1.0 0.0 0.0 0.0 0.0 0.0 0.0 0.0 0.0 0.0 0.0 0.0 0.0 0.0 0.0 
-4618.8896484375 -4654.59130859375 -5424.208984375 8717.7158203125 -2998.21826171875 5705.2998046875 9825.3251953125 -9544.888671875 -6542.64111328125 1247.0205078125 1749.22265625 -1109.637451171875 -778.6053466796875 -358.80767822265625 2792.55126953125 -8802.8916015625 10452.2568359375 6476.22412109375 -4456.79296875 2324.55712890625 output 1 8 4 9 6 7 3 2 10 5 indices 2 -1 3 4 -1 1 3 4 2 1 -1 4 -1 7 1 2 2 1 3 4 2 1 3 4 9 -1 1 2 2 1 3 4 -1 4 1 2 2 1 3 4 value 0.0 0.0 0.0 0.0 0.0 0.0 0.0 0.0 0.0 0.0 0.0 0.0 3.0 1.0 0.0 0.0 0.0 0.0 0.0 0.0 0.0 0.0 0.0 0.0 1.0 1.0 0.0 0.0 0.0 0.0 0.0 0.0 3.0 1.0 0.0 0.0 0.0 0.0 0.0 0.0 
-1410.271728515625 -4365.86962890625 -7086.22216796875 711.9520874023438 2997.36181640625 1781.5045166015625 7280.39111328125 -6262.67626953125 -5593.361328125 -1663.523193359375 6604.76318359375 4320.419921875 -7062.73681640625 -2708.947509765625 7835.96240234375 10611.029296875 -10393.2548828125 5881.03955078125 6827.36865234375 -8304.9287109375 output 1 5 7 2 9 8 6 3 4 10 indices 8 -1 2 3 -1 1 3 4 2 1 -1 4 2 1 3 -1 2 1 3 4 2 1 3 4 2 1 3 4 -1 10 1 2 2 1 3 4 -1 1 2 3 value 1.0 1.0 0.0 0.0 0.0 0.0 0.0 0.0 0.0 0.0 0.0 0.0 0.0 0.0 0.0 0.0 0.0 0.0 0.0 0.0 0.0 0.0 0.0 0.0 0.0 0.0 0.0 0.0 3.0 1.0 0.0 0.0 0.0 0.0 0.0 0.0 3.0 1.0 0.0 0.0 
-8437.771484375 -1516.1053466796875 -2153.22900390625 5400.6201171875 3689.568115234375 -4951.87255859375 3226.103271484375 4008.948974609375 -324.8446044921875 6033.74755859375 9003.060546875 1876.06591796875 -5337.0751953125 2525.35498046875 298.9613037109375 -2443.342529296875 9020.3056640625 -2406.82421875 -8985.078125 -8526.5927734375 output 3 8 10 1 7 2 5 4 6 9 indices 2 -1 3 4 -1 1 3 4 2 1 -1 4 2 1 3 -1 6 -1 1 2 10 -1 1 2 2 1 3 4 -1 5 1 2 2 1 3 4 -1 8 1 2 value 0.0 0.0 0.0 0.0 0.0 0.0 0.0 0.0 0.0 0.0 0.0 0.0 0.0 0.0 0.0 0.0 1.0 1.0 0.0 0.0 1.0 1.0 0.0 0.0 0.0 0.0 0.0 0.0 1.0 1.0 0.0 0.0 0.0 0.0 0.0 0.0 3.0 1.0 0.0 0.0 
-5782.62744140625 -2104.317626953125 -5402.244140625 -4191.03271484375 -8910.546875 -2598.025634765625 -1086.4248046875 1928.2977294921875 -8168.2021484375 1400.0693359375 8853.185546875 6030.02685546875 266.9962463378906 -4357.40087890625 8861.40625 6398.03173828125 5583.65625 -3206.07177734375 5784.80029296875 700.4232177734375 output 8 6 10 9 7 2 1 3 5 4 indices 2 -1 3 4 -1 1 3 4 2 1 -1 4 2 1 3 -1 2 1 3 4 2 1 3 4 -1 8 1 2 -1 7 1 2 2 1 3 4 2 1 3 4 value 0.0 0.0 0.0 0.0 0.0 0.0 0.0 0.0 0.0 0.0 0.0 0.0 0.0 0.0 0.0 0.0 0.0 0.0 0.0 0.0 0.0 0.0 0.0 0.0 5.0 1.0 0.0 0.0 3.0 1.0 0.0 0.0 0.0 0.0 0.0 0.0 0.0 0.0 0.0 0.0 
879.6876220703125 3484.805419921875 9026.498046875 -9039.2890625 3138.814697265625 5428.34033203125 -3900.320556640625 2611.50927734375 -8253.22265625 -3460.560546875 465.87738037109375 1766.710693359375 1583.097900390625 3508.112548828125 1522.3076171875 6341.6689453125 1070.1763916015625 1192.162353515625 -5532.91650390625 -11833.4599609375 output 8 3 7 1 6 9 2 10 5 4 indices 2 -1 3 4 -1 1 3 4 2 1 -1 4 2 1 3 -1 8 -1 1 2 2 1 3 4 2 1 3 4 -1 10 1 2 2 1 3 4 -1 5 1 2 value 0.0 0.0 0.0 0.0 0.0 0.0 0.0 0.0 0.0 0.0 0.0 0.0 0.0 0.0 0.0 0.0 1.0 1.0 0.0 0.0 0.0 0.0 0.0 0.0 0.0 0.0 0.0 0.0 3.0 1.0 0.0 0.0 0.0 0.0 0.0 0.0 3.0 1.0 0.0 0.0 
1442.5345458984375 -4477.2763671875 -1315.56591796875 -5729.1142578125 4504.94873046875 6876.07958984375 805.4793701171875 7890.4853515625 -872.0938110351562 5060.642578125 -3039.25048828125 -8433.505859375 -3045.951416015625 847.9813232421875 -4215.65185546875 -6170.7109375 2851.55224609375 5555.60205078125 2883.998779296875 -1420.1832275390625 output 3 9 10 1 2 6 8 7 5 4 indices 2 -1 3 4 7 3 1 -1 -1 6 1 2 2 1 3 -1 2 1 3 4 -1 2 1 3 3 4 1 2 2 1 3 4 2 1 3 4 2 1 3 4 value 0.0 0.0 0.0 0.0 1.0 0.0 0.0 0.0 3.0 1.0 0.0 0.0 0.0 0.0 0.0 0.0 0.0 0.0 0.0 0.0 3.0 1.0 0.0 0.0 1.0 0.0 0.0 0.0 0.0 0.0 0.0 0.0 0.0 0.0 0.0 0.0 0.0 0.0 0.0 0.0 
6369.990234375 -6717.71875 5064.94580078125 4844.009765625 -5784.32861328125 7875.7998046875 -6370.87939453125 2061.882568359375 9012.3525390625 -6347.22607421875 1941.488037109375 2078.58203125 1052.0770263671875 2603.070068359375 442.8655090332031 -4386.572265625 -8380.701171875 -6422.31591796875 -3347.81005859375 4410.4892578125 output 2 5 1 8 9 4 3 10 7 6 indices 2 -1 3 4 -1 9 1 3 2 1 -1 4 2 1 3 -1 2 1 3 4 2 1 3 4 2 1 3 4 -1 2 1 3 -1 8 1 2 2 1 3 4 value 0.0 0.0 0.0 0.0 3.0 1.0 0.0 0.0 0.0 0.0 0.0 0.0 0.0 0.0 0.0 0.0 0.0 0.0 0.0 0.0 0.0 0.0 0.0 0.0 0.0 0.0 0.0 0.0 1.0 1.0 0.0 0.0 3.0 1.0 0.0 0.0 0.0 0.0 0.0 0.0 
675.6181640625 772.5309448242188 -333.2606201171875 -7239.34716796875 823.0839233398438 -7483.58056640625 -4121.1845703125 3769.324951171875 1281.3389892578125 5970.1357421875 6355.34765625 -6336.8525390625 -5954.9482421875 8375.60546875 3647.8466796875 -5696.6494140625 -5673.83203125 1196.98779296875 3299.98974609375 6671.8447265625 output 7 4 9 2 3 8 6 1 10 5 indices 2 -1 3 4 10 -1 1 3 -1 2 1 4 2 1 3 -1 2 1 3 4 2 1 3 4 2 1 3 4 2 1 3 4 2 1 3 4 -1 3 1 2 value 0.0 0.0 0.0 0.0 1.0 1.0 0.0 0.0 3.0 1.0 0.0 0.0 0.0 0.0 0.0 0.0 0.0 0.0 0.0 0.0 0.0 0.0 0.0 0.0 0.0 0.0 0.0 0.0 0.0 0.0 0.0 0.0 0.0 0.0 0.0 0.0 3.0 1.0 0.0 0.0 
5312.412109375 -7518.923828125 -3185.695068359375 9324.8681640625 -5415.513671875 -3811.12841796875 5662.533203125 -5861.6904296875 -3895.3984375 -4228.033203125 -4300.9189453125 11849.40625 8363.578125 -2763.574951171875 2872.93310546875 -3611.278564453125 270.22247314453125 10429.572265625 -5684.15234375 -3809.217041015625 output 1 4 7 9 6 2 10 3 5 8 indices -1 5 2 3 -1 1 3 4 2 1 -1 4 2 1 3 -1 9 -1 1 2 2 1 3 4 2 1 3 4 2 1 3 4 -1 1 2 3 2 1 3 4 value 3.0 1.0 0.0 0.0 0.0 0.0 0.0 0.0 0.0 0.0 0.0 0.0 0.0 0.0 0.0 0.0 1.0 1.0 0.0 0.0 0.0 0.0 0.0 0.0 0.0 0.0 0.0 0.0 0.0 0.0 0.0 0.0 3.0 1.0 0.0 0.0 0.0 0.0 0.0 0.0 
-819.4876708984375 -1186.564697265625 6516.33544921875 -540.5130004882812 -1693.287109375 2767.539306640625 -4691.54296875 -5937.3037109375 8371.0859375 -276.3502502441406 10141.1181640625 -1372.08740234375 -1116.8360595703125 11464.7021484375 -2774.379638671875 -7688.9345703125 -8379.3994140625 8011.8505859375 -5553.6064453125 -5242.337890625 output 1 3 9 7 2 5 6 8 4 10 indices 7 -1 2 3 -1 1 3 4 2 1 -1 4 2 1 3 -1 2 1 3 4 2 1 3 4 -1 8 1 2 -1 1 2 3 2 1 3 4 2 1 3 4 value 1.0 1.0 0.0 0.0 0.0 0.0 0.0 0.0 0.0 0.0 0.0 0.0 0.0 0.0 0.0 0.0 0.0 0.0 0.0 0.0 0.0 0.0 0.0 0.0 3.0 1.0 0.0 0.0 3.0 1.0 0.0 0.0 0.0 0.0 0.0 0.0 0.0 0.0 0.0 0.0 
-7094.3037109375 -4267.0625 -955.8646850585938 3814.65234375 4192.80615234375 5060.77880859375 -4040.707275390625 2549.633056640625 8562.0908203125 4732.90380859375 -6508.75634765625 -6587.17236328125 3294.498779296875 7856.63671875 -3058.936767578125 -7105.96728515625 -137.78224182128906 1159.225830078125 5746.9560546875 -7213.6279296875 output 8 6 1 4 9 2 7 3 5 10 indices 2 -1 3 4 -1 1 3 4 2 1 -1 4 2 1 3 -1 2 1 3 4 2 1 3 4 -1 8 1 2 -1 7 1 2 2 1 3 4 2 1 3 4 value 0.0 0.0 0.0 0.0 0.0 0.0 0.0 0.0 0.0 0.0 0.0 0.0 0.0 0.0 0.0 0.0 0.0 0.0 0.0 0.0 0.0 0.0 0.0 0.0 3.0 1.0 0.0 0.0 5.0 1.0 0.0 0.0 0.0 0.0 0.0 0.0 0.0 0.0 0.0 0.0 
-7868.5029296875 -9261.376953125 -5116.564453125 -4251.310546875 4527.3642578125 4877.4521484375 -5376.26513671875 -654.869873046875 -2401.120361328125 4635.33642578125 4948.89306640625 -7570.23046875 -7075.99609375 -2033.465576171875 -1392.3319091796875 7441.1953125 7705.40771484375 3272.398681640625 12049.1162109375 3544.87060546875 output 7 2 1 6 10 9 3 8 5 4 indices -1 2 3 4 -1 10 4 1 2 1 -1 4 10 3 1 2 2 1 3 4 2 1 3 4 2 1 3 4 2 1 3 4 2 1 3 4 -1 1 2 3 value 3.0 1.0 0.0 0.0 0.9999996423721313 0.9999996423721313 4.108332518626412e-07 0.0 0.0 0.0 0.0 0.0 4.108332518626412e-07 0.0 0.0 0.0 0.0 0.0 0.0 0.0 0.0 0.0 0.0 0.0 0.0 0.0 0.0 0.0 0.0 0.0 0.0 0.0 0.0 0.0 0.0 0.0 3.0 1.0 0.0 0.0 
-9710.6259765625 6607.5048828125 -5609.32861328125 767.4251708984375 5340.84521484375 7530.7041015625 -8110.3154296875 -2067.642822265625 2981.533203125 -5203.662109375 7536.8310546875 -8591.9853515625 2000.7647705078125 -2079.928466796875 -2413.754638671875 7072.75537109375 3528.74169921875 -8669.451171875 4455.30859375 4634.28076171875 output 8 1 2 4 9 6 5 7 10 3 indices 2 -1 3 4 -1 1 3 4 -1 9 1 2 2 1 3 -1 2 1 3 4 2 1 3 4 -1 3 1 2 2 1 3 4 -1 7 1 2 2 1 3 4 value 0.0 0.0 0.0 0.0 0.0 0.0 0.0 0.0 3.0 1.0 0.0 0.0 0.0 0.0 0.0 0.0 0.0 0.0 0.0 0.0 0.0 0.0 0.0 0.0 1.0 1.0 0.0 0.0 0.0 0.0 0.0 0.0 3.0 1.0 0.0 0.0 0.0 0.0 0.0 0.0 
-3673.15234375 1749.0396728515625 -4454.955078125 -5516.650390625 5583.81640625 -3567.196044921875 -2296.113037109375 -3139.385498046875 3085.498046875 -489.18658447265625 6846.64794921875 5169.2109375 -8751.193359375 -967.9029541015625 5487.1962890625 -9868.806640625 -2434.550537109375 7477.966796875 606.8065185546875 9152.9111328125 output 6 5 3 8 4 2 7 1 9 10 indices 2 -1 3 4 -1 1 3 4 2 1 -1 4 10 -1 1 2 2 1 3 4 2 1 3 4 2 1 3 4 -1 4 1 2 2 1 3 4 -1 8 1 2 value 0.0 0.0 0.0 0.0 0.0 0.0 0.0 0.0 0.0 0.0 0.0 0.0 1.0 1.0 0.0 0.0 0.0 0.0 0.0 0.0 0.0 0.0 0.0 0.0 0.0 0.0 0.0 0.0 3.0 1.0 0.0 0.0 0.0 0.0 0.0 0.0 3.0 1.0 0.0 0.0 
-10878.0791015625 7138.96533203125 555.9926147460938 -5248.736328125 -526.2017822265625 8726.1015625 -3278.96044921875 -5228.27001953125 -5142.77099609375 -8321.4609375 4026.293212890625 516.8787841796875 3876.91357421875 2012.81494140625 7149.2763671875 7472.6474609375 -188.40602111816406 -4610.75244140625 4405.9423828125 -2458.18798828125 output 1 3 8 7 6 10 2 9 4 5 indices 2 -1 3 4 -1 1 3 4 2 1 -1 4 8 -1 1 2 -1 4 1 2 2 1 3 4 2 1 3 4 -1 5 1 2 2 1 3 4 2 1 3 4 value 0.0 0.0 0.0 0.0 0.0 0.0 0.0 0.0 0.0 0.0 0.0 0.0 1.0 1.0 0.0 0.0 3.0 1.0 0.0 0.0 0.0 0.0 0.0 0.0 0.0 0.0 0.0 0.0 3.0 1.0 0.0 0.0 0.0 0.0 0.0 0.0 0.0 0.0 0.0 0.0 
-4207.8837890625 4071.813720703125 -3204.2822265625 7486.18798828125 12110.8271484375 4696.3125 424.5333557128906 -11734.46875 -2164.70068359375 -4735.81884765625 -3773.530517578125 -8195.4423828125 837.401611328125 4724.78857421875 1479.326904296875 5511.15673828125 725.2418212890625 -5738.841796875 -2226.93310546875 3914.312744140625 output 9 4 6 5 10 1 2 7 8 3 indices 2 -1 3 4 -1 1 3 4 -1 4 1 2 -1 5 1 2 -1 3 1 2 2 1 3 4 2 1 3 4 2 1 3 4 2 1 3 4 2 1 3 4 value 0.0 0.0 0.0 0.0 0.0 0.0 0.0 0.0 3.0 1.0 0.0 0.0 3.0 1.0 0.0 0.0 1.0 1.0 0.0 0.0 0.0 0.0 0.0 0.0 0.0 0.0 0.0 0.0 0.0 0.0 0.0 0.0 0.0 0.0 0.0 0.0 0.0 0.0 0.0 0.0 
-7895.88623046875 -739.3868408203125 -8028.8662109375 -1651.1702880859375 7491.02197265625 4901.85107421875 2220.580078125 2681.625732421875 -8462.7216796875 -4232.45849609375 9613.34375 -6135.99755859375 6093.81494140625 -1840.65234375 -3460.15234375 5351.87890625 6209.02294921875 2490.90185546875 -3780.15625 -826.592041015625 output 1 8 4 3 9 7 6 10 5 2 indices 2 -1 3 4 -1 1 3 4 -1 6 1 2 2 1 3 -1 2 1 3 4 -1 10 1 2 2 1 3 4 2 1 3 4 2 1 3 4 -1 3 1 2 value 0.0 0.0 0.0 0.0 0.0 0.0 0.0 0.0 3.0 1.0 0.0 0.0 0.0 0.0 0.0 0.0 0.0 0.0 0.0 0.0 3.0 1.0 0.0 0.0 0.0 0.0 0.0 0.0 0.0 0.0 0.0 0.0 0.0 0.0 0.0 0.0 1.0 1.0 0.0 0.0 
-6447.43994140625 -2137.57861328125 10006.2490234375 6775.62353515625 8629.10546875 2069.203857421875 -158.8524627685547 -1555.3946533203125 -6669.1474609375 84.23651885986328 -3124.47607421875 4616.96923828125 -7544.3603515625 6967.87744140625 5515.4892578125 4103.17578125 5848.38720703125 -11458.5771484375 -6054.955078125 -9465.5361328125 output 1 5 7 6 4 8 2 3 9 10 indices 2 -1 3 4 -1 9 1 3 2 1 -1 4 -1 2 1 3 2 1 3 4 2 1 3 4 2 1 3 4 2 1 3 4 -1 4 1 2 2 1 3 4 value 0.0 0.0 0.0 0.0 3.0 1.0 0.0 0.0 0.0 0.0 0.0 0.0 1.0 1.0 0.0 0.0 0.0 0.0 0.0 0.0 0.0 0.0 0.0 0.0 0.0 0.0 0.0 0.0 0.0 0.0 0.0 0.0 3.0 1.0 0.0 0.0 0.0 0.0 0.0 0.0 
-885.799560546875 891.9723510742188 -2316.293701171875 -8733.71875 -4512.1298828125 -2421.2275390625 1813.4296875 9273.7978515625 13167.3271484375 -43.22502136230469 -5948.66357421875 -2999.802490234375 3217.212158203125 3049.687255859375 -6523.767578125 6557.4384765625 -1596.10986328125 -7307.15185546875 3584.794921875 1732.2293701171875 output 1 3 6 2 9 5 10 7 4 8 indices 4 -1 2 3 -1 1 3 4 2 1 -1 4 -1 2 1 3 2 1 3 4 2 1 3 4 2 1 3 4 2 1 3 4 2 1 3 4 2 1 3 4 value 1.0 1.0 0.0 0.0 3.0 1.0 0.0 0.0 0.0 0.0 0.0 0.0 3.0 1.0 0.0 0.0 0.0 0.0 0.0 0.0 0.0 0.0 0.0 0.0 0.0 0.0 0.0 0.0 0.0 0.0 0.0 0.0 0.0 0.0 0.0 0.0 0.0 0.0 0.0 0.0 
-3892.538330078125 4303.1279296875 -5250.2197265625 5898.2080078125 -144.41978454589844 1993.9451904296875 1534.8671875 -8669.7646484375 9794.8037109375 2688.14453125 4633.1650390625 -7175.65478515625 -3443.3857421875 1518.3739013671875 7844.853515625 -1563.0821533203125 -3844.043701171875 -4575.00927734375 -7233.08251953125 5581.7119140625 output 1 2 10 7 9 4 6 8 5 3 indices 2 -1 3 4 -1 1 3 4 2 1 -1 4 -1 9 1 2 -1 4 1 2 2 1 3 4 2 1 3 4 2 1 3 4 -1 5 1 2 2 1 3 4 value 0.0 0.0 0.0 0.0 0.0 0.0 0.0 0.0 0.0 0.0 0.0 0.0 3.0 1.0 0.0 0.0 3.0 1.0 0.0 0.0 0.0 0.0 0.0 0.0 0.0 0.0 0.0 0.0 0.0 0.0 0.0 0.0 1.0 1.0 0.0 0.0 0.0 0.0 0.0 0.0 
2036.279052734375 -8156.52099609375 -400.3874816894531 -784.7403564453125 388.6905822753906 -4945.69921875 -3374.996826171875 1661.0238037109375 1416.637451171875 1255.601806640625 -3934.220458984375 -8076.2255859375 5969.38134765625 5182.51318359375 2275.509765625 7129.15087890625 5036.451171875 2178.499267578125 -9413.3447265625 4556.3974609375 output 8 7 9 5 2 3 1 6 10 4 indices 2 -1 3 4 8 -1 1 3 2 1 -1 4 2 1 3 -1 2 1 3 4 -1 2 1 3 2 1 3 4 -1 6 1 2 2 1 3 4 2 1 3 4 value 0.0 0.0 0.0 0.0 1.0 1.0 0.0 0.0 0.0 0.0 0.0 0.0 0.0 0.0 0.0 0.0 0.0 0.0 0.0 0.0 3.0 1.0 0.0 0.0 0.0 0.0 0.0 0.0 3.0 1.0 0.0 0.0 0.0 0.0 0.0 0.0 0.0 0.0 0.0 0.0 
-3338.983154296875 539.276123046875 5909.8330078125 8676.8427734375 -1821.588623046875 -6515.501953125 4817.08642578125 1774.7962646484375 -361.45135498046875 155.8961181640625 3117.6982421875 -1873.6712646484375 -5278.21435546875 -663.3259887695312 -71.11476135253906 -7497.60546875 -1388.716064453125 7832.29296875 -1584.5494384765625 -2428.999755859375 output 9 2 4 6 8 3 10 7 1 5 indices 2 -1 3 4 -1 8 1 3 2 1 -1 4 2 1 3 -1 -1 2 1 3 2 1 3 4 2 1 3 4 -1 5 1 2 2 1 3 4 2 1 3 4 value 0.0 0.0 0.0 0.0 3.0 1.0 0.0 0.0 0.0 0.0 0.0 0.0 0.0 0.0 0.0 0.0 1.0 1.0 0.0 0.0 0.0 0.0 0.0 0.0 0.0 0.0 0.0 0.0 3.0 1.0 0.0 0.0 0.0 0.0 0.0 0.0 0.0 0.0 0.0 0.0 
-2824.81494140625 3369.427978515625 2803.228759765625 -6913.22265625 -9413.083984375 -5839.7705078125 -2994.27294921875 5105.39208984375 -3772.576416015625 -2282.349853515625 -4889.6640625 -6209.17919921875 8827.3779296875 5611.43798828125 3966.1533203125 4952.59814453125 1936.852783203125 -5890.15478515625 6360.7998046875 8095.8203125 output 2 9 6 3 5 1 4 8 10 7 indices 2 -1 3 4 -1 5 1 3 2 1 -1 4 2 1 3 -1 10 -1 1 2 2 1 3 4 2 1 3 4 2 1 3 4 2 1 3 4 -1 2 1 3 value 0.0 0.0 0.0 0.0 3.0 1.0 0.0 0.0 0.0 0.0 0.0 0.0 0.0 0.0 0.0 0.0 1.0 1.0 0.0 0.0 0.0 0.0 0.0 0.0 0.0 0.0 0.0 0.0 0.0 0.0 0.0 0.0 0.0 0.0 0.0 0.0 3.0 1.0 0.0 0.0 
-6619.17529296875 -3099.22705078125 -4106.5283203125 -358.9535217285156 -2879.780029296875 -2272.150390625 7568.107421875 -396.1575622558594 2810.186279296875 2581.02099609375 -4086.6953125 -11717.4404296875 3564.06005859375 -496.7240905761719 6467.30419921875 5851.24365234375 -482.72021484375 2830.266845703125 -2234.759033203125 7078.12109375 output 1 3 2 10 9 5 8 4 7 6 indices 2 -1 3 4 -1 1 3 4 8 -1 1 2 2 1 3 -1 2 1 3 4 -1 3 1 2 2 1 3 4 -1 6 1 2 2 1 3 4 2 1 3 4 value 0.0 0.0 0.0 0.0 0.0 0.0 0.0 0.0 1.0 1.0 0.0 0.0 0.0 0.0 0.0 0.0 0.0 0.0 0.0 0.0 3.0 1.0 0.0 0.0 0.0 0.0 0.0 0.0 3.0 1.0 0.0 0.0 0.0 0.0 0.0 0.0 0.0 0.0 0.0 0.0 
7300.8134765625 7363.01416015625 8385.3662109375 2928.81103515625 -9693.8994140625 -729.0695190429688 1180.509765625 346.16229248046875 -4765.1318359375 -6040.17431640625 -5020.5400390625 8778.28515625 5038.07421875 -2533.737548828125 5031.3857421875 1894.88671875 2355.850341796875 -7659.00537109375 -9812.4296875 -4349.17236328125 output 8 2 1 6 3 10 5 9 7 4 indices -1 9 2 3 -1 1 3 4 2 1 -1 4 2 1 3 -1 -1 1 2 3 2 1 3 4 2 1 3 4 2 1 3 4 -1 5 1 2 2 1 3 4 value 3.0 1.0 0.0 0.0 0.0 0.0 0.0 0.0 0.0 0.0 0.0 0.0 0.0 0.0 0.0 0.0 1.0 1.0 0.0 0.0 0.0 0.0 0.0 0.0 0.0 0.0 0.0 0.0 0.0 0.0 0.0 0.0 3.0 1.0 0.0 0.0 0.0 0.0 0.0 0.0 
2107.889404296875 -1699.246337890625 7658.658203125 5489.33984375 793.2174072265625 2731.3212890625 -3989.240966796875 1186.4766845703125 -77.25483703613281 2224.754638671875 6310.521484375 2701.432373046875 -8119.39990234375 2326.820556640625 -3313.406494140625 -3538.052734375 -9451.5751953125 -8865.7197265625 8080.59130859375 -2557.126220703125 output 7 4 5 3 2 6 10 1 8 9 indices 2 -1 3 4 -1 9 1 3 2 1 -1 4 2 1 3 -1 2 1 3 4 2 1 3 4 2 1 3 4 -1 2 1 3 -1 8 1 2 2 1 3 4 value 0.0 0.0 0.0 0.0 3.0 1.0 0.0 0.0 0.0 0.0 0.0 0.0 0.0 0.0 0.0 0.0 0.0 0.0 0.0 0.0 0.0 0.0 0.0 0.0 0.0 0.0 0.0 0.0 1.0 1.0 0.0 0.0 3.0 1.0 0.0 0.0 0.0 0.0 0.0 0.0 
-5689.21484375 -444.6563415527344 -690.068603515625 8210.4814453125 -5782.45166015625 5732.7451171875 -4652.53857421875 -6354.2255859375 96.52112579345703 1832.739990234375 3459.54150390625 935.9192504882812 -4251.86669921875 -6124.71337890625 8511.9345703125 -6190.7919921875 359.5537414550781 -6980.5009765625 8638.58984375 9383.001953125 output 1 4 7 9 8 6 5 10 2 3 indices 2 -1 3 4 -1 1 3 4 2 1 -1 4 2 1 3 -1 2 1 3 4 2 1 3 4 10 -1 1 2 2 1 3 4 -1 7 1 2 -1 9 1 2 value 0.0 0.0 0.0 0.0 0.0 0.0 0.0 0.0 0.0 0.0 0.0 0.0 0.0 0.0 0.0 0.0 0.0 0.0 0.0 0.0 0.0 0.0 0.0 0.0 1.0 1.0 0.0 0.0 0.0 0.0 0.0 0.0 3.0 1.0 0.0 0.0 3.0 1.0 0.0 0.0 
2724.6943359375 -6154.6044921875 -7335.455078125 2311.230224609375 -7073.908203125 -3145.748046875 940.0716552734375 -961.92138671875 5206.1796875 -3826.06689453125 8638.8203125 3157.987060546875 -8277.4638671875 5900.8662109375 3470.703125 2816.64697265625 5764.6435546875 5568.34033203125 -4058.285400390625 -5666.7294921875 output 1 10 3 2 7 4 8 9 6 5 indices -1 4 2 3 -1 1 3 4 2 1 -1 4 9 -1 1 2 2 1 3 4 2 1 3 4 2 1 3 4 2 1 3 4 -1 1 2 3 2 1 3 4 value 3.0 1.0 0.0 0.0 0.0 0.0 0.0 0.0 0.0 0.0 0.0 0.0 1.0 1.0 0.0 0.0 0.0 0.0 0.0 0.0 0.0 0.0 0.0 0.0 0.0 0.0 0.0 0.0 0.0 0.0 0.0 0.0 3.0 1.0 0.0 0.0 0.0 0.0 0.0 0.0 
-3939.10888671875 -7547.4462890625 8402.3955078125 -6906.533203125 -7933.8251953125 9891.3984375 2643.43017578125 2350.2314453125 -2739.646240234375 5590.03125 4241.5986328125 -7984.1025390625 -2724.46044921875 9946.0595703125 -913.2183837890625 -3524.6826171875 2211.33544921875 5572.96337890625 751.499267578125 -7387.91943359375 output 9 7 3 5 8 1 10 6 2 4 indices 2 -1 3 4 -1 1 3 4 2 1 -1 4 2 1 3 -1 2 1 3 4 -1 8 1 2 -1 6 1 2 -1 7 1 2 2 1 3 4 2 1 3 4 value 0.0 0.0 0.0 0.0 0.0 0.0 0.0 0.0 0.0 0.0 0.0 0.0 0.0 0.0 0.0 0.0 0.0 0.0 0.0 0.0 3.0 1.0 0.0 0.0 3.0 1.0 0.0 0.0 1.0 1.0 0.0 0.0 0.0 0.0 0.0 0.0 0.0 0.0 0.0 0.0 
-10304.224609375 5082.962890625 1481.5308837890625 -364.03240966796875 -32.598052978515625 1566.4681396484375 5453.41455078125 -5686.8505859375 -7547.2109375 1742.1253662109375 -2489.817138671875 4197.55029296875 6913.09423828125 722.4085693359375 -7070.56591796875 963.431396484375 4789.46630859375 -10362.5185546875 8806.9111328125 2138.45458984375 output 1 6 3 2 7 10 4 9 8 5 indices 2 -1 3 4 10 -1 1 3 2 1 -1 4 2 1 3 -1 2 1 3 4 2 1 3 4 2 1 3 4 2 1 3 4 -1 2 1 3 -1 9 1 2 value 0.0 0.0 0.0 0.0 1.0 1.0 0.0 0.0 0.0 0.0 0.0 0.0 0.0 0.0 0.0 0.0 0.0 0.0 0.0 0.0 0.0 0.0 0.0 0.0 0.0 0.0 0.0 0.0 0.0 0.0 0.0 0.0 3.0 1.0 0.0 0.0 3.0 1.0 0.0 0.0 
-3287.022216796875 7351.14599609375 8127.63525390625 4177.63916015625 6397.642578125 -5414.09765625 -8310.38671875 -5420.4365234375 3968.60302734375 4766.337890625 -2591.5029296875 -7533.7822265625 -3930.716064453125 -4773.9189453125 4907.91259765625 4784.46923828125 -1696.9039306640625 -5148.70703125 -3585.261962890625 7211.349609375 output 8 5 1 10 4 7 6 9 3 2 indices 2 -1 3 4 -1 6 1 3 2 1 -1 4 2 1 3 -1 2 1 3 4 -1 9 1 2 2 1 3 4 2 1 3 4 -1 2 1 3 2 1 3 4 value 0.0 0.0 0.0 0.0 3.0 1.0 0.0 0.0 0.0 0.0 0.0 0.0 0.0 0.0 0.0 0.0 0.0 0.0 0.0 0.0 3.0 1.0 0.0 0.0 0.0 0.0 0.0 0.0 0.0 0.0 0.0 0.0 1.0 1.0 0.0 0.0 0.0 0.0 0.0 0.0 
-6782.05419921875 -3591.251220703125 -5825.05712890625 8942.685546875 -756.7232055664062 -7917.92333984375 4496.69287109375 7488.966796875 398.4111022949219 -4132.93994140625 3612.405517578125 -338.26763916015625 6486.693359375 297.1194763183594 -2759.7216796875 87.69719696044922 -1560.9439697265625 5769.98046875 2690.297607421875 -6606.06787109375 output 1 3 10 5 6 7 4 9 2 8 indices 2 -1 3 4 -1 1 3 4 -1 8 1 2 -1 3 1 2 2 1 3 4 2 1 3 4 2 1 3 4 -1 4 1 2 2 1 3 4 2 1 3 4 value 0.0 0.0 0.0 0.0 0.0 0.0 0.0 0.0 3.0 1.0 0.0 0.0 3.0 1.0 0.0 0.0 0.0 0.0 0.0 0.0 0.0 0.0 0.0 0.0 0.0 0.0 0.0 0.0 1.0 1.0 0.0 0.0 0.0 0.0 0.0 0.0 0.0 0.0 0.0 0.0 
6618.53271484375 2002.0230712890625 -6560.91552734375 -5423.5556640625 -4431.15869140625 2291.5703125 3223.98486328125 -10461.916015625 2299.39599609375 6933.14599609375 -5252.11083984375 6271.4375 76.88771057128906 9300.4765625 4639.6669921875 -7029.27880859375 -8093.0966796875 5266.1328125 7478.81298828125 -9150.03515625 output 4 10 8 1 5 7 6 9 3 2 indices 2 -1 3 4 7 -1 1 3 2 1 -1 4 -1 2 1 3 2 1 3 4 2 1 3 4 -1 4 1 2 2 1 3 4 2 1 3 4 2 1 3 4 value 0.0 0.0 0.0 0.0 1.0 1.0 0.0 0.0 0.0 0.0 0.0 0.0 3.0 1.0 0.0 0.0 0.0 0.0 0.0 0.0 0.0 0.0 0.0 0.0 3.0 1.0 0.0 0.0 0.0 0.0 0.0 0.0 0.0 0.0 0.0 0.0 0.0 0.0 0.0 0.0 
-7409.19677734375 4658.8173828125 -6932.5380859375 -6532.4072265625 577.908203125 2581.821533203125 -2150.817626953125 -3789.633056640625 3055.41796875 1032.3499755859375 4464.27587890625 1519.728515625 7920.08740234375 -5305.3974609375 3121.593017578125 -1991.154296875 -2873.85888671875 8576.275390625 227.1295166015625 -750.4007568359375 output 1 9 3 5 6 7 8 10 4 2 indices 2 -1 3 4 -1 10 1 3 2 1 -1 4 2 1 3 -1 2 1 3 4 2 1 3 4 2 1 3 4 2 1 3 4 -1 2 1 3 -1 9 1 2 value 0.0 0.0 0.0 0.0 3.0 1.0 0.0 0.0 0.0 0.0 0.0 0.0 0.0 0.0 0.0 0.0 0.0 0.0 0.0 0.0 0.0 0.0 0.0 0.0 0.0 0.0 0.0 0.0 0.0 0.0 0.0 0.0 3.0 1.0 0.0 0.0 1.0 1.0 0.0 0.0 
-9253.546875 -1278.025146484375 1490.2032470703125 -12290.6201171875 8303.388671875 7316.7802734375 -2627.2021484375 -10307.0625 -8981.0693359375 4408.15380859375 366.24468994140625 967.3163452148438 515.2530517578125 5208.84423828125 -5104.125 -1632.62060546875 6303.7216796875 2124.86376953125 8987.1318359375 5482.3701171875 output 1 5 7 3 10 9 6 2 4 8 indices 2 -1 3 4 -1 8 1 3 -1 2 1 4 2 1 3 -1 2 1 3 4 2 1 3 4 2 1 3 4 -1 3 1 2 2 1 3 4 2 1 3 4 value 0.0 0.0 0.0 0.0 3.0 1.0 0.0 0.0 3.0 1.0 0.0 0.0 0.0 0.0 0.0 0.0 0.0 0.0 0.0 0.0 0.0 0.0 0.0 0.0 0.0 0.0 0.0 0.0 1.0 1.0 0.0 0.0 0.0 0.0 0.0 0.0 0.0 0.0 0.0 0.0 
3744.9833984375 1586.417236328125 927.8050537109375 -2506.339599609375 4182.046875 3356.259521484375 7134.38330078125 2728.011474609375 600.519287109375 -1241.68017578125 -2801.491455078125 -822.8671875 -9640.4990234375 3591.47216796875 -4559.5576171875 -667.25927734375 5434.44384765625 -1808.6143798828125 -5022.63330078125 -4215.39990234375 output 1 3 4 9 2 10 7 8 6 5 indices 2 -1 3 4 -1 1 3 4 2 1 -1 4 -1 10 1 2 -1 4 1 2 2 1 3 4 2 1 3 4 2 1 3 4 2 1 3 4 -1 5 1 2 value 0.0 0.0 0.0 0.0 0.0 0.0 0.0 0.0 0.0 0.0 0.0 0.0 3.0 1.0 0.0 0.0 1.0 1.0 0.0 0.0 0.0 0.0 0.0 0.0 0.0 0.0 0.0 0.0 0.0 0.0 0.0 0.0 0.0 0.0 0.0 0.0 3.0 1.0 0.0 0.0 
6969.5419921875 5813.52001953125 -8782.07421875 -6964.884765625 -2395.305419921875 -837.8363647460938 977.530517578125 -5899.4326171875 6699.14208984375 -7868.5498046875 5515.89697265625 6769.40478515625 -5708.0400390625 1664.7452392578125 -9581.5078125 -7450.92138671875 8477.478515625 6213.9892578125 -2172.662353515625 8559.9658203125 output 10 6 1 9 5 4 8 2 3 7 indices 2 -1 3 4 -1 1 3 4 9 -1 1 2 2 1 3 -1 2 1 3 4 2 1 3 4 2 1 3 4 -1 3 1 2 -1 8 1 2 2 1 3 4 value 0.0 0.0 0.0 0.0 0.0 0.0 0.0 0.0 1.0 1.0 0.0 0.0 0.0 0.0 0.0 0.0 0.0 0.0 0.0 0.0 0.0 0.0 0.0 0.0 0.0 0.0 0.0 0.0 3.0 1.0 0.0 0.0 3.0 1.0 0.0 0.0 0.0 0.0 0.0 0.0 
-5104.40625 -7071.96533203125 6414.681640625 3924.835205078125 9974.5791015625 6316.9453125 -3929.9482421875 -6747.18896484375 -9607.9248046875 -4710.08740234375 856.6945190429688 7216.9228515625 -4015.055419921875 -3892.84326171875 5558.69482421875 1124.291015625 -2594.50830078125 8261.599609375 2447.193115234375 -4422.5087890625 output 1 4 7 10 8 2 3 6 9 5 indices -1 7 2 3 -1 1 3 4 -1 1 2 4 2 1 3 -1 2 1 3 4 2 1 3 4 -1 3 1 2 2 1 3 4 2 1 3 4 2 1 3 4 value 3.0 1.0 0.0 0.0 0.0 0.0 0.0 0.0 3.0 1.0 0.0 0.0 0.0 0.0 0.0 0.0 0.0 0.0 0.0 0.0 0.0 0.0 0.0 0.0 1.0 1.0 0.0 0.0 0.0 0.0 0.0 0.0 0.0 0.0 0.0 0.0 0.0 0.0 0.0 0.0 
5928.578125 9623.3837890625 5320.33349609375 4177.20263671875 -3953.519775390625 4812.32421875 -6838.79736328125 -3514.15576171875 9139.2431640625 -9209.537109375 -3480.7548828125 -6266.0439453125 -2195.71533203125 9263.681640625 -6175.654296875 -1787.4263916015625 10071.115234375 -5416.4140625 -7814.82861328125 -1683.0152587890625 output 10 8 3 7 1 2 9 5 6 4 indices -1 5 2 3 -1 1 3 4 2 1 -1 4 2 1 3 -1 -1 6 1 2 -1 1 2 3 2 1 3 4 2 1 3 4 2 1 3 4 2 1 3 4 value 3.0 1.0 0.0 0.0 0.0 0.0 0.0 0.0 0.0 0.0 0.0 0.0 0.0 0.0 0.0 0.0 3.0 1.0 0.0 0.0 1.0 1.0 0.0 0.0 0.0 0.0 0.0 0.0 0.0 0.0 0.0 0.0 0.0 0.0 0.0 0.0 0.0 0.0 0.0 0.0 
7037.0693359375 -6042.17724609375 9412.1025390625 3532.18603515625 1511.397705078125 -3540.93212890625 -9834.3740234375 -5770.21142578125 4356.0859375 3831.94580078125 -486.8649597167969 -1441.4642333984375 -9589.82421875 -1148.0909423828125 8431.4140625 -372.50115966796875 -2102.588623046875 3903.326171875 -8734.41796875 7047.9189453125 output 7 4 6 3 1 8 2 5 9 10 indices 2 -1 3 4 -1 4 1 3 2 1 -1 4 -1 6 1 2 2 1 3 4 -1 2 1 3 2 1 3 4 2 1 3 4 2 1 3 4 2 1 3 4 value 0.0 0.0 0.0 0.0 3.0 1.0 0.0 0.0 0.0 0.0 0.0 0.0 3.0 1.0 0.0 0.0 0.0 0.0 0.0 0.0 1.0 1.0 0.0 0.0 0.0 0.0 0.0 0.0 0.0 0.0 0.0 0.0 0.0 0.0 0.0 0.0 0.0 0.0 0.0 0.0 
6805.56689453125 4977.24072265625 8656.0390625 30.84572410583496 1348.9788818359375 5234.0537109375 2343.48095703125 -6721.21826171875 -1819.448974609375 -8235.8515625 1084.403076171875 -989.4684448242188 -6131.84326171875 -4979.9033203125 -8929.6328125 -1468.6895751953125 -6928.21728515625 6548.69677734375 3570.673583984375 5604.29345703125 output 4 5 7 8 9 3 10 1 2 6 indices -1 5 2 3 -1 1 3 4 2 1 -1 4 2 1 3 -1 -1 6 1 2 -1 1 2 3 2 1 3 4 2 1 3 4 2 1 3 4 2 1 3 4 value 3.0 1.0 0.0 0.0 0.0 0.0 0.0 0.0 0.0 0.0 0.0 0.0 0.0 0.0 0.0 0.0 3.0 1.0 0.0 0.0 1.0 1.0 0.0 0.0 0.0 0.0 0.0 0.0 0.0 0.0 0.0 0.0 0.0 0.0 0.0 0.0 0.0 0.0 0.0 0.0 
8306.140625 -7070.12939453125 -9747.564453125 8122.26123046875 5573.97412109375 -7473.919921875 -9544.16796875 -7160.8779296875 -1050.7587890625 3281.59716796875 6859.06005859375 8790.2275390625 -5473.42333984375 7047.2744140625 -9280.4365234375 3970.021728515625 7962.1943359375 -5598.3974609375 6394.982421875 -3908.057373046875 output 1 3 4 8 2 7 5 6 10 9 indices 2 -1 3 4 -1 1 3 4 2 1 -1 4 -1 6 1 2 2 1 3 4 -1 4 1 2 2 1 3 4 2 1 3 4 2 1 3 4 2 1 3 4 value 0.0 0.0 0.0 0.0 0.0 0.0 0.0 0.0 0.0 0.0 0.0 0.0 5.0 1.0 0.0 0.0 0.0 0.0 0.0 0.0 3.0 1.0 0.0 0.0 0.0 0.0 0.0 0.0 0.0 0.0 0.0 0.0 0.0 0.0 0.0 0.0 0.0 0.0 0.0 0.0 
-3527.6318359375 -1760.4759521484375 5862.486328125 9505.869140625 483.99798583984375 -9260.8603515625 7534.15234375 408.28631591796875 4677.10791015625 -4697.10107421875 5273.2431640625 -3052.314208984375 -4753.228515625 1313.355712890625 -9097.546875 7466.12841796875 -2306.66357421875 -3964.137451171875 -4145.916015625 4041.24853515625 output 8 10 7 1 9 3 5 6 4 2 indices 2 -1 3 4 -1 3 1 4 -1 9 1 2 2 1 3 -1 2 1 3 4 2 1 3 4 2 1 3 4 2 1 3 4 -1 2 1 3 2 1 3 4 value 0.0 0.0 0.0 0.0 3.0 1.0 0.0 0.0 3.0 1.0 0.0 0.0 0.0 0.0 0.0 0.0 0.0 0.0 0.0 0.0 0.0 0.0 0.0 0.0 0.0 0.0 0.0 0.0 0.0 0.0 0.0 0.0 1.0 1.0 0.0 0.0 0.0 0.0 0.0 0.0 
-2299.919189453125 5908.7587890625 1752.5965576171875 -9285.0263671875 -2784.865234375 -2681.146240234375 -5949.21875 5851.755859375 5179.5595703125 9699.14453125 2652.364013671875 399.9227600097656 5405.86279296875 6827.7001953125 -7289.927734375 -3653.251220703125 1959.5321044921875 -9497.5859375 1374.0164794921875 -3570.2724609375 output 7 5 1 4 8 3 2 9 10 6 indices 2 -1 3 4 -1 1 3 4 5 -1 1 2 2 1 3 -1 -1 9 1 2 2 1 3 4 2 1 3 4 2 1 3 4 -1 3 1 2 2 1 3 4 value 0.0 0.0 0.0 0.0 0.0 0.0 0.0 0.0 1.0 1.0 0.0 0.0 0.0 0.0 0.0 0.0 3.0 1.0 0.0 0.0 0.0 0.0 0.0 0.0 0.0 0.0 0.0 0.0 0.0 0.0 0.0 0.0 3.0 1.0 0.0 0.0 0.0 0.0 0.0 0.0 
-5096.46875 -7098.66748046875 637.4772338867188 -4185.73974609375 43.643585205078125 1836.344970703125 6443.34765625 3681.6435546875 -5107.44189453125 -6911.4931640625 -2811.102783203125 3105.640625 6827.37451171875 6705.29345703125 -789.35205078125 5840.41357421875 -3136.227294921875 -8866.8525390625 2988.74951171875 5893.4169921875 output 1 5 6 8 10 7 4 3 2 9 indices 2 -1 3 4 -1 1 3 4 2 1 -1 4 2 1 3 -1 7 -1 1 2 2 1 3 4 -1 9 1 2 2 1 3 4 -1 5 1 2 2 1 3 4 value 0.0 0.0 0.0 0.0 0.0 0.0 0.0 0.0 0.0 0.0 0.0 0.0 0.0 0.0 0.0 0.0 1.0 1.0 0.0 0.0 0.0 0.0 0.0 0.0 3.0 1.0 0.0 0.0 0.0 0.0 0.0 0.0 3.0 1.0 0.0 0.0 0.0 0.0 0.0 0.0 
-3009.075439453125 -6159.84912109375 -1669.639404296875 -485.75433349609375 1600.7105712890625 4328.240234375 5454.1904296875 10674.3125 7926.033203125 -4394.70068359375 2256.336181640625 -8.390938758850098 -6605.9599609375 4875.3681640625 -5117.08056640625 -5455.86669921875 5992.22314453125 -1476.2236328125 -6827.73828125 -1897.1351318359375 output 1 8 10 7 3 4 5 9 6 2 indices -1 2 3 4 4 -1 1 3 2 1 -1 4 -1 1 2 3 2 1 3 4 2 1 3 4 2 1 3 4 2 1 3 4 2 1 3 4 2 1 3 4 value 3.0 1.0 0.0 0.0 1.0 1.0 0.0 0.0 0.0 0.0 0.0 0.0 3.0 1.0 0.0 0.0 0.0 0.0 0.0 0.0 0.0 0.0 0.0 0.0 0.0 0.0 0.0 0.0 0.0 0.0 0.0 0.0 0.0 0.0 0.0 0.0 0.0 0.0 0.0 0.0 
5676.27099609375 -2174.711181640625 -632.2982177734375 3449.679443359375 2263.8349609375 5926.0751953125 1650.145751953125 1462.78369140625 3505.8046875 -1916.8026123046875 -5068.51318359375 623.5882568359375 -8998.2451171875 626.9783325195312 226.0277099609375 -6166.505859375 -2907.657470703125 -7046.78369140625 4284.62939453125 5215.69873046875 output 1 5 4 10 3 2 6 7 9 8 indices 2 -1 3 4 -1 1 3 4 2 1 -1 4 2 1 3 -1 2 1 3 4 2 1 3 4 2 1 3 4 2 1 3 4 -1 10 1 2 -1 9 1 2 value 0.0 0.0 0.0 0.0 0.0 0.0 0.0 0.0 0.0 0.0 0.0 0.0 0.0 0.0 0.0 0.0 0.0 0.0 0.0 0.0 0.0 0.0 0.0 0.0 0.0 0.0 0.0 0.0 0.0 0.0 0.0 0.0 5.0 1.0 0.0 0.0 3.0 1.0 0.0 0.0 
5360.642578125 5609.0771484375 2990.1005859375 3620.600341796875 -7096.642578125 6581.87353515625 5362.77685546875 -2027.9295654296875 -1139.3001708984375 4680.85205078125 521.708984375 -2084.599365234375 6571.79736328125 137.56031799316406 -9971.771484375 -9249.5283203125 -558.0917358398438 -6512.3095703125 -2041.220458984375 -755.5972290039062 output 5 2 1 7 4 6 10 9 8 3 indices -1 8 2 3 -1 1 3 4 2 1 -1 4 2 1 3 -1 2 1 3 4 2 1 3 4 2 1 3 4 -1 10 1 2 2 1 3 4 -1 1 2 3 value 3.0 1.0 0.0 0.0 0.0 0.0 0.0 0.0 0.0 0.0 0.0 0.0 0.0 0.0 0.0 0.0 0.0 0.0 0.0 0.0 0.0 0.0 0.0 0.0 0.0 0.0 0.0 0.0 3.0 1.0 0.0 0.0 0.0 0.0 0.0 0.0 1.0 1.0 0.0 0.0 
3955.630615234375 -2919.487060546875 3603.62646484375 -2086.10888671875 -802.5339965820312 -928.0265502929688 3251.194580078125 3130.07958984375 3997.053955078125 -5514.19921875 467.6604309082031 4374.14453125 -9606.0009765625 6817.59814453125 -425.16827392578125 -2776.36767578125 -1614.91064453125 -4530.39404296875 -2826.552001953125 4432.76123046875 output 1 5 9 8 3 7 10 6 4 2 indices 2 -1 3 4 -1 1 3 4 6 -1 1 2 5 -1 1 2 -1 3 1 2 -1 4 1 2 2 1 3 4 2 1 3 4 2 1 3 4 2 1 3 4 value 0.0 0.0 0.0 0.0 0.0 0.0 0.0 0.0 1.0 1.0 0.0 0.0 1.0 1.0 0.0 0.0 3.0 1.0 0.0 0.0 1.0 1.0 0.0 0.0 0.0 0.0 0.0 0.0 0.0 0.0 0.0 0.0 0.0 0.0 0.0 0.0 0.0 0.0 0.0 0.0 
-2341.20556640625 -3126.980224609375 2030.6981201171875 4370.6845703125 -5797.22802734375 1120.9595947265625 1206.07177734375 1478.6900634765625 -4206.10205078125 -10277.857421875 -4856.19580078125 7216.34423828125 8423.4453125 -9200.232421875 -1408.4449462890625 6416.193359375 10095.9736328125 573.3622436523438 -3147.012451171875 1428.8360595703125 output 4 2 8 6 3 10 1 5 7 9 indices 8 -1 2 3 -1 1 3 4 2 1 -1 4 2 1 3 -1 -1 1 2 3 2 1 3 4 2 1 3 4 -1 9 1 2 5 3 1 2 2 1 3 4 value 1.0 1.0 0.0 0.0 0.0 0.0 0.0 0.0 0.0 0.0 0.0 0.0 0.0 0.0 0.0 0.0 3.0 1.0 0.0 0.0 0.0 0.0 0.0 0.0 0.0 0.0 0.0 0.0 2.0 1.0 0.0 0.0 1.0 0.0 0.0 0.0 0.0 0.0 0.0 0.0 
-3559.961181640625 -9228.7529296875 1057.8035888671875 6047.5361328125 -4060.9140625 533.8271484375 -840.169677734375 5421.2666015625 595.0333862304688 3479.25146484375 -2814.64599609375 5345.3779296875 3195.0556640625 -6136.9873046875 -2465.81591796875 -6258.90625 4577.10986328125 -7333.88720703125 4316.50439453125 8131.27490234375 output 10 2 4 6 3 8 1 9 7 5 indices -1 8 2 3 -1 1 3 4 2 1 -1 4 2 1 3 -1 2 1 3 4 2 1 3 4 2 1 3 4 10 -1 1 2 2 1 3 4 -1 1 2 3 value 3.0 1.0 0.0 0.0 0.0 0.0 0.0 0.0 0.0 0.0 0.0 0.0 0.0 0.0 0.0 0.0 0.0 0.0 0.0 0.0 0.0 0.0 0.0 0.0 0.0 0.0 0.0 0.0 1.0 1.0 0.0 0.0 0.0 0.0 0.0 0.0 3.0 1.0 0.0 0.0 
-8845.5078125 4429.62060546875 -8451.716796875 5749.78076171875 6494.78515625 3134.4677734375 4030.38525390625 268.7478942871094 4048.30078125 -6024.22314453125 -196.52601623535156 -3221.356689453125 2339.8427734375 -32.680118560791016 3492.05712890625 3212.45166015625 -8996.734375 227.48130798339844 6085.11376953125 -7744.28955078125 output 4 3 8 2 1 9 6 5 10 7 indices 2 -1 3 4 -1 1 3 4 -1 10 1 2 2 1 3 -1 2 1 3 4 -1 3 1 2 2 1 3 4 2 1 3 4 2 1 3 4 -1 6 1 2 value 0.0 0.0 0.0 0.0 0.0 0.0 0.0 0.0 3.0 1.0 0.0 0.0 0.0 0.0 0.0 0.0 0.0 0.0 0.0 0.0 1.0 1.0 0.0 0.0 0.0 0.0 0.0 0.0 0.0 0.0 0.0 0.0 0.0 0.0 0.0 0.0 3.0 1.0 0.0 0.0 
7574.302734375 -5339.10693359375 4993.39013671875 -202.7428741455078 5695.8046875 -424.37860107421875 -2398.485595703125 -9217.875 -7587.841796875 562.0402221679688 -2376.440673828125 3259.52197265625 -9031.8037109375 8248.021484375 5175.60693359375 144.5165557861328 6683.720703125 -2151.13232421875 -8728.2529296875 5121.134765625 output 1 9 3 2 8 6 7 10 5 4 indices 2 -1 3 4 -1 1 3 4 2 1 -1 4 -1 7 1 2 2 1 3 4 2 1 3 4 -1 4 1 2 2 1 3 4 2 1 3 4 2 1 3 4 value 0.0 0.0 0.0 0.0 0.0 0.0 0.0 0.0 0.0 0.0 0.0 0.0 5.0 1.0 0.0 0.0 0.0 0.0 0.0 0.0 0.0 0.0 0.0 0.0 3.0 1.0 0.0 0.0 0.0 0.0 0.0 0.0 0.0 0.0 0.0 0.0 0.0 0.0 0.0 0.0 
-6758.24462890625 6335.8720703125 4582.90771484375 -560.181884765625 -2270.384521484375 -1476.612060546875 -6353.56298828125 7473.9267578125 4595.41650390625 7284.08642578125 -3270.625244140625 1425.3079833984375 -1778.4832763671875 -6691.06640625 8537.287109375 -3606.00048828125 2670.31005859375 -3670.939453125 45.379676818847656 -6514.39306640625 output 8 2 5 4 1 6 3 7 10 9 indices 2 -1 3 4 -1 1 3 4 5 -1 1 2 2 1 3 -1 -1 7 1 2 2 1 3 4 -1 3 1 2 2 1 3 4 2 1 3 4 2 1 3 4 value 0.0 0.0 0.0 0.0 0.0 0.0 0.0 0.0 1.0 1.0 0.0 0.0 0.0 0.0 0.0 0.0 3.0 1.0 0.0 0.0 0.0 0.0 0.0 0.0 3.0 1.0 0.0 0.0 0.0 0.0 0.0 0.0 0.0 0.0 0.0 0.0 0.0 0.0 0.0 0.0 
-519.061767578125 -1414.7537841796875 -5001.9609375 1510.907470703125 4085.98486328125 -4508.75537109375 -10637.6396484375 3982.837890625 6139.20947265625 -2241.097900390625 3754.2373046875 6822.3642578125 6212.0986328125 -8226.201171875 -3893.51904296875 9952.2626953125 -1483.337158203125 -3007.297119140625 1343.9881591796875 -2870.2666015625 output 2 9 1 10 3 7 5 6 8 4 indices 8 -1 2 3 -1 1 3 4 2 1 -1 4 2 1 3 -1 2 1 3 4 7 -1 1 2 -1 1 2 3 -1 6 1 2 2 1 3 4 2 1 3 4 value 1.0 1.0 0.0 0.0 0.0 0.0 0.0 0.0 0.0 0.0 0.0 0.0 0.0 0.0 0.0 0.0 0.0 0.0 0.0 0.0 1.0 1.0 0.0 0.0 3.0 1.0 0.0 0.0 1.0 1.0 0.0 0.0 0.0 0.0 0.0 0.0 0.0 0.0 0.0 0.0 
2879.416748046875 -6004.70458984375 7145.39111328125 -4009.11962890625 2657.988525390625 -6371.60205078125 -11176.8046875 -7919.79345703125 -3969.317138671875 -1695.9283447265625 -9746.3779296875 8909.4521484375 6109.78564453125 7594.27392578125 7725.603515625 5872.65966796875 -2728.70703125 4949.904296875 1103.022216796875 -1325.1422119140625 output 5 10 3 1 2 8 7 9 6 4 indices 2 -1 3 4 -1 1 3 4 2 1 -1 4 -1 10 1 2 2 1 3 4 2 1 3 4 -1 4 1 2 2 1 3 4 2 1 3 4 -1 7 1 2 value 0.0 0.0 0.0 0.0 0.0 0.0 0.0 0.0 0.0 0.0 0.0 0.0 3.0 1.0 0.0 0.0 0.0 0.0 0.0 0.0 0.0 0.0 0.0 0.0 3.0 1.0 0.0 0.0 0.0 0.0 0.0 0.0 0.0 0.0 0.0 0.0 1.0 1.0 0.0 0.0 
-4614.01025390625 -779.9114990234375 5776.64794921875 2872.348388671875 -1282.1904296875 -1201.221435546875 -617.769775390625 6689.767578125 5278.19384765625 -5132.6005859375 2932.943359375 -2281.1845703125 6804.94189453125 -5820.17626953125 -1384.62841796875 972.3086547851562 -4573.20166015625 311.9998474121094 -8320.9267578125 4368.669921875 output 10 9 1 8 3 6 5 7 2 4 indices 2 -1 3 4 -1 1 3 4 4 -1 1 2 -1 7 1 2 2 1 3 4 2 1 3 4 -1 3 1 2 2 1 3 4 2 1 3 4 2 1 3 4 value 0.0 0.0 0.0 0.0 0.0 0.0 0.0 0.0 1.0 1.0 0.0 0.0 3.0 1.0 0.0 0.0 0.0 0.0 0.0 0.0 0.0 0.0 0.0 0.0 3.0 1.0 0.0 0.0 0.0 0.0 0.0 0.0 0.0 0.0 0.0 0.0 0.0 0.0 0.0 0.0 
259.0335388183594 -1850.7783203125 10189.1376953125 -6103.9716796875 -3862.552734375 7761.79541015625 8380.0556640625 -906.1041870117188 -4506.48291015625 -3488.724853515625 -5405.78173828125 8918.3505859375 -3121.69921875 6361.70703125 6754.1044921875 -2310.088134765625 -3562.04248046875 -7454.3896484375 -5123.7724609375 -927.7967529296875 output 1 8 4 2 9 5 10 6 3 7 indices 6 -1 2 3 -1 1 3 4 2 1 -1 4 2 1 3 -1 2 1 3 4 -1 9 1 2 2 1 3 4 2 1 3 4 -1 1 2 3 2 1 3 4 value 1.0 1.0 0.0 0.0 0.0 0.0 0.0 0.0 0.0 0.0 0.0 0.0 0.0 0.0 0.0 0.0 0.0 0.0 0.0 0.0 3.0 1.0 0.0 0.0 0.0 0.0 0.0 0.0 0.0 0.0 0.0 0.0 3.0 1.0 0.0 0.0 0.0 0.0 0.0 0.0 
5781.48681640625 -4825.74755859375 -5743.19287109375 -5025.982421875 4682.369140625 1364.224365234375 2217.7392578125 8725.6943359375 7715.5439453125 -6767.875 1694.1611328125 -2731.696533203125 -9056.5966796875 6896.14013671875 -8717.53515625 1814.50830078125 6271.009765625 9175.7529296875 -4844.986328125 -8625.0185546875 output 1 5 3 9 4 7 8 2 10 6 indices 2 -1 3 4 -1 1 3 4 2 1 -1 4 2 1 3 -1 2 1 3 4 9 -1 1 2 2 1 3 4 2 1 3 4 -1 10 1 2 -1 6 1 2 value 0.0 0.0 0.0 0.0 0.0 0.0 0.0 0.0 0.0 0.0 0.0 0.0 0.0 0.0 0.0 0.0 0.0 0.0 0.0 0.0 1.0 1.0 0.0 0.0 0.0 0.0 0.0 0.0 0.0 0.0 0.0 0.0 3.0 1.0 0.0 0.0 3.0 1.0 0.0 0.0 
-3594.990234375 1019.3389892578125 -901.50244140625 10052.1044921875 8617.8779296875 -5520.2802734375 979.9624633789062 -8589.1806640625 -5613.77099609375 -3691.718505859375 -1134.8392333984375 -194.78839111328125 -4782.2900390625 9216.3115234375 -5607.87060546875 -7725.8349609375 10080.673828125 1742.298095703125 1956.749755859375 3691.749755859375 output 3 9 10 2 7 1 6 5 8 4 indices 2 -1 3 4 -1 4 1 3 2 1 -1 4 -1 6 1 2 2 1 3 4 -1 2 1 3 2 1 3 4 2 1 3 4 2 1 3 4 2 1 3 4 value 0.0 0.0 0.0 0.0 3.0 1.0 0.0 0.0 0.0 0.0 0.0 0.0 3.0 1.0 0.0 0.0 0.0 0.0 0.0 0.0 1.0 1.0 0.0 0.0 0.0 0.0 0.0 0.0 0.0 0.0 0.0 0.0 0.0 0.0 0.0 0.0 0.0 0.0 0.0 0.0 
1886.5367431640625 -2117.3203125 1548.2506103515625 -5472.40771484375 988.935791015625 -1541.981201171875 -2699.16357421875 5861.32177734375 3505.725341796875 -5133.5810546875 960.9647827148438 11222.765625 -2647.551513671875 2923.66162109375 -4793.97509765625 -7762.00244140625 -3563.415771484375 -129.60581970214844 4813.69287109375 2149.149658203125 output 6 4 7 9 8 2 5 1 3 10 indices 2 -1 3 4 -1 1 3 4 6 -1 1 2 2 1 3 -1 2 1 3 4 -1 8 1 2 2 1 3 4 -1 3 1 2 2 1 3 4 2 1 3 4 value 0.0 0.0 0.0 0.0 0.0 0.0 0.0 0.0 1.0 1.0 0.0 0.0 0.0 0.0 0.0 0.0 0.0 0.0 0.0 0.0 3.0 1.0 0.0 0.0 0.0 0.0 0.0 0.0 3.0 1.0 0.0 0.0 0.0 0.0 0.0 0.0 0.0 0.0 0.0 0.0 
-9825.78125 4122.37353515625 -729.9161987304688 2658.22314453125 -2388.0322265625 -8805.4404296875 6565.126953125 7274.61572265625 -3773.7080078125 -5947.75390625 -3958.06298828125 -4278.27099609375 9559.302734375 -3618.65966796875 6654.42333984375 3609.462158203125 3104.895263671875 -1316.065673828125 -5208.248046875 6301.51611328125 output 1 6 5 3 9 7 8 4 2 10 indices 2 -1 3 4 -1 1 3 4 -1 6 1 2 -1 3 1 2 2 1 3 4 -1 4 1 2 2 1 3 4 2 1 3 4 2 1 3 4 2 1 3 4 value 0.0 0.0 0.0 0.0 0.0 0.0 0.0 0.0 3.0 1.0 0.0 0.0 3.0 1.0 0.0 0.0 0.0 0.0 0.0 0.0 1.0 1.0 0.0 0.0 0.0 0.0 0.0 0.0 0.0 0.0 0.0 0.0 0.0 0.0 0.0 0.0 0.0 0.0 0.0 0.0 
6975.33447265625 -6693.2294921875 2689.835693359375 -477.80120849609375 -8963.517578125 -1122.7227783203125 -3824.2001953125 658.21142578125 -396.8932800292969 -7563.3232421875 405.46929931640625 -6587.546875 5907.1044921875 8283.03125 1379.1173095703125 9692.3388671875 3791.60400390625 2391.14697265625 -7963.853515625 1419.8948974609375 output 2 9 7 8 4 10 3 5 6 1 indices 2 -1 3 4 -1 1 3 4 2 1 -1 4 7 -1 1 2 -1 4 1 2 2 1 3 4 -1 5 1 2 2 1 3 4 2 1 3 4 2 1 3 4 value 0.0 0.0 0.0 0.0 0.0 0.0 0.0 0.0 0.0 0.0 0.0 0.0 1.0 1.0 0.0 0.0 3.0 1.0 0.0 0.0 0.0 0.0 0.0 0.0 3.0 1.0 0.0 0.0 0.0 0.0 0.0 0.0 0.0 0.0 0.0 0.0 0.0 0.0 0.0 0.0 
7067.1962890625 -6135.5224609375 -2157.03466796875 3105.955810546875 3546.79833984375 7194.32763671875 -5703.79541015625 -2140.69287109375 347.3435363769531 1556.959228515625 -2234.12841796875 2032.3092041015625 -7225.8017578125 -3613.359619140625 1210.4228515625 -6840.4306640625 -1060.6673583984375 3186.711669921875 6209.66650390625 1653.7420654296875 output 2 6 4 7 8 1 10 3 5 9 indices 2 -1 3 4 -1 1 3 4 -1 8 1 2 -1 3 1 2 2 1 3 4 2 1 3 4 2 1 3 4 -1 4 1 2 2 1 3 4 2 1 3 4 value 0.0 0.0 0.0 0.0 0.0 0.0 0.0 0.0 3.0 1.0 0.0 0.0 1.0 1.0 0.0 0.0 0.0 0.0 0.0 0.0 0.0 0.0 0.0 0.0 0.0 0.0 0.0 0.0 3.0 1.0 0.0 0.0 0.0 0.0 0.0 0.0 0.0 0.0 0.0 0.0 
-628.0266723632812 -123.08110809326172 -2072.14013671875 -6447.3671875 -1096.8428955078125 4707.205078125 9452.294921875 914.5734252929688 -8326.4931640625 -6548.748046875 9573.041015625 5339.96435546875 -3434.38134765625 7738.982421875 -608.4895629882812 -2204.07666015625 -5898.4521484375 5282.7734375 3039.4892578125 -8660.2265625 output 9 7 3 6 4 10 2 5 8 1 indices 6 -1 2 3 -1 1 3 4 2 1 -1 4 2 1 3 -1 2 1 3 4 -1 10 1 2 2 1 3 4 2 1 3 4 2 1 3 4 -1 1 2 3 value 1.0 1.0 0.0 0.0 0.0 0.0 0.0 0.0 0.0 0.0 0.0 0.0 0.0 0.0 0.0 0.0 0.0 0.0 0.0 0.0 3.0 1.0 0.0 0.0 0.0 0.0 0.0 0.0 0.0 0.0 0.0 0.0 0.0 0.0 0.0 0.0 3.0 1.0 0.0 0.0 
-9176.876953125 -7240.658203125 -553.8585815429688 5393.6298828125 -336.4635925292969 7379.708984375 -3081.603515625 -2583.940185546875 -9996.48046875 5175.90380859375 8219.2783203125 -6036.439453125 7430.8427734375 -6446.84033203125 1674.8297119140625 4785.916015625 2399.613037109375 2671.796875 3420.71875 -3099.0771484375 output 5 3 2 8 9 6 7 10 4 1 indices -1 4 2 3 -1 1 3 4 -1 1 2 4 -1 3 1 2 2 1 3 4 2 1 3 4 2 1 3 4 2 1 3 4 2 1 3 4 2 1 3 4 value 3.0 1.0 0.0 0.0 0.0 0.0 0.0 0.0 3.0 1.0 0.0 0.0 1.0 1.0 0.0 0.0 0.0 0.0 0.0 0.0 0.0 0.0 0.0 0.0 0.0 0.0 0.0 0.0 0.0 0.0 0.0 0.0 0.0 0.0 0.0 0.0 0.0 0.0 0.0 0.0 
-1976.4471435546875 -1414.92236328125 -2333.279052734375 -1660.3193359375 801.1924438476562 10980.1689453125 3781.3505859375 -6355.93994140625 -1271.2103271484375 2328.825439453125 6166.02490234375 531.00537109375 -6132.39697265625 10423.7890625 -454.0889892578125 -4814.13232421875 77.74449157714844 -6753.22509765625 1341.110107421875 -3265.250244140625 output 1 5 7 3 6 4 9 8 10 2 indices 3 -1 2 4 -1 1 3 4 -1 9 1 2 2 1 3 -1 2 1 3 4 2 1 3 4 2 1 3 4 2 1 3 4 -1 1 2 3 2 1 3 4 value 1.0 1.0 0.0 0.0 0.0 0.0 0.0 0.0 3.0 1.0 0.0 0.0 0.0 0.0 0.0 0.0 0.0 0.0 0.0 0.0 0.0 0.0 0.0 0.0 0.0 0.0 0.0 0.0 0.0 0.0 0.0 0.0 3.0 1.0 0.0 0.0 0.0 0.0 0.0 0.0 
6938.1943359375 -9333.798828125 5749.40234375 -2190.84814453125 -8086.8818359375 -9150.80859375 -6403.6220703125 8775.3427734375 -1942.7655029296875 8747.9970703125 4642.1669921875 -5489.126953125 1221.3421630859375 309.78131103515625 4030.880859375 8275.0087890625 -3189.0537109375 5983.1650390625 -2959.6640625 -5926.712890625 output 4 5 8 7 2 6 1 10 3 9 indices 2 -1 3 4 -1 1 3 4 -1 10 1 2 2 1 3 -1 2 1 3 4 2 1 3 4 2 1 3 4 -1 3 1 2 2 1 3 4 -1 8 1 2 value 0.0 0.0 0.0 0.0 0.0 0.0 0.0 0.0 3.0 1.0 0.0 0.0 0.0 0.0 0.0 0.0 0.0 0.0 0.0 0.0 0.0 0.0 0.0 0.0 0.0 0.0 0.0 0.0 3.0 1.0 0.0 0.0 0.0 0.0 0.0 0.0 1.0 1.0 0.0 0.0 
3825.21484375 3219.96240234375 -2534.39306640625 -2789.52001953125 -4796.56201171875 3064.552490234375 -390.19073486328125 -3584.212158203125 -6715.166015625 -6596.58837890625 6481.54833984375 8207.853515625 1270.4583740234375 9761.55078125 11029.1337890625 -6064.28759765625 -7477.64208984375 1235.623046875 -692.4013671875 -6454.9345703125 output 9 3 7 6 1 8 10 4 2 5 indices 2 -1 3 4 6 -1 1 3 2 1 -1 4 2 1 3 -1 -1 2 1 3 -1 5 1 2 2 1 3 4 2 1 3 4 2 1 3 4 2 1 3 4 value 0.0 0.0 0.0 0.0 1.0 1.0 0.0 0.0 0.0 0.0 0.0 0.0 0.0 0.0 0.0 0.0 3.0 1.0 0.0 0.0 3.0 1.0 0.0 0.0 0.0 0.0 0.0 0.0 0.0 0.0 0.0 0.0 0.0 0.0 0.0 0.0 0.0 0.0 0.0 0.0 
1555.931640625 -3174.99658203125 3777.362060546875 443.70654296875 6610.3359375 -5980.57666015625 8357.73046875 -4686.3173828125 3798.093994140625 -162.5535888671875 -5371.22216796875 -6582.7138671875 -6939.40576171875 1134.064208984375 1898.660400390625 6777.1796875 -10365.4501953125 9237.1875 -3322.036865234375 2995.019775390625 output 2 5 4 3 1 6 7 9 10 8 indices 8 -1 2 3 -1 1 3 4 2 1 -1 4 2 1 3 -1 2 1 3 4 -1 1 2 3 2 1 3 4 -1 6 1 2 2 1 3 4 2 1 3 4 value 1.0 1.0 0.0 0.0 0.0 0.0 0.0 0.0 0.0 0.0 0.0 0.0 0.0 0.0 0.0 0.0 0.0 0.0 0.0 0.0 3.0 1.0 0.0 0.0 0.0 0.0 0.0 0.0 3.0 1.0 0.0 0.0 0.0 0.0 0.0 0.0 0.0 0.0 0.0 0.0 
6479.93408203125 4416.88037109375 -6793.78466796875 7406.787109375 -3674.77001953125 436.46600341796875 4515.41259765625 -10111.2431640625 4213.30419921875 7952.30078125 -8620.8701171875 2808.8271484375 1148.7071533203125 4401.0693359375 6492.7216796875 -1903.459228515625 -9830.279296875 -5867.56396484375 6069.62451171875 -9540.064453125 output 1 8 10 4 9 6 2 3 7 5 indices 2 -1 3 4 -1 1 3 4 5 -1 1 2 -1 3 1 2 -1 4 1 2 2 1 3 4 2 1 3 4 2 1 3 4 2 1 3 4 2 1 3 4 value 0.0 0.0 0.0 0.0 0.0 0.0 0.0 0.0 1.0 1.0 0.0 0.0 3.0 1.0 0.0 0.0 3.0 1.0 0.0 0.0 0.0 0.0 0.0 0.0 0.0 0.0 0.0 0.0 0.0 0.0 0.0 0.0 0.0 0.0 0.0 0.0 0.0 0.0 0.0 0.0 
-3900.78759765625 -584.769287109375 -6209.724609375 -7982.47265625 -6710.50244140625 -3830.05029296875 -3665.974365234375 -1799.4808349609375 -1338.6796875 -6357.90283203125 5234.96826171875 8284.2890625 5335.03466796875 3095.264404296875 10397.9580078125 3845.048583984375 1758.1068115234375 -4664.712890625 -900.3988647460938 9994.787109375 output 4 1 10 6 8 7 9 5 2 3 indices 2 -1 3 4 -1 4 1 3 2 1 -1 4 6 -1 1 2 2 1 3 4 -1 2 1 3 2 1 3 4 2 1 3 4 2 1 3 4 2 1 3 4 value 0.0 0.0 0.0 0.0 3.0 1.0 0.0 0.0 0.0 0.0 0.0 0.0 1.0 1.0 0.0 0.0 0.0 0.0 0.0 0.0 3.0 1.0 0.0 0.0 0.0 0.0 0.0 0.0 0.0 0.0 0.0 0.0 0.0 0.0 0.0 0.0 0.0 0.0 0.0 0.0 
9301.533203125 -7905.22314453125 6262.08984375 2105.287109375 -884.5339965820312 -10116.0283203125 -1798.16796875 4072.720458984375 -5673.1337890625 7951.17822265625 -5917.91552734375 -1102.0401611328125 5377.6015625 3021.16162109375 -467.1867980957031 650.5767211914062 3575.649658203125 -4286.23828125 -9775.935546875 5608.60546875 output 2 7 8 4 5 10 6 3 1 9 indices 2 -1 3 4 -1 1 3 4 -1 8 1 2 2 1 3 -1 -1 7 1 2 2 1 3 4 3 4 1 2 -1 5 1 2 2 1 3 4 2 1 3 4 value 0.0 0.0 0.0 0.0 0.0 0.0 0.0 0.0 3.0 1.0 0.0 0.0 0.0 0.0 0.0 0.0 2.0 1.0 0.0 0.0 0.0 0.0 0.0 0.0 1.0 0.0 0.0 0.0 1.0 1.0 0.0 0.0 0.0 0.0 0.0 0.0 0.0 0.0 0.0 0.0 
-1598.618408203125 -679.0027465820312 -9378.77734375 -6670.587890625 5960.35205078125 323.4989013671875 -422.0862731933594 1618.3729248046875 -816.0040283203125 6013.93212890625 -579.1340942382812 2663.33349609375 1136.31396484375 3216.584228515625 -2705.622802734375 -5428.85986328125 1782.1505126953125 -720.8793334960938 6621.4267578125 -336.391845703125 output 8 9 10 3 7 5 6 4 1 2 indices 5 -1 2 3 -1 1 3 4 2 1 -1 4 2 1 3 -1 -1 2 1 3 2 1 3 4 2 1 3 4 2 1 3 4 2 1 3 4 2 1 3 4 value 1.0 1.0 0.0 0.0 3.0 1.0 0.0 0.0 0.0 0.0 0.0 0.0 0.0 0.0 0.0 0.0 3.0 1.0 0.0 0.0 0.0 0.0 0.0 0.0 0.0 0.0 0.0 0.0 0.0 0.0 0.0 0.0 0.0 0.0 0.0 0.0 0.0 0.0 0.0 0.0 
6583.43359375 10296.6435546875 -11746.2314453125 2702.249755859375 -1204.159912109375 -1429.1326904296875 1696.537841796875 4179.83984375 4299.60498046875 -3723.939208984375 4958.2724609375 -4874.71337890625 -2828.9375 -6202.43798828125 -901.9415283203125 -1040.5887451171875 -581.9378662109375 -3328.20556640625 -274.64044189453125 3420.283935546875 output 1 4 10 2 8 3 9 7 6 5 indices -1 7 2 3 -1 1 3 4 2 1 -1 4 2 1 3 -1 2 1 3 4 2 1 3 4 -1 8 1 2 -1 1 2 3 2 1 3 4 2 1 3 4 value 3.0 1.0 0.0 0.0 0.0 0.0 0.0 0.0 0.0 0.0 0.0 0.0 0.0 0.0 0.0 0.0 0.0 0.0 0.0 0.0 0.0 0.0 0.0 0.0 3.0 1.0 0.0 0.0 1.0 1.0 0.0 0.0 0.0 0.0 0.0 0.0 0.0 0.0 0.0 0.0 
3706.0087890625 2570.522216796875 -9211.296875 -2474.362060546875 -7623.90625 -9845.1591796875 3173.4189453125 2899.364990234375 6165.75146484375 3500.105712890625 -35.43574142456055 -3886.830078125 2794.2822265625 4078.295654296875 -9522.1611328125 -101.6141586303711 7216.73291015625 -3311.314208984375 3336.60546875 6570.99072265625 output 7 10 8 2 3 6 9 5 1 4 indices 2 -1 3 4 -1 1 3 4 -1 6 1 2 2 1 3 -1 2 1 3 4 10 -1 1 2 2 1 3 4 2 1 3 4 2 1 3 4 -1 3 1 2 value 0.0 0.0 0.0 0.0 0.0 0.0 0.0 0.0 3.0 1.0 0.0 0.0 0.0 0.0 0.0 0.0 0.0 0.0 0.0 0.0 1.0 1.0 0.0 0.0 0.0 0.0 0.0 0.0 0.0 0.0 0.0 0.0 0.0 0.0 0.0 0.0 3.0 1.0 0.0 0.0 
7988.7939453125 7852.28857421875 -8741.5927734375 -5620.23681640625 4610.16552734375 1169.0855712890625 3271.788330078125 -10531.8291015625 -4928.349609375 -5181.71728515625 -4658.0712890625 3666.822021484375 -8831.90625 -199.80783081054688 2363.696533203125 8548.4462890625 6734.943359375 4255.9306640625 2190.53271484375 -3958.982421875 output 6 8 1 9 3 10 4 5 2 7 indices -1 4 2 3 -1 1 3 4 2 1 -1 4 -1 5 1 2 -1 1 2 3 2 1 3 4 2 1 3 4 2 1 3 4 2 1 3 4 2 1 3 4 value 3.0 1.0 0.0 0.0 0.0 0.0 0.0 0.0 0.0 0.0 0.0 0.0 3.0 1.0 0.0 0.0 1.0 1.0 0.0 0.0 0.0 0.0 0.0 0.0 0.0 0.0 0.0 0.0 0.0 0.0 0.0 0.0 0.0 0.0 0.0 0.0 0.0 0.0 0.0 0.0 
-4666.943359375 8285.44921875 -7194.07421875 1514.94677734375 4756.42919921875 -2334.615234375 -6490.17138671875 5047.23193359375 9456.494140625 3258.126220703125 -1032.794921875 -10133.6240234375 -5368.18212890625 6227.8037109375 9564.505859375 7632.12353515625 9657.947265625 -8805.1416015625 -8683.2099609375 -10692.3017578125 output 6 10 2 4 7 1 8 5 3 9 indices 2 -1 3 4 -1 1 3 4 2 1 -1 4 2 1 3 -1 2 1 3 4 8 -1 1 2 2 1 3 4 -1 10 1 2 2 1 3 4 -1 6 1 2 value 0.0 0.0 0.0 0.0 0.0 0.0 0.0 0.0 0.0 0.0 0.0 0.0 0.0 0.0 0.0 0.0 0.0 0.0 0.0 0.0 1.0 1.0 0.0 0.0 0.0 0.0 0.0 0.0 3.0 1.0 0.0 0.0 0.0 0.0 0.0 0.0 3.0 1.0 0.0 0.0 
-3005.74365234375 4614.09619140625 -3183.536376953125 6184.345703125 -1395.985595703125 3689.459716796875 -5519.90966796875 -5444.71435546875 8848.373046875 -3724.5283203125 2949.321044921875 3749.39697265625 -7119.39306640625 -7071.2470703125 4014.835205078125 -691.8516845703125 4664.7158203125 -4308.18798828125 -252.67640686035156 3003.23095703125 output 2 1 4 7 9 5 8 6 10 3 indices 2 -1 3 4 6 -1 1 3 2 1 -1 4 -1 2 1 3 2 1 3 4 7 -1 1 2 -1 4 1 2 2 1 3 4 2 1 3 4 2 1 3 4 value 0.0 0.0 0.0 0.0 1.0 1.0 0.0 0.0 0.0 0.0 0.0 0.0 1.0 1.0 0.0 0.0 0.0 0.0 0.0 0.0 1.0 1.0 0.0 0.0 3.0 1.0 0.0 0.0 0.0 0.0 0.0 0.0 0.0 0.0 0.0 0.0 0.0 0.0 0.0 0.0 
-1104.7576904296875 2323.796875 6262.240234375 -2611.768310546875 -894.6882934570312 -1096.78955078125 -7518.236328125 -215.4679412841797 4483.93212890625 -1163.8338623046875 3148.334228515625 4635.3359375 5413.869140625 5369.42919921875 -3899.137939453125 -1648.6119384765625 -5762.9755859375 5393.55810546875 -128.5799560546875 -10985.6484375 output 1 9 4 8 3 10 2 5 7 6 indices 2 -1 3 4 -1 1 3 4 7 -1 1 2 2 1 3 -1 2 1 3 4 2 1 3 4 -1 10 1 2 2 1 3 4 2 1 3 4 -1 3 1 2 value 0.0 0.0 0.0 0.0 0.0 0.0 0.0 0.0 1.0 1.0 0.0 0.0 0.0 0.0 0.0 0.0 0.0 0.0 0.0 0.0 0.0 0.0 0.0 0.0 3.0 1.0 0.0 0.0 0.0 0.0 0.0 0.0 0.0 0.0 0.0 0.0 3.0 1.0 0.0 0.0 
-3213.677490234375 9687.6240234375 2298.287109375 2966.8701171875 -1107.212890625 513.4951782226562 5082.4638671875 -2857.67236328125 -2951.546142578125 -7225.80224609375 -2588.201416015625 3019.529052734375 -7898.37890625 -4841.67919921875 -8047.1220703125 -4274.50732421875 8154.595703125 8624.0654296875 10270.79296875 -5611.9228515625 output 1 6 3 8 7 5 10 4 2 9 indices 2 -1 3 4 -1 1 3 4 9 -1 1 2 2 1 3 -1 -1 3 1 2 2 1 3 4 2 1 3 4 2 1 3 4 -1 5 1 2 2 1 3 4 value 0.0 0.0 0.0 0.0 0.0 0.0 0.0 0.0 1.0 1.0 0.0 0.0 0.0 0.0 0.0 0.0 3.0 1.0 0.0 0.0 0.0 0.0 0.0 0.0 0.0 0.0 0.0 0.0 0.0 0.0 0.0 0.0 3.0 1.0 0.0 0.0 0.0 0.0 0.0 0.0 
8026.45556640625 -1241.739013671875 7780.97021484375 8341.2998046875 -1753.8585205078125 -1106.920166015625 -6177.83642578125 -3287.5087890625 -823.6438598632812 4369.3505859375 -5041.8876953125 1774.050048828125 -7459.73828125 1908.914794921875 -880.6434936523438 -4968.2802734375 637.8567504882812 -4478.9248046875 5692.32568359375 -1310.24169921875 output 7 6 5 2 1 10 9 8 3 4 indices 2 -1 3 4 -1 8 1 3 -1 2 1 4 2 1 3 -1 2 1 3 4 2 1 3 4 2 1 3 4 -1 3 1 2 2 1 3 4 2 1 3 4 value 0.0 0.0 0.0 0.0 3.0 1.0 0.0 0.0 1.0 1.0 0.0 0.0 0.0 0.0 0.0 0.0 0.0 0.0 0.0 0.0 0.0 0.0 0.0 0.0 0.0 0.0 0.0 0.0 3.0 1.0 0.0 0.0 0.0 0.0 0.0 0.0 0.0 0.0 0.0 0.0 
3786.849365234375 8756.7119140625 -9350.615234375 -5528.2099609375 -7904.32666015625 -3873.01513671875 2429.63330078125 3225.874755859375 2801.396728515625 4571.60400390625 5919.81005859375 -9471.322265625 -5353.1767578125 1817.3389892578125 2595.91796875 -2200.56591796875 2457.087158203125 -2996.606201171875 2617.42431640625 5698.18994140625 output 7 3 2 6 9 8 4 5 10 1 indices -1 6 2 3 -1 1 3 4 2 1 -1 4 2 1 3 -1 2 1 3 4 -1 9 1 2 2 1 3 4 2 1 3 4 -1 1 2 3 2 1 3 4 value 3.0 1.0 0.0 0.0 0.0 0.0 0.0 0.0 0.0 0.0 0.0 0.0 0.0 0.0 0.0 0.0 0.0 0.0 0.0 0.0 3.0 1.0 0.0 0.0 0.0 0.0 0.0 0.0 0.0 0.0 0.0 0.0 1.0 1.0 0.0 0.0 0.0 0.0 0.0 0.0 
-1156.5992431640625 -8710.2548828125 8304.4423828125 -2858.303466796875 5805.2490234375 1066.6241455078125 -756.7908325195312 -2843.825439453125 -2356.185546875 -3409.476806640625 -4959.24169921875 1807.6065673828125 4000.072998046875 4329.130859375 -6460.0986328125 62.19120788574219 -6999.283203125 5906.32958984375 4578.43408203125 4649.97802734375 output 6 8 5 4 1 2 3 10 7 9 indices -1 4 2 3 -1 1 3 4 2 1 -1 4 10 -1 1 2 2 1 3 4 2 1 3 4 2 1 3 4 2 1 3 4 2 1 3 4 -1 1 2 3 value 3.0 1.0 0.0 0.0 0.0 0.0 0.0 0.0 0.0 0.0 0.0 0.0 1.0 1.0 0.0 0.0 0.0 0.0 0.0 0.0 0.0 0.0 0.0 0.0 0.0 0.0 0.0 0.0 0.0 0.0 0.0 0.0 0.0 0.0 0.0 0.0 3.0 1.0 0.0 0.0 
4959.53369140625 -8104.06689453125 -8877.1455078125 4963.10498046875 5965.44873046875 5723.68701171875 4757.8623046875 350.2794189453125 4105.05517578125 791.3006591796875 4722.47021484375 -7482.234375 -4221.22607421875 69.08445739746094 -1165.2916259765625 1511.63330078125 -910.6289672851562 4419.310546875 -9336.078125 -2242.099365234375 output 1 6 8 7 10 2 9 3 5 4 indices -1 7 2 3 -1 1 3 4 -1 1 2 4 2 1 3 -1 2 1 3 4 2 1 3 4 -1 3 1 2 2 1 3 4 2 1 3 4 2 1 3 4 value 3.0 1.0 0.0 0.0 0.0 0.0 0.0 0.0 3.0 1.0 0.0 0.0 0.0 0.0 0.0 0.0 0.0 0.0 0.0 0.0 0.0 0.0 0.0 0.0 1.0 1.0 0.0 0.0 0.0 0.0 0.0 0.0 0.0 0.0 0.0 0.0 0.0 0.0 0.0 0.0 
7534.76806640625 -3058.338134765625 -8051.46533203125 1459.3233642578125 -1066.713623046875 -1188.980224609375 -1566.9803466796875 -5538.71142578125 5589.45751953125 11163.34375 4462.92431640625 2520.548095703125 4804.15087890625 -3237.724609375 -7411.24169921875 -1662.739013671875 -2567.006591796875 3678.750244140625 -1727.8929443359375 -4135.47216796875 output 2 8 3 10 4 7 1 6 5 9 indices 2 -1 3 4 -1 1 3 4 5 -1 1 2 -1 3 1 2 -1 4 1 2 2 1 3 4 2 1 3 4 2 1 3 4 2 1 3 4 2 1 3 4 value 0.0 0.0 0.0 0.0 0.0 0.0 0.0 0.0 1.0 1.0 0.0 0.0 3.0 1.0 0.0 0.0 3.0 1.0 0.0 0.0 0.0 0.0 0.0 0.0 0.0 0.0 0.0 0.0 0.0 0.0 0.0 0.0 0.0 0.0 0.0 0.0 0.0 0.0 0.0 0.0 
5514.28857421875 6024.87255859375 5989.36474609375 -6308.0830078125 -2229.09716796875 -1579.6668701171875 -4132.2314453125 -1565.6832275390625 4463.18115234375 2084.07373046875 -1396.0242919921875 -3595.115478515625 289.26776123046875 -6387.2587890625 5760.43017578125 3171.240966796875 -4784.1337890625 7012.56396484375 -9475.0458984375 1143.056396484375 output 9 10 4 3 6 7 2 5 8 1 indices -1 7 2 3 -1 1 3 4 -1 1 2 4 2 1 3 -1 2 1 3 4 2 1 3 4 -1 3 1 2 2 1 3 4 2 1 3 4 2 1 3 4 value 3.0 1.0 0.0 0.0 0.0 0.0 0.0 0.0 1.0 1.0 0.0 0.0 0.0 0.0 0.0 0.0 0.0 0.0 0.0 0.0 0.0 0.0 0.0 0.0 3.0 1.0 0.0 0.0 0.0 0.0 0.0 0.0 0.0 0.0 0.0 0.0 0.0 0.0 0.0 0.0 
5068.72412109375 8360.541015625 -1898.6531982421875 746.0390014648438 6892.35791015625 -1612.6373291015625 6401.62744140625 -2002.87060546875 -9121.9912109375 7828.91650390625 5884.68310546875 -8370.7470703125 5106.9521484375 -8170.3251953125 -3189.9677734375 4204.3330078125 -12551.9599609375 -3313.297607421875 -2591.772705078125 2330.04931640625 output 1 2 10 8 5 9 7 6 4 3 indices -1 6 2 3 -1 1 3 4 2 1 -1 4 2 1 3 -1 2 1 3 4 -1 2 1 3 2 1 3 4 2 1 3 4 2 1 3 4 2 1 3 4 value 3.0 1.0 0.0 0.0 1.0 1.0 0.0 0.0 0.0 0.0 0.0 0.0 0.0 0.0 0.0 0.0 0.0 0.0 0.0 0.0 3.0 1.0 0.0 0.0 0.0 0.0 0.0 0.0 0.0 0.0 0.0 0.0 0.0 0.0 0.0 0.0 0.0 0.0 0.0 0.0 
-4005.453857421875 8415.0009765625 -6199.98681640625 -5467.9775390625 5553.2109375 -5967.7041015625 607.07763671875 -7005.6142578125 6098.90478515625 8340.767578125 -883.8671875 3973.38134765625 4777.998046875 -219.4145965576172 -2751.05517578125 -87.37653350830078 -4543.1748046875 1640.533935546875 1346.3465576171875 -3621.597412109375 output 8 9 6 1 5 7 3 10 4 2 indices 2 -1 3 4 -1 1 3 4 2 1 -1 4 -1 8 1 2 -1 4 1 2 2 1 3 4 2 1 3 4 -1 5 1 2 2 1 3 4 2 1 3 4 value 0.0 0.0 0.0 0.0 0.0 0.0 0.0 0.0 0.0 0.0 0.0 0.0 3.0 1.0 0.0 0.0 3.0 1.0 0.0 0.0 0.0 0.0 0.0 0.0 0.0 0.0 0.0 0.0 1.0 1.0 0.0 0.0 0.0 0.0 0.0 0.0 0.0 0.0 0.0 0.0 
2051.9599609375 -3768.85986328125 -4386.5400390625 4876.74755859375 -2706.94775390625 -5972.14013671875 -10556.43359375 5352.80029296875 4576.201171875 6662.7626953125 7633.8056640625 -5218.7607421875 -6476.06640625 -4156.49560546875 6439.63916015625 -4182.7666015625 -2726.307373046875 6530.54052734375 6150.689453125 -123.82861328125 output 4 2 9 5 10 6 8 1 3 7 indices 2 -1 3 4 -1 1 3 4 -1 5 1 2 2 1 3 -1 -1 3 1 2 2 1 3 4 2 1 3 4 2 1 3 4 2 1 3 4 2 1 3 4 value 0.0 0.0 0.0 0.0 0.0 0.0 0.0 0.0 5.0 1.0 0.0 0.0 0.0 0.0 0.0 0.0 3.0 1.0 0.0 0.0 0.0 0.0 0.0 0.0 0.0 0.0 0.0 0.0 0.0 0.0 0.0 0.0 0.0 0.0 0.0 0.0 0.0 0.0 0.0 0.0 
-43.53486633300781 7195.86376953125 -7027.1025390625 -7332.3408203125 3754.61669921875 -1803.3050537109375 7508.98583984375 3730.790771484375 -7348.099609375 -5800.060546875 -591.2947387695312 238.9705810546875 -381.1944885253906 410.99462890625 -3649.84765625 -946.7229614257812 10938.62890625 4409.50146484375 -3161.15771484375 -103.69221496582031 output 4 9 3 2 5 8 10 6 7 1 indices 2 -1 3 4 -1 6 1 3 2 1 -1 4 2 1 3 -1 2 1 3 4 9 -1 1 2 2 1 3 4 2 1 3 4 -1 2 1 3 2 1 3 4 value 0.0 0.0 0.0 0.0 3.0 1.0 0.0 0.0 0.0 0.0 0.0 0.0 0.0 0.0 0.0 0.0 0.0 0.0 0.0 0.0 1.0 1.0 0.0 0.0 0.0 0.0 0.0 0.0 0.0 0.0 0.0 0.0 3.0 1.0 0.0 0.0 0.0 0.0 0.0 0.0 
4535.04345703125 -4160.083984375 1503.3717041015625 -4490.580078125 774.425048828125 -3320.080322265625 -11559.8876953125 -2182.482666015625 -3851.41650390625 1748.4915771484375 6941.13427734375 10800.4765625 -384.0104675292969 -2990.468505859375 7131.4638671875 10664.9169921875 3127.074462890625 -4134.2275390625 -8217.197265625 -1935.9615478515625 output 1 9 2 3 7 10 4 5 6 8 indices 2 -1 3 4 -1 7 1 3 2 1 -1 4 2 1 3 -1 2 1 3 4 -1 2 1 3 -1 6 1 2 2 1 3 4 2 1 3 4 2 1 3 4 value 0.0 0.0 0.0 0.0 3.0 1.0 0.0 0.0 0.0 0.0 0.0 0.0 0.0 0.0 0.0 0.0 0.0 0.0 0.0 0.0 3.0 1.0 0.0 0.0 1.0 1.0 0.0 0.0 0.0 0.0 0.0 0.0 0.0 0.0 0.0 0.0 0.0 0.0 0.0 0.0 
4701.7470703125 -462.46826171875 1926.088134765625 599.8638305664062 356.0062561035156 -6704.36328125 -3945.780517578125 6650.37890625 -1643.1654052734375 -1976.8779296875 1103.798583984375 -8536.5283203125 -7255.4921875 -1468.5682373046875 6540.703125 -2803.73095703125 6133.390625 5376.29833984375 -7917.2958984375 9325.99609375 output 10 4 9 2 1 8 6 3 5 7 indices 2 -1 3 4 -1 1 3 4 2 1 -1 4 2 1 3 -1 9 -1 1 2 -1 5 1 2 2 1 3 4 2 1 3 4 -1 6 1 2 2 1 3 4 value 0.0 0.0 0.0 0.0 0.0 0.0 0.0 0.0 0.0 0.0 0.0 0.0 0.0 0.0 0.0 0.0 1.0 1.0 0.0 0.0 3.0 1.0 0.0 0.0 0.0 0.0 0.0 0.0 0.0 0.0 0.0 0.0 3.0 1.0 0.0 0.0 0.0 0.0 0.0 0.0 
6807.96142578125 -6283.38232421875 6046.26953125 10402.26171875 2047.80322265625 7498.39013671875 -9440.9169921875 2188.30859375 -0.15770085155963898 -8183.40283203125 4026.54443359375 -1535.989013671875 -3423.232666015625 2168.869384765625 -6426.22314453125 820.4917602539062 -4327.99853515625 1380.7474365234375 4689.951171875 -8456.294921875 output 10 5 4 8 9 7 3 2 6 1 indices 2 -1 3 4 -1 10 1 3 2 1 -1 4 2 1 3 -1 9 3 1 2 2 1 3 4 2 1 3 4 2 1 3 4 -1 2 1 3 -1 5 1 2 value 0.0 0.0 0.0 0.0 3.0 1.0 0.0 0.0 0.0 0.0 0.0 0.0 0.0 0.0 0.0 0.0 1.0 0.0 0.0 0.0 0.0 0.0 0.0 0.0 0.0 0.0 0.0 0.0 0.0 0.0 0.0 0.0 1.0 1.0 0.0 0.0 2.0 1.0 0.0 0.0 
-672.3963623046875 -8165.57666015625 -1887.3853759765625 -8601.6064453125 288.2384338378906 6679.134765625 -2065.610595703125 -1200.5648193359375 4432.06884765625 7558.7265625 4194.77685546875 665.9716796875 -5875.1513671875 7851.45361328125 -3087.203369140625 -3328.629638671875 6553.126953125 -760.47119140625 -1880.4638671875 -698.4373779296875 output 4 10 7 3 5 6 9 1 2 8 indices 2 -1 3 4 -1 10 1 3 2 1 -1 4 2 1 3 -1 -1 2 1 3 2 1 3 4 2 1 3 4 2 1 3 4 2 1 3 4 -1 5 1 2 value 0.0 0.0 0.0 0.0 3.0 1.0 0.0 0.0 0.0 0.0 0.0 0.0 0.0 0.0 0.0 0.0 3.0 1.0 0.0 0.0 0.0 0.0 0.0 0.0 0.0 0.0 0.0 0.0 0.0 0.0 0.0 0.0 0.0 0.0 0.0 0.0 1.0 1.0 0.0 0.0 
-1631.501953125 -9400.189453125 4382.36181640625 -3749.51171875 3578.81591796875 -6988.7978515625 -7975.98974609375 8222.92578125 -7084.77783203125 6323.63720703125 -1323.658447265625 7869.73291015625 -1424.6033935546875 5283.5390625 206.5977325439453 -1572.7059326171875 4551.7890625 -168.777099609375 6720.96630859375 -5819.85302734375 output 9 2 10 3 1 8 5 4 6 7 indices -1 8 2 3 -1 1 3 4 2 1 -1 4 2 1 3 -1 2 1 3 4 -1 1 2 3 2 1 3 4 -1 6 1 2 2 1 3 4 2 1 3 4 value 3.0 1.0 0.0 0.0 0.0 0.0 0.0 0.0 0.0 0.0 0.0 0.0 0.0 0.0 0.0 0.0 0.0 0.0 0.0 0.0 3.0 1.0 0.0 0.0 0.0 0.0 0.0 0.0 1.0 1.0 0.0 0.0 0.0 0.0 0.0 0.0 0.0 0.0 0.0 0.0 
-8666.90234375 7155.41357421875 1324.70751953125 -5334.3115234375 5791.5478515625 -3582.150390625 671.5075073242188 -890.7691650390625 6312.19970703125 -1559.353759765625 -1625.65869140625 7440.6455078125 8928.0908203125 4110.88232421875 -2335.788330078125 -4764.24462890625 -9711.017578125 -3037.7412109375 -688.685791015625 461.6292419433594 output 1 6 10 4 7 5 3 2 8 9 indices 2 -1 3 4 -1 4 1 3 2 1 -1 4 7 -1 1 2 2 1 3 4 2 1 3 4 -1 2 1 3 2 1 3 4 2 1 3 4 2 1 3 4 value 0.0 0.0 0.0 0.0 3.0 1.0 0.0 0.0 0.0 0.0 0.0 0.0 1.0 1.0 0.0 0.0 0.0 0.0 0.0 0.0 0.0 0.0 0.0 0.0 3.0 1.0 0.0 0.0 0.0 0.0 0.0 0.0 0.0 0.0 0.0 0.0 0.0 0.0 0.0 0.0 
2304.792236328125 -9329.7939453125 -4565.1083984375 955.8967895507812 -9064.48046875 7000.43359375 2117.296875 -2556.03125 7303.5927734375 36.6771125793457 4819.68408203125 7186.5234375 -965.6375122070312 -2953.4501953125 -5435.71923828125 656.7183837890625 2479.579833984375 -5523.31494140625 1006.0005493164062 4526.34033203125 output 8 2 7 1 9 4 5 6 10 3 indices -1 7 2 3 -1 1 3 4 2 1 -1 4 2 1 3 -1 2 1 3 4 -1 1 2 3 -1 6 1 2 2 1 3 4 2 1 3 4 2 1 3 4 value 3.0 1.0 0.0 0.0 0.0 0.0 0.0 0.0 0.0 0.0 0.0 0.0 0.0 0.0 0.0 0.0 0.0 0.0 0.0 0.0 3.0 1.0 0.0 0.0 1.0 1.0 0.0 0.0 0.0 0.0 0.0 0.0 0.0 0.0 0.0 0.0 0.0 0.0 0.0 0.0 
-6258.189453125 -4699.515625 2952.700439453125 -6296.2646484375 8754.1064453125 10148.3857421875 6513.2900390625 -3387.123291015625 -1080.705810546875 -3710.606201171875 5861.59326171875 3338.9912109375 2863.299072265625 -284.1688537597656 -7619.23095703125 130.03128051757812 -7480.419921875 11198.5283203125 -4506.44287109375 -6438.25732421875 output 6 3 9 8 1 10 5 2 4 7 indices 2 -1 3 4 -1 1 3 4 -1 10 1 2 2 1 3 -1 -1 3 1 2 2 1 3 4 2 1 3 4 2 1 3 4 2 1 3 4 -1 5 1 2 value 0.0 0.0 0.0 0.0 0.0 0.0 0.0 0.0 3.0 1.0 0.0 0.0 0.0 0.0 0.0 0.0 1.0 1.0 0.0 0.0 0.0 0.0 0.0 0.0 0.0 0.0 0.0 0.0 0.0 0.0 0.0 0.0 0.0 0.0 0.0 0.0 3.0 1.0 0.0 0.0 
-8775.6669921875 -215.8603515625 -1678.9735107421875 11829.421875 1675.7645263671875 -5993.1591796875 10447.6767578125 8921.57421875 -1501.7342529296875 8375.220703125 7185.498046875 -6534.76904296875 3378.5712890625 -2258.39501953125 2805.628173828125 -1892.5123291015625 -5344.8154296875 -7087.02001953125 -8191.94873046875 -5144.49951171875 output 10 9 3 6 7 8 4 2 5 1 indices 2 -1 3 4 -1 1 3 4 2 1 -1 4 -1 9 1 2 2 1 3 4 2 1 3 4 2 1 3 4 2 1 3 4 -1 4 1 2 2 1 3 4 value 0.0 0.0 0.0 0.0 0.0 0.0 0.0 0.0 0.0 0.0 0.0 0.0 3.0 1.0 0.0 0.0 0.0 0.0 0.0 0.0 0.0 0.0 0.0 0.0 0.0 0.0 0.0 0.0 0.0 0.0 0.0 0.0 5.0 1.0 0.0 0.0 0.0 0.0 0.0 0.0 
2353.94775390625 1402.3463134765625 2743.682373046875 2576.476318359375 -5628.87939453125 8000.32763671875 -2891.598388671875 1139.8848876953125 5728.30078125 -8403.392578125 6683.6728515625 -3981.628662109375 -2167.871826171875 -864.3746337890625 -4866.88427734375 6063.634765625 3122.902099609375 -1504.5343017578125 -5077.27197265625 -4428.7392578125 output 6 9 1 2 3 8 4 7 10 5 indices 2 -1 3 4 -1 1 3 4 -1 5 1 2 2 1 3 -1 -1 7 1 2 2 1 3 4 -1 3 1 2 2 1 3 4 2 1 3 4 2 1 3 4 value 0.0 0.0 0.0 0.0 0.0 0.0 0.0 0.0 3.0 1.0 0.0 0.0 0.0 0.0 0.0 0.0 3.0 1.0 0.0 0.0 0.0 0.0 0.0 0.0 1.0 1.0 0.0 0.0 0.0 0.0 0.0 0.0 0.0 0.0 0.0 0.0 0.0 0.0 0.0 0.0 
6843.69873046875 -5571.38037109375 -4353.40625 7416.4873046875 -6986.99951171875 -6528.794921875 8069.15869140625 -7520.21923828125 -3468.5400390625 3065.282470703125 -5551.4736328125 -5358.4404296875 -4250.6904296875 3217.623046875 5264.32861328125 3811.455810546875 -6461.97021484375 1246.5205078125 10895.8935546875 6221.4658203125 output 9 7 5 2 8 10 1 4 6 3 indices 2 -1 3 4 -1 1 3 4 2 1 -1 4 -1 6 1 2 2 1 3 4 10 -1 1 2 2 1 3 4 2 1 3 4 2 1 3 4 -1 4 1 2 value 0.0 0.0 0.0 0.0 0.0 0.0 0.0 0.0 0.0 0.0 0.0 0.0 3.0 1.0 0.0 0.0 0.0 0.0 0.0 0.0 1.0 1.0 0.0 0.0 0.0 0.0 0.0 0.0 0.0 0.0 0.0 0.0 0.0 0.0 0.0 0.0 3.0 1.0 0.0 0.0 
-1433.3780517578125 -4040.340576171875 -4349.92431640625 -9521.39453125 2326.126220703125 -2627.97509765625 2247.180419921875 7325.64599609375 914.8690185546875 8003.02197265625 -4653.93212890625 -7992.00830078125 191.9123077392578 6769.61474609375 7383.32470703125 -4844.8974609375 -4307.1884765625 8680.013671875 1681.010009765625 -1751.6815185546875 output 1 6 2 8 3 10 4 5 7 9 indices 5 -1 2 3 -1 1 3 4 2 1 -1 4 2 1 3 -1 -1 2 1 3 2 1 3 4 2 1 3 4 2 1 3 4 2 1 3 4 2 1 3 4 value 1.0 1.0 0.0 0.0 3.0 1.0 0.0 0.0 0.0 0.0 0.0 0.0 0.0 0.0 0.0 0.0 3.0 1.0 0.0 0.0 0.0 0.0 0.0 0.0 0.0 0.0 0.0 0.0 0.0 0.0 0.0 0.0 0.0 0.0 0.0 0.0 0.0 0.0 0.0 0.0 
9007.4560546875 7197.12939453125 -5382.23046875 8819.8896484375 2196.270751953125 -4420.7919921875 -3428.118408203125 -5492.67431640625 6012.25341796875 -10173.6875 8850.1005859375 4586.44384765625 -6976.44873046875 1049.6715087890625 -7468.1005859375 -9007.9453125 -1703.816650390625 161.9619903564453 -1107.36572265625 7280.001953125 output 1 10 2 7 9 4 8 5 3 6 indices -1 5 2 3 -1 1 3 4 2 1 -1 4 2 1 3 -1 -1 9 1 2 2 1 3 4 2 1 3 4 2 1 3 4 -1 1 2 3 2 1 3 4 value 3.0 1.0 0.0 0.0 0.0 0.0 0.0 0.0 0.0 0.0 0.0 0.0 0.0 0.0 0.0 0.0 3.0 1.0 0.0 0.0 0.0 0.0 0.0 0.0 0.0 0.0 0.0 0.0 0.0 0.0 0.0 0.0 1.0 1.0 0.0 0.0 0.0 0.0 0.0 0.0 
-1085.005126953125 1915.2220458984375 -5414.7998046875 -6831.95458984375 9654.2880859375 4066.242431640625 -1497.4454345703125 4447.34130859375 1708.3280029296875 5074.833984375 -4531.72607421875 -8367.4521484375 -984.7141723632812 -7386.31591796875 -1992.1126708984375 2554.247802734375 5594.0478515625 616.29052734375 -1450.860107421875 3911.544189453125 output 9 3 5 4 10 8 1 2 6 7 indices 2 -1 3 4 3 -1 1 4 -1 6 1 2 2 1 3 -1 2 1 3 4 -1 2 1 3 2 1 3 4 2 1 3 4 2 1 3 4 2 1 3 4 value 0.0 0.0 0.0 0.0 1.0 1.0 0.0 0.0 3.0 1.0 0.0 0.0 0.0 0.0 0.0 0.0 0.0 0.0 0.0 0.0 3.0 1.0 0.0 0.0 0.0 0.0 0.0 0.0 0.0 0.0 0.0 0.0 0.0 0.0 0.0 0.0 0.0 0.0 0.0 0.0 
-2019.8218994140625 -1220.1568603515625 5895.11376953125 1943.982421875 2058.97314453125 9658.46875 4279.88427734375 -6289.02099609375 374.4691162109375 -1332.1148681640625 4027.5068359375 -8668.287109375 -8790.7646484375 -944.6016845703125 -9072.8681640625 -5621.12158203125 1422.330322265625 8922.5654296875 1825.1776123046875 3550.286865234375 output 1 7 8 6 4 2 3 9 10 5 indices 2 -1 3 4 -1 1 3 4 -1 6 1 2 2 1 3 -1 -1 3 1 2 -1 5 1 2 2 1 3 4 2 1 3 4 2 1 3 4 2 1 3 4 value 0.0 0.0 0.0 0.0 0.0 0.0 0.0 0.0 3.0 1.0 0.0 0.0 0.0 0.0 0.0 0.0 1.0 1.0 0.0 0.0 3.0 1.0 0.0 0.0 0.0 0.0 0.0 0.0 0.0 0.0 0.0 0.0 0.0 0.0 0.0 0.0 0.0 0.0 0.0 0.0 
-11008.16015625 2055.943115234375 -843.852783203125 4254.28564453125 -699.3575439453125 -4503.83251953125 5874.31640625 5714.05419921875 -11698.78515625 -8510.763671875 6300.12841796875 6196.8828125 -440.5547180175781 6880.0966796875 -466.83306884765625 144.4447784423828 6178.046875 -8275.6201171875 6805.0517578125 -3955.49169921875 output 7 6 4 10 9 3 5 1 8 2 indices 2 -1 3 4 -1 1 3 4 2 1 -1 4 2 1 3 -1 -1 8 1 2 -1 5 1 2 2 1 3 4 -1 6 1 2 2 1 3 4 2 1 3 4 value 0.0 0.0 0.0 0.0 0.0 0.0 0.0 0.0 0.0 0.0 0.0 0.0 0.0 0.0 0.0 0.0 3.0 1.0 0.0 0.0 3.0 1.0 0.0 0.0 0.0 0.0 0.0 0.0 1.0 1.0 0.0 0.0 0.0 0.0 0.0 0.0 0.0 0.0 0.0 0.0 
-4840.43115234375 -1059.8994140625 5865.5380859375 -5418.421875 -4482.76953125 5532.22314453125 -2821.969482421875 -212.17955017089844 -5994.3486328125 7539.4697265625 1256.939697265625 8406.8154296875 9720.4072265625 -5355.44482421875 -2844.127685546875 -4431.83203125 280.4967346191406 -432.3929748535156 3860.2646484375 -4568.337890625 output 1 4 3 5 6 9 7 2 10 8 indices 2 -1 3 4 -1 9 1 3 2 1 -1 4 2 1 3 -1 2 1 3 4 -1 2 1 3 2 1 3 4 2 1 3 4 -1 6 1 2 2 1 3 4 value 0.0 0.0 0.0 0.0 3.0 1.0 0.0 0.0 0.0 0.0 0.0 0.0 0.0 0.0 0.0 0.0 0.0 0.0 0.0 0.0 3.0 1.0 0.0 0.0 0.0 0.0 0.0 0.0 0.0 0.0 0.0 0.0 1.0 1.0 0.0 0.0 0.0 0.0 0.0 0.0 
4482.4248046875 -7036.7177734375 3018.40625 9455.88671875 -3749.541259765625 2614.74951171875 759.0899658203125 8710.04296875 4612.7900390625 1604.7489013671875 54.152809143066406 4807.70166015625 122.9781265258789 -7622.44140625 -11584.6513671875 -6169.951171875 -3248.943115234375 -6590.87890625 5533.2939453125 226.8583984375 output 6 4 2 5 10 1 7 9 8 3 indices 2 -1 3 4 -1 7 1 3 2 1 -1 4 2 1 3 -1 2 1 3 4 2 1 3 4 -1 9 1 2 2 1 3 4 -1 2 1 3 2 1 3 4 value 0.0 0.0 0.0 0.0 3.0 1.0 0.0 0.0 0.0 0.0 0.0 0.0 0.0 0.0 0.0 0.0 0.0 0.0 0.0 0.0 0.0 0.0 0.0 0.0 3.0 1.0 0.0 0.0 0.0 0.0 0.0 0.0 1.0 1.0 0.0 0.0 0.0 0.0 0.0 0.0 
-1176.9022216796875 -6626.70068359375 4347.68408203125 -1592.122802734375 -3233.943603515625 -5121.75341796875 -432.02166748046875 -5563.8955078125 -9881.5869140625 2926.134765625 2186.8583984375 -18.639530181884766 -4462.65087890625 1076.2579345703125 5495.39990234375 11298.8427734375 7523.88720703125 3679.0751953125 -366.7242431640625 -57.19838333129883 output 1 4 10 6 2 9 8 5 7 3 indices -1 10 2 3 -1 1 3 4 2 1 -1 4 2 1 3 -1 2 1 3 4 2 1 3 4 2 1 3 4 -1 1 2 3 2 1 3 4 -1 8 1 2 value 3.0 1.0 0.0 0.0 0.0 0.0 0.0 0.0 0.0 0.0 0.0 0.0 0.0 0.0 0.0 0.0 0.0 0.0 0.0 0.0 0.0 0.0 0.0 0.0 0.0 0.0 0.0 0.0 3.0 1.0 0.0 0.0 0.0 0.0 0.0 0.0 1.0 1.0 0.0 0.0 
-6119.45654296875 3618.142578125 951.74951171875 -7740.4892578125 6231.19677734375 -805.1610717773438 -9337.3212890625 5132.31494140625 5332.3447265625 -607.4825439453125 -4088.1884765625 -3659.759033203125 4556.81884765625 6503.65380859375 -5187.07666015625 1997.122802734375 6860.91064453125 -6734.6484375 799.0219116210938 2296.30615234375 output 7 10 1 4 8 6 2 9 3 5 indices 2 -1 3 4 -1 6 1 3 2 1 -1 4 2 1 3 -1 2 1 3 4 7 -1 1 2 -1 2 1 3 2 1 3 4 2 1 3 4 2 1 3 4 value 0.0 0.0 0.0 0.0 3.0 1.0 0.0 0.0 0.0 0.0 0.0 0.0 0.0 0.0 0.0 0.0 0.0 0.0 0.0 0.0 1.0 1.0 0.0 0.0 3.0 1.0 0.0 0.0 0.0 0.0 0.0 0.0 0.0 0.0 0.0 0.0 0.0 0.0 0.0 0.0 
-7637.37255859375 -10548.4111328125 4021.2021484375 4065.673828125 712.558837890625 -10002.5673828125 -6958.1708984375 8164.52685546875 -5656.619140625 8222.3134765625 9168.7001953125 4656.7353515625 2888.95751953125 3947.701171875 2173.65478515625 3663.482177734375 -6649.533203125 -9324.677734375 7936.623046875 -2844.776611328125 output 5 4 9 1 3 10 6 2 7 8 indices -1 9 2 3 -1 1 3 4 2 1 -1 4 2 1 3 -1 2 1 3 4 -1 1 2 3 2 1 3 4 2 1 3 4 -1 6 1 2 2 1 3 4 value 3.0 1.0 0.0 0.0 0.0 0.0 0.0 0.0 0.0 0.0 0.0 0.0 0.0 0.0 0.0 0.0 0.0 0.0 0.0 0.0 3.0 1.0 0.0 0.0 0.0 0.0 0.0 0.0 0.0 0.0 0.0 0.0 1.0 1.0 0.0 0.0 0.0 0.0 0.0 0.0 
2568.665283203125 1894.3507080078125 -932.6109619140625 -457.7925109863281 4865.8486328125 -260.6255187988281 -305.6804504394531 -5914.1357421875 -4879.798828125 -1463.6722412109375 5686.3369140625 6501.0234375 -229.69357299804688 -6525.37158203125 -10196.8837890625 7434.873046875 6848.87060546875 1407.7764892578125 -3425.05322265625 -2616.42578125 output 1 2 4 7 10 5 8 6 9 3 indices 2 -1 3 4 6 -1 1 3 2 1 -1 4 2 1 3 -1 2 1 3 4 -1 7 1 2 -1 2 1 3 2 1 3 4 2 1 3 4 2 1 3 4 value 0.0 0.0 0.0 0.0 1.0 1.0 0.0 0.0 0.0 0.0 0.0 0.0 0.0 0.0 0.0 0.0 0.0 0.0 0.0 0.0 3.0 1.0 0.0 0.0 3.0 1.0 0.0 0.0 0.0 0.0 0.0 0.0 0.0 0.0 0.0 0.0 0.0 0.0 0.0 0.0 
1628.4114990234375 6272.6708984375 -10424.6318359375 -3921.796142578125 -2019.110595703125 7528.01123046875 1511.0794677734375 6898.3505859375 4829.2890625 3064.107666015625 3100.044189453125 -834.9915771484375 3331.332275390625 -4839.71435546875 2362.17822265625 -5570.42578125 -8939.8115234375 -11585.9326171875 4621.2197265625 2989.72021484375 output 8 7 6 10 5 1 4 3 2 9 indices 2 -1 3 4 -1 1 3 4 2 1 -1 4 2 1 3 -1 -1 9 1 2 2 1 3 4 2 1 3 4 -1 5 1 2 -1 8 1 2 2 1 3 4 value 0.0 0.0 0.0 0.0 0.0 0.0 0.0 0.0 0.0 0.0 0.0 0.0 0.0 0.0 0.0 0.0 3.0 1.0 0.0 0.0 0.0 0.0 0.0 0.0 0.0 0.0 0.0 0.0 1.0 1.0 0.0 0.0 3.0 1.0 0.0 0.0 0.0 0.0 0.0 0.0 
3990.534423828125 -915.6433715820312 -7294.5283203125 1420.2940673828125 6569.34619140625 2934.02392578125 6025.3388671875 7411.65380859375 -3641.536865234375 -1531.4393310546875 6599.61865234375 -2265.11767578125 3861.80712890625 -1000.4920043945312 -8629.103515625 -6352.599609375 -7150.49951171875 6222.64208984375 -330.9770812988281 -5923.3212890625 output 3 4 9 2 5 8 10 7 1 6 indices 2 -1 3 4 -1 1 3 4 2 1 -1 4 -1 8 1 2 -1 4 1 2 2 1 3 4 2 1 3 4 -1 5 1 2 2 1 3 4 2 1 3 4 value 0.0 0.0 0.0 0.0 0.0 0.0 0.0 0.0 0.0 0.0 0.0 0.0 3.0 1.0 0.0 0.0 1.0 1.0 0.0 0.0 0.0 0.0 0.0 0.0 0.0 0.0 0.0 0.0 3.0 1.0 0.0 0.0 0.0 0.0 0.0 0.0 0.0 0.0 0.0 0.0 
-1629.9508056640625 3880.57568359375 -6373.93603515625 5082.53955078125 2932.515380859375 -8183.51953125 -9771.205078125 6362.30126953125 498.54150390625 -4979.3896484375 2378.976806640625 -5132.146484375 7223.1533203125 -3026.289794921875 -6869.880859375 9875.345703125 1934.1585693359375 1698.694091796875 9677.626953125 -5578.1103515625 output 4 8 1 9 7 10 3 6 5 2 indices 2 -1 3 4 -1 1 3 4 -1 5 1 2 2 1 3 -1 8 -1 1 2 2 1 3 4 2 1 3 4 -1 3 1 2 2 1 3 4 2 1 3 4 value 0.0 0.0 0.0 0.0 0.0 0.0 0.0 0.0 3.0 1.0 0.0 0.0 0.0 0.0 0.0 0.0 1.0 1.0 0.0 0.0 0.0 0.0 0.0 0.0 0.0 0.0 0.0 0.0 3.0 1.0 0.0 0.0 0.0 0.0 0.0 0.0 0.0 0.0 0.0 0.0 
-1179.2188720703125 -6900.96337890625 -9348.11328125 3750.96337890625 -8326.185546875 -981.3619995117188 7045.79248046875 4318.23046875 6045.1005859375 1554.282958984375 -4284.87255859375 -1302.6314697265625 -1889.51708984375 -5628.4765625 5111.9619140625 -468.86273193359375 8989.79296875 698.9519653320312 -2164.73974609375 4959.8671875 output 7 1 8 5 9 4 10 2 3 6 indices -1 7 2 3 -1 1 3 4 2 1 -1 4 -1 1 2 3 2 1 3 4 4 3 1 2 6 3 1 2 2 1 3 4 2 1 3 4 2 1 3 4 value 3.0 1.0 0.0 0.0 0.0 0.0 0.0 0.0 0.0 0.0 0.0 0.0 3.0 1.0 0.0 0.0 0.0 0.0 0.0 0.0 1.0 0.0 0.0 0.0 1.0 0.0 0.0 0.0 0.0 0.0 0.0 0.0 0.0 0.0 0.0 0.0 0.0 0.0 0.0 0.0 
67.74342346191406 -482.66424560546875 710.889404296875 -11527.9287109375 5441.13037109375 7368.64892578125 -6464.14892578125 2226.91943359375 3201.351806640625 3534.585693359375 -8567.607421875 1087.2894287109375 1545.562744140625 4142.2490234375 -8653.6943359375 -5165.759765625 5541.34375 856.0302734375 7177.42919921875 -2039.3699951171875 output 1 7 5 3 9 10 2 8 6 4 indices 3 -1 2 4 -1 1 3 4 -1 2 1 4 2 1 3 -1 2 1 3 4 2 1 3 4 2 1 3 4 2 1 3 4 2 1 3 4 2 1 3 4 value 1.0 1.0 0.0 0.0 3.0 1.0 0.0 0.0 3.0 1.0 0.0 0.0 0.0 0.0 0.0 0.0 0.0 0.0 0.0 0.0 0.0 0.0 0.0 0.0 0.0 0.0 0.0 0.0 0.0 0.0 0.0 0.0 0.0 0.0 0.0 0.0 0.0 0.0 0.0 0.0 
4009.34326171875 3449.624755859375 -3541.84521484375 3539.905029296875 -2516.88525390625 3272.162109375 -2031.4766845703125 -8570.41015625 -5015.0546875 -5327.693359375 1944.2327880859375 1761.5704345703125 -4489.083984375 -6300.2783203125 6634.93896484375 4662.21435546875 2726.73974609375 5809.92724609375 2279.090576171875 -2297.021728515625 output 4 7 5 2 3 9 8 1 6 10 indices 2 -1 3 4 -1 1 3 4 2 1 -1 4 -1 10 1 2 2 1 3 4 2 1 3 4 2 1 3 4 -1 4 1 2 2 1 3 4 -1 8 1 2 value 0.0 0.0 0.0 0.0 0.0 0.0 0.0 0.0 0.0 0.0 0.0 0.0 3.0 1.0 0.0 0.0 0.0 0.0 0.0 0.0 0.0 0.0 0.0 0.0 0.0 0.0 0.0 0.0 3.0 1.0 0.0 0.0 0.0 0.0 0.0 0.0 1.0 1.0 0.0 0.0 
2104.041015625 1789.34619140625 7627.73681640625 2411.780517578125 -2398.169677734375 3417.233642578125 10099.23828125 1530.2655029296875 -7844.15673828125 -4749.41064453125 4872.49609375 -7334.82861328125 -3508.5966796875 -7978.81982421875 -1569.381591796875 7035.6357421875 -7439.0185546875 2082.336181640625 -1944.1888427734375 1796.4613037109375 output 5 7 6 4 2 1 10 3 8 9 indices 2 -1 3 4 -1 1 3 4 2 1 -1 4 7 -1 1 2 2 1 3 4 2 1 3 4 -1 8 1 2 -1 4 1 2 2 1 3 4 2 1 3 4 value 0.0 0.0 0.0 0.0 0.0 0.0 0.0 0.0 0.0 0.0 0.0 0.0 1.0 1.0 0.0 0.0 0.0 0.0 0.0 0.0 0.0 0.0 0.0 0.0 5.0 1.0 0.0 0.0 1.0 1.0 0.0 0.0 0.0 0.0 0.0 0.0 0.0 0.0 0.0 0.0 
7881.69482421875 -5078.86572265625 6376.1669921875 7650.84130859375 -2338.43310546875 7430.416015625 3129.94677734375 -1703.01123046875 4354.68603515625 -4231.09716796875 -1415.6251220703125 -1693.413330078125 -491.1038818359375 4593.91455078125 -3842.843505859375 -4518.43505859375 -2102.50634765625 3509.8583984375 -11551.9833984375 -5960.2080078125 output 1 5 4 6 8 10 9 7 3 2 indices 2 -1 3 4 -1 10 1 3 2 1 -1 4 2 1 3 -1 2 1 3 4 -1 2 1 3 2 1 3 4 2 1 3 4 2 1 3 4 -1 6 1 2 value 0.0 0.0 0.0 0.0 3.0 1.0 0.0 0.0 0.0 0.0 0.0 0.0 0.0 0.0 0.0 0.0 0.0 0.0 0.0 0.0 1.0 1.0 0.0 0.0 0.0 0.0 0.0 0.0 0.0 0.0 0.0 0.0 0.0 0.0 0.0 0.0 3.0 1.0 0.0 0.0 
-5792.74462890625 4852.37451171875 987.731201171875 4577.5654296875 6766.10498046875 3261.736083984375 -5031.09130859375 -4600.3037109375 -1436.388427734375 -2884.0205078125 -421.9987487792969 -768.8551025390625 8096.70263671875 -6548.9814453125 -3404.046875 5819.94140625 -3923.053955078125 -5275.078125 4158.78515625 1565.62158203125 output 9 4 1 8 2 10 3 7 6 5 indices 2 -1 3 4 -1 1 3 4 -1 7 1 2 2 1 3 -1 2 1 3 4 -1 3 1 2 -1 6 1 2 2 1 3 4 2 1 3 4 2 1 3 4 value 0.0 0.0 0.0 0.0 0.0 0.0 0.0 0.0 3.0 1.0 0.0 0.0 0.0 0.0 0.0 0.0 0.0 0.0 0.0 0.0 1.0 1.0 0.0 0.0 3.0 1.0 0.0 0.0 0.0 0.0 0.0 0.0 0.0 0.0 0.0 0.0 0.0 0.0 0.0 0.0 
-6302.8818359375 1936.3353271484375 -4099.1044921875 -10905.0673828125 2918.3212890625 7753.37255859375 7445.5205078125 3934.744384765625 -9176.3974609375 2212.7685546875 7906.1875 -1356.2296142578125 4493.2998046875 -7802.10009765625 3622.92138671875 -1864.505859375 3337.61474609375 6610.2880859375 -10145.4814453125 -519.6063842773438 output 1 5 10 2 7 8 6 4 9 3 indices 2 -1 3 4 -1 3 1 4 -1 2 1 4 2 1 3 -1 2 1 3 4 2 1 3 4 2 1 3 4 2 1 3 4 2 1 3 4 2 1 3 4 value 0.0 0.0 0.0 0.0 5.0 1.0 0.0 0.0 3.0 1.0 0.0 0.0 0.0 0.0 0.0 0.0 0.0 0.0 0.0 0.0 0.0 0.0 0.0 0.0 0.0 0.0 0.0 0.0 0.0 0.0 0.0 0.0 0.0 0.0 0.0 0.0 0.0 0.0 0.0 0.0 
6331.103515625 1934.9130859375 -1681.6138916015625 8872.47265625 2436.635986328125 8229.2265625 2035.614990234375 7489.0888671875 4887.53173828125 -586.4686279296875 2631.152587890625 -4933.095703125 -1795.6334228515625 -4516.8798828125 -9535.15625 -7526.04150390625 1660.15283203125 -3325.809326171875 -6969.78857421875 -5637.40673828125 output 10 8 2 3 4 1 5 6 9 7 indices 2 -1 3 4 -1 1 3 4 -1 8 1 2 2 1 3 -1 2 1 3 4 2 1 3 4 -1 3 1 2 -1 7 1 2 2 1 3 4 2 1 3 4 value 0.0 0.0 0.0 0.0 0.0 0.0 0.0 0.0 3.0 1.0 0.0 0.0 0.0 0.0 0.0 0.0 0.0 0.0 0.0 0.0 0.0 0.0 0.0 0.0 1.0 1.0 0.0 0.0 3.0 1.0 0.0 0.0 0.0 0.0 0.0 0.0 0.0 0.0 0.0 0.0 
4867.9248046875 5469.435546875 -4044.490234375 -3395.382568359375 6536.33642578125 -7702.5712890625 -7339.1513671875 -6162.177734375 8295.583984375 -8486.81640625 -670.19677734375 -7903.30078125 -3500.9326171875 5138.025390625 -7182.23291015625 10015.7529296875 5204.779296875 9826.392578125 -2167.620361328125 3200.642578125 output 8 7 10 2 4 6 3 5 1 9 indices 2 -1 3 4 9 -1 1 3 2 1 -1 4 2 1 3 -1 6 -1 1 2 -1 2 1 3 2 1 3 4 2 1 3 4 -1 5 1 2 2 1 3 4 value 0.0 0.0 0.0 0.0 1.0 1.0 0.0 0.0 0.0 0.0 0.0 0.0 0.0 0.0 0.0 0.0 1.0 1.0 0.0 0.0 1.0 1.0 0.0 0.0 0.0 0.0 0.0 0.0 0.0 0.0 0.0 0.0 3.0 1.0 0.0 0.0 0.0 0.0 0.0 0.0 
-560.47021484375 11525.4541015625 -7943.87451171875 -5490.48046875 -5648.6806640625 6270.93505859375 5237.07373046875 -4363.5595703125 6269.2724609375 914.7453002929688 -5710.708984375 -1114.5399169921875 3319.1162109375 -3684.7041015625 8561.5087890625 -4805.658203125 -6068.5908203125 -479.7104797363281 2545.354248046875 1227.5181884765625 output 4 7 2 6 9 3 1 10 5 8 indices -1 2 3 4 -1 6 1 3 2 1 -1 4 2 1 3 -1 2 1 3 4 -1 1 2 3 2 1 3 4 2 1 3 4 2 1 3 4 2 1 3 4 value 3.0 1.0 0.0 0.0 3.0 1.0 0.0 0.0 0.0 0.0 0.0 0.0 0.0 0.0 0.0 0.0 0.0 0.0 0.0 0.0 1.0 1.0 0.0 0.0 0.0 0.0 0.0 0.0 0.0 0.0 0.0 0.0 0.0 0.0 0.0 0.0 0.0 0.0 0.0 0.0 
1719.5965576171875 6024.88134765625 5538.75634765625 -7151.42919921875 5882.80517578125 -2661.21142578125 5996.41357421875 9962.4306640625 -2012.5015869140625 -7574.7529296875 -10615.9453125 8737.6640625 6856.576171875 713.4658813476562 -11477.9169921875 -6268.44384765625 -2476.328125 2090.9052734375 588.5441284179688 -3873.509765625 output 1 4 7 3 2 10 5 8 6 9 indices 2 -1 3 4 -1 1 3 4 2 1 -1 4 -1 5 1 2 -1 10 1 2 2 1 3 4 2 1 3 4 2 1 3 4 2 1 3 4 -1 4 1 2 value 0.0 0.0 0.0 0.0 0.0 0.0 0.0 0.0 0.0 0.0 0.0 0.0 3.0 1.0 0.0 0.0 3.0 1.0 0.0 0.0 0.0 0.0 0.0 0.0 0.0 0.0 0.0 0.0 0.0 0.0 0.0 0.0 0.0 0.0 0.0 0.0 1.0 1.0 0.0 0.0 
-439.2663269042969 1673.6363525390625 5120.72900390625 3781.867919921875 -5251.6572265625 -853.4984130859375 -4399.17529296875 7576.6328125 -4593.2978515625 5358.1923828125 10016.013671875 -7494.54248046875 5240.38134765625 -7089.4658203125 -4892.50732421875 -1883.8807373046875 629.7142333984375 5436.4169921875 -1430.93408203125 -6505.35888671875 output 1 5 4 9 2 6 7 10 8 3 indices 2 -1 3 4 7 -1 1 3 2 1 -1 4 -1 2 1 3 2 1 3 4 2 1 3 4 -1 8 1 2 -1 4 1 2 2 1 3 4 2 1 3 4 value 0.0 0.0 0.0 0.0 1.0 1.0 0.0 0.0 0.0 0.0 0.0 0.0 1.0 1.0 0.0 0.0 0.0 0.0 0.0 0.0 0.0 0.0 0.0 0.0 3.0 1.0 0.0 0.0 1.0 1.0 0.0 0.0 0.0 0.0 0.0 0.0 0.0 0.0 0.0 0.0 
-7066.6201171875 4723.134765625 9860.2314453125 -258.426513671875 -209.58395385742188 7431.751953125 -4626.37255859375 -99.5560073852539 -7981.47998046875 7195.53564453125 9587.5830078125 -1685.1336669921875 4203.7900390625 -6959.86328125 -6387.6787109375 -991.9076538085938 9738.951171875 -4125.7548828125 -7118.8203125 -5229.7802734375 output 10 8 4 1 5 3 2 6 9 7 indices 2 -1 3 4 -1 1 3 4 -1 7 1 2 -1 3 1 2 2 1 3 4 2 1 3 4 -1 4 1 2 2 1 3 4 2 1 3 4 2 1 3 4 value 0.0 0.0 0.0 0.0 0.0 0.0 0.0 0.0 3.0 1.0 0.0 0.0 1.0 1.0 0.0 0.0 0.0 0.0 0.0 0.0 0.0 0.0 0.0 0.0 3.0 1.0 0.0 0.0 0.0 0.0 0.0 0.0 0.0 0.0 0.0 0.0 0.0 0.0 0.0 0.0 
6735.0576171875 -2802.302978515625 1389.5361328125 -10507.125 1667.5465087890625 7783.01611328125 -1509.1710205078125 2055.808837890625 -4653.78369140625 4525.41650390625 -6286.025390625 -8782.5966796875 -8290.263671875 -7748.736328125 4303.96484375 5146.5087890625 1603.788818359375 7496.6845703125 5039.35009765625 2833.32666015625 output 8 10 1 2 6 7 4 5 9 3 indices 2 -1 3 4 -1 6 1 3 -1 2 1 4 2 1 3 -1 2 1 3 4 -1 3 1 2 2 1 3 4 2 1 3 4 2 1 3 4 2 1 3 4 value 0.0 0.0 0.0 0.0 3.0 1.0 0.0 0.0 3.0 1.0 0.0 0.0 0.0 0.0 0.0 0.0 0.0 0.0 0.0 0.0 1.0 1.0 0.0 0.0 0.0 0.0 0.0 0.0 0.0 0.0 0.0 0.0 0.0 0.0 0.0 0.0 0.0 0.0 0.0 0.0 
-139.1182403564453 -3814.90966796875 -4817.9560546875 -575.2959594726562 -3731.42822265625 -8254.326171875 -38.91231155395508 4689.64453125 10231.900390625 2004.8145751953125 9063.3291015625 7932.357421875 -2402.23828125 -3233.719482421875 1369.218017578125 -192.40048217773438 -7222.06201171875 3444.090576171875 -2312.73291015625 -2000.2554931640625 output 5 6 4 9 2 10 7 3 1 8 indices 2 -1 3 4 -1 1 3 4 -1 10 1 2 2 1 3 -1 2 1 3 4 -1 3 1 2 2 1 3 4 2 1 3 4 2 1 3 4 -1 6 1 2 value 0.0 0.0 0.0 0.0 0.0 0.0 0.0 0.0 3.0 1.0 0.0 0.0 0.0 0.0 0.0 0.0 0.0 0.0 0.0 0.0 3.0 1.0 0.0 0.0 0.0 0.0 0.0 0.0 0.0 0.0 0.0 0.0 0.0 0.0 0.0 0.0 1.0 1.0 0.0 0.0 
-5805.234375 -3072.971923828125 -8710.455078125 -2360.56982421875 -5843.990234375 -2718.80810546875 2947.652099609375 -4952.1484375 3065.35009765625 8116.45751953125 7710.04296875 -667.8526000976562 1243.2056884765625 -11306.8662109375 283.3698425292969 5148.330078125 5326.56689453125 3921.2041015625 -216.50779724121094 7893.22509765625 output 1 3 2 8 10 5 9 6 4 7 indices 3 5 -1 2 -1 1 3 4 5 -1 1 2 2 1 3 -1 -1 7 1 2 2 1 3 4 -1 1 2 3 2 1 3 4 2 1 3 4 2 1 3 4 value 1.0 1.7923884202346958e-16 1.7923884202346958e-16 0.0 0.0 0.0 0.0 0.0 1.0 0.0 0.0 0.0 0.0 0.0 0.0 0.0 3.0 1.0 0.0 0.0 0.0 0.0 0.0 0.0 3.0 1.0 0.0 0.0 0.0 0.0 0.0 0.0 0.0 0.0 0.0 0.0 0.0 0.0 0.0 0.0 
9259.4013671875 -3869.704345703125 1784.799560546875 8871.306640625 -8569.8310546875 -6081.61376953125 -5657.20654296875 4225.4306640625 -1736.9447021484375 -7882.17236328125 8428.5400390625 5240.501953125 7194.6142578125 1592.9139404296875 -3928.022216796875 -6551.91015625 -4509.34375 -2608.9775390625 -2266.0068359375 7064.2255859375 output 3 9 4 10 2 6 7 1 5 8 indices 2 -1 3 4 -1 5 1 3 2 1 -1 4 2 1 3 -1 -1 9 1 2 2 1 3 4 2 1 3 4 2 1 3 4 -1 2 1 3 2 1 3 4 value 0.0 0.0 0.0 0.0 3.0 1.0 0.0 0.0 0.0 0.0 0.0 0.0 0.0 0.0 0.0 0.0 3.0 1.0 0.0 0.0 0.0 0.0 0.0 0.0 0.0 0.0 0.0 0.0 0.0 0.0 0.0 0.0 1.0 1.0 0.0 0.0 0.0 0.0 0.0 0.0 
-6391.88427734375 5165.08447265625 1039.681396484375 4199.84814453125 -2356.392822265625 -7544.8876953125 -4610.29541015625 -985.1875610351562 4025.801513671875 4946.44091796875 7318.009765625 -7752.42822265625 -6452.85205078125 3908.776123046875 -4449.43310546875 -4502.17919921875 4022.855224609375 -3849.388671875 7854.509765625 6413.9208984375 output 5 10 9 6 3 8 4 7 1 2 indices 2 -1 3 4 -1 1 3 4 -1 4 1 2 10 -1 1 2 2 1 3 4 2 1 3 4 2 1 3 4 2 1 3 4 2 1 3 4 -1 3 1 2 value 0.0 0.0 0.0 0.0 0.0 0.0 0.0 0.0 3.0 1.0 0.0 0.0 1.0 1.0 0.0 0.0 0.0 0.0 0.0 0.0 0.0 0.0 0.0 0.0 0.0 0.0 0.0 0.0 0.0 0.0 0.0 0.0 0.0 0.0 0.0 0.0 3.0 1.0 0.0 0.0 
6716.58740234375 3648.39599609375 -8287.1103515625 3475.34619140625 1282.66357421875 -2854.956298828125 -8904.6630859375 5118.5185546875 1859.8531494140625 -4904.36865234375 -1952.252197265625 -442.1994323730469 6678.5244140625 8678.3486328125 6845.3056640625 277.13592529296875 -8265.431640625 -7096.99169921875 4026.5224609375 -5899.22900390625 output 8 1 7 4 2 9 6 3 5 10 indices 2 -1 3 4 -1 1 3 4 2 1 -1 4 2 1 3 -1 2 1 3 4 7 -1 1 2 -1 9 1 2 2 1 3 4 -1 6 1 2 2 1 3 4 value 0.0 0.0 0.0 0.0 0.0 0.0 0.0 0.0 0.0 0.0 0.0 0.0 0.0 0.0 0.0 0.0 0.0 0.0 0.0 0.0 1.0 1.0 0.0 0.0 3.0 1.0 0.0 0.0 0.0 0.0 0.0 0.0 3.0 1.0 0.0 0.0 0.0 0.0 0.0 0.0 
10163.19140625 1589.8956298828125 -4976.27001953125 -6377.82080078125 6488.6279296875 -4096.7861328125 5489.78515625 -1172.5374755859375 -3859.37646484375 -6561.7890625 -2547.680908203125 1984.061279296875 2149.7685546875 1898.1378173828125 -6587.90625 11676.7001953125 -3471.418212890625 6194.2958984375 -2848.721435546875 -5134.15771484375 output 1 4 3 10 5 2 6 9 8 7 indices 2 -1 3 4 -1 1 3 4 2 1 -1 4 2 1 3 -1 -1 10 1 2 2 1 3 4 2 1 3 4 -1 5 1 2 2 1 3 4 -1 8 1 2 value 0.0 0.0 0.0 0.0 0.0 0.0 0.0 0.0 0.0 0.0 0.0 0.0 0.0 0.0 0.0 0.0 3.0 1.0 0.0 0.0 0.0 0.0 0.0 0.0 0.0 0.0 0.0 0.0 3.0 1.0 0.0 0.0 0.0 0.0 0.0 0.0 1.0 1.0 0.0 0.0 
-279.9497985839844 3658.37255859375 374.0047607421875 5972.43701171875 7353.26171875 -4835.91259765625 6368.07373046875 -690.098388671875 -2287.933349609375 3338.978759765625 4143.87451171875 2660.5478515625 8809.388671875 6507.220703125 -7567.8818359375 -6916.27734375 -7787.10986328125 -1855.9593505859375 -9125.728515625 -7839.3095703125 output 8 10 9 5 1 2 7 6 4 3 indices 2 -1 3 4 -1 1 3 4 2 1 -1 4 2 1 3 -1 2 1 3 4 2 1 3 4 -1 10 1 2 2 1 3 4 -1 7 1 2 -1 9 1 2 value 0.0 0.0 0.0 0.0 0.0 0.0 0.0 0.0 0.0 0.0 0.0 0.0 0.0 0.0 0.0 0.0 0.0 0.0 0.0 0.0 0.0 0.0 0.0 0.0 3.0 1.0 0.0 0.0 0.0 0.0 0.0 0.0 1.0 1.0 0.0 0.0 3.0 1.0 0.0 0.0 
-6026.1728515625 2042.8455810546875 1790.1173095703125 7992.8759765625 -5830.18408203125 9278.5126953125 7995.779296875 -5647.341796875 5502.09765625 3408.806884765625 1523.3770751953125 -5566.86767578125 -6263.0537109375 -5073.685546875 -6176.23828125 501.5743713378906 -1581.8331298828125 -4544.33447265625 9066.111328125 -2392.386474609375 output 9 6 4 10 5 2 3 1 8 7 indices 2 -1 3 4 -1 6 1 3 2 1 -1 4 2 1 3 -1 2 1 3 4 -1 9 1 2 2 1 3 4 2 1 3 4 -1 2 1 3 2 1 3 4 value 0.0 0.0 0.0 0.0 3.0 1.0 0.0 0.0 0.0 0.0 0.0 0.0 0.0 0.0 0.0 0.0 0.0 0.0 0.0 0.0 3.0 1.0 0.0 0.0 0.0 0.0 0.0 0.0 0.0 0.0 0.0 0.0 1.0 1.0 0.0 0.0 0.0 0.0 0.0 0.0 
1603.0045166015625 -9489.9970703125 -472.9422607421875 -8854.8935546875 -1079.246337890625 -129.0951690673828 5473.49951171875 5269.78369140625 -1223.2012939453125 8595.8974609375 -4132.1328125 1882.8402099609375 -3145.529541015625 -5771.732421875 -10274.5390625 9836.4375 5294.7158203125 4552.94580078125 7956.3720703125 -5892.18603515625 output 1 2 7 3 6 8 5 4 9 10 indices -1 3 2 4 -1 1 3 4 5 -1 1 2 2 1 3 -1 -1 1 2 3 2 1 3 4 2 1 3 4 2 1 3 4 2 1 3 4 2 1 3 4 value 3.0 1.0 0.0 0.0 0.0 0.0 0.0 0.0 1.0 1.0 0.0 0.0 0.0 0.0 0.0 0.0 3.0 1.0 0.0 0.0 0.0 0.0 0.0 0.0 0.0 0.0 0.0 0.0 0.0 0.0 0.0 0.0 0.0 0.0 0.0 0.0 0.0 0.0 0.0 0.0 
-5864.798828125 -6379.66455078125 -17.74395751953125 12112.5087890625 -6456.34912109375 -1022.9323120117188 6403.0654296875 -538.5476684570312 -3105.31591796875 472.8482360839844 -6201.091796875 -1917.5335693359375 -1701.3773193359375 -2289.226806640625 8599.8662109375 8156.15771484375 8936.3193359375 -6860.58544921875 -592.573486328125 -1733.0247802734375 output 9 4 8 2 5 3 6 1 7 10 indices -1 10 2 3 8 -1 1 3 2 1 -1 4 2 1 3 -1 2 1 3 4 2 1 3 4 2 1 3 4 -1 1 2 3 2 1 3 4 -1 2 1 3 value 3.0 1.0 0.0 0.0 1.0 1.0 0.0 0.0 0.0 0.0 0.0 0.0 0.0 0.0 0.0 0.0 0.0 0.0 0.0 0.0 0.0 0.0 0.0 0.0 0.0 0.0 0.0 0.0 1.0 1.0 0.0 0.0 0.0 0.0 0.0 0.0 1.0 1.0 0.0 0.0 
-2191.41015625 7389.6572265625 5693.966796875 -673.6840209960938 -7778.10205078125 -4338.40576171875 7841.134765625 -10054.5546875 7351.919921875 6642.65966796875 -8887.9013671875 4712.63134765625 6174.87890625 2921.2001953125 6608.44873046875 -419.9928894042969 -4237.53564453125 265.4759521484375 -10575.400390625 -6444.98779296875 output 7 5 1 6 9 3 10 4 2 8 indices 2 -1 3 4 -1 1 3 4 2 1 -1 4 -1 9 1 2 -1 4 1 2 2 1 3 4 2 1 3 4 2 1 3 4 -1 5 1 2 2 1 3 4 value 0.0 0.0 0.0 0.0 0.0 0.0 0.0 0.0 0.0 0.0 0.0 0.0 3.0 1.0 0.0 0.0 3.0 1.0 0.0 0.0 0.0 0.0 0.0 0.0 0.0 0.0 0.0 0.0 0.0 0.0 0.0 0.0 1.0 1.0 0.0 0.0 0.0 0.0 0.0 0.0 
1691.1151123046875 -356.3215637207031 -7358.44970703125 1698.7818603515625 9984.0830078125 57.03229904174805 -7375.24853515625 -2425.887451171875 6229.07470703125 -5133.24365234375 -4065.057373046875 -4021.56689453125 -4495.68408203125 113.11224365234375 1223.861328125 3862.8955078125 2034.338134765625 -5459.0107421875 2131.968017578125 11664.2080078125 output 1 7 2 4 6 9 5 3 10 8 indices 2 -1 3 4 -1 1 3 4 2 1 -1 4 2 1 3 -1 2 1 3 4 10 -1 1 2 2 1 3 4 2 1 3 4 -1 6 1 2 -1 9 1 2 value 0.0 0.0 0.0 0.0 0.0 0.0 0.0 0.0 0.0 0.0 0.0 0.0 0.0 0.0 0.0 0.0 0.0 0.0 0.0 0.0 1.0 1.0 0.0 0.0 0.0 0.0 0.0 0.0 0.0 0.0 0.0 0.0 3.0 1.0 0.0 0.0 3.0 1.0 0.0 0.0 
6678.787109375 360.2403259277344 1256.7138671875 1026.2762451171875 9592.7978515625 3580.22998046875 1170.2108154296875 3790.22314453125 -4986.013671875 -9182.8271484375 -1463.7950439453125 994.0306396484375 2443.062744140625 1030.7646484375 -4872.52490234375 -170.46212768554688 -7215.04443359375 -266.72857666015625 -2604.19482421875 -1161.7464599609375 output 1 3 4 6 8 9 5 10 2 7 indices 2 -1 3 4 -1 1 3 4 -1 5 1 2 2 1 3 -1 -1 10 1 2 2 1 3 4 2 1 3 4 2 1 3 4 2 1 3 4 -1 3 1 2 value 0.0 0.0 0.0 0.0 0.0 0.0 0.0 0.0 3.0 1.0 0.0 0.0 0.0 0.0 0.0 0.0 3.0 1.0 0.0 0.0 0.0 0.0 0.0 0.0 0.0 0.0 0.0 0.0 0.0 0.0 0.0 0.0 0.0 0.0 0.0 0.0 1.0 1.0 0.0 0.0 
8878.4208984375 -5322.8017578125 5867.8955078125 6440.26904296875 -3760.36572265625 -1653.470947265625 -5968.90869140625 5749.24658203125 8650.6162109375 -4596.18017578125 -8931.4931640625 3088.12646484375 -5688.60595703125 6540.7734375 2695.10693359375 439.5556945800781 8418.0927734375 -4283.3369140625 -10160.7578125 -6402.181640625 output 1 5 9 2 7 4 6 10 3 8 indices 2 -1 3 4 -1 10 1 3 -1 2 1 4 2 1 3 -1 2 1 3 4 2 1 3 4 2 1 3 4 2 1 3 4 2 1 3 4 -1 3 1 2 value 0.0 0.0 0.0 0.0 3.0 1.0 0.0 0.0 1.0 1.0 0.0 0.0 0.0 0.0 0.0 0.0 0.0 0.0 0.0 0.0 0.0 0.0 0.0 0.0 0.0 0.0 0.0 0.0 0.0 0.0 0.0 0.0 0.0 0.0 0.0 0.0 3.0 1.0 0.0 0.0 
-3700.520751953125 4450.30322265625 5541.34619140625 -365.6372375488281 -2857.631591796875 1467.5672607421875 751.0337524414062 7288.36572265625 -2845.360107421875 3894.484375 -274.8401794433594 -6571.44287109375 3867.408935546875 -9031.5341796875 -257.9398498535156 4659.93212890625 5688.427734375 -8451.2900390625 -5911.923828125 2659.252197265625 output 7 9 2 4 8 5 1 10 3 6 indices 2 -1 3 4 -1 1 3 4 4 -1 1 2 -1 7 1 2 2 1 3 4 3 4 1 2 -1 6 1 2 2 1 3 4 2 1 3 4 2 1 3 4 value 0.0 0.0 0.0 0.0 0.0 0.0 0.0 0.0 1.0 0.0 0.0 0.0 3.0 1.0 0.0 0.0 0.0 0.0 0.0 0.0 1.0 0.0 0.0 0.0 3.0 1.0 0.0 0.0 0.0 0.0 0.0 0.0 0.0 0.0 0.0 0.0 0.0 0.0 0.0 0.0 
-1112.7657470703125 -448.4105224609375 5602.53173828125 -8787.0625 -6508.54833984375 4974.70263671875 -1476.619873046875 -2581.976806640625 3872.80322265625 4346.14208984375 6871.43798828125 2602.381591796875 56.00090026855469 -7276.09716796875 -8360.8056640625 7616.94677734375 -1123.9593505859375 7820.72998046875 2179.925537109375 -8267.3564453125 output 5 6 2 10 7 4 1 3 8 9 indices 9 -1 2 3 -1 1 3 4 2 1 -1 4 2 1 3 -1 2 1 3 4 2 1 3 4 2 1 3 4 2 1 3 4 -1 2 1 3 2 1 3 4 value 1.0 1.0 0.0 0.0 3.0 1.0 0.0 0.0 0.0 0.0 0.0 0.0 0.0 0.0 0.0 0.0 0.0 0.0 0.0 0.0 0.0 0.0 0.0 0.0 0.0 0.0 0.0 0.0 0.0 0.0 0.0 0.0 3.0 1.0 0.0 0.0 0.0 0.0 0.0 0.0 
2918.76025390625 -7065.5771484375 8862.8154296875 -8011.47802734375 7293.80029296875 1812.741455078125 -4910.8759765625 7014.43701171875 -366.9666442871094 5245.15576171875 7663.46923828125 4099.3056640625 -8392.544921875 -8854.56640625 -7280.888671875 -6685.03759765625 -4301.98828125 3653.806884765625 -1485.580322265625 8791.2119140625 output 2 1 7 8 9 4 10 5 6 3 indices 2 -1 3 4 -1 1 3 4 2 1 -1 4 2 1 3 -1 2 1 3 4 2 1 3 4 -1 8 1 2 10 -1 1 2 2 1 3 4 -1 7 1 2 value 0.0 0.0 0.0 0.0 0.0 0.0 0.0 0.0 0.0 0.0 0.0 0.0 0.0 0.0 0.0 0.0 0.0 0.0 0.0 0.0 0.0 0.0 0.0 0.0 3.0 1.0 0.0 0.0 1.0 1.0 0.0 0.0 0.0 0.0 0.0 0.0 3.0 1.0 0.0 0.0 
-7667.97216796875 -6498.6533203125 -7892.8603515625 -3534.16943359375 -1185.8751220703125 -7111.25732421875 -436.6719970703125 6459.35205078125 -1035.575927734375 -3767.84912109375 3243.3564453125 7795.453125 8465.24609375 7029.49951171875 5864.748046875 -1371.4385986328125 -8568.091796875 499.4906921386719 9213.697265625 499.5728759765625 output 6 4 9 2 1 3 5 8 10 7 indices 2 -1 3 4 -1 1 3 4 -1 5 1 2 2 1 3 -1 7 -1 1 2 2 1 3 4 -1 3 1 2 2 1 3 4 2 1 3 4 2 1 3 4 value 0.0 0.0 0.0 0.0 0.0 0.0 0.0 0.0 3.0 1.0 0.0 0.0 0.0 0.0 0.0 0.0 1.0 1.0 0.0 0.0 0.0 0.0 0.0 0.0 3.0 1.0 0.0 0.0 0.0 0.0 0.0 0.0 0.0 0.0 0.0 0.0 0.0 0.0 0.0 0.0 
-5003.9423828125 718.1171875 8563.15625 6653.20654296875 -6334.2314453125 -3489.0966796875 -4537.220703125 6539.98876953125 1466.8486328125 1290.507568359375 7376.75 -4477.265625 -6478.27734375 1341.382080078125 -140.03614807128906 6110.6806640625 -1525.6256103515625 -8927.5859375 6612.5791015625 -5759.93505859375 output 7 1 3 9 10 6 2 5 8 4 indices 2 -1 3 4 -1 9 1 3 -1 2 1 4 2 1 3 -1 2 1 3 4 2 1 3 4 2 1 3 4 2 1 3 4 -1 3 1 2 2 1 3 4 value 0.0 0.0 0.0 0.0 3.0 1.0 0.0 0.0 1.0 1.0 0.0 0.0 0.0 0.0 0.0 0.0 0.0 0.0 0.0 0.0 0.0 0.0 0.0 0.0 0.0 0.0 0.0 0.0 0.0 0.0 0.0 0.0 3.0 1.0 0.0 0.0 0.0 0.0 0.0 0.0 
-9611.091796875 -6208.10009765625 -4938.123046875 1364.2767333984375 4146.7763671875 -6278.587890625 1580.0382080078125 4175.9208984375 5248.31103515625 9088.6044921875 -9420.712890625 -6569.2109375 7989.43017578125 6298.14794921875 4175.505859375 6111.4775390625 2801.8125 436.393310546875 -1971.947509765625 -8418.9228515625 output 2 4 8 5 7 9 3 10 6 1 indices 2 -1 3 4 -1 1 3 4 2 1 -1 4 2 1 3 -1 -1 10 1 2 2 1 3 4 2 1 3 4 2 1 3 4 2 1 3 4 -1 5 1 2 value 0.0 0.0 0.0 0.0 0.0 0.0 0.0 0.0 0.0 0.0 0.0 0.0 0.0 0.0 0.0 0.0 3.0 1.0 0.0 0.0 0.0 0.0 0.0 0.0 0.0 0.0 0.0 0.0 0.0 0.0 0.0 0.0 0.0 0.0 0.0 0.0 5.0 1.0 0.0 0.0 
8141.61962890625 -489.94451904296875 -7288.86669921875 -2816.94677734375 350.0379333496094 -5849.9541015625 -3115.25244140625 931.3649291992188 -79.13125610351562 -2570.9921875 -8249.4716796875 12911.892578125 10430.6142578125 7979.08447265625 4059.908203125 -5004.96337890625 -8470.154296875 -4506.310546875 4220.69677734375 -583.2305908203125 output 4 6 7 1 10 8 3 5 9 2 indices 2 -1 3 4 -1 1 3 4 -1 5 1 2 2 1 3 -1 7 -1 1 2 2 1 3 4 -1 3 1 2 2 1 3 4 2 1 3 4 2 1 3 4 value 0.0 0.0 0.0 0.0 0.0 0.0 0.0 0.0 3.0 1.0 0.0 0.0 0.0 0.0 0.0 0.0 1.0 1.0 0.0 0.0 0.0 0.0 0.0 0.0 3.0 1.0 0.0 0.0 0.0 0.0 0.0 0.0 0.0 0.0 0.0 0.0 0.0 0.0 0.0 0.0 
5104.28955078125 -4377.8720703125 7029.85302734375 4307.455078125 -8054.5673828125 2059.890869140625 7355.40380859375 -4203.7060546875 -8079.1904296875 5987.37353515625 -303.8667907714844 -11355.583984375 -9066.412109375 -6212.36865234375 3234.5205078125 2095.520263671875 -71.34937286376953 3777.0078125 2851.3193359375 7922.28369140625 output 1 4 8 2 10 9 5 3 7 6 indices 2 -1 3 4 -1 1 3 4 2 1 -1 4 2 1 3 -1 2 1 3 4 -1 7 1 2 10 -1 1 2 2 1 3 4 2 1 3 4 -1 6 1 2 value 0.0 0.0 0.0 0.0 0.0 0.0 0.0 0.0 0.0 0.0 0.0 0.0 0.0 0.0 0.0 0.0 0.0 0.0 0.0 0.0 3.0 1.0 0.0 0.0 1.0 1.0 0.0 0.0 0.0 0.0 0.0 0.0 0.0 0.0 0.0 0.0 3.0 1.0 0.0 0.0 
-3176.04443359375 -4522.51708984375 735.7119750976562 -787.41259765625 3942.642822265625 6901.64599609375 6229.521484375 -209.8929901123047 -853.49267578125 1929.21484375 2861.944580078125 -1711.1202392578125 -9651.6513671875 -2196.55810546875 -999.9356079101562 -3782.878173828125 1737.5159912109375 -4372.68359375 -826.2125244140625 8752.2021484375 output 1 7 5 10 3 4 6 2 9 8 indices -1 2 3 4 10 -1 1 3 -1 1 2 4 2 1 3 -1 2 1 3 4 2 1 3 4 2 1 3 4 2 1 3 4 2 1 3 4 -1 3 1 2 value 3.0 1.0 0.0 0.0 1.0 1.0 0.0 0.0 1.0 1.0 0.0 0.0 0.0 0.0 0.0 0.0 0.0 0.0 0.0 0.0 0.0 0.0 0.0 0.0 0.0 0.0 0.0 0.0 0.0 0.0 0.0 0.0 0.0 0.0 0.0 0.0 1.0 1.0 0.0 0.0 
836.9969482421875 9865.5009765625 -2419.442138671875 -7995.08203125 10476.265625 570.5623779296875 5669.8623046875 487.4700622558594 3781.123291015625 -1020.44921875 2843.055419921875 -8641.4560546875 -6668.1865234375 3933.535888671875 -4163.42529296875 3634.0634765625 -5525.48876953125 -7769.44189453125 -4830.76123046875 6935.29638671875 output 8 7 10 1 3 4 5 6 2 9 indices -1 6 2 3 -1 1 3 4 2 1 -1 4 2 1 3 -1 2 1 3 4 -1 2 1 3 2 1 3 4 2 1 3 4 2 1 3 4 2 1 3 4 value 3.0 1.0 0.0 0.0 1.0 1.0 0.0 0.0 0.0 0.0 0.0 0.0 0.0 0.0 0.0 0.0 0.0 0.0 0.0 0.0 3.0 1.0 0.0 0.0 0.0 0.0 0.0 0.0 0.0 0.0 0.0 0.0 0.0 0.0 0.0 0.0 0.0 0.0 0.0 0.0 
820.819091796875 3414.49853515625 1085.6839599609375 -5342.5146484375 666.642578125 4583.38623046875 833.1730346679688 -8634.205078125 -10119.6806640625 7812.86962890625 6850.09375 6790.83984375 -9075.6650390625 -10584.2080078125 1884.9007568359375 6253.236328125 5823.95458984375 -4865.03564453125 1230.0780029296875 571.1322631835938 output 1 10 9 2 4 7 5 8 6 3 indices 2 -1 3 4 6 -1 1 3 2 1 -1 4 2 1 3 -1 2 1 3 4 -1 7 1 2 -1 2 1 3 2 1 3 4 2 1 3 4 2 1 3 4 value 0.0 0.0 0.0 0.0 1.0 1.0 0.0 0.0 0.0 0.0 0.0 0.0 0.0 0.0 0.0 0.0 0.0 0.0 0.0 0.0 3.0 1.0 0.0 0.0 3.0 1.0 0.0 0.0 0.0 0.0 0.0 0.0 0.0 0.0 0.0 0.0 0.0 0.0 0.0 0.0 
9503.7021484375 -2106.747314453125 -5249.47216796875 4260.734375 -8113.22265625 6172.51513671875 5809.876953125 2360.0478515625 -1029.2047119140625 7375.04052734375 4210.44189453125 -4971.82177734375 -3736.06787109375 -11771.95703125 -7235.5263671875 -300.8355407714844 -3076.453857421875 -202.614501953125 8915.9267578125 -814.3623046875 output 8 9 7 6 1 10 4 5 2 3 indices 2 -1 3 4 -1 1 3 4 2 1 -1 4 2 1 3 -1 -1 7 1 2 2 1 3 4 -1 9 1 2 2 1 3 4 -1 5 1 2 2 1 3 4 value 0.0 0.0 0.0 0.0 0.0 0.0 0.0 0.0 0.0 0.0 0.0 0.0 0.0 0.0 0.0 0.0 3.0 1.0 0.0 0.0 0.0 0.0 0.0 0.0 3.0 1.0 0.0 0.0 0.0 0.0 0.0 0.0 1.0 1.0 0.0 0.0 0.0 0.0 0.0 0.0 
3374.453857421875 5294.16259765625 8016.05126953125 5505.72265625 -2019.321044921875 5711.08544921875 -2878.3125 -457.642578125 2467.28271484375 -4377.38134765625 -6518.8447265625 -6622.64208984375 -2144.56689453125 5120.50439453125 2079.165771484375 -9519.1171875 181.2704315185547 2741.03369140625 -2557.1787109375 -3395.724853515625 output 10 4 9 7 3 1 2 5 8 6 indices 2 -1 3 4 -1 8 1 3 2 1 -1 4 -1 2 1 3 2 1 3 4 2 1 3 4 2 1 3 4 -1 4 1 2 2 1 3 4 2 1 3 4 value 0.0 0.0 0.0 0.0 3.0 1.0 0.0 0.0 0.0 0.0 0.0 0.0 1.0 1.0 0.0 0.0 0.0 0.0 0.0 0.0 0.0 0.0 0.0 0.0 0.0 0.0 0.0 0.0 3.0 1.0 0.0 0.0 0.0 0.0 0.0 0.0 0.0 0.0 0.0 0.0 
-3747.42236328125 2129.440673828125 6117.06689453125 1121.7733154296875 -6540.408203125 -6953.26708984375 4079.001220703125 7487.337890625 4914.474609375 -5340.04345703125 -3756.9189453125 -4795.71240234375 -295.7350158691406 4799.15087890625 -1192.152099609375 -9685.34375 2297.940673828125 4328.2490234375 -1875.8465576171875 6908.41552734375 output 3 6 1 10 7 9 4 2 5 8 indices 2 -1 3 4 -1 1 3 4 2 1 -1 4 -1 8 1 2 2 1 3 4 -1 4 1 2 2 1 3 4 -1 6 1 2 2 1 3 4 2 1 3 4 value 0.0 0.0 0.0 0.0 0.0 0.0 0.0 0.0 0.0 0.0 0.0 0.0 3.0 1.0 0.0 0.0 0.0 0.0 0.0 0.0 1.0 1.0 0.0 0.0 0.0 0.0 0.0 0.0 3.0 1.0 0.0 0.0 0.0 0.0 0.0 0.0 0.0 0.0 0.0 0.0 
4611.60302734375 -6149.3310546875 1584.3125 -1256.0716552734375 7811.205078125 -4882.0283203125 3230.097900390625 -4706.630859375 -1820.9173583984375 4756.74853515625 -3680.8291015625 4704.11572265625 4099.96142578125 -679.149169921875 -8992.7431640625 -4328.24609375 -7125.62890625 2104.9814453125 282.9385070800781 10435.611328125 output 3 1 4 8 9 6 5 10 2 7 indices -1 2 3 4 10 -1 1 3 2 1 -1 4 2 1 3 -1 2 1 3 4 2 1 3 4 2 1 3 4 2 1 3 4 2 1 3 4 -1 1 2 3 value 3.0 1.0 0.0 0.0 1.0 1.0 0.0 0.0 0.0 0.0 0.0 0.0 0.0 0.0 0.0 0.0 0.0 0.0 0.0 0.0 0.0 0.0 0.0 0.0 0.0 0.0 0.0 0.0 0.0 0.0 0.0 0.0 0.0 0.0 0.0 0.0 3.0 1.0 0.0 0.0 
-2848.739013671875 -4222.0390625 -3025.411865234375 -6389.1572265625 3499.049560546875 174.79647827148438 -4814.8583984375 2722.53857421875 -1288.0733642578125 -1554.138427734375 -149.0138702392578 2771.845458984375 6515.298828125 -3372.22265625 6673.77685546875 7076.27197265625 -7130.7158203125 -1551.81787109375 2568.68701171875 4343.92333984375 output 10 6 4 9 2 1 5 3 7 8 indices 2 -1 3 4 -1 5 1 3 2 1 -1 4 2 1 3 -1 8 -1 1 2 2 1 3 4 2 1 3 4 -1 2 1 3 2 1 3 4 2 1 3 4 value 0.0 0.0 0.0 0.0 3.0 1.0 0.0 0.0 0.0 0.0 0.0 0.0 0.0 0.0 0.0 0.0 1.0 1.0 0.0 0.0 0.0 0.0 0.0 0.0 0.0 0.0 0.0 0.0 3.0 1.0 0.0 0.0 0.0 0.0 0.0 0.0 0.0 0.0 0.0 0.0 
