63.909244537353516 -129.92832946777344 -56.71869659423828 270.3678894042969 94.38031768798828 66.67998504638672 36.337554931640625 195.48545837402344 -180.8110809326172 -77.6446762084961 136.5091094970703 -233.291015625 59.29536056518555 2.398146390914917 68.26821899414062 -350.9544677734375 -168.59402465820312 198.99154663085938 -52.57599639892578 57.89546585083008 output 1 6 8 4 2 9 5 10 7 3 indices 2 -1 3 4 -1 4 1 3 2 1 -1 4 2 1 3 -1 2 1 3 4 2 1 3 4 2 1 3 4 2 1 3 4 2 1 3 4 2 1 3 4 value 0.0 0.0 0.0 0.0 10.0 0.0 0.0 0.0 0.0 0.0 0.0 0.0 0.0 0.0 0.0 0.0 0.0 0.0 0.0 0.0 0.0 0.0 0.0 0.0 0.0 0.0 0.0 0.0 0.0 0.0 0.0 0.0 0.0 0.0 0.0 0.0 0.0 0.0 0.0 0.0 
81.69601440429688 294.384521484375 -137.3726043701172 248.72723388671875 -145.9210662841797 -192.82618713378906 148.9848175048828 -192.8972625732422 58.23978042602539 -89.60226440429688 -72.23783111572266 -390.5060119628906 117.51350402832031 -171.016845703125 -58.2025260925293 291.8209228515625 -1.9396692514419556 210.0654754638672 9.239582061767578 -8.149616241455078 output 1 9 8 6 2 3 10 5 7 4 indices -1 4 2 3 -1 1 3 4 2 1 -1 4 2 1 3 -1 2 1 3 4 2 1 3 4 2 1 3 4 2 1 3 4 2 1 3 4 2 1 3 4 value 10.0 0.0 0.0 0.0 0.0 0.0 0.0 0.0 0.0 0.0 0.0 0.0 0.0 0.0 0.0 0.0 0.0 0.0 0.0 0.0 0.0 0.0 0.0 0.0 0.0 0.0 0.0 0.0 0.0 0.0 0.0 0.0 0.0 0.0 0.0 0.0 0.0 0.0 0.0 0.0 
-120.41471099853516 227.6942596435547 -71.61759185791016 -163.65121459960938 -18.46083641052246 216.6823272705078 184.367919921875 207.3992919921875 -106.10413360595703 55.35187911987305 144.08741760253906 -445.8470458984375 -105.84200286865234 114.2677230834961 -42.87199783325195 188.6839599609375 79.4419174194336 -82.67854309082031 57.414005279541016 -317.90264892578125 output 7 5 2 9 4 6 10 3 8 1 indices 2 -1 3 4 -1 1 3 4 2 1 -1 4 -1 3 1 2 2 1 3 4 2 1 3 4 2 1 3 4 2 1 3 4 2 1 3 4 2 1 3 4 value 0.0 0.0 0.0 0.0 0.0 0.0 0.0 0.0 0.0 0.0 0.0 0.0 10.0 0.0 0.0 0.0 0.0 0.0 0.0 0.0 0.0 0.0 0.0 0.0 0.0 0.0 0.0 0.0 0.0 0.0 0.0 0.0 0.0 0.0 0.0 0.0 0.0 0.0 0.0 0.0 
-25.4141845703125 -16.704814910888672 -41.48440933227539 136.3776397705078 43.17286682128906 52.91605758666992 60.46817398071289 -87.5884017944336 -48.058834075927734 225.64581298828125 48.82106018066406 -130.97862243652344 54.85956954956055 115.51464080810547 -17.629419326782227 154.5177001953125 -84.65312194824219 -14.994741439819336 9.91829776763916 -434.70526123046875 output 5 10 7 3 4 6 1 9 2 8 indices 2 -1 3 4 -1 1 3 4 2 1 -1 4 2 1 3 -1 -1 3 1 2 2 1 3 4 2 1 3 4 2 1 3 4 2 1 3 4 2 1 3 4 value 0.0 0.0 0.0 0.0 0.0 0.0 0.0 0.0 0.0 0.0 0.0 0.0 0.0 0.0 0.0 0.0 10.0 0.0 0.0 0.0 0.0 0.0 0.0 0.0 0.0 0.0 0.0 0.0 0.0 0.0 0.0 0.0 0.0 0.0 0.0 0.0 0.0 0.0 0.0 0.0 
125.8222885131836 301.2641906738281 -172.3936004638672 26.69590950012207 -102.07013702392578 239.6420135498047 23.670921325683594 -292.96563720703125 136.0549774169922 193.1689453125 -169.61441040039062 223.80029296875 26.327463150024414 -284.8313293457031 79.01057434082031 -257.0470886230469 -16.07558822631836 -51.82151412963867 69.26752471923828 -97.90581512451172 output 2 6 3 4 7 8 1 5 10 9 indices -1 4 2 3 -1 1 3 4 2 1 -1 4 2 1 3 -1 2 1 3 4 2 1 3 4 2 1 3 4 2 1 3 4 2 1 3 4 2 1 3 4 value 10.0 0.0 0.0 0.0 0.0 0.0 0.0 0.0 0.0 0.0 0.0 0.0 0.0 0.0 0.0 0.0 0.0 0.0 0.0 0.0 0.0 0.0 0.0 0.0 0.0 0.0 0.0 0.0 0.0 0.0 0.0 0.0 0.0 0.0 0.0 0.0 0.0 0.0 0.0 0.0 
83.36032104492188 102.27796173095703 87.63237762451172 132.88778686523438 -16.22340202331543 -39.299720764160156 -146.34738159179688 153.5950164794922 164.37826538085938 1.7690359354019165 -68.21827697753906 -125.80008697509766 -111.56903839111328 -214.6190948486328 125.10491180419922 76.33074188232422 1.0441969633102417 211.5092315673828 -119.16197967529297 -298.65087890625 output 6 7 10 4 9 2 1 8 5 3 indices 2 -1 3 4 -1 1 3 4 2 1 -1 4 2 1 3 -1 2 1 3 4 2 1 3 4 2 1 3 4 2 1 3 4 -1 3 1 2 2 1 3 4 value 0.0 0.0 0.0 0.0 0.0 0.0 0.0 0.0 0.0 0.0 0.0 0.0 0.0 0.0 0.0 0.0 0.0 0.0 0.0 0.0 0.0 0.0 0.0 0.0 0.0 0.0 0.0 0.0 0.0 0.0 0.0 0.0 10.0 0.0 0.0 0.0 0.0 0.0 0.0 0.0 
-69.49651336669922 -211.9974365234375 5.40999174118042 -226.08163452148438 -24.10026741027832 54.5872802734375 40.9486198425293 -16.369686126708984 25.830366134643555 -158.30580139160156 101.6535873413086 -36.46721267700195 3.275015115737915 194.07937622070312 -18.99806785583496 223.53619384765625 68.75080871582031 245.13003540039062 -133.27354431152344 -68.11111450195312 output 1 10 3 7 8 9 6 4 5 2 indices 2 -1 3 4 -1 1 3 4 2 1 -1 4 2 1 3 -1 2 1 3 4 2 1 3 4 2 1 3 4 2 1 3 4 -1 3 1 2 2 1 3 4 value 0.0 0.0 0.0 0.0 0.0 0.0 0.0 0.0 0.0 0.0 0.0 0.0 0.0 0.0 0.0 0.0 0.0 0.0 0.0 0.0 0.0 0.0 0.0 0.0 0.0 0.0 0.0 0.0 0.0 0.0 0.0 0.0 10.0 0.0 0.0 0.0 0.0 0.0 0.0 0.0 
-50.602378845214844 275.42987060546875 32.32832717895508 83.5025863647461 -40.127811431884766 -99.2534408569336 43.301856994628906 150.1619110107422 54.86339569091797 304.8431091308594 -176.33897399902344 41.941043853759766 98.25093078613281 -353.7684326171875 177.24172973632812 -265.6311950683594 2.113731622695923 201.45765686035156 -141.0308074951172 -338.6831359863281 output 1 10 6 3 2 4 8 7 5 9 indices 2 -1 3 4 -1 1 3 4 2 1 -1 4 2 1 3 -1 -1 3 1 2 2 1 3 4 2 1 3 4 2 1 3 4 2 1 3 4 2 1 3 4 value 0.0 0.0 0.0 0.0 0.0 0.0 0.0 0.0 0.0 0.0 0.0 0.0 0.0 0.0 0.0 0.0 10.0 0.0 0.0 0.0 0.0 0.0 0.0 0.0 0.0 0.0 0.0 0.0 0.0 0.0 0.0 0.0 0.0 0.0 0.0 0.0 0.0 0.0 0.0 0.0 
92.12751007080078 349.0104675292969 108.77629852294922 -75.33206176757812 5.900945663452148 -124.91232299804688 159.09701538085938 -271.2877502441406 -106.08457946777344 -281.1511535644531 41.54774475097656 347.4920654296875 -167.93527221679688 55.4356803894043 8.663278579711914 280.9058837890625 -46.495967864990234 -350.5430603027344 -95.59696960449219 70.38226318359375 output 8 6 1 4 2 3 10 7 5 9 indices -1 4 2 3 -1 1 3 4 2 1 -1 4 2 1 3 -1 2 1 3 4 2 1 3 4 2 1 3 4 2 1 3 4 2 1 3 4 2 1 3 4 value 10.0 0.0 0.0 0.0 0.0 0.0 0.0 0.0 0.0 0.0 0.0 0.0 0.0 0.0 0.0 0.0 0.0 0.0 0.0 0.0 0.0 0.0 0.0 0.0 0.0 0.0 0.0 0.0 0.0 0.0 0.0 0.0 0.0 0.0 0.0 0.0 0.0 0.0 0.0 0.0 
152.72647094726562 212.3572540283203 -75.9825439453125 127.20380401611328 -94.78596496582031 -331.5549011230469 -106.4096908569336 96.97789764404297 96.48116302490234 -152.1299285888672 -108.53746032714844 271.51702880859375 103.50918579101562 -289.9385681152344 77.20457458496094 -146.7537078857422 -34.71345138549805 236.8709259033203 -9.492279052734375 -24.54979705810547 output 1 5 8 10 4 2 9 6 3 7 indices 2 -1 3 4 -1 1 3 4 2 1 -1 4 2 1 3 -1 2 1 3 4 -1 3 1 2 2 1 3 4 2 1 3 4 2 1 3 4 2 1 3 4 value 0.0 0.0 0.0 0.0 0.0 0.0 0.0 0.0 0.0 0.0 0.0 0.0 0.0 0.0 0.0 0.0 0.0 0.0 0.0 0.0 10.0 0.0 0.0 0.0 0.0 0.0 0.0 0.0 0.0 0.0 0.0 0.0 0.0 0.0 0.0 0.0 0.0 0.0 0.0 0.0 
47.483154296875 331.991943359375 32.52995681762695 27.990352630615234 12.8441801071167 -228.783203125 -171.89126586914062 -256.3946533203125 23.913753509521484 394.4708251953125 174.4103240966797 -266.7279357910156 -30.890018463134766 39.29173278808594 -168.4900360107422 -18.651357650756836 -86.44064331054688 237.7380828857422 166.5305938720703 -260.9258117675781 output 5 1 9 4 8 7 2 6 10 3 indices 2 -1 3 4 -1 1 3 4 2 1 -1 4 2 1 3 -1 -1 3 1 2 2 1 3 4 2 1 3 4 2 1 3 4 2 1 3 4 2 1 3 4 value 0.0 0.0 0.0 0.0 0.0 0.0 0.0 0.0 0.0 0.0 0.0 0.0 0.0 0.0 0.0 0.0 10.0 0.0 0.0 0.0 0.0 0.0 0.0 0.0 0.0 0.0 0.0 0.0 0.0 0.0 0.0 0.0 0.0 0.0 0.0 0.0 0.0 0.0 0.0 0.0 
-213.55747985839844 -169.49948120117188 41.24463653564453 -162.66751098632812 -98.35740661621094 52.27219009399414 118.34872436523438 73.6354751586914 -179.82627868652344 -248.48123168945312 22.353992462158203 182.41551208496094 77.36821746826172 266.0870361328125 31.400890350341797 127.6881103515625 141.82308959960938 -321.91552734375 59.201622009277344 200.46543884277344 output 10 7 4 9 2 5 1 3 8 6 indices 2 -1 3 4 -1 1 3 4 2 1 -1 4 2 1 3 -1 2 1 3 4 2 1 3 4 -1 3 1 2 2 1 3 4 2 1 3 4 2 1 3 4 value 0.0 0.0 0.0 0.0 0.0 0.0 0.0 0.0 0.0 0.0 0.0 0.0 0.0 0.0 0.0 0.0 0.0 0.0 0.0 0.0 0.0 0.0 0.0 0.0 10.0 0.0 0.0 0.0 0.0 0.0 0.0 0.0 0.0 0.0 0.0 0.0 0.0 0.0 0.0 0.0 
-85.29309844970703 -39.827640533447266 21.31313705444336 130.9141082763672 -136.70022583007812 -278.2135314941406 42.50264358520508 -256.6660461425781 -134.372314453125 172.2141571044922 -1.4714415073394775 -103.84876251220703 74.99153137207031 211.4097137451172 -119.08980560302734 298.3079528808594 168.1177215576172 -230.26211547851562 170.00184631347656 95.9721908569336 output 1 3 8 5 2 7 10 9 4 6 indices 2 -1 3 4 -1 1 3 4 2 1 -1 4 2 1 3 -1 2 1 3 4 2 1 3 4 2 1 3 4 -1 3 1 2 2 1 3 4 2 1 3 4 value 0.0 0.0 0.0 0.0 0.0 0.0 0.0 0.0 0.0 0.0 0.0 0.0 0.0 0.0 0.0 0.0 0.0 0.0 0.0 0.0 0.0 0.0 0.0 0.0 0.0 0.0 0.0 0.0 10.0 0.0 0.0 0.0 0.0 0.0 0.0 0.0 0.0 0.0 0.0 0.0 
97.74000549316406 -103.6183090209961 111.56163787841797 86.1191635131836 -123.260498046875 -316.8153076171875 -119.03581237792969 -102.46247863769531 -24.483266830444336 -288.4371032714844 69.28945922851562 352.031005859375 51.652889251708984 76.66033935546875 139.08016967773438 18.266504287719727 -177.46807861328125 358.878662109375 -25.076505661010742 -80.62248992919922 output 1 10 4 9 3 5 6 8 2 7 indices 2 -1 3 4 -1 1 3 4 2 1 -1 4 2 1 3 -1 2 1 3 4 -1 3 1 2 2 1 3 4 2 1 3 4 2 1 3 4 2 1 3 4 value 0.0 0.0 0.0 0.0 0.0 0.0 0.0 0.0 0.0 0.0 0.0 0.0 0.0 0.0 0.0 0.0 0.0 0.0 0.0 0.0 10.0 0.0 0.0 0.0 0.0 0.0 0.0 0.0 0.0 0.0 0.0 0.0 0.0 0.0 0.0 0.0 0.0 0.0 0.0 0.0 
79.8143539428711 -334.43719482421875 -175.50601196289062 70.84376525878906 171.4973602294922 275.4219970703125 79.26649475097656 -310.75823974609375 14.32535171508789 255.70535278320312 -96.7677001953125 351.51806640625 36.79619598388672 -103.94306945800781 -52.2532844543457 -213.26210021972656 30.449060440063477 -150.44033813476562 -87.62181854248047 159.3517608642578 output 9 7 3 4 1 5 10 2 6 8 indices 2 -1 3 4 -1 1 3 4 2 1 -1 4 2 1 3 -1 2 1 3 4 -1 3 1 2 2 1 3 4 2 1 3 4 2 1 3 4 2 1 3 4 value 0.0 0.0 0.0 0.0 0.0 0.0 0.0 0.0 0.0 0.0 0.0 0.0 0.0 0.0 0.0 0.0 0.0 0.0 0.0 0.0 10.0 0.0 0.0 0.0 0.0 0.0 0.0 0.0 0.0 0.0 0.0 0.0 0.0 0.0 0.0 0.0 0.0 0.0 0.0 0.0 
78.2590560913086 -235.33981323242188 0.5513517260551453 -22.967363357543945 134.80316162109375 312.6971435546875 -45.52582550048828 321.6729431152344 -26.265186309814453 25.578113555908203 -111.72183990478516 94.04236602783203 -13.522427558898926 -319.2417297363281 93.44123840332031 -189.4496307373047 -63.326473236083984 28.36526107788086 -46.693058013916016 -15.357312202453613 output 1 8 2 10 5 9 6 4 7 3 indices 2 -1 3 4 -1 1 3 4 -1 4 1 2 2 1 3 -1 2 1 3 4 2 1 3 4 2 1 3 4 2 1 3 4 2 1 3 4 2 1 3 4 value 0.0 0.0 0.0 0.0 0.0 0.0 0.0 0.0 10.0 0.0 0.0 0.0 0.0 0.0 0.0 0.0 0.0 0.0 0.0 0.0 0.0 0.0 0.0 0.0 0.0 0.0 0.0 0.0 0.0 0.0 0.0 0.0 0.0 0.0 0.0 0.0 0.0 0.0 0.0 0.0 
-51.553009033203125 -9.961283683776855 153.94284057617188 -200.21875 -75.28433227539062 289.7391052246094 -87.7658920288086 -90.85392761230469 141.69540405273438 -206.8256072998047 -112.19098663330078 8.491211891174316 -52.87754440307617 283.8921203613281 -112.94403076171875 242.27725219726562 26.76871681213379 -70.60382080078125 170.20884704589844 -245.93629455566406 output 10 2 5 9 1 4 6 8 3 7 indices 2 -1 3 4 -1 1 3 4 -1 4 1 2 2 1 3 -1 2 1 3 4 2 1 3 4 2 1 3 4 2 1 3 4 2 1 3 4 2 1 3 4 value 0.0 0.0 0.0 0.0 0.0 0.0 0.0 0.0 10.0 0.0 0.0 0.0 0.0 0.0 0.0 0.0 0.0 0.0 0.0 0.0 0.0 0.0 0.0 0.0 0.0 0.0 0.0 0.0 0.0 0.0 0.0 0.0 0.0 0.0 0.0 0.0 0.0 0.0 0.0 0.0 
57.819175720214844 40.15794372558594 143.614013671875 241.8566436767578 -111.6700439453125 -188.00473022460938 -17.895143508911133 97.63517761230469 -86.7153549194336 311.8411560058594 -96.06806945800781 -192.49656677246094 -151.6747589111328 -91.70967102050781 196.3844451904297 -187.7004852294922 -116.4509048461914 -17.32884979248047 182.65663146972656 -14.250627517700195 output 4 1 10 8 2 5 7 3 6 9 indices 2 -1 3 4 -1 1 3 4 2 1 -1 4 2 1 3 -1 -1 3 1 2 2 1 3 4 2 1 3 4 2 1 3 4 2 1 3 4 2 1 3 4 value 0.0 0.0 0.0 0.0 0.0 0.0 0.0 0.0 0.0 0.0 0.0 0.0 0.0 0.0 0.0 0.0 10.0 0.0 0.0 0.0 0.0 0.0 0.0 0.0 0.0 0.0 0.0 0.0 0.0 0.0 0.0 0.0 0.0 0.0 0.0 0.0 0.0 0.0 0.0 0.0 
-80.64644622802734 165.01365661621094 -187.6159210205078 -309.0468444824219 -177.68910217285156 84.94817352294922 159.18832397460938 237.35031127929688 113.39576721191406 110.41194152832031 0.8022393584251404 88.2422103881836 151.1578369140625 53.3919677734375 159.56430053710938 -173.03167724609375 -55.81700134277344 -13.39360523223877 -82.33999633789062 -243.88612365722656 output 5 7 4 8 10 2 3 1 9 6 indices 2 -1 3 4 -1 1 3 4 2 1 -1 4 -1 3 1 2 2 1 3 4 2 1 3 4 2 1 3 4 2 1 3 4 2 1 3 4 2 1 3 4 value 0.0 0.0 0.0 0.0 0.0 0.0 0.0 0.0 0.0 0.0 0.0 0.0 10.0 0.0 0.0 0.0 0.0 0.0 0.0 0.0 0.0 0.0 0.0 0.0 0.0 0.0 0.0 0.0 0.0 0.0 0.0 0.0 0.0 0.0 0.0 0.0 0.0 0.0 0.0 0.0 
-109.34866333007812 181.19972229003906 33.77341842651367 135.49761962890625 -2.5118865966796875 112.80082702636719 11.172337532043457 172.20635986328125 -87.97239685058594 -127.84010314941406 114.89328002929688 34.96450424194336 115.19002532958984 -243.8330841064453 97.0604019165039 304.2930603027344 -174.89622497558594 -285.5688171386719 2.63970947265625 -283.7200622558594 output 8 7 6 2 4 3 1 9 5 10 indices 2 -1 3 4 -1 1 3 4 2 1 -1 4 2 1 3 -1 2 1 3 4 2 1 3 4 2 1 3 4 -1 3 1 2 2 1 3 4 2 1 3 4 value 0.0 0.0 0.0 0.0 0.0 0.0 0.0 0.0 0.0 0.0 0.0 0.0 0.0 0.0 0.0 0.0 0.0 0.0 0.0 0.0 0.0 0.0 0.0 0.0 0.0 0.0 0.0 0.0 10.0 0.0 0.0 0.0 0.0 0.0 0.0 0.0 0.0 0.0 0.0 0.0 
-14.465002059936523 274.0229797363281 35.37812805175781 -306.1875915527344 47.230796813964844 -166.46514892578125 -130.1923370361328 -99.7596664428711 15.74484634399414 -236.01132202148438 99.56593322753906 -5.188793659210205 -48.91166687011719 134.0952911376953 80.80169677734375 -9.802597999572754 63.79911422729492 277.4703369140625 -148.95150756835938 137.8265380859375 output 10 7 1 9 2 5 3 6 8 4 indices 2 -1 3 4 -1 1 3 4 2 1 -1 4 2 1 3 -1 2 1 3 4 2 1 3 4 2 1 3 4 2 1 3 4 -1 3 1 2 2 1 3 4 value 0.0 0.0 0.0 0.0 0.0 0.0 0.0 0.0 0.0 0.0 0.0 0.0 0.0 0.0 0.0 0.0 0.0 0.0 0.0 0.0 0.0 0.0 0.0 0.0 0.0 0.0 0.0 0.0 0.0 0.0 0.0 0.0 10.0 0.0 0.0 0.0 0.0 0.0 0.0 0.0 
32.944244384765625 72.26720428466797 188.52886962890625 67.41957092285156 -97.87686920166016 -153.2224578857422 13.219212532043457 -14.06470012664795 -96.5478515625 -42.46272277832031 -106.64620971679688 -51.982154846191406 -36.34120178222656 80.7347412109375 -65.07170867919922 -227.80006408691406 -19.73933982849121 277.6029357910156 187.53085327148438 -8.49236011505127 output 8 3 6 5 7 1 4 10 2 9 indices 2 -1 3 4 -1 1 3 4 2 1 -1 4 2 1 3 -1 2 1 3 4 2 1 3 4 2 1 3 4 2 1 3 4 -1 3 1 2 2 1 3 4 value 0.0 0.0 0.0 0.0 0.0 0.0 0.0 0.0 0.0 0.0 0.0 0.0 0.0 0.0 0.0 0.0 0.0 0.0 0.0 0.0 0.0 0.0 0.0 0.0 0.0 0.0 0.0 0.0 0.0 0.0 0.0 0.0 10.0 0.0 0.0 0.0 0.0 0.0 0.0 0.0 
174.44720458984375 -114.79022216796875 23.191829681396484 -15.804166793823242 -141.55450439453125 83.69249725341797 -50.52927780151367 -381.8263854980469 143.81983947753906 275.3409729003906 -134.76930236816406 -13.376708030700684 189.52105712890625 -52.2744140625 59.926883697509766 148.83914184570312 -111.01586151123047 78.99317169189453 -153.03785705566406 -8.793891906738281 output 1 2 9 3 6 10 4 8 5 7 indices 2 -1 3 4 -1 1 3 4 2 1 -1 4 2 1 3 -1 -1 3 1 2 2 1 3 4 2 1 3 4 2 1 3 4 2 1 3 4 2 1 3 4 value 0.0 0.0 0.0 0.0 0.0 0.0 0.0 0.0 0.0 0.0 0.0 0.0 0.0 0.0 0.0 0.0 10.0 0.0 0.0 0.0 0.0 0.0 0.0 0.0 0.0 0.0 0.0 0.0 0.0 0.0 0.0 0.0 0.0 0.0 0.0 0.0 0.0 0.0 0.0 0.0 
-97.49951934814453 -161.7138671875 71.99952697753906 -370.1001892089844 20.388626098632812 291.32708740234375 -32.23618698120117 -31.37519645690918 224.45989990234375 -118.76322937011719 99.46009826660156 228.1193389892578 -14.174153327941895 64.4644546508789 -99.03816223144531 -40.42317581176758 -62.63436508178711 265.3132629394531 -110.72574615478516 -126.84850311279297 output 7 4 8 1 10 9 3 2 5 6 indices 2 -1 3 4 -1 1 3 4 -1 4 1 2 2 1 3 -1 2 1 3 4 2 1 3 4 2 1 3 4 2 1 3 4 2 1 3 4 2 1 3 4 value 0.0 0.0 0.0 0.0 0.0 0.0 0.0 0.0 10.0 0.0 0.0 0.0 0.0 0.0 0.0 0.0 0.0 0.0 0.0 0.0 0.0 0.0 0.0 0.0 0.0 0.0 0.0 0.0 0.0 0.0 0.0 0.0 0.0 0.0 0.0 0.0 0.0 0.0 0.0 0.0 
132.9434356689453 290.4550476074219 49.81376647949219 101.77594757080078 -173.34423828125 -180.23641967773438 25.1306095123291 247.1725616455078 -29.493886947631836 -114.3193359375 106.04598999023438 -39.218605041503906 -162.58258056640625 -176.74758911132812 -42.09180450439453 -96.95401763916016 -33.984676361083984 58.2382698059082 127.56339263916016 -90.16585540771484 output 1 4 2 9 3 7 8 5 6 10 indices -1 4 2 3 -1 1 3 4 2 1 -1 4 2 1 3 -1 2 1 3 4 2 1 3 4 2 1 3 4 2 1 3 4 2 1 3 4 2 1 3 4 value 10.0 0.0 0.0 0.0 0.0 0.0 0.0 0.0 0.0 0.0 0.0 0.0 0.0 0.0 0.0 0.0 0.0 0.0 0.0 0.0 0.0 0.0 0.0 0.0 0.0 0.0 0.0 0.0 0.0 0.0 0.0 0.0 0.0 0.0 0.0 0.0 0.0 0.0 0.0 0.0 
3.498155117034912 -189.9964141845703 -99.96339416503906 -342.19976806640625 39.37342834472656 237.5703887939453 -38.65384292602539 263.60943603515625 69.63211822509766 346.4288330078125 9.596213340759277 166.63597106933594 -34.67524719238281 -107.18214416503906 -17.75292205810547 -79.23297882080078 -113.79522705078125 -186.7942352294922 182.74072265625 -108.83909606933594 output 2 9 7 8 1 10 5 3 6 4 indices 2 -1 3 4 -1 1 3 4 2 1 -1 4 2 1 3 -1 -1 3 1 2 2 1 3 4 2 1 3 4 2 1 3 4 2 1 3 4 2 1 3 4 value 0.0 0.0 0.0 0.0 0.0 0.0 0.0 0.0 0.0 0.0 0.0 0.0 0.0 0.0 0.0 0.0 10.0 0.0 0.0 0.0 0.0 0.0 0.0 0.0 0.0 0.0 0.0 0.0 0.0 0.0 0.0 0.0 0.0 0.0 0.0 0.0 0.0 0.0 0.0 0.0 
-32.5286750793457 -261.9244384765625 98.49676513671875 159.5518035888672 35.56732177734375 301.4054260253906 18.545982360839844 12.037528038024902 144.3936309814453 -155.9636993408203 42.50379943847656 -377.85205078125 -160.01524353027344 -76.37831115722656 -17.523845672607422 31.967588424682617 13.48060131072998 84.71783447265625 -142.9203338623047 282.4383239746094 output 8 4 9 2 5 3 6 1 10 7 indices 2 -1 3 4 -1 1 3 4 -1 4 1 2 2 1 3 -1 2 1 3 4 2 1 3 4 2 1 3 4 2 1 3 4 2 1 3 4 2 1 3 4 value 0.0 0.0 0.0 0.0 0.0 0.0 0.0 0.0 10.0 0.0 0.0 0.0 0.0 0.0 0.0 0.0 0.0 0.0 0.0 0.0 0.0 0.0 0.0 0.0 0.0 0.0 0.0 0.0 0.0 0.0 0.0 0.0 0.0 0.0 0.0 0.0 0.0 0.0 0.0 0.0 
4.842750549316406 103.8166732788086 -14.424571990966797 45.9388542175293 107.29489135742188 230.3896026611328 60.42244338989258 57.28252029418945 -32.5207633972168 -454.09820556640625 89.9193344116211 205.47349548339844 -8.022785186767578 129.8918914794922 -46.62162780761719 28.505508422851562 -201.0489044189453 66.0263442993164 40.15922927856445 -413.2266845703125 output 1 4 6 3 10 5 9 8 2 7 indices 2 -1 3 4 -1 1 3 4 -1 4 1 2 2 1 3 -1 2 1 3 4 2 1 3 4 2 1 3 4 2 1 3 4 2 1 3 4 2 1 3 4 value 0.0 0.0 0.0 0.0 0.0 0.0 0.0 0.0 10.0 0.0 0.0 0.0 0.0 0.0 0.0 0.0 0.0 0.0 0.0 0.0 0.0 0.0 0.0 0.0 0.0 0.0 0.0 0.0 0.0 0.0 0.0 0.0 0.0 0.0 0.0 0.0 0.0 0.0 0.0 0.0 
-36.39787673950195 -141.27151489257812 87.10768127441406 95.62083435058594 -57.474266052246094 -29.807096481323242 174.01820373535156 -117.08954620361328 93.06236267089844 16.81495475769043 -8.511144638061523 72.63853454589844 -98.74360656738281 363.9560852050781 -172.41244506835938 -31.28406524658203 108.8729248046875 -137.65087890625 -89.52183532714844 -91.92731475830078 output 1 9 4 5 2 6 3 10 8 7 indices 2 -1 3 4 -1 1 3 4 2 1 -1 4 2 1 3 -1 2 1 3 4 2 1 3 4 -1 3 1 2 2 1 3 4 2 1 3 4 2 1 3 4 value 0.0 0.0 0.0 0.0 0.0 0.0 0.0 0.0 0.0 0.0 0.0 0.0 0.0 0.0 0.0 0.0 0.0 0.0 0.0 0.0 0.0 0.0 0.0 0.0 10.0 0.0 0.0 0.0 0.0 0.0 0.0 0.0 0.0 0.0 0.0 0.0 0.0 0.0 0.0 0.0 
-44.935455322265625 208.23411560058594 53.749603271484375 -102.30123901367188 137.79078674316406 -147.68991088867188 92.34960174560547 103.06377410888672 -62.66230392456055 281.93487548828125 -119.68728637695312 -222.771484375 52.17517852783203 18.68084144592285 -63.6561164855957 291.7279357910156 77.06263732910156 -172.16812133789062 -122.18663787841797 -258.7107849121094 output 1 4 7 2 3 9 6 10 8 5 indices 2 -1 3 4 -1 1 3 4 2 1 -1 4 2 1 3 -1 2 1 3 4 2 1 3 4 2 1 3 4 -1 3 1 2 2 1 3 4 2 1 3 4 value 0.0 0.0 0.0 0.0 0.0 0.0 0.0 0.0 0.0 0.0 0.0 0.0 0.0 0.0 0.0 0.0 0.0 0.0 0.0 0.0 0.0 0.0 0.0 0.0 0.0 0.0 0.0 0.0 10.0 0.0 0.0 0.0 0.0 0.0 0.0 0.0 0.0 0.0 0.0 0.0 
154.5129852294922 242.2394256591797 -144.7052001953125 -160.46221923828125 -63.786869049072266 80.87649536132812 -105.98344421386719 -85.22357940673828 110.50174713134766 -45.004005432128906 -35.34444808959961 -5.688481330871582 59.2825813293457 144.80824279785156 -128.4275360107422 -37.75887680053711 -42.23414993286133 155.53494262695312 196.18434143066406 -289.3219299316406 output 2 8 4 6 5 10 1 7 9 3 indices -1 4 2 3 -1 1 3 4 2 1 -1 4 2 1 3 -1 2 1 3 4 2 1 3 4 2 1 3 4 2 1 3 4 2 1 3 4 2 1 3 4 value 10.0 0.0 0.0 0.0 0.0 0.0 0.0 0.0 0.0 0.0 0.0 0.0 0.0 0.0 0.0 0.0 0.0 0.0 0.0 0.0 0.0 0.0 0.0 0.0 0.0 0.0 0.0 0.0 0.0 0.0 0.0 0.0 0.0 0.0 0.0 0.0 0.0 0.0 0.0 0.0 
1.1739846467971802 -208.72561645507812 -66.96273040771484 -191.12890625 -79.49063873291016 60.34032440185547 178.4815216064453 269.15289306640625 -97.01419067382812 -182.23133850097656 -164.65203857421875 -137.1612091064453 131.5159149169922 290.260009765625 -114.67818450927734 -32.04140090942383 127.43560791015625 314.588623046875 84.19075775146484 -183.05335998535156 output 5 2 1 10 4 9 7 3 8 6 indices 2 -1 3 4 -1 1 3 4 2 1 -1 4 2 1 3 -1 2 1 3 4 2 1 3 4 2 1 3 4 2 1 3 4 -1 3 1 2 2 1 3 4 value 0.0 0.0 0.0 0.0 0.0 0.0 0.0 0.0 0.0 0.0 0.0 0.0 0.0 0.0 0.0 0.0 0.0 0.0 0.0 0.0 0.0 0.0 0.0 0.0 0.0 0.0 0.0 0.0 0.0 0.0 0.0 0.0 10.0 0.0 0.0 0.0 0.0 0.0 0.0 0.0 
93.39481353759766 -6.613263130187988 -41.121822357177734 315.60308837890625 14.924126625061035 66.96466064453125 12.330254554748535 326.3468017578125 -25.23965072631836 191.06732177734375 -39.748870849609375 -362.73724365234375 -227.15121459960938 -267.2261047363281 40.833824157714844 271.973876953125 120.25790405273438 -304.3193359375 51.520633697509766 -231.05982971191406 output 10 9 1 3 5 7 6 2 4 8 indices 2 -1 3 4 -1 1 3 4 2 1 -1 4 -1 3 1 2 2 1 3 4 2 1 3 4 2 1 3 4 2 1 3 4 2 1 3 4 2 1 3 4 value 0.0 0.0 0.0 0.0 0.0 0.0 0.0 0.0 0.0 0.0 0.0 0.0 10.0 0.0 0.0 0.0 0.0 0.0 0.0 0.0 0.0 0.0 0.0 0.0 0.0 0.0 0.0 0.0 0.0 0.0 0.0 0.0 0.0 0.0 0.0 0.0 0.0 0.0 0.0 0.0 
-144.72958374023438 -142.40328979492188 -166.3881378173828 152.59825134277344 17.615570068359375 -423.67486572265625 24.84484100341797 -339.90374755859375 114.42459106445312 269.9860534667969 49.02180480957031 275.5040283203125 112.1558609008789 151.4305877685547 119.5074462890625 167.1688232421875 90.52548217773438 -151.0455780029297 -216.97787475585938 40.3397216796875 output 8 7 5 6 3 4 2 10 1 9 indices 2 -1 3 4 -1 1 3 4 2 1 -1 4 2 1 3 -1 -1 3 1 2 2 1 3 4 2 1 3 4 2 1 3 4 2 1 3 4 2 1 3 4 value 0.0 0.0 0.0 0.0 0.0 0.0 0.0 0.0 0.0 0.0 0.0 0.0 0.0 0.0 0.0 0.0 10.0 0.0 0.0 0.0 0.0 0.0 0.0 0.0 0.0 0.0 0.0 0.0 0.0 0.0 0.0 0.0 0.0 0.0 0.0 0.0 0.0 0.0 0.0 0.0 
85.66910552978516 -94.85704040527344 150.17816162109375 -190.35055541992188 41.05366897583008 2.787034749984741 54.908546447753906 -30.758668899536133 -176.48919677734375 -6.394522666931152 -93.40901184082031 -229.7299041748047 -2.3868906497955322 -208.6650390625 143.4179229736328 -67.19332122802734 -124.25662231445312 395.2153015136719 -78.68567657470703 429.9466857910156 output 1 8 2 7 6 10 9 5 3 4 indices 2 -1 3 4 -1 1 3 4 2 1 -1 4 2 1 3 -1 2 1 3 4 2 1 3 4 2 1 3 4 2 1 3 4 2 1 3 4 -1 3 1 2 value 0.0 0.0 0.0 0.0 0.0 0.0 0.0 0.0 0.0 0.0 0.0 0.0 0.0 0.0 0.0 0.0 0.0 0.0 0.0 0.0 0.0 0.0 0.0 0.0 0.0 0.0 0.0 0.0 0.0 0.0 0.0 0.0 0.0 0.0 0.0 0.0 10.0 0.0 0.0 0.0 
114.40740966796875 142.27670288085938 29.8936824798584 30.895278930664062 -80.72846984863281 -309.82830810546875 -48.12506866455078 -144.87857055664062 -53.79975128173828 223.0127410888672 -28.072776794433594 300.2890930175781 119.94002532958984 105.20367431640625 -135.83963012695312 -288.1382141113281 -34.023441314697266 228.5696258544922 116.3480224609375 -287.40203857421875 output 1 10 6 9 5 3 8 4 2 7 indices 2 -1 3 4 -1 1 3 4 2 1 -1 4 2 1 3 -1 2 1 3 4 -1 3 1 2 2 1 3 4 2 1 3 4 2 1 3 4 2 1 3 4 value 0.0 0.0 0.0 0.0 0.0 0.0 0.0 0.0 0.0 0.0 0.0 0.0 0.0 0.0 0.0 0.0 0.0 0.0 0.0 0.0 10.0 0.0 0.0 0.0 0.0 0.0 0.0 0.0 0.0 0.0 0.0 0.0 0.0 0.0 0.0 0.0 0.0 0.0 0.0 0.0 
-50.41747283935547 177.8834228515625 128.2405242919922 -255.54122924804688 -14.686237335205078 79.76591491699219 100.15796661376953 76.96465301513672 -67.16765594482422 191.18740844726562 3.8453421592712402 -265.954345703125 -64.50334167480469 232.46571350097656 -84.51739501953125 -352.24993896484375 7.905313968658447 -122.8184814453125 41.14295959472656 238.29690551757812 output 4 2 9 6 8 7 5 1 3 10 indices 2 -1 3 4 -1 1 3 4 2 1 -1 4 2 1 3 -1 2 1 3 4 2 1 3 4 2 1 3 4 2 1 3 4 2 1 3 4 -1 3 1 2 value 0.0 0.0 0.0 0.0 0.0 0.0 0.0 0.0 0.0 0.0 0.0 0.0 0.0 0.0 0.0 0.0 0.0 0.0 0.0 0.0 0.0 0.0 0.0 0.0 0.0 0.0 0.0 0.0 0.0 0.0 0.0 0.0 0.0 0.0 0.0 0.0 10.0 0.0 0.0 0.0 
196.3970489501953 -7.8008575439453125 -108.87567138671875 69.2741928100586 197.64947509765625 -296.2109069824219 -121.79104614257812 -346.5179443359375 -103.16996765136719 310.2568664550781 -89.40707397460938 -335.22674560546875 37.31248092651367 254.62240600585938 0.3387465178966522 226.8539581298828 -97.46757507324219 -178.49032592773438 89.0135726928711 303.2393493652344 output 3 1 2 9 4 6 5 8 7 10 indices 2 -1 3 4 -1 1 3 4 2 1 -1 4 2 1 3 -1 2 1 3 4 2 1 3 4 2 1 3 4 2 1 3 4 2 1 3 4 -1 3 1 2 value 0.0 0.0 0.0 0.0 0.0 0.0 0.0 0.0 0.0 0.0 0.0 0.0 0.0 0.0 0.0 0.0 0.0 0.0 0.0 0.0 0.0 0.0 0.0 0.0 0.0 0.0 0.0 0.0 0.0 0.0 0.0 0.0 0.0 0.0 0.0 0.0 10.0 0.0 0.0 0.0 
102.79386138916016 211.29498291015625 -155.71224975585938 -178.15504455566406 -149.15487670898438 42.722286224365234 51.7515869140625 -185.22283935546875 48.513893127441406 53.57350158691406 -81.71444702148438 -180.21743774414062 67.38518524169922 -6.900470733642578 116.84591674804688 23.88273811340332 105.9529037475586 76.75463104248047 -106.66177368164062 142.2676544189453 output 1 9 8 5 7 4 6 2 3 10 indices -1 4 2 3 -1 1 3 4 2 1 -1 4 2 1 3 -1 2 1 3 4 2 1 3 4 2 1 3 4 2 1 3 4 2 1 3 4 2 1 3 4 value 10.0 0.0 0.0 0.0 0.0 0.0 0.0 0.0 0.0 0.0 0.0 0.0 0.0 0.0 0.0 0.0 0.0 0.0 0.0 0.0 0.0 0.0 0.0 0.0 0.0 0.0 0.0 0.0 0.0 0.0 0.0 0.0 0.0 0.0 0.0 0.0 0.0 0.0 0.0 0.0 
12.212567329406738 250.71034240722656 -67.88201904296875 107.58719635009766 184.2652130126953 -114.41569519042969 75.69890594482422 304.218994140625 15.968106269836426 -171.12118530273438 37.03744888305664 92.32586669921875 23.465744018554688 140.9185028076172 -109.013916015625 -259.6578369140625 -43.905235290527344 -84.49217987060547 -127.84681701660156 -266.0740051269531 output 9 8 10 2 6 7 1 4 3 5 indices 2 -1 3 4 -1 1 3 4 2 1 -1 4 -1 3 1 2 2 1 3 4 2 1 3 4 2 1 3 4 2 1 3 4 2 1 3 4 2 1 3 4 value 0.0 0.0 0.0 0.0 0.0 0.0 0.0 0.0 0.0 0.0 0.0 0.0 10.0 0.0 0.0 0.0 0.0 0.0 0.0 0.0 0.0 0.0 0.0 0.0 0.0 0.0 0.0 0.0 0.0 0.0 0.0 0.0 0.0 0.0 0.0 0.0 0.0 0.0 0.0 0.0 
142.2786407470703 61.35215377807617 90.85235595703125 -52.844425201416016 -138.50421142578125 309.3996887207031 135.9810333251953 -254.8743896484375 -69.7792739868164 -236.45689392089844 121.194580078125 45.374385833740234 -136.2426300048828 235.30789184570312 -106.9495849609375 -212.43251037597656 125.91053771972656 123.0937271118164 -164.74147033691406 -17.91963768005371 output 1 4 5 8 3 7 10 2 6 9 indices 2 -1 3 4 -1 1 3 4 -1 4 1 2 2 1 3 -1 2 1 3 4 2 1 3 4 2 1 3 4 2 1 3 4 2 1 3 4 2 1 3 4 value 0.0 0.0 0.0 0.0 0.0 0.0 0.0 0.0 10.0 0.0 0.0 0.0 0.0 0.0 0.0 0.0 0.0 0.0 0.0 0.0 0.0 0.0 0.0 0.0 0.0 0.0 0.0 0.0 0.0 0.0 0.0 0.0 0.0 0.0 0.0 0.0 0.0 0.0 0.0 0.0 
-35.504676818847656 -87.08692932128906 -133.3560791015625 -33.393768310546875 77.05973052978516 60.110042572021484 -38.72065734863281 -152.6151885986328 -26.024002075195312 -58.331722259521484 -60.29868698120117 -133.69081115722656 170.26136779785156 1.8892369270324707 -2.9089367389678955 199.6228485107422 -15.588335037231445 -47.2095947265625 65.08027648925781 250.7058868408203 output 8 10 7 3 9 5 1 4 6 2 indices 2 -1 3 4 -1 1 3 4 2 1 -1 4 2 1 3 -1 2 1 3 4 2 1 3 4 2 1 3 4 2 1 3 4 2 1 3 4 -1 3 1 2 value 0.0 0.0 0.0 0.0 0.0 0.0 0.0 0.0 0.0 0.0 0.0 0.0 0.0 0.0 0.0 0.0 0.0 0.0 0.0 0.0 0.0 0.0 0.0 0.0 0.0 0.0 0.0 0.0 0.0 0.0 0.0 0.0 0.0 0.0 0.0 0.0 10.0 0.0 0.0 0.0 
37.39073181152344 -121.4225845336914 97.90868377685547 -0.835382342338562 43.57938766479492 22.460872650146484 92.05216217041016 -55.524253845214844 -144.2804718017578 -21.79142951965332 38.46037673950195 258.4862365722656 7.40179967880249 -39.10654067993164 -124.33782958984375 116.97586822509766 -124.32793426513672 -188.6577911376953 76.1530990600586 29.415002822875977 output 1 9 5 8 6 2 4 10 3 7 indices 2 -1 3 4 -1 1 3 4 2 1 -1 4 2 1 3 -1 2 1 3 4 -1 3 1 2 2 1 3 4 2 1 3 4 2 1 3 4 2 1 3 4 value 0.0 0.0 0.0 0.0 0.0 0.0 0.0 0.0 0.0 0.0 0.0 0.0 0.0 0.0 0.0 0.0 0.0 0.0 0.0 0.0 10.0 0.0 0.0 0.0 0.0 0.0 0.0 0.0 0.0 0.0 0.0 0.0 0.0 0.0 0.0 0.0 0.0 0.0 0.0 0.0 
-154.2695770263672 -168.70094299316406 -0.3890165090560913 99.07483673095703 -3.579878807067871 -214.87376403808594 1.8786516189575195 431.7208557128906 146.66786193847656 419.1540222167969 115.28636932373047 -122.27607727050781 -86.96199798583984 -49.09687423706055 68.68213653564453 -238.95285034179688 -106.23088073730469 -92.9269790649414 18.91632652282715 -63.12223434448242 output 4 3 1 9 7 2 10 6 5 8 indices 2 -1 3 4 -1 1 3 4 2 1 -1 4 2 1 3 -1 -1 3 1 2 2 1 3 4 2 1 3 4 2 1 3 4 2 1 3 4 2 1 3 4 value 0.0 0.0 0.0 0.0 0.0 0.0 0.0 0.0 0.0 0.0 0.0 0.0 0.0 0.0 0.0 0.0 10.0 0.0 0.0 0.0 0.0 0.0 0.0 0.0 0.0 0.0 0.0 0.0 0.0 0.0 0.0 0.0 0.0 0.0 0.0 0.0 0.0 0.0 0.0 0.0 
49.54720687866211 -280.8489074707031 -108.8917007446289 -188.9564971923828 49.59126663208008 -139.9745330810547 -37.903350830078125 -111.00341033935547 -39.413578033447266 303.84161376953125 113.69300842285156 61.88563919067383 173.3903350830078 237.87911987304688 -124.63400268554688 154.87762451171875 -26.56093978881836 -237.32875061035156 -48.81825256347656 199.62811279296875 output 1 9 5 10 8 2 4 3 6 7 indices 2 -1 3 4 -1 1 3 4 2 1 -1 4 2 1 3 -1 -1 3 1 2 2 1 3 4 2 1 3 4 2 1 3 4 2 1 3 4 2 1 3 4 value 0.0 0.0 0.0 0.0 0.0 0.0 0.0 0.0 0.0 0.0 0.0 0.0 0.0 0.0 0.0 0.0 10.0 0.0 0.0 0.0 0.0 0.0 0.0 0.0 0.0 0.0 0.0 0.0 0.0 0.0 0.0 0.0 0.0 0.0 0.0 0.0 0.0 0.0 0.0 0.0 
36.363285064697266 385.55462646484375 112.96512603759766 -278.4385986328125 -107.04791259765625 -246.50927734375 3.9951555728912354 -219.6247100830078 -15.017115592956543 355.4266052246094 -101.22332763671875 227.08935546875 24.968339920043945 118.64089965820312 11.652908325195312 -101.63225555419922 94.0066146850586 -245.92489624023438 -60.66307830810547 5.418245315551758 output 1 5 3 6 7 10 8 4 9 2 indices -1 4 2 3 -1 1 3 4 2 1 -1 4 2 1 3 -1 2 1 3 4 2 1 3 4 2 1 3 4 2 1 3 4 2 1 3 4 2 1 3 4 value 10.0 0.0 0.0 0.0 0.0 0.0 0.0 0.0 0.0 0.0 0.0 0.0 0.0 0.0 0.0 0.0 0.0 0.0 0.0 0.0 0.0 0.0 0.0 0.0 0.0 0.0 0.0 0.0 0.0 0.0 0.0 0.0 0.0 0.0 0.0 0.0 0.0 0.0 0.0 0.0 
-63.46829605102539 -149.1724090576172 115.430908203125 73.9615249633789 110.14681243896484 26.771696090698242 110.27626037597656 -261.97216796875 100.76124572753906 204.42010498046875 -93.70381164550781 -215.8412322998047 -75.49806213378906 243.17713928222656 -24.534149169921875 -17.02144432067871 -63.50531768798828 282.5885314941406 -115.90560150146484 -186.91175842285156 output 7 9 4 5 2 3 8 1 6 10 indices 2 -1 3 4 -1 1 3 4 2 1 -1 4 2 1 3 -1 2 1 3 4 2 1 3 4 2 1 3 4 2 1 3 4 -1 3 1 2 2 1 3 4 value 0.0 0.0 0.0 0.0 0.0 0.0 0.0 0.0 0.0 0.0 0.0 0.0 0.0 0.0 0.0 0.0 0.0 0.0 0.0 0.0 0.0 0.0 0.0 0.0 0.0 0.0 0.0 0.0 0.0 0.0 0.0 0.0 10.0 0.0 0.0 0.0 0.0 0.0 0.0 0.0 
11.073853492736816 -25.653425216674805 80.97206115722656 299.92755126953125 66.99700164794922 260.7060852050781 -189.12796020507812 -201.0545654296875 -1.7803840637207031 280.2365417480469 128.2026824951172 -273.3640441894531 83.9585952758789 157.08316040039062 41.777381896972656 -145.5375518798828 -89.69788360595703 -190.7427215576172 -132.37535095214844 -161.6010284423828 output 2 5 4 10 9 1 8 6 7 3 indices 2 -1 3 4 -1 4 1 3 2 1 -1 4 2 1 3 -1 2 1 3 4 2 1 3 4 2 1 3 4 2 1 3 4 2 1 3 4 2 1 3 4 value 0.0 0.0 0.0 0.0 10.0 0.0 0.0 0.0 0.0 0.0 0.0 0.0 0.0 0.0 0.0 0.0 0.0 0.0 0.0 0.0 0.0 0.0 0.0 0.0 0.0 0.0 0.0 0.0 0.0 0.0 0.0 0.0 0.0 0.0 0.0 0.0 0.0 0.0 0.0 0.0 
-38.24752426147461 -267.73553466796875 73.19563293457031 240.4424285888672 14.382293701171875 3.618288040161133 -21.68124771118164 116.1747817993164 78.3849868774414 133.2364044189453 -127.14673614501953 -165.25180053710938 79.65680694580078 236.7877197265625 136.28138732910156 -317.48748779296875 -22.67320442199707 295.83917236328125 -172.15240478515625 -275.6239929199219 output 1 9 2 7 8 5 3 4 10 6 indices 2 -1 3 4 -1 1 3 4 2 1 -1 4 2 1 3 -1 2 1 3 4 2 1 3 4 2 1 3 4 2 1 3 4 -1 3 1 2 2 1 3 4 value 0.0 0.0 0.0 0.0 0.0 0.0 0.0 0.0 0.0 0.0 0.0 0.0 0.0 0.0 0.0 0.0 0.0 0.0 0.0 0.0 0.0 0.0 0.0 0.0 0.0 0.0 0.0 0.0 0.0 0.0 0.0 0.0 10.0 0.0 0.0 0.0 0.0 0.0 0.0 0.0 
-121.07750701904297 -245.68716430664062 104.70294189453125 218.49139404296875 71.9659652709961 253.80255126953125 -117.67809295654297 -40.34835433959961 77.56001281738281 11.240778923034668 102.6740951538086 -233.18177795410156 -120.66197967529297 189.61181640625 98.5059814453125 -335.33782958984375 -79.57200622558594 287.1824645996094 -16.41939353942871 -105.77383422851562 output 2 3 9 7 1 4 10 5 6 8 indices 2 -1 3 4 -1 1 3 4 2 1 -1 4 2 1 3 -1 2 1 3 4 2 1 3 4 2 1 3 4 2 1 3 4 -1 3 1 2 2 1 3 4 value 0.0 0.0 0.0 0.0 0.0 0.0 0.0 0.0 0.0 0.0 0.0 0.0 0.0 0.0 0.0 0.0 0.0 0.0 0.0 0.0 0.0 0.0 0.0 0.0 0.0 0.0 0.0 0.0 0.0 0.0 0.0 0.0 10.0 0.0 0.0 0.0 0.0 0.0 0.0 0.0 
109.28797149658203 -155.3580322265625 -79.71650695800781 -119.8869857788086 19.09230613708496 92.81649780273438 13.078201293945312 41.53620147705078 -93.3514175415039 66.62459564208984 201.6663360595703 226.8167266845703 -94.4210433959961 -30.278148651123047 -106.03840637207031 -244.61521911621094 122.22977447509766 97.84134674072266 -91.82721710205078 24.50302505493164 output 7 8 5 10 4 3 9 6 1 2 indices 2 -1 3 4 -1 1 3 4 2 1 -1 4 2 1 3 -1 2 1 3 4 -1 3 1 2 2 1 3 4 2 1 3 4 2 1 3 4 2 1 3 4 value 0.0 0.0 0.0 0.0 0.0 0.0 0.0 0.0 0.0 0.0 0.0 0.0 0.0 0.0 0.0 0.0 0.0 0.0 0.0 0.0 10.0 0.0 0.0 0.0 0.0 0.0 0.0 0.0 0.0 0.0 0.0 0.0 0.0 0.0 0.0 0.0 0.0 0.0 0.0 0.0 
162.09666442871094 270.6886901855469 2.864265203475952 286.5239562988281 -27.31140899658203 -325.41180419921875 -36.15250778198242 66.58502197265625 46.05787658691406 180.4131317138672 -172.24786376953125 240.27239990234375 157.2521514892578 -262.5267639160156 -34.1104736328125 -294.8687438964844 82.43856048583984 238.85989379882812 -180.88726806640625 -400.5357971191406 output 8 3 2 9 7 1 5 4 6 10 indices -1 4 2 3 -1 1 3 4 2 1 -1 4 2 1 3 -1 2 1 3 4 2 1 3 4 2 1 3 4 2 1 3 4 2 1 3 4 2 1 3 4 value 10.0 0.0 0.0 0.0 0.0 0.0 0.0 0.0 0.0 0.0 0.0 0.0 0.0 0.0 0.0 0.0 0.0 0.0 0.0 0.0 0.0 0.0 0.0 0.0 0.0 0.0 0.0 0.0 0.0 0.0 0.0 0.0 0.0 0.0 0.0 0.0 0.0 0.0 0.0 0.0 
-97.91329193115234 48.09590148925781 99.73467254638672 270.9772033691406 75.74121856689453 317.7942810058594 -167.71473693847656 -209.5526123046875 -65.59032440185547 29.98546028137207 -89.83403015136719 -61.93808364868164 18.943639755249023 58.173728942871094 135.05789184570312 -195.1252899169922 -74.19096374511719 -187.10977172851562 165.76593017578125 -71.30078887939453 output 1 6 4 9 8 10 3 2 7 5 indices 2 -1 3 4 -1 1 3 4 -1 4 1 2 2 1 3 -1 2 1 3 4 2 1 3 4 2 1 3 4 2 1 3 4 2 1 3 4 2 1 3 4 value 0.0 0.0 0.0 0.0 0.0 0.0 0.0 0.0 10.0 0.0 0.0 0.0 0.0 0.0 0.0 0.0 0.0 0.0 0.0 0.0 0.0 0.0 0.0 0.0 0.0 0.0 0.0 0.0 0.0 0.0 0.0 0.0 0.0 0.0 0.0 0.0 0.0 0.0 0.0 0.0 
11.376371383666992 -190.45977783203125 145.2427215576172 -15.52669620513916 -102.13017272949219 -167.9428253173828 -46.50804901123047 170.21754455566406 -35.82194519042969 -113.53081512451172 -11.916173934936523 216.1798858642578 -125.31231689453125 25.452255249023438 96.62508392333984 -183.34521484375 101.94351959228516 157.3072509765625 -33.499027252197266 101.6484146118164 output 9 2 8 1 5 3 7 10 4 6 indices 2 -1 3 4 -1 1 3 4 2 1 -1 4 2 1 3 -1 2 1 3 4 -1 3 1 2 2 1 3 4 2 1 3 4 2 1 3 4 2 1 3 4 value 0.0 0.0 0.0 0.0 0.0 0.0 0.0 0.0 0.0 0.0 0.0 0.0 0.0 0.0 0.0 0.0 0.0 0.0 0.0 0.0 10.0 0.0 0.0 0.0 0.0 0.0 0.0 0.0 0.0 0.0 0.0 0.0 0.0 0.0 0.0 0.0 0.0 0.0 0.0 0.0 
49.61377716064453 231.5381622314453 51.31318664550781 -222.1620635986328 -15.500484466552734 -256.7826843261719 -36.55958938598633 -22.255090713500977 -21.406761169433594 320.37548828125 33.67936325073242 77.56407165527344 -179.5174560546875 -53.675445556640625 133.16635131835938 -242.30221557617188 114.3713607788086 46.618770599365234 -129.15975952148438 121.08101654052734 output 6 9 8 2 3 5 1 10 7 4 indices 2 -1 3 4 -1 1 3 4 2 1 -1 4 2 1 3 -1 -1 3 1 2 2 1 3 4 2 1 3 4 2 1 3 4 2 1 3 4 2 1 3 4 value 0.0 0.0 0.0 0.0 0.0 0.0 0.0 0.0 0.0 0.0 0.0 0.0 0.0 0.0 0.0 0.0 10.0 0.0 0.0 0.0 0.0 0.0 0.0 0.0 0.0 0.0 0.0 0.0 0.0 0.0 0.0 0.0 0.0 0.0 0.0 0.0 0.0 0.0 0.0 0.0 
75.32455444335938 342.7322692871094 -11.781826972961426 -214.3485870361328 19.599637985229492 -41.95795440673828 184.83029174804688 269.7388000488281 -102.63314819335938 -295.3367919921875 101.3552474975586 345.6156311035156 -155.4189453125 -330.0900573730469 -149.80274963378906 -140.8328094482422 -41.39447021484375 129.7555389404297 79.92140197753906 -65.2760238647461 output 4 6 1 2 5 7 8 9 3 10 indices 2 -1 3 4 -1 1 3 4 2 1 -1 4 2 1 3 -1 2 1 3 4 -1 3 1 2 2 1 3 4 2 1 3 4 2 1 3 4 2 1 3 4 value 0.0 0.0 0.0 0.0 0.0 0.0 0.0 0.0 0.0 0.0 0.0 0.0 0.0 0.0 0.0 0.0 0.0 0.0 0.0 0.0 10.0 0.0 0.0 0.0 0.0 0.0 0.0 0.0 0.0 0.0 0.0 0.0 0.0 0.0 0.0 0.0 0.0 0.0 0.0 0.0 
209.93292236328125 -155.67031860351562 176.69606018066406 -250.28558349609375 -103.79125213623047 -90.14527893066406 -24.975994110107422 18.82062530517578 -98.55265045166016 37.06554412841797 -3.8166873455047607 403.11700439453125 -29.099544525146484 212.63270568847656 -113.29076385498047 140.67474365234375 -25.216327667236328 -68.0935287475586 12.114252090454102 -248.11590576171875 output 1 2 10 6 7 8 3 5 4 9 indices 2 -1 3 4 -1 1 3 4 2 1 -1 4 2 1 3 -1 2 1 3 4 -1 3 1 2 2 1 3 4 2 1 3 4 2 1 3 4 2 1 3 4 value 0.0 0.0 0.0 0.0 0.0 0.0 0.0 0.0 0.0 0.0 0.0 0.0 0.0 0.0 0.0 0.0 0.0 0.0 0.0 0.0 10.0 0.0 0.0 0.0 0.0 0.0 0.0 0.0 0.0 0.0 0.0 0.0 0.0 0.0 0.0 0.0 0.0 0.0 0.0 0.0 
-21.491432189941406 336.8132629394531 -0.22948811948299408 -156.06785583496094 -19.372730255126953 -110.30972290039062 146.32461547851562 -51.52798080444336 17.702655792236328 -138.5096893310547 0.9195836782455444 -81.09456634521484 -100.41925811767578 340.98004150390625 -4.0383524894714355 -61.02869415283203 -35.354007720947266 224.64210510253906 15.958407402038574 -303.89691162109375 output 7 1 10 2 5 3 6 8 4 9 indices -1 4 2 3 -1 1 3 4 2 1 -1 4 2 1 3 -1 2 1 3 4 2 1 3 4 2 1 3 4 2 1 3 4 2 1 3 4 2 1 3 4 value 10.0 0.0 0.0 0.0 0.0 0.0 0.0 0.0 0.0 0.0 0.0 0.0 0.0 0.0 0.0 0.0 0.0 0.0 0.0 0.0 0.0 0.0 0.0 0.0 0.0 0.0 0.0 0.0 0.0 0.0 0.0 0.0 0.0 0.0 0.0 0.0 0.0 0.0 0.0 0.0 
87.75328826904297 247.69390869140625 1.9193484783172607 -253.95811462402344 -108.84933471679688 -5.894273281097412 -197.37753295898438 -40.624691009521484 137.67547607421875 -27.03411865234375 1.8897122144699097 -73.59231567382812 71.6546401977539 257.9885559082031 114.88207244873047 -97.56977081298828 34.89550018310547 96.16529846191406 -144.44317626953125 -103.17447662353516 output 1 5 8 2 10 4 3 6 9 7 indices 2 -1 3 4 -1 1 3 4 2 1 -1 4 2 1 3 -1 2 1 3 4 2 1 3 4 -1 3 1 2 2 1 3 4 2 1 3 4 2 1 3 4 value 0.0 0.0 0.0 0.0 0.0 0.0 0.0 0.0 0.0 0.0 0.0 0.0 0.0 0.0 0.0 0.0 0.0 0.0 0.0 0.0 0.0 0.0 0.0 0.0 10.0 0.0 0.0 0.0 0.0 0.0 0.0 0.0 0.0 0.0 0.0 0.0 0.0 0.0 0.0 0.0 
111.89025115966797 205.50823974609375 -98.38987731933594 115.79650115966797 54.748497009277344 -35.28520965576172 -14.921303749084473 -352.26885986328125 -121.82316589355469 269.805908203125 104.39979553222656 38.56663131713867 85.17790985107422 -93.42684173583984 -96.69161987304688 -119.07987976074219 122.56220245361328 94.97178649902344 -146.95269775390625 -124.58831787109375 output 10 8 3 7 6 9 1 4 5 2 indices 2 -1 3 4 -1 1 3 4 2 1 -1 4 2 1 3 -1 -1 3 1 2 2 1 3 4 2 1 3 4 2 1 3 4 2 1 3 4 2 1 3 4 value 0.0 0.0 0.0 0.0 0.0 0.0 0.0 0.0 0.0 0.0 0.0 0.0 0.0 0.0 0.0 0.0 10.0 0.0 0.0 0.0 0.0 0.0 0.0 0.0 0.0 0.0 0.0 0.0 0.0 0.0 0.0 0.0 0.0 0.0 0.0 0.0 0.0 0.0 0.0 0.0 
-147.88253784179688 -359.9740905761719 5.460319995880127 -189.87144470214844 91.10189056396484 122.36705780029297 -98.46566009521484 -50.117576599121094 41.08448028564453 226.79653930664062 -38.481048583984375 277.2758483886719 115.40933227539062 225.3487091064453 -2.1249711513519287 -321.80450439453125 152.0697784423828 -13.816183090209961 -118.17158508300781 83.7956314086914 output 1 6 5 3 7 9 8 2 4 10 indices 2 -1 3 4 -1 1 3 4 2 1 -1 4 2 1 3 -1 2 1 3 4 -1 3 1 2 2 1 3 4 2 1 3 4 2 1 3 4 2 1 3 4 value 0.0 0.0 0.0 0.0 0.0 0.0 0.0 0.0 0.0 0.0 0.0 0.0 0.0 0.0 0.0 0.0 0.0 0.0 0.0 0.0 10.0 0.0 0.0 0.0 0.0 0.0 0.0 0.0 0.0 0.0 0.0 0.0 0.0 0.0 0.0 0.0 0.0 0.0 0.0 0.0 
-54.14759063720703 -7.739528179168701 -85.95899200439453 178.43557739257812 -101.19005584716797 -38.298133850097656 142.9507598876953 336.75616455078125 142.00173950195312 -131.54177856445312 -129.4310760498047 -273.8507995605469 -62.641212463378906 -172.01992797851562 71.4522705078125 -314.1251525878906 85.75292205810547 309.5713195800781 -8.7887544631958 112.81224060058594 output 1 2 10 5 4 9 8 7 6 3 indices 2 -1 3 4 -1 1 3 4 2 1 -1 4 -1 3 1 2 2 1 3 4 2 1 3 4 2 1 3 4 2 1 3 4 2 1 3 4 2 1 3 4 value 0.0 0.0 0.0 0.0 0.0 0.0 0.0 0.0 0.0 0.0 0.0 0.0 10.0 0.0 0.0 0.0 0.0 0.0 0.0 0.0 0.0 0.0 0.0 0.0 0.0 0.0 0.0 0.0 0.0 0.0 0.0 0.0 0.0 0.0 0.0 0.0 0.0 0.0 0.0 0.0 
99.62145233154297 -303.5483093261719 46.91145324707031 36.30217361450195 -124.46990203857422 192.95643615722656 -157.1136016845703 242.9622344970703 -67.2369384765625 -193.5105743408203 69.13798522949219 -2.8417694568634033 62.405784606933594 -87.66700744628906 -53.62166976928711 -160.22048950195312 29.913410186767578 223.52589416503906 94.4520263671875 52.04142379760742 output 1 9 3 4 5 8 7 6 2 10 indices 2 -1 3 4 -1 1 3 4 2 1 -1 4 2 1 3 -1 2 1 3 4 2 1 3 4 2 1 3 4 2 1 3 4 -1 3 1 2 2 1 3 4 value 0.0 0.0 0.0 0.0 0.0 0.0 0.0 0.0 0.0 0.0 0.0 0.0 0.0 0.0 0.0 0.0 0.0 0.0 0.0 0.0 0.0 0.0 0.0 0.0 0.0 0.0 0.0 0.0 0.0 0.0 0.0 0.0 10.0 0.0 0.0 0.0 0.0 0.0 0.0 0.0 
44.099693298339844 45.28958511352539 171.27488708496094 173.17364501953125 -150.82801818847656 -211.88284301757812 -3.237063407897949 -164.4428253173828 -42.9326057434082 -120.7413558959961 -111.48477935791016 15.242622375488281 132.36215209960938 -26.845306396484375 8.923210144042969 0.9131179451942444 34.74298095703125 78.00774383544922 -82.92045593261719 211.28562927246094 output 10 6 8 1 9 7 2 4 5 3 indices 2 -1 3 4 -1 4 1 3 2 1 -1 4 2 1 3 -1 2 1 3 4 2 1 3 4 2 1 3 4 2 1 3 4 2 1 3 4 2 1 3 4 value 0.0 0.0 0.0 0.0 10.0 0.0 0.0 0.0 0.0 0.0 0.0 0.0 0.0 0.0 0.0 0.0 0.0 0.0 0.0 0.0 0.0 0.0 0.0 0.0 0.0 0.0 0.0 0.0 0.0 0.0 0.0 0.0 0.0 0.0 0.0 0.0 0.0 0.0 0.0 0.0 
223.80381774902344 133.8795166015625 -115.31895446777344 -274.6010437011719 -85.65979766845703 378.0931091308594 37.272560119628906 -215.07821655273438 217.33621215820312 -111.44157409667969 -79.89525604248047 -286.68890380859375 -12.645142555236816 189.42498779296875 -60.84822082519531 -36.49485778808594 -14.071410179138184 49.43406295776367 -109.97381591796875 173.47291564941406 output 8 10 2 3 6 4 5 1 7 9 indices 2 -1 3 4 -1 1 3 4 -1 4 1 2 2 1 3 -1 2 1 3 4 2 1 3 4 2 1 3 4 2 1 3 4 2 1 3 4 2 1 3 4 value 0.0 0.0 0.0 0.0 0.0 0.0 0.0 0.0 10.0 0.0 0.0 0.0 0.0 0.0 0.0 0.0 0.0 0.0 0.0 0.0 0.0 0.0 0.0 0.0 0.0 0.0 0.0 0.0 0.0 0.0 0.0 0.0 0.0 0.0 0.0 0.0 0.0 0.0 0.0 0.0 
41.93791580200195 -116.06035614013672 -19.5671329498291 -122.0871353149414 -10.549559593200684 -251.2992706298828 72.9871826171875 -203.96502685546875 -14.71263599395752 232.4109344482422 -163.983154296875 422.4713134765625 -41.917789459228516 -79.60665893554688 164.7127685546875 -54.506568908691406 -131.340576171875 -208.75912475585938 102.43296813964844 381.4018859863281 output 4 1 2 7 9 6 5 8 10 3 indices 2 -1 3 4 -1 1 3 4 2 1 -1 4 2 1 3 -1 2 1 3 4 2 1 3 4 2 1 3 4 2 1 3 4 2 1 3 4 -1 3 1 2 value 0.0 0.0 0.0 0.0 0.0 0.0 0.0 0.0 0.0 0.0 0.0 0.0 0.0 0.0 0.0 0.0 0.0 0.0 0.0 0.0 0.0 0.0 0.0 0.0 0.0 0.0 0.0 0.0 0.0 0.0 0.0 0.0 0.0 0.0 0.0 0.0 10.0 0.0 0.0 0.0 
138.86700439453125 28.418670654296875 58.32828140258789 44.30284881591797 -126.84477233886719 -59.909942626953125 -43.06300735473633 -267.09088134765625 -82.85157012939453 364.1962890625 -141.989990234375 -220.21864318847656 2.239513397216797 -106.45831298828125 152.4773406982422 -194.6660919189453 -10.435937881469727 154.82589721679688 53.27313995361328 256.6001892089844 output 1 8 7 3 6 4 5 10 9 2 indices 2 -1 3 4 -1 1 3 4 2 1 -1 4 2 1 3 -1 -1 3 1 2 2 1 3 4 2 1 3 4 2 1 3 4 2 1 3 4 2 1 3 4 value 0.0 0.0 0.0 0.0 0.0 0.0 0.0 0.0 0.0 0.0 0.0 0.0 0.0 0.0 0.0 0.0 10.0 0.0 0.0 0.0 0.0 0.0 0.0 0.0 0.0 0.0 0.0 0.0 0.0 0.0 0.0 0.0 0.0 0.0 0.0 0.0 0.0 0.0 0.0 0.0 
-0.7404367327690125 267.8432312011719 106.41954040527344 -65.8558349609375 73.53974151611328 38.7757682800293 -77.09889221191406 -291.1840515136719 19.24347686767578 106.84048461914062 -126.46720123291016 134.20291137695312 -141.96820068359375 250.19320678710938 -15.088592529296875 -343.9440002441406 -1.1391565799713135 -118.9620361328125 163.2997283935547 22.09030532836914 output 1 7 6 5 3 10 2 9 4 8 indices -1 4 2 3 -1 1 3 4 2 1 -1 4 2 1 3 -1 2 1 3 4 2 1 3 4 2 1 3 4 2 1 3 4 2 1 3 4 2 1 3 4 value 10.0 0.0 0.0 0.0 0.0 0.0 0.0 0.0 0.0 0.0 0.0 0.0 0.0 0.0 0.0 0.0 0.0 0.0 0.0 0.0 0.0 0.0 0.0 0.0 0.0 0.0 0.0 0.0 0.0 0.0 0.0 0.0 0.0 0.0 0.0 0.0 0.0 0.0 0.0 0.0 
151.77740478515625 28.003421783447266 1.2775918245315552 -159.12240600585938 73.30838775634766 -303.4366455078125 -2.399430513381958 108.56122589111328 -96.85397338867188 3.0620791912078857 132.2876739501953 111.13090515136719 -158.4317626953125 -34.43403244018555 69.74544525146484 163.4669952392578 -147.95582580566406 155.81546020507812 -22.755516052246094 -73.0470199584961 output 7 9 4 8 6 1 3 2 10 5 indices 2 -1 3 4 -1 1 3 4 2 1 -1 4 2 1 3 -1 2 1 3 4 2 1 3 4 2 1 3 4 -1 3 1 2 2 1 3 4 2 1 3 4 value 0.0 0.0 0.0 0.0 0.0 0.0 0.0 0.0 0.0 0.0 0.0 0.0 0.0 0.0 0.0 0.0 0.0 0.0 0.0 0.0 0.0 0.0 0.0 0.0 0.0 0.0 0.0 0.0 10.0 0.0 0.0 0.0 0.0 0.0 0.0 0.0 0.0 0.0 0.0 0.0 
-109.36973571777344 -88.93914794921875 -103.73863220214844 182.60287475585938 17.45932960510254 -275.6069030761719 72.23497009277344 -32.970149993896484 111.64128875732422 -46.1213493347168 -125.36593627929688 343.47540283203125 122.4469223022461 -112.592041015625 184.06069946289062 105.956787109375 -75.78606414794922 200.6384735107422 -93.58284759521484 -276.4439697265625 output 4 5 7 8 3 10 6 9 2 1 indices 2 -1 3 4 -1 1 3 4 2 1 -1 4 2 1 3 -1 2 1 3 4 -1 3 1 2 2 1 3 4 2 1 3 4 2 1 3 4 2 1 3 4 value 0.0 0.0 0.0 0.0 0.0 0.0 0.0 0.0 0.0 0.0 0.0 0.0 0.0 0.0 0.0 0.0 0.0 0.0 0.0 0.0 10.0 0.0 0.0 0.0 0.0 0.0 0.0 0.0 0.0 0.0 0.0 0.0 0.0 0.0 0.0 0.0 0.0 0.0 0.0 0.0 
-119.15254974365234 -459.2845458984375 142.81748962402344 96.94807434082031 126.44464111328125 201.00601196289062 -154.8150177001953 76.8817367553711 -133.37696838378906 213.9630584716797 17.6464900970459 -128.1092071533203 136.6777801513672 -359.3025207519531 -66.7942123413086 89.17826843261719 -48.43629455566406 212.9207305908203 98.98863983154297 55.798370361328125 output 1 5 4 6 7 3 2 10 8 9 indices 2 -1 3 4 -1 1 3 4 -1 4 1 2 2 1 3 -1 2 1 3 4 2 1 3 4 2 1 3 4 2 1 3 4 2 1 3 4 2 1 3 4 value 0.0 0.0 0.0 0.0 0.0 0.0 0.0 0.0 10.0 0.0 0.0 0.0 0.0 0.0 0.0 0.0 0.0 0.0 0.0 0.0 0.0 0.0 0.0 0.0 0.0 0.0 0.0 0.0 0.0 0.0 0.0 0.0 0.0 0.0 0.0 0.0 0.0 0.0 0.0 0.0 
-113.43751525878906 -28.69561004638672 -84.53280639648438 61.82524871826172 -86.73103332519531 -173.42823791503906 80.9319839477539 -273.3275146484375 26.58640480041504 -179.26426696777344 220.742431640625 141.937255859375 39.97698974609375 211.81271362304688 -77.48046875 194.86782836914062 -122.5640640258789 -229.95172119140625 116.5080795288086 274.22430419921875 output 1 2 8 7 10 6 4 5 3 9 indices 2 -1 3 4 -1 1 3 4 2 1 -1 4 2 1 3 -1 2 1 3 4 2 1 3 4 2 1 3 4 2 1 3 4 2 1 3 4 -1 3 1 2 value 0.0 0.0 0.0 0.0 0.0 0.0 0.0 0.0 0.0 0.0 0.0 0.0 0.0 0.0 0.0 0.0 0.0 0.0 0.0 0.0 0.0 0.0 0.0 0.0 0.0 0.0 0.0 0.0 0.0 0.0 0.0 0.0 0.0 0.0 0.0 0.0 10.0 0.0 0.0 0.0 
74.43260955810547 -205.8870086669922 -136.4298858642578 -313.87615966796875 -31.588844299316406 80.35284423828125 65.87322235107422 -201.20611572265625 31.38250732421875 -92.81925964355469 44.69949722290039 396.4132995605469 -31.03424835205078 274.461181640625 -2.7806684970855713 -262.28704833984375 133.71484375 359.5432434082031 -148.26902770996094 -34.69501876831055 output 4 1 8 6 9 7 2 10 3 5 indices 2 -1 3 4 -1 1 3 4 2 1 -1 4 2 1 3 -1 2 1 3 4 -1 3 1 2 2 1 3 4 2 1 3 4 2 1 3 4 2 1 3 4 value 0.0 0.0 0.0 0.0 0.0 0.0 0.0 0.0 0.0 0.0 0.0 0.0 0.0 0.0 0.0 0.0 0.0 0.0 0.0 0.0 10.0 0.0 0.0 0.0 0.0 0.0 0.0 0.0 0.0 0.0 0.0 0.0 0.0 0.0 0.0 0.0 0.0 0.0 0.0 0.0 
91.73794555664062 -254.57955932617188 56.23152160644531 -232.78884887695312 34.797119140625 -32.97714614868164 134.50926208496094 -269.2290344238281 -160.82589721679688 -53.05118179321289 -118.69058227539062 121.49069213867188 64.12623596191406 88.53257751464844 -13.597853660583496 251.25343322753906 -82.87458801269531 272.3354187011719 -5.413153171539307 109.0136489868164 output 1 4 8 9 5 6 10 7 3 2 indices 2 -1 3 4 -1 1 3 4 2 1 -1 4 2 1 3 -1 2 1 3 4 2 1 3 4 2 1 3 4 2 1 3 4 -1 3 1 2 2 1 3 4 value 0.0 0.0 0.0 0.0 0.0 0.0 0.0 0.0 0.0 0.0 0.0 0.0 0.0 0.0 0.0 0.0 0.0 0.0 0.0 0.0 0.0 0.0 0.0 0.0 0.0 0.0 0.0 0.0 0.0 0.0 0.0 0.0 10.0 0.0 0.0 0.0 0.0 0.0 0.0 0.0 
-144.0595245361328 -132.5431671142578 109.57931518554688 -232.38809204101562 138.47149658203125 325.0804443359375 136.19595336914062 316.159912109375 -23.346097946166992 -344.16424560546875 9.286086082458496 -161.62416076660156 -98.05390167236328 321.6663513183594 -9.166711807250977 98.92257690429688 -93.44898223876953 77.93175506591797 -25.457616806030273 -269.0413818359375 output 10 5 7 1 9 8 4 3 2 6 indices 2 -1 3 4 -1 1 3 4 -1 4 1 2 2 1 3 -1 2 1 3 4 2 1 3 4 2 1 3 4 2 1 3 4 2 1 3 4 2 1 3 4 value 0.0 0.0 0.0 0.0 0.0 0.0 0.0 0.0 10.0 0.0 0.0 0.0 0.0 0.0 0.0 0.0 0.0 0.0 0.0 0.0 0.0 0.0 0.0 0.0 0.0 0.0 0.0 0.0 0.0 0.0 0.0 0.0 0.0 0.0 0.0 0.0 0.0 0.0 0.0 0.0 
147.90972900390625 234.1599578857422 -110.2573471069336 -159.4208221435547 50.36750793457031 -384.7953796386719 -37.32664489746094 247.6112060546875 17.712718963623047 261.5888671875 -58.213924407958984 222.09226989746094 84.12979888916016 92.15125274658203 -26.12957191467285 -153.79832458496094 -101.82533264160156 -44.9190673828125 33.63306427001953 -314.6700134277344 output 1 7 5 4 6 9 2 8 10 3 indices 2 -1 3 4 -1 1 3 4 2 1 -1 4 2 1 3 -1 -1 3 1 2 2 1 3 4 2 1 3 4 2 1 3 4 2 1 3 4 2 1 3 4 value 0.0 0.0 0.0 0.0 0.0 0.0 0.0 0.0 0.0 0.0 0.0 0.0 0.0 0.0 0.0 0.0 10.0 0.0 0.0 0.0 0.0 0.0 0.0 0.0 0.0 0.0 0.0 0.0 0.0 0.0 0.0 0.0 0.0 0.0 0.0 0.0 0.0 0.0 0.0 0.0 
124.68294525146484 -354.4335021972656 127.15696716308594 170.8233642578125 -110.44580078125 81.96753692626953 -132.79530334472656 -99.86077117919922 -19.42701530456543 -63.57106018066406 -197.1615447998047 31.718950271606445 31.787099838256836 -44.533546447753906 123.76084899902344 27.09125328063965 -52.78428649902344 187.47242736816406 105.22608184814453 63.3253288269043 output 3 6 4 5 7 10 8 2 1 9 indices 2 -1 3 4 -1 4 1 3 2 1 -1 4 2 1 3 -1 2 1 3 4 2 1 3 4 2 1 3 4 2 1 3 4 2 1 3 4 2 1 3 4 value 0.0 0.0 0.0 0.0 10.0 0.0 0.0 0.0 0.0 0.0 0.0 0.0 0.0 0.0 0.0 0.0 0.0 0.0 0.0 0.0 0.0 0.0 0.0 0.0 0.0 0.0 0.0 0.0 0.0 0.0 0.0 0.0 0.0 0.0 0.0 0.0 0.0 0.0 0.0 0.0 
144.4923095703125 -216.9023895263672 63.80615997314453 320.0375061035156 95.09207153320312 -171.85244750976562 -148.07467651367188 168.98106384277344 72.63507843017578 126.0301742553711 -191.1590576171875 -54.04412078857422 3.0684642791748047 -222.67115783691406 -193.75003051757812 -184.81033325195312 1.8150094747543335 -142.6665802001953 152.07467651367188 377.8982849121094 output 5 4 6 8 7 9 3 1 10 2 indices 2 -1 3 4 -1 1 3 4 2 1 -1 4 2 1 3 -1 2 1 3 4 2 1 3 4 2 1 3 4 2 1 3 4 2 1 3 4 -1 3 1 2 value 0.0 0.0 0.0 0.0 0.0 0.0 0.0 0.0 0.0 0.0 0.0 0.0 0.0 0.0 0.0 0.0 0.0 0.0 0.0 0.0 0.0 0.0 0.0 0.0 0.0 0.0 0.0 0.0 0.0 0.0 0.0 0.0 0.0 0.0 0.0 0.0 10.0 0.0 0.0 0.0 
109.46249389648438 -232.89515686035156 -177.3392791748047 83.3154525756836 -107.49537658691406 -7.432489395141602 37.56507873535156 -115.95960235595703 10.097424507141113 146.73793029785156 4.653683185577393 3.1216471195220947 -2.3143820762634277 116.5302734375 -63.5437126159668 -196.8795928955078 154.7114715576172 -169.6112060546875 34.202598571777344 373.07275390625 output 1 10 5 7 6 3 2 8 4 9 indices 2 -1 3 4 -1 1 3 4 2 1 -1 4 2 1 3 -1 2 1 3 4 2 1 3 4 2 1 3 4 2 1 3 4 2 1 3 4 -1 3 1 2 value 0.0 0.0 0.0 0.0 0.0 0.0 0.0 0.0 0.0 0.0 0.0 0.0 0.0 0.0 0.0 0.0 0.0 0.0 0.0 0.0 0.0 0.0 0.0 0.0 0.0 0.0 0.0 0.0 0.0 0.0 0.0 0.0 0.0 0.0 0.0 0.0 10.0 0.0 0.0 0.0 
55.08977127075195 140.15228271484375 -65.4790267944336 62.84217071533203 124.00977325439453 258.3162841796875 36.33596420288086 -118.8742904663086 40.95832061767578 172.00677490234375 112.7788314819336 9.660181999206543 -12.699091911315918 96.36390686035156 -33.4642333984375 -238.43966674804688 -95.60392761230469 19.43915557861328 -161.9263916015625 -401.466796875 output 2 9 10 8 4 6 3 5 1 7 indices 2 -1 3 4 -1 1 3 4 -1 4 1 2 2 1 3 -1 2 1 3 4 2 1 3 4 2 1 3 4 2 1 3 4 2 1 3 4 2 1 3 4 value 0.0 0.0 0.0 0.0 0.0 0.0 0.0 0.0 10.0 0.0 0.0 0.0 0.0 0.0 0.0 0.0 0.0 0.0 0.0 0.0 0.0 0.0 0.0 0.0 0.0 0.0 0.0 0.0 0.0 0.0 0.0 0.0 0.0 0.0 0.0 0.0 0.0 0.0 0.0 0.0 
95.70320129394531 -250.70057678222656 -138.19908142089844 183.9420623779297 -65.49332427978516 182.60707092285156 -126.07129669189453 -172.03857421875 94.69145202636719 333.7477722167969 -19.46396827697754 89.07987213134766 76.68201446533203 -94.640380859375 -174.35316467285156 142.80105590820312 125.01951599121094 -200.63946533203125 131.48464965820312 -214.15882873535156 output 1 10 9 7 4 8 2 3 6 5 indices 2 -1 3 4 -1 1 3 4 2 1 -1 4 2 1 3 -1 -1 3 1 2 2 1 3 4 2 1 3 4 2 1 3 4 2 1 3 4 2 1 3 4 value 0.0 0.0 0.0 0.0 0.0 0.0 0.0 0.0 0.0 0.0 0.0 0.0 0.0 0.0 0.0 0.0 10.0 0.0 0.0 0.0 0.0 0.0 0.0 0.0 0.0 0.0 0.0 0.0 0.0 0.0 0.0 0.0 0.0 0.0 0.0 0.0 0.0 0.0 0.0 0.0 
64.2616958618164 -37.02585220336914 -162.00941467285156 -229.9900665283203 -102.05542755126953 187.08937072753906 -115.01112365722656 -252.4552459716797 -118.05885314941406 127.49169921875 110.96904754638672 47.19236755371094 151.01922607421875 261.36865234375 -81.81819152832031 -239.39068603515625 113.7266616821289 169.00550842285156 138.9763946533203 -33.28575134277344 output 1 6 10 7 9 3 5 2 4 8 indices 2 -1 3 4 -1 1 3 4 2 1 -1 4 2 1 3 -1 2 1 3 4 2 1 3 4 -1 3 1 2 2 1 3 4 2 1 3 4 2 1 3 4 value 0.0 0.0 0.0 0.0 0.0 0.0 0.0 0.0 0.0 0.0 0.0 0.0 0.0 0.0 0.0 0.0 0.0 0.0 0.0 0.0 0.0 0.0 0.0 0.0 10.0 0.0 0.0 0.0 0.0 0.0 0.0 0.0 0.0 0.0 0.0 0.0 0.0 0.0 0.0 0.0 
50.791664123535156 -81.20577239990234 51.009910583496094 -204.72955322265625 116.98950958251953 392.9386901855469 37.402061462402344 -134.35525512695312 4.098834991455078 195.8756866455078 106.0989761352539 44.76227569580078 -167.59825134277344 158.6851348876953 -19.986461639404297 186.21156311035156 -72.49175262451172 -281.97723388671875 -106.31449127197266 -276.2055358886719 output 5 8 7 10 9 2 4 1 6 3 indices 2 -1 3 4 -1 1 3 4 -1 4 1 2 2 1 3 -1 2 1 3 4 2 1 3 4 2 1 3 4 2 1 3 4 2 1 3 4 2 1 3 4 value 0.0 0.0 0.0 0.0 0.0 0.0 0.0 0.0 10.0 0.0 0.0 0.0 0.0 0.0 0.0 0.0 0.0 0.0 0.0 0.0 0.0 0.0 0.0 0.0 0.0 0.0 0.0 0.0 0.0 0.0 0.0 0.0 0.0 0.0 0.0 0.0 0.0 0.0 0.0 0.0 
130.4246063232422 123.97652435302734 1.5087889432907104 212.74005126953125 -35.74696350097656 -156.91732788085938 -111.54647064208984 252.0426788330078 -139.93653869628906 -114.90626525878906 104.68119812011719 -276.3224182128906 106.88003540039062 -120.37007904052734 137.38880920410156 -314.07977294921875 -60.23206329345703 160.47515869140625 -133.42140197753906 233.36146545410156 output 4 10 5 3 7 6 8 1 2 9 indices 2 -1 3 4 -1 1 3 4 2 1 -1 4 -1 3 1 2 2 1 3 4 2 1 3 4 2 1 3 4 2 1 3 4 2 1 3 4 2 1 3 4 value 0.0 0.0 0.0 0.0 0.0 0.0 0.0 0.0 0.0 0.0 0.0 0.0 10.0 0.0 0.0 0.0 0.0 0.0 0.0 0.0 0.0 0.0 0.0 0.0 0.0 0.0 0.0 0.0 0.0 0.0 0.0 0.0 0.0 0.0 0.0 0.0 0.0 0.0 0.0 0.0 
-164.5375518798828 276.25360107421875 172.27197265625 -211.31503295898438 -142.95492553710938 -210.27796936035156 185.69497680664062 60.910274505615234 -122.46533966064453 -156.17808532714844 -129.7857208251953 -75.87060546875 127.38610076904297 -202.0665740966797 171.7588348388672 236.82005310058594 24.2355899810791 56.738075256347656 -121.60395050048828 224.98626708984375 output 10 1 3 6 5 7 2 4 8 9 indices 2 -1 3 4 -1 1 3 4 2 1 -1 4 2 1 3 -1 2 1 3 4 2 1 3 4 2 1 3 4 -1 3 1 2 2 1 3 4 2 1 3 4 value 0.0 0.0 0.0 0.0 0.0 0.0 0.0 0.0 0.0 0.0 0.0 0.0 0.0 0.0 0.0 0.0 0.0 0.0 0.0 0.0 0.0 0.0 0.0 0.0 0.0 0.0 0.0 0.0 10.0 0.0 0.0 0.0 0.0 0.0 0.0 0.0 0.0 0.0 0.0 0.0 
-138.5469207763672 240.2220458984375 -85.56708526611328 -291.25286865234375 -53.27519989013672 262.8684997558594 166.58563232421875 -112.05145263671875 -47.076568603515625 158.41287231445312 49.753902435302734 -194.15811157226562 184.48974609375 1.1147246360778809 132.09202575683594 -117.2068862915039 -64.55327606201172 -158.1590118408203 -143.90223693847656 210.210205078125 output 1 10 2 9 6 8 4 7 5 3 indices 2 -1 3 4 -1 1 3 4 -1 4 1 2 2 1 3 -1 2 1 3 4 2 1 3 4 2 1 3 4 2 1 3 4 2 1 3 4 2 1 3 4 value 0.0 0.0 0.0 0.0 0.0 0.0 0.0 0.0 10.0 0.0 0.0 0.0 0.0 0.0 0.0 0.0 0.0 0.0 0.0 0.0 0.0 0.0 0.0 0.0 0.0 0.0 0.0 0.0 0.0 0.0 0.0 0.0 0.0 0.0 0.0 0.0 0.0 0.0 0.0 0.0 
45.717872619628906 305.62933349609375 -21.62482452392578 -71.34588623046875 -35.50257873535156 269.4541931152344 -46.17045974731445 182.26002502441406 -162.89382934570312 -243.10377502441406 19.55235481262207 -139.86309814453125 139.82296752929688 383.6529541015625 111.84790802001953 -287.0206604003906 -7.755435466766357 -96.44132995605469 -42.99396514892578 -303.22174072265625 output 4 3 10 5 2 9 6 8 7 1 indices 2 -1 3 4 -1 1 3 4 2 1 -1 4 2 1 3 -1 2 1 3 4 2 1 3 4 -1 3 1 2 2 1 3 4 2 1 3 4 2 1 3 4 value 0.0 0.0 0.0 0.0 0.0 0.0 0.0 0.0 0.0 0.0 0.0 0.0 0.0 0.0 0.0 0.0 0.0 0.0 0.0 0.0 0.0 0.0 0.0 0.0 10.0 0.0 0.0 0.0 0.0 0.0 0.0 0.0 0.0 0.0 0.0 0.0 0.0 0.0 0.0 0.0 
-93.8224105834961 -260.0578308105469 -147.97091674804688 294.3924560546875 91.14971160888672 -366.3661193847656 89.14469909667969 55.86225509643555 47.25099182128906 273.12353515625 53.15053176879883 139.10690307617188 95.35342407226562 167.12274169921875 -103.50019073486328 -146.61985778808594 98.14582824707031 -256.4141845703125 -128.90167236328125 99.85008239746094 output 10 2 1 8 9 3 5 7 4 6 indices 2 -1 3 4 -1 1 3 4 2 1 -1 4 2 1 3 -1 -1 3 1 2 2 1 3 4 2 1 3 4 2 1 3 4 2 1 3 4 2 1 3 4 value 0.0 0.0 0.0 0.0 0.0 0.0 0.0 0.0 0.0 0.0 0.0 0.0 0.0 0.0 0.0 0.0 10.0 0.0 0.0 0.0 0.0 0.0 0.0 0.0 0.0 0.0 0.0 0.0 0.0 0.0 0.0 0.0 0.0 0.0 0.0 0.0 0.0 0.0 0.0 0.0 
30.49265480041504 -124.29476928710938 -104.59610748291016 123.60118865966797 -22.54934310913086 78.82775115966797 13.852527618408203 -298.3769226074219 138.5085906982422 264.8349304199219 31.620298385620117 -78.56111145019531 -129.2741241455078 -79.10354614257812 49.73824691772461 -178.67745971679688 124.73299407958984 140.54306030273438 -132.52574157714844 151.20684814453125 output 9 5 4 8 1 6 7 10 2 3 indices 2 -1 3 4 -1 1 3 4 2 1 -1 4 2 1 3 -1 -1 3 1 2 2 1 3 4 2 1 3 4 2 1 3 4 2 1 3 4 2 1 3 4 value 0.0 0.0 0.0 0.0 0.0 0.0 0.0 0.0 0.0 0.0 0.0 0.0 0.0 0.0 0.0 0.0 10.0 0.0 0.0 0.0 0.0 0.0 0.0 0.0 0.0 0.0 0.0 0.0 0.0 0.0 0.0 0.0 0.0 0.0 0.0 0.0 0.0 0.0 0.0 0.0 
17.364709854125977 216.966064453125 1.0514494180679321 153.212646484375 -23.72188949584961 169.77313232421875 -161.7069091796875 -255.93478393554688 -185.9182586669922 89.1639404296875 139.4348907470703 -297.8622741699219 105.94021606445312 327.87188720703125 -7.442297458648682 -279.1231689453125 13.174394607543945 -32.12096405029297 101.8237075805664 -91.94648742675781 output 1 3 5 4 8 7 6 10 9 2 indices 2 -1 3 4 -1 1 3 4 2 1 -1 4 2 1 3 -1 2 1 3 4 2 1 3 4 -1 3 1 2 2 1 3 4 2 1 3 4 2 1 3 4 value 0.0 0.0 0.0 0.0 0.0 0.0 0.0 0.0 0.0 0.0 0.0 0.0 0.0 0.0 0.0 0.0 0.0 0.0 0.0 0.0 0.0 0.0 0.0 0.0 10.0 0.0 0.0 0.0 0.0 0.0 0.0 0.0 0.0 0.0 0.0 0.0 0.0 0.0 0.0 0.0 
-192.04315185546875 288.0301208496094 46.300071716308594 273.9244689941406 24.88662338256836 -273.6664123535156 74.27413177490234 288.0103759765625 57.58754348754883 6.7191901206970215 -23.819265365600586 -275.2662658691406 -49.633121490478516 123.80338287353516 95.23786926269531 -275.44970703125 105.88406372070312 262.1312561035156 -138.6747589111328 -418.2364196777344 output 7 5 9 8 4 2 3 6 10 1 indices 2 -1 3 4 -1 1 3 4 2 1 -1 4 -1 3 1 2 2 1 3 4 2 1 3 4 2 1 3 4 2 1 3 4 2 1 3 4 2 1 3 4 value 0.0 0.0 0.0 0.0 0.0 0.0 0.0 0.0 0.0 0.0 0.0 0.0 10.0 0.0 0.0 0.0 0.0 0.0 0.0 0.0 0.0 0.0 0.0 0.0 0.0 0.0 0.0 0.0 0.0 0.0 0.0 0.0 0.0 0.0 0.0 0.0 0.0 0.0 0.0 0.0 
130.0956268310547 196.66818237304688 -36.56491470336914 152.3402099609375 -91.05316162109375 -192.16880798339844 -13.515873908996582 102.2079849243164 -5.634537696838379 -180.82643127441406 -135.29933166503906 16.816024780273438 75.24149322509766 219.24412536621094 93.3386459350586 -171.68881225585938 -14.176183700561523 -267.99505615234375 -2.4317595958709717 125.4025650024414 output 1 7 2 10 4 6 3 9 5 8 indices 2 -1 3 4 -1 1 3 4 2 1 -1 4 2 1 3 -1 2 1 3 4 2 1 3 4 -1 3 1 2 2 1 3 4 2 1 3 4 2 1 3 4 value 0.0 0.0 0.0 0.0 0.0 0.0 0.0 0.0 0.0 0.0 0.0 0.0 0.0 0.0 0.0 0.0 0.0 0.0 0.0 0.0 0.0 0.0 0.0 0.0 10.0 0.0 0.0 0.0 0.0 0.0 0.0 0.0 0.0 0.0 0.0 0.0 0.0 0.0 0.0 0.0 
137.9367218017578 175.20672607421875 -29.178735733032227 -1.9334005117416382 -14.806618690490723 -230.75994873046875 70.12935638427734 -22.336116790771484 -101.77664947509766 290.78643798828125 76.1534423828125 -220.9293670654297 59.565242767333984 -60.419761657714844 26.719850540161133 46.82871627807617 -137.9514617919922 -197.44911193847656 -86.7911376953125 221.00582885742188 output 8 2 10 5 9 3 6 1 7 4 indices 2 -1 3 4 -1 1 3 4 2 1 -1 4 2 1 3 -1 -1 3 1 2 2 1 3 4 2 1 3 4 2 1 3 4 2 1 3 4 2 1 3 4 value 0.0 0.0 0.0 0.0 0.0 0.0 0.0 0.0 0.0 0.0 0.0 0.0 0.0 0.0 0.0 0.0 10.0 0.0 0.0 0.0 0.0 0.0 0.0 0.0 0.0 0.0 0.0 0.0 0.0 0.0 0.0 0.0 0.0 0.0 0.0 0.0 0.0 0.0 0.0 0.0 
-18.476375579833984 50.022613525390625 -114.77040100097656 -231.96096801757812 108.43101501464844 -270.85638427734375 139.52297973632812 297.4432373046875 -135.41162109375 -189.9619903564453 -149.4709930419922 -103.05573272705078 111.32344055175781 353.1430969238281 -34.64539337158203 93.12158966064453 97.48263549804688 -164.108154296875 -3.985292911529541 166.21266174316406 output 6 5 2 9 3 7 4 10 8 1 indices 2 -1 3 4 -1 1 3 4 2 1 -1 4 2 1 3 -1 2 1 3 4 2 1 3 4 -1 3 1 2 2 1 3 4 2 1 3 4 2 1 3 4 value 0.0 0.0 0.0 0.0 0.0 0.0 0.0 0.0 0.0 0.0 0.0 0.0 0.0 0.0 0.0 0.0 0.0 0.0 0.0 0.0 0.0 0.0 0.0 0.0 10.0 0.0 0.0 0.0 0.0 0.0 0.0 0.0 0.0 0.0 0.0 0.0 0.0 0.0 0.0 0.0 
-104.30841827392578 62.6083869934082 -124.90675354003906 -202.42930603027344 -108.25443267822266 -216.0529327392578 -16.381202697753906 46.30784225463867 150.76576232910156 111.67003631591797 32.033687591552734 137.40203857421875 190.227294921875 203.03286743164062 -73.19107055664062 -114.35078430175781 -87.13037872314453 157.83570861816406 141.1455078125 -186.02386474609375 output 10 7 5 6 4 9 1 2 3 8 indices 2 -1 3 4 -1 1 3 4 2 1 -1 4 2 1 3 -1 2 1 3 4 2 1 3 4 -1 3 1 2 2 1 3 4 2 1 3 4 2 1 3 4 value 0.0 0.0 0.0 0.0 0.0 0.0 0.0 0.0 0.0 0.0 0.0 0.0 0.0 0.0 0.0 0.0 0.0 0.0 0.0 0.0 0.0 0.0 0.0 0.0 10.0 0.0 0.0 0.0 0.0 0.0 0.0 0.0 0.0 0.0 0.0 0.0 0.0 0.0 0.0 0.0 
143.29336547851562 159.0431671142578 -66.63571166992188 137.2716522216797 -11.950153350830078 127.88373565673828 59.46372985839844 -72.16558837890625 2.610518455505371 -309.791748046875 5.545633792877197 -101.6158676147461 39.044490814208984 46.45403289794922 -41.301025390625 -240.09591674804688 -141.32008361816406 279.85919189453125 11.24924087524414 -26.84266471862793 output 2 9 5 8 6 4 10 7 1 3 indices 2 -1 3 4 -1 1 3 4 2 1 -1 4 2 1 3 -1 2 1 3 4 2 1 3 4 2 1 3 4 2 1 3 4 -1 3 1 2 2 1 3 4 value 0.0 0.0 0.0 0.0 0.0 0.0 0.0 0.0 0.0 0.0 0.0 0.0 0.0 0.0 0.0 0.0 0.0 0.0 0.0 0.0 0.0 0.0 0.0 0.0 0.0 0.0 0.0 0.0 0.0 0.0 0.0 0.0 10.0 0.0 0.0 0.0 0.0 0.0 0.0 0.0 
-4.941195011138916 -73.43008422851562 71.4869613647461 -141.61131286621094 -9.492654800415039 -188.52272033691406 126.5658187866211 -86.26416778564453 99.6297607421875 70.49532318115234 1.9630589485168457 -184.17364501953125 22.618295669555664 -116.26568603515625 -150.4572296142578 256.5360107421875 -182.1536102294922 210.97105407714844 24.78080177307129 252.26522827148438 output 1 7 3 6 2 4 5 10 8 9 indices 2 -1 3 4 -1 1 3 4 2 1 -1 4 2 1 3 -1 2 1 3 4 2 1 3 4 2 1 3 4 2 1 3 4 2 1 3 4 -1 3 1 2 value 0.0 0.0 0.0 0.0 0.0 0.0 0.0 0.0 0.0 0.0 0.0 0.0 0.0 0.0 0.0 0.0 0.0 0.0 0.0 0.0 0.0 0.0 0.0 0.0 0.0 0.0 0.0 0.0 0.0 0.0 0.0 0.0 0.0 0.0 0.0 0.0 10.0 0.0 0.0 0.0 
-25.538118362426758 -229.28062438964844 32.53305435180664 -196.55386352539062 -124.5090103149414 -190.434326171875 -148.89727783203125 425.6079406738281 166.3486785888672 -163.4247589111328 -144.16659545898438 -86.82717895507812 101.71783447265625 184.28076171875 -92.75482940673828 419.6942138671875 137.64817810058594 -218.63597106933594 97.61808776855469 55.57380676269531 output 1 2 9 5 7 10 6 3 4 8 indices 2 -1 3 4 -1 1 3 4 2 1 -1 4 2 1 3 -1 2 1 3 4 2 1 3 4 2 1 3 4 -1 3 1 2 2 1 3 4 2 1 3 4 value 0.0 0.0 0.0 0.0 0.0 0.0 0.0 0.0 0.0 0.0 0.0 0.0 0.0 0.0 0.0 0.0 0.0 0.0 0.0 0.0 0.0 0.0 0.0 0.0 0.0 0.0 0.0 0.0 10.0 0.0 0.0 0.0 0.0 0.0 0.0 0.0 0.0 0.0 0.0 0.0 
52.452178955078125 -96.26638793945312 35.79560852050781 342.0147705078125 66.65904998779297 -146.0784912109375 -107.54402923583984 127.33406066894531 30.036645889282227 234.18067932128906 13.250361442565918 -80.73368835449219 -19.158781051635742 -102.2904281616211 -109.009033203125 -63.67495346069336 -127.34982299804688 -49.50844955444336 164.86782836914062 -164.9770965576172 output 2 5 4 9 8 7 6 1 3 10 indices 2 -1 3 4 -1 4 1 3 2 1 -1 4 2 1 3 -1 2 1 3 4 2 1 3 4 2 1 3 4 2 1 3 4 2 1 3 4 2 1 3 4 value 0.0 0.0 0.0 0.0 10.0 0.0 0.0 0.0 0.0 0.0 0.0 0.0 0.0 0.0 0.0 0.0 0.0 0.0 0.0 0.0 0.0 0.0 0.0 0.0 0.0 0.0 0.0 0.0 0.0 0.0 0.0 0.0 0.0 0.0 0.0 0.0 0.0 0.0 0.0 0.0 
83.38626098632812 202.7002410888672 177.3702850341797 -36.376590728759766 -181.0155792236328 -268.06671142578125 -116.46385192871094 259.97314453125 12.595181465148926 114.34082794189453 34.449806213378906 -173.9220428466797 -43.37553787231445 -144.92210388183594 -75.74773406982422 -218.19056701660156 10.717671394348145 382.17718505859375 98.08349609375 -117.7134017944336 output 9 8 7 6 10 2 1 5 3 4 indices 2 -1 3 4 -1 1 3 4 2 1 -1 4 2 1 3 -1 2 1 3 4 2 1 3 4 2 1 3 4 2 1 3 4 -1 3 1 2 2 1 3 4 value 0.0 0.0 0.0 0.0 0.0 0.0 0.0 0.0 0.0 0.0 0.0 0.0 0.0 0.0 0.0 0.0 0.0 0.0 0.0 0.0 0.0 0.0 0.0 0.0 0.0 0.0 0.0 0.0 0.0 0.0 0.0 0.0 10.0 0.0 0.0 0.0 0.0 0.0 0.0 0.0 
-161.35333251953125 43.359737396240234 -130.68093872070312 226.27342224121094 63.841434478759766 -194.42747497558594 176.4735870361328 94.77592468261719 107.92996978759766 178.7693328857422 157.5931854248047 -158.09242248535156 -87.31871032714844 246.93002319335938 -78.0088119506836 -302.7270812988281 -43.57205581665039 -216.6814422607422 -4.904329776763916 81.8199691772461 output 10 5 4 6 3 9 8 1 2 7 indices 2 -1 3 4 -1 1 3 4 2 1 -1 4 2 1 3 -1 2 1 3 4 2 1 3 4 -1 3 1 2 2 1 3 4 2 1 3 4 2 1 3 4 value 0.0 0.0 0.0 0.0 0.0 0.0 0.0 0.0 0.0 0.0 0.0 0.0 0.0 0.0 0.0 0.0 0.0 0.0 0.0 0.0 0.0 0.0 0.0 0.0 10.0 0.0 0.0 0.0 0.0 0.0 0.0 0.0 0.0 0.0 0.0 0.0 0.0 0.0 0.0 0.0 
-39.069087982177734 -157.8880157470703 163.7808074951172 156.15248107910156 -5.828965663909912 -183.08267211914062 47.68266677856445 127.36747741699219 66.93590545654297 117.05296325683594 129.66697692871094 279.4935607910156 -48.59577178955078 56.55879211425781 -145.9711151123047 -72.38907623291016 -25.89639663696289 -113.0452651977539 -142.70501708984375 -210.22024536132812 output 3 1 9 10 8 7 4 5 6 2 indices 2 -1 3 4 -1 1 3 4 2 1 -1 4 2 1 3 -1 2 1 3 4 -1 3 1 2 2 1 3 4 2 1 3 4 2 1 3 4 2 1 3 4 value 0.0 0.0 0.0 0.0 0.0 0.0 0.0 0.0 0.0 0.0 0.0 0.0 0.0 0.0 0.0 0.0 0.0 0.0 0.0 0.0 10.0 0.0 0.0 0.0 0.0 0.0 0.0 0.0 0.0 0.0 0.0 0.0 0.0 0.0 0.0 0.0 0.0 0.0 0.0 0.0 
140.35345458984375 -185.00965881347656 -123.55335998535156 53.07660675048828 -37.15776824951172 -198.61204528808594 -111.8770980834961 -270.5357666015625 -38.59204864501953 262.04351806640625 -119.00991821289062 -188.1310577392578 193.8917236328125 287.38275146484375 151.72201538085938 -235.58517456054688 33.696510314941406 155.84503173828125 -89.47351837158203 319.52581787109375 output 1 8 7 9 5 10 2 6 4 3 indices 2 -1 3 4 -1 1 3 4 2 1 -1 4 2 1 3 -1 2 1 3 4 2 1 3 4 -1 3 1 2 2 1 3 4 2 1 3 4 2 1 3 4 value 0.0 0.0 0.0 0.0 0.0 0.0 0.0 0.0 0.0 0.0 0.0 0.0 0.0 0.0 0.0 0.0 0.0 0.0 0.0 0.0 0.0 0.0 0.0 0.0 10.0 0.0 0.0 0.0 0.0 0.0 0.0 0.0 0.0 0.0 0.0 0.0 0.0 0.0 0.0 0.0 
10.037044525146484 -70.25028228759766 -109.49362182617188 33.3142204284668 107.14252471923828 -68.82958221435547 -130.80950927734375 187.50279235839844 110.85711669921875 -272.75360107421875 39.10328674316406 96.07565307617188 -108.4341049194336 183.7350616455078 71.23173522949219 -133.28932189941406 -111.2463607788086 211.4413604736328 121.61189270019531 -166.94631958007812 output 7 9 4 2 1 8 5 10 3 6 indices 2 -1 3 4 -1 1 3 4 2 1 -1 4 2 1 3 -1 2 1 3 4 2 1 3 4 2 1 3 4 2 1 3 4 -1 3 1 2 2 1 3 4 value 0.0 0.0 0.0 0.0 0.0 0.0 0.0 0.0 0.0 0.0 0.0 0.0 0.0 0.0 0.0 0.0 0.0 0.0 0.0 0.0 0.0 0.0 0.0 0.0 0.0 0.0 0.0 0.0 0.0 0.0 0.0 0.0 10.0 0.0 0.0 0.0 0.0 0.0 0.0 0.0 
144.16017150878906 288.1961975097656 -7.564850330352783 -147.2236785888672 8.95693302154541 -312.4071044921875 -21.83611297607422 -56.489418029785156 181.57693481445312 207.78749084472656 -86.84657287597656 -132.93630981445312 -103.5873031616211 63.614017486572266 116.505615234375 52.52035140991211 -113.75035858154297 -146.601318359375 -117.61446380615234 183.53977966308594 output 3 10 7 9 6 2 4 8 5 1 indices -1 4 2 3 -1 1 3 4 2 1 -1 4 2 1 3 -1 2 1 3 4 2 1 3 4 2 1 3 4 2 1 3 4 2 1 3 4 2 1 3 4 value 10.0 0.0 0.0 0.0 0.0 0.0 0.0 0.0 0.0 0.0 0.0 0.0 0.0 0.0 0.0 0.0 0.0 0.0 0.0 0.0 0.0 0.0 0.0 0.0 0.0 0.0 0.0 0.0 0.0 0.0 0.0 0.0 0.0 0.0 0.0 0.0 0.0 0.0 0.0 0.0 
165.71499633789062 154.46485900878906 91.06265258789062 -173.42079162597656 37.389556884765625 -260.093505859375 7.539694309234619 -262.5448303222656 88.63621520996094 -217.44961547851562 -88.70816040039062 424.48583984375 -154.48487854003906 -224.3861541748047 59.742408752441406 389.4079284667969 -46.30845260620117 -228.43084716796875 -160.5840301513672 397.9671325683594 output 10 7 9 4 3 5 2 1 8 6 indices 2 -1 3 4 -1 1 3 4 2 1 -1 4 2 1 3 -1 2 1 3 4 -1 3 1 2 2 1 3 4 2 1 3 4 2 1 3 4 2 1 3 4 value 0.0 0.0 0.0 0.0 0.0 0.0 0.0 0.0 0.0 0.0 0.0 0.0 0.0 0.0 0.0 0.0 0.0 0.0 0.0 0.0 10.0 0.0 0.0 0.0 0.0 0.0 0.0 0.0 0.0 0.0 0.0 0.0 0.0 0.0 0.0 0.0 0.0 0.0 0.0 0.0 
3.9803309440612793 -31.742536544799805 -27.513227462768555 247.80247497558594 40.41242218017578 244.49244689941406 15.870497703552246 -243.25076293945312 -86.4209213256836 -187.0703887939453 114.39540100097656 138.09950256347656 84.06275939941406 222.39015197753906 -146.47328186035156 -376.0244445800781 -4.884455680847168 231.49978637695312 6.570470333099365 -246.19622802734375 output 7 3 9 2 8 5 10 4 1 6 indices 2 -1 3 4 -1 1 3 4 -1 4 1 2 2 1 3 -1 2 1 3 4 2 1 3 4 2 1 3 4 2 1 3 4 2 1 3 4 2 1 3 4 value 0.0 0.0 0.0 0.0 0.0 0.0 0.0 0.0 10.0 0.0 0.0 0.0 0.0 0.0 0.0 0.0 0.0 0.0 0.0 0.0 0.0 0.0 0.0 0.0 0.0 0.0 0.0 0.0 0.0 0.0 0.0 0.0 0.0 0.0 0.0 0.0 0.0 0.0 0.0 0.0 
-135.88072204589844 232.51327514648438 -71.41080474853516 -279.0053405761719 -85.64376068115234 304.756591796875 100.43273162841797 151.1592559814453 -0.7214930057525635 -303.2586669921875 -93.9643783569336 -227.67315673828125 10.892065048217773 198.7246551513672 191.93292236328125 252.56716918945312 84.46178436279297 47.70414352416992 -0.09833589196205139 -377.4879455566406 output 2 6 1 3 7 4 9 8 10 5 indices 2 -1 3 4 -1 1 3 4 -1 4 1 2 2 1 3 -1 2 1 3 4 2 1 3 4 2 1 3 4 2 1 3 4 2 1 3 4 2 1 3 4 value 0.0 0.0 0.0 0.0 0.0 0.0 0.0 0.0 10.0 0.0 0.0 0.0 0.0 0.0 0.0 0.0 0.0 0.0 0.0 0.0 0.0 0.0 0.0 0.0 0.0 0.0 0.0 0.0 0.0 0.0 0.0 0.0 0.0 0.0 0.0 0.0 0.0 0.0 0.0 0.0 
-179.23910522460938 -59.06671142578125 154.1082763671875 -47.202606201171875 101.47455596923828 173.1112060546875 -60.61805725097656 45.14929962158203 66.0817642211914 -215.0200958251953 82.63948059082031 85.56732177734375 115.89796447753906 -136.2055206298828 -142.29144287109375 -69.99725341796875 -69.738037109375 214.8228302001953 -68.3154067993164 8.84150218963623 output 1 8 4 10 5 7 2 6 3 9 indices 2 -1 3 4 -1 1 3 4 2 1 -1 4 2 1 3 -1 2 1 3 4 2 1 3 4 2 1 3 4 2 1 3 4 -1 3 1 2 2 1 3 4 value 0.0 0.0 0.0 0.0 0.0 0.0 0.0 0.0 0.0 0.0 0.0 0.0 0.0 0.0 0.0 0.0 0.0 0.0 0.0 0.0 0.0 0.0 0.0 0.0 0.0 0.0 0.0 0.0 0.0 0.0 0.0 0.0 10.0 0.0 0.0 0.0 0.0 0.0 0.0 0.0 
-3.7078418731689453 -391.5683898925781 -51.102684020996094 267.4487609863281 74.63399505615234 9.082658767700195 67.47023010253906 -110.87799072265625 -10.696194648742676 -281.7453308105469 -8.296143531799316 292.2603454589844 -178.2827606201172 80.67268371582031 144.8447265625 234.55508422851562 -24.60724449157715 -401.3416442871094 -10.256082534790039 301.5137939453125 output 1 9 10 6 2 7 5 4 3 8 indices 2 -1 3 4 -1 1 3 4 2 1 -1 4 2 1 3 -1 2 1 3 4 2 1 3 4 2 1 3 4 2 1 3 4 2 1 3 4 -1 3 1 2 value 0.0 0.0 0.0 0.0 0.0 0.0 0.0 0.0 0.0 0.0 0.0 0.0 0.0 0.0 0.0 0.0 0.0 0.0 0.0 0.0 0.0 0.0 0.0 0.0 0.0 0.0 0.0 0.0 0.0 0.0 0.0 0.0 0.0 0.0 0.0 0.0 10.0 0.0 0.0 0.0 
-89.24407958984375 174.61268615722656 -74.10541534423828 -1.9962841272354126 -150.11312866210938 92.82121276855469 25.9798641204834 158.23487854003906 27.22957992553711 -332.8164367675781 116.14347076416016 -31.906354904174805 160.52554321289062 209.69972229003906 -33.9012336730957 118.74650573730469 -50.636680603027344 -309.0095520019531 68.12207794189453 -78.38638305664062 output 7 6 10 2 8 4 1 3 9 5 indices 2 -1 3 4 -1 1 3 4 2 1 -1 4 2 1 3 -1 2 1 3 4 2 1 3 4 -1 3 1 2 2 1 3 4 2 1 3 4 2 1 3 4 value 0.0 0.0 0.0 0.0 0.0 0.0 0.0 0.0 0.0 0.0 0.0 0.0 0.0 0.0 0.0 0.0 0.0 0.0 0.0 0.0 0.0 0.0 0.0 0.0 10.0 0.0 0.0 0.0 0.0 0.0 0.0 0.0 0.0 0.0 0.0 0.0 0.0 0.0 0.0 0.0 
132.3933868408203 299.66571044921875 -8.41352367401123 -232.51898193359375 -164.31771850585938 -343.30352783203125 104.10397338867188 203.91549682617188 -66.69437408447266 -127.60432434082031 137.69444274902344 205.91366577148438 -65.47271728515625 -125.19073486328125 4.94593620300293 -336.8605651855469 127.0785903930664 236.0261688232422 -201.3179931640625 219.95709228515625 output 1 6 9 4 8 3 10 7 5 2 indices -1 4 2 3 -1 1 3 4 2 1 -1 4 2 1 3 -1 2 1 3 4 2 1 3 4 2 1 3 4 2 1 3 4 2 1 3 4 2 1 3 4 value 10.0 0.0 0.0 0.0 0.0 0.0 0.0 0.0 0.0 0.0 0.0 0.0 0.0 0.0 0.0 0.0 0.0 0.0 0.0 0.0 0.0 0.0 0.0 0.0 0.0 0.0 0.0 0.0 0.0 0.0 0.0 0.0 0.0 0.0 0.0 0.0 0.0 0.0 0.0 0.0 
24.712413787841797 -136.60574340820312 51.93678665161133 277.9087219238281 -111.90074920654297 187.08694458007812 -113.73228454589844 -106.59626007080078 141.13775634765625 -427.7032470703125 -157.02597045898438 185.38980102539062 3.8545820713043213 107.63176727294922 129.72337341308594 -258.5741271972656 137.2694549560547 230.64552307128906 -105.97537231445312 -59.18339157104492 output 4 10 6 3 7 2 9 5 8 1 indices 2 -1 3 4 -1 4 1 3 2 1 -1 4 2 1 3 -1 2 1 3 4 2 1 3 4 2 1 3 4 2 1 3 4 2 1 3 4 2 1 3 4 value 0.0 0.0 0.0 0.0 10.0 0.0 0.0 0.0 0.0 0.0 0.0 0.0 0.0 0.0 0.0 0.0 0.0 0.0 0.0 0.0 0.0 0.0 0.0 0.0 0.0 0.0 0.0 0.0 0.0 0.0 0.0 0.0 0.0 0.0 0.0 0.0 0.0 0.0 0.0 0.0 
-63.17876052856445 -46.49949264526367 123.6998291015625 219.16030883789062 -45.029212951660156 -282.0684509277344 56.36247253417969 -217.0867919921875 -86.30854034423828 -45.70991897583008 85.50869750976562 -189.63970947265625 -99.3396987915039 356.6649475097656 136.17298889160156 315.4884338378906 -49.21644973754883 -239.16404724121094 -58.671329498291016 128.85475158691406 output 10 1 5 7 3 9 4 6 8 2 indices 2 -1 3 4 -1 1 3 4 2 1 -1 4 2 1 3 -1 2 1 3 4 2 1 3 4 -1 3 1 2 2 1 3 4 2 1 3 4 2 1 3 4 value 0.0 0.0 0.0 0.0 0.0 0.0 0.0 0.0 0.0 0.0 0.0 0.0 0.0 0.0 0.0 0.0 0.0 0.0 0.0 0.0 0.0 0.0 0.0 0.0 10.0 0.0 0.0 0.0 0.0 0.0 0.0 0.0 0.0 0.0 0.0 0.0 0.0 0.0 0.0 0.0 
-68.73870849609375 314.06256103515625 -117.07188415527344 -69.29045104980469 -83.65220642089844 -282.8788757324219 -92.28812408447266 255.02090454101562 -26.610279083251953 -181.38609313964844 153.3340301513672 198.8589630126953 216.9946746826172 -99.1605224609375 145.9742889404297 -69.67522430419922 -40.054691314697266 -262.9360046386719 -87.8871078491211 197.38473510742188 output 1 4 10 2 3 9 5 8 7 6 indices -1 4 2 3 -1 1 3 4 2 1 -1 4 2 1 3 -1 2 1 3 4 2 1 3 4 2 1 3 4 2 1 3 4 2 1 3 4 2 1 3 4 value 10.0 0.0 0.0 0.0 0.0 0.0 0.0 0.0 0.0 0.0 0.0 0.0 0.0 0.0 0.0 0.0 0.0 0.0 0.0 0.0 0.0 0.0 0.0 0.0 0.0 0.0 0.0 0.0 0.0 0.0 0.0 0.0 0.0 0.0 0.0 0.0 0.0 0.0 0.0 0.0 
-93.15827178955078 -280.0404968261719 122.44220733642578 -381.37664794921875 -46.05120086669922 -134.84092712402344 -117.41573333740234 199.84616088867188 -68.78826141357422 191.4832000732422 137.12173461914062 262.90869140625 -177.4279022216797 189.0338592529297 70.95933532714844 135.05836486816406 122.0089340209961 -418.3843078613281 50.309165954589844 236.3121337890625 output 10 5 4 7 1 3 2 9 6 8 indices 2 -1 3 4 -1 1 3 4 2 1 -1 4 2 1 3 -1 2 1 3 4 -1 3 1 2 2 1 3 4 2 1 3 4 2 1 3 4 2 1 3 4 value 0.0 0.0 0.0 0.0 0.0 0.0 0.0 0.0 0.0 0.0 0.0 0.0 0.0 0.0 0.0 0.0 0.0 0.0 0.0 0.0 10.0 0.0 0.0 0.0 0.0 0.0 0.0 0.0 0.0 0.0 0.0 0.0 0.0 0.0 0.0 0.0 0.0 0.0 0.0 0.0 
96.66291809082031 46.484806060791016 28.14997100830078 -250.21688842773438 -38.01398849487305 37.1723747253418 -38.16106414794922 -286.0621337890625 15.432595252990723 214.5570831298828 102.5850601196289 -276.2336120605469 -127.3046875 -177.37396240234375 104.03524780273438 209.21766662597656 -200.3849334716797 241.4794921875 56.998878479003906 240.97515869140625 output 4 2 6 8 1 10 5 3 9 7 indices 2 -1 3 4 -1 1 3 4 2 1 -1 4 2 1 3 -1 2 1 3 4 2 1 3 4 2 1 3 4 2 1 3 4 2 1 3 4 -1 3 1 2 value 0.0 0.0 0.0 0.0 0.0 0.0 0.0 0.0 0.0 0.0 0.0 0.0 0.0 0.0 0.0 0.0 0.0 0.0 0.0 0.0 0.0 0.0 0.0 0.0 0.0 0.0 0.0 0.0 0.0 0.0 0.0 0.0 0.0 0.0 0.0 0.0 10.0 0.0 0.0 0.0 
82.10016632080078 -240.21298217773438 -1.973836898803711 -250.7025604248047 -79.53226470947266 -196.55337524414062 -105.17372131347656 16.873855590820312 147.00057983398438 16.658403396606445 -71.56417083740234 94.09282684326172 150.46070861816406 213.708740234375 117.85723876953125 366.7544860839844 -151.25701904296875 198.4783477783203 -87.91767883300781 -219.09774780273438 output 7 5 6 4 9 10 3 2 1 8 indices 2 -1 3 4 -1 1 3 4 2 1 -1 4 2 1 3 -1 2 1 3 4 2 1 3 4 2 1 3 4 -1 3 1 2 2 1 3 4 2 1 3 4 value 0.0 0.0 0.0 0.0 0.0 0.0 0.0 0.0 0.0 0.0 0.0 0.0 0.0 0.0 0.0 0.0 0.0 0.0 0.0 0.0 0.0 0.0 0.0 0.0 0.0 0.0 0.0 0.0 10.0 0.0 0.0 0.0 0.0 0.0 0.0 0.0 0.0 0.0 0.0 0.0 
39.790897369384766 38.262535095214844 52.510658264160156 -154.55010986328125 -31.628353118896484 -78.81212615966797 71.53939056396484 96.19103240966797 68.11116027832031 33.33292007446289 -29.156570434570312 -97.11461639404297 -32.89449691772461 439.92022705078125 -156.48019409179688 -182.7067413330078 11.679859161376953 33.519962310791016 6.527640342712402 -128.0430908203125 output 2 10 6 3 9 1 5 4 8 7 indices 2 -1 3 4 -1 1 3 4 2 1 -1 4 2 1 3 -1 2 1 3 4 2 1 3 4 -1 3 1 2 2 1 3 4 2 1 3 4 2 1 3 4 value 0.0 0.0 0.0 0.0 0.0 0.0 0.0 0.0 0.0 0.0 0.0 0.0 0.0 0.0 0.0 0.0 0.0 0.0 0.0 0.0 0.0 0.0 0.0 0.0 10.0 0.0 0.0 0.0 0.0 0.0 0.0 0.0 0.0 0.0 0.0 0.0 0.0 0.0 0.0 0.0 
7.246510028839111 263.37664794921875 98.9258804321289 51.5069694519043 -75.8480453491211 244.0355682373047 -67.43991088867188 -12.033341407775879 50.061790466308594 -247.52793884277344 -99.1316909790039 -105.24614715576172 123.68022155761719 109.71665954589844 -74.00586700439453 -388.7940673828125 4.079025745391846 191.19578552246094 32.43209457397461 -106.23013305664062 output 1 3 8 5 10 6 4 2 7 9 indices -1 4 2 3 -1 1 3 4 2 1 -1 4 2 1 3 -1 2 1 3 4 2 1 3 4 2 1 3 4 2 1 3 4 2 1 3 4 2 1 3 4 value 10.0 0.0 0.0 0.0 0.0 0.0 0.0 0.0 0.0 0.0 0.0 0.0 0.0 0.0 0.0 0.0 0.0 0.0 0.0 0.0 0.0 0.0 0.0 0.0 0.0 0.0 0.0 0.0 0.0 0.0 0.0 0.0 0.0 0.0 0.0 0.0 0.0 0.0 0.0 0.0 
-118.85842895507812 -150.94493103027344 -60.66585922241211 273.3387451171875 87.46529388427734 -177.00404357910156 148.2384490966797 411.73919677734375 -143.13522338867188 -267.3740234375 69.43175506591797 -7.115026950836182 -57.738529205322266 55.76448059082031 -68.19300079345703 -26.100120544433594 75.87826538085938 -21.014074325561523 67.57727813720703 -91.2901840209961 output 1 5 2 4 3 10 9 6 7 8 indices 2 -1 3 4 -1 1 3 4 2 1 -1 4 -1 3 1 2 2 1 3 4 2 1 3 4 2 1 3 4 2 1 3 4 2 1 3 4 2 1 3 4 value 0.0 0.0 0.0 0.0 0.0 0.0 0.0 0.0 0.0 0.0 0.0 0.0 10.0 0.0 0.0 0.0 0.0 0.0 0.0 0.0 0.0 0.0 0.0 0.0 0.0 0.0 0.0 0.0 0.0 0.0 0.0 0.0 0.0 0.0 0.0 0.0 0.0 0.0 0.0 0.0 
117.63682556152344 99.6012191772461 -162.9298095703125 262.2420349121094 31.70792579650879 -82.99905395507812 114.62752532958984 -155.81820678710938 -83.2354507446289 37.52299880981445 8.34832763671875 164.0402374267578 -39.9862174987793 -259.6080627441406 -142.85028076171875 216.60403442382812 9.962279319763184 -114.86415100097656 146.7188720703125 -166.72105407714844 output 9 3 4 10 1 6 5 8 2 7 indices 2 -1 3 4 -1 4 1 3 2 1 -1 4 2 1 3 -1 2 1 3 4 2 1 3 4 2 1 3 4 2 1 3 4 2 1 3 4 2 1 3 4 value 0.0 0.0 0.0 0.0 10.0 0.0 0.0 0.0 0.0 0.0 0.0 0.0 0.0 0.0 0.0 0.0 0.0 0.0 0.0 0.0 0.0 0.0 0.0 0.0 0.0 0.0 0.0 0.0 0.0 0.0 0.0 0.0 0.0 0.0 0.0 0.0 0.0 0.0 0.0 0.0 
-75.72775268554688 -285.3651123046875 25.9616756439209 227.03578186035156 29.927133560180664 -395.26177978515625 -44.04710006713867 220.87698364257812 -39.27808380126953 79.0439453125 245.3585968017578 152.4997100830078 90.38825988769531 -76.12730407714844 -90.6092758178711 292.11834716796875 -65.18671417236328 -152.08534240722656 -76.78675079345703 -62.73523712158203 output 1 8 4 2 3 6 7 5 10 9 indices 2 -1 3 4 -1 1 3 4 2 1 -1 4 2 1 3 -1 2 1 3 4 2 1 3 4 2 1 3 4 -1 3 1 2 2 1 3 4 2 1 3 4 value 0.0 0.0 0.0 0.0 0.0 0.0 0.0 0.0 0.0 0.0 0.0 0.0 0.0 0.0 0.0 0.0 0.0 0.0 0.0 0.0 0.0 0.0 0.0 0.0 0.0 0.0 0.0 0.0 10.0 0.0 0.0 0.0 0.0 0.0 0.0 0.0 0.0 0.0 0.0 0.0 
-77.6065673828125 -40.47661590576172 -36.31064987182617 223.81858825683594 33.34779739379883 -2.5552175045013428 95.17155456542969 -104.70380401611328 64.94805145263672 80.0434799194336 -201.58949279785156 127.72362518310547 -203.5552215576172 -127.32335662841797 110.08751678466797 -379.99017333984375 114.92668151855469 3.862743854522705 100.58033752441406 219.60073852539062 output 1 3 5 4 9 8 10 2 6 7 indices 2 -1 3 4 -1 1 3 4 2 1 -1 4 2 1 3 -1 2 1 3 4 2 1 3 4 2 1 3 4 2 1 3 4 2 1 3 4 -1 3 1 2 value 0.0 0.0 0.0 0.0 0.0 0.0 0.0 0.0 0.0 0.0 0.0 0.0 0.0 0.0 0.0 0.0 0.0 0.0 0.0 0.0 0.0 0.0 0.0 0.0 0.0 0.0 0.0 0.0 0.0 0.0 0.0 0.0 0.0 0.0 0.0 0.0 10.0 0.0 0.0 0.0 
67.2093276977539 -136.17831420898438 -129.65391540527344 313.1100769042969 63.26203536987305 -40.1292724609375 -107.40519714355469 126.67073822021484 148.60855102539062 299.1475524902344 51.58512878417969 -365.8180847167969 -34.02713394165039 -373.4765319824219 -136.98048400878906 -32.16667556762695 -69.26094818115234 143.8077392578125 146.66262817382812 65.03275299072266 output 3 1 10 5 6 7 2 9 4 8 indices 2 -1 3 4 -1 1 3 4 2 1 -1 4 2 1 3 -1 -1 3 1 2 2 1 3 4 2 1 3 4 2 1 3 4 2 1 3 4 2 1 3 4 value 0.0 0.0 0.0 0.0 0.0 0.0 0.0 0.0 0.0 0.0 0.0 0.0 0.0 0.0 0.0 0.0 10.0 0.0 0.0 0.0 0.0 0.0 0.0 0.0 0.0 0.0 0.0 0.0 0.0 0.0 0.0 0.0 0.0 0.0 0.0 0.0 0.0 0.0 0.0 0.0 
-140.988525390625 214.39662170410156 51.196556091308594 68.94757843017578 24.048107147216797 101.8009033203125 -126.53941345214844 -213.7635955810547 104.08787536621094 89.49871063232422 -46.7928581237793 -110.9706039428711 -48.654335021972656 46.243778228759766 107.56011199951172 -110.34383392333984 148.52294921875 -66.7841567993164 -72.44047546386719 -19.025409698486328 output 4 1 10 7 3 2 5 9 8 6 indices -1 4 2 3 -1 1 3 4 2 1 -1 4 2 1 3 -1 2 1 3 4 2 1 3 4 2 1 3 4 2 1 3 4 2 1 3 4 2 1 3 4 value 10.0 0.0 0.0 0.0 0.0 0.0 0.0 0.0 0.0 0.0 0.0 0.0 0.0 0.0 0.0 0.0 0.0 0.0 0.0 0.0 0.0 0.0 0.0 0.0 0.0 0.0 0.0 0.0 0.0 0.0 0.0 0.0 0.0 0.0 0.0 0.0 0.0 0.0 0.0 0.0 
-46.53357696533203 245.23275756835938 -129.83921813964844 217.1709442138672 150.3773193359375 -333.7350158691406 146.55084228515625 -259.8318786621094 72.91451263427734 -205.8321533203125 -18.590742111206055 -305.01043701171875 -110.3876724243164 -334.6183166503906 33.40397644042969 323.6444396972656 -106.948974609375 356.12353515625 9.053524017333984 296.8561096191406 output 2 1 10 8 3 4 5 6 7 9 indices 2 -1 3 4 -1 1 3 4 2 1 -1 4 2 1 3 -1 2 1 3 4 2 1 3 4 2 1 3 4 2 1 3 4 -1 3 1 2 2 1 3 4 value 0.0 0.0 0.0 0.0 0.0 0.0 0.0 0.0 0.0 0.0 0.0 0.0 0.0 0.0 0.0 0.0 0.0 0.0 0.0 0.0 0.0 0.0 0.0 0.0 0.0 0.0 0.0 0.0 0.0 0.0 0.0 0.0 10.0 0.0 0.0 0.0 0.0 0.0 0.0 0.0 
-12.142848014831543 256.152099609375 90.74153137207031 -172.701171875 -17.939212799072266 -25.847579956054688 71.281494140625 -102.24978637695312 -111.68028259277344 -187.3725128173828 -110.17024230957031 150.31790161132812 98.14351654052734 248.31210327148438 73.77965545654297 304.77972412109375 64.93196868896484 -330.3143615722656 -146.94558715820312 -141.07640075683594 output 5 10 6 1 7 8 9 2 4 3 indices 2 -1 3 4 -1 1 3 4 2 1 -1 4 2 1 3 -1 2 1 3 4 2 1 3 4 2 1 3 4 -1 3 1 2 2 1 3 4 2 1 3 4 value 0.0 0.0 0.0 0.0 0.0 0.0 0.0 0.0 0.0 0.0 0.0 0.0 0.0 0.0 0.0 0.0 0.0 0.0 0.0 0.0 0.0 0.0 0.0 0.0 0.0 0.0 0.0 0.0 10.0 0.0 0.0 0.0 0.0 0.0 0.0 0.0 0.0 0.0 0.0 0.0 
62.224342346191406 319.2861633300781 123.79794311523438 342.5404968261719 88.04794311523438 -243.73928833007812 125.99470520019531 -52.26432418823242 -154.2176055908203 24.657363891601562 129.1646270751953 -270.77130126953125 -211.140869140625 7.219329833984375 -201.34365844726562 -210.99354553222656 16.022075653076172 -202.0323028564453 21.450504302978516 286.097412109375 output 6 4 3 9 8 7 5 10 1 2 indices 2 -1 3 4 -1 4 1 3 2 1 -1 4 2 1 3 -1 2 1 3 4 2 1 3 4 2 1 3 4 2 1 3 4 2 1 3 4 2 1 3 4 value 0.0 0.0 0.0 0.0 10.0 0.0 0.0 0.0 0.0 0.0 0.0 0.0 0.0 0.0 0.0 0.0 0.0 0.0 0.0 0.0 0.0 0.0 0.0 0.0 0.0 0.0 0.0 0.0 0.0 0.0 0.0 0.0 0.0 0.0 0.0 0.0 0.0 0.0 0.0 0.0 
-156.67161560058594 -304.07696533203125 79.6760482788086 103.9800033569336 1.6940057277679443 -77.34100341796875 -95.75030517578125 -247.89720153808594 102.14277648925781 -321.60357666015625 4.098170280456543 176.87940979003906 -52.106143951416016 34.41790771484375 -33.58564758300781 236.50775146484375 127.97955322265625 225.39163208007812 22.52315902709961 173.7420654296875 output 9 5 3 7 4 1 8 6 10 2 indices 2 -1 3 4 -1 1 3 4 2 1 -1 4 2 1 3 -1 2 1 3 4 2 1 3 4 2 1 3 4 2 1 3 4 -1 3 1 2 2 1 3 4 value 0.0 0.0 0.0 0.0 0.0 0.0 0.0 0.0 0.0 0.0 0.0 0.0 0.0 0.0 0.0 0.0 0.0 0.0 0.0 0.0 0.0 0.0 0.0 0.0 0.0 0.0 0.0 0.0 0.0 0.0 0.0 0.0 10.0 0.0 0.0 0.0 0.0 0.0 0.0 0.0 
-112.47521209716797 -364.95294189453125 158.55381774902344 -92.24676513671875 37.82468795776367 142.55409240722656 -63.43256378173828 -161.4363250732422 -2.716259717941284 172.7749481201172 -40.63005447387695 -310.7159729003906 -22.024276733398438 234.70997619628906 28.49713706970215 241.58045959472656 -115.62055969238281 -191.75318908691406 132.02328491210938 329.4857482910156 output 1 7 8 5 3 2 10 6 4 9 indices 2 -1 3 4 -1 1 3 4 2 1 -1 4 2 1 3 -1 2 1 3 4 2 1 3 4 2 1 3 4 2 1 3 4 2 1 3 4 -1 3 1 2 value 0.0 0.0 0.0 0.0 0.0 0.0 0.0 0.0 0.0 0.0 0.0 0.0 0.0 0.0 0.0 0.0 0.0 0.0 0.0 0.0 0.0 0.0 0.0 0.0 0.0 0.0 0.0 0.0 0.0 0.0 0.0 0.0 0.0 0.0 0.0 0.0 10.0 0.0 0.0 0.0 
-161.5709228515625 249.72515869140625 -3.9336304664611816 228.7460174560547 -85.33368682861328 220.52793884277344 -9.13630485534668 -337.6398620605469 -64.6078872680664 -100.63677978515625 41.998355865478516 55.36260223388672 99.72206115722656 15.539721488952637 -105.60367584228516 -369.6508483886719 133.9923095703125 -55.47286605834961 154.47337341308594 93.4989013671875 output 1 3 2 10 9 7 6 5 4 8 indices 2 -1 3 4 -1 4 1 3 2 1 -1 4 2 1 3 -1 2 1 3 4 2 1 3 4 2 1 3 4 2 1 3 4 2 1 3 4 2 1 3 4 value 0.0 0.0 0.0 0.0 10.0 0.0 0.0 0.0 0.0 0.0 0.0 0.0 0.0 0.0 0.0 0.0 0.0 0.0 0.0 0.0 0.0 0.0 0.0 0.0 0.0 0.0 0.0 0.0 0.0 0.0 0.0 0.0 0.0 0.0 0.0 0.0 0.0 0.0 0.0 0.0 
74.59614562988281 -264.1728515625 42.80706024169922 389.4657897949219 75.2768783569336 -231.69949340820312 -108.54784393310547 106.66035461425781 -216.23033142089844 29.458595275878906 -62.59577560424805 306.7784729003906 91.98877716064453 -124.00814819335938 65.62410736083984 -166.44061279296875 47.82008361816406 -231.62437438964844 -10.739099502563477 185.58224487304688 output 1 3 8 9 2 6 5 4 10 7 indices 2 -1 3 4 -1 4 1 3 2 1 -1 4 2 1 3 -1 2 1 3 4 2 1 3 4 2 1 3 4 2 1 3 4 2 1 3 4 2 1 3 4 value 0.0 0.0 0.0 0.0 10.0 0.0 0.0 0.0 0.0 0.0 0.0 0.0 0.0 0.0 0.0 0.0 0.0 0.0 0.0 0.0 0.0 0.0 0.0 0.0 0.0 0.0 0.0 0.0 0.0 0.0 0.0 0.0 0.0 0.0 0.0 0.0 0.0 0.0 0.0 0.0 
86.10044860839844 12.874346733093262 72.80420684814453 56.93955993652344 -89.90225219726562 168.5777587890625 -101.1113510131836 126.4086685180664 -76.48223114013672 174.70448303222656 -3.3042240142822266 -52.00553894042969 173.1880340576172 -326.5019836425781 -35.111141204833984 132.90553283691406 -26.407554626464844 -370.732666015625 0.2260514497756958 76.8298110961914 output 1 6 10 8 5 3 4 9 7 2 indices 2 -1 3 4 -1 1 3 4 2 1 -1 4 2 1 3 -1 -1 3 1 2 2 1 3 4 2 1 3 4 2 1 3 4 2 1 3 4 2 1 3 4 value 0.0 0.0 0.0 0.0 0.0 0.0 0.0 0.0 0.0 0.0 0.0 0.0 0.0 0.0 0.0 0.0 10.0 0.0 0.0 0.0 0.0 0.0 0.0 0.0 0.0 0.0 0.0 0.0 0.0 0.0 0.0 0.0 0.0 0.0 0.0 0.0 0.0 0.0 0.0 0.0 
112.98667907714844 -88.54803466796875 -160.870849609375 112.37176513671875 121.20374298095703 -211.91493225097656 98.68251037597656 -263.308349609375 81.6939468383789 339.7776184082031 -84.64582824707031 345.89666748046875 80.973876953125 151.62193298339844 -148.76686096191406 -115.46614837646484 -137.63653564453125 30.19878387451172 36.37933349609375 -300.6293029785156 output 1 3 4 5 10 6 8 9 2 7 indices 2 -1 3 4 -1 1 3 4 2 1 -1 4 2 1 3 -1 -1 3 1 2 2 1 3 4 2 1 3 4 2 1 3 4 2 1 3 4 2 1 3 4 value 0.0 0.0 0.0 0.0 0.0 0.0 0.0 0.0 0.0 0.0 0.0 0.0 0.0 0.0 0.0 0.0 10.0 0.0 0.0 0.0 0.0 0.0 0.0 0.0 0.0 0.0 0.0 0.0 0.0 0.0 0.0 0.0 0.0 0.0 0.0 0.0 0.0 0.0 0.0 0.0 
-19.659250259399414 -269.11810302734375 -81.7636947631836 34.204532623291016 18.809141159057617 -207.36460876464844 -0.6326576471328735 -45.02017593383789 100.87749481201172 425.8591613769531 -134.0773162841797 47.79237747192383 89.30299377441406 -73.74335479736328 132.02386474609375 98.60700225830078 -140.1436004638672 210.79763793945312 35.26303482055664 -222.0144500732422 output 4 7 8 5 10 3 1 9 6 2 indices 2 -1 3 4 -1 1 3 4 2 1 -1 4 2 1 3 -1 -1 3 1 2 2 1 3 4 2 1 3 4 2 1 3 4 2 1 3 4 2 1 3 4 value 0.0 0.0 0.0 0.0 0.0 0.0 0.0 0.0 0.0 0.0 0.0 0.0 0.0 0.0 0.0 0.0 10.0 0.0 0.0 0.0 0.0 0.0 0.0 0.0 0.0 0.0 0.0 0.0 0.0 0.0 0.0 0.0 0.0 0.0 0.0 0.0 0.0 0.0 0.0 0.0 
117.14663696289062 85.76094055175781 -140.04364013671875 209.7086181640625 -155.57376098632812 -283.3782043457031 117.02883911132812 223.04653930664062 -57.04814147949219 -159.2692108154297 57.28683853149414 -120.41316986083984 132.5525665283203 72.06593322753906 109.74510955810547 -36.993003845214844 -112.14604187011719 -202.70570373535156 -68.94841003417969 212.1772918701172 output 2 3 9 5 6 8 7 1 4 10 indices 2 -1 3 4 -1 1 3 4 2 1 -1 4 -1 3 1 2 2 1 3 4 2 1 3 4 2 1 3 4 2 1 3 4 2 1 3 4 2 1 3 4 value 0.0 0.0 0.0 0.0 0.0 0.0 0.0 0.0 0.0 0.0 0.0 0.0 10.0 0.0 0.0 0.0 0.0 0.0 0.0 0.0 0.0 0.0 0.0 0.0 0.0 0.0 0.0 0.0 0.0 0.0 0.0 0.0 0.0 0.0 0.0 0.0 0.0 0.0 0.0 0.0 
101.18669128417969 -19.856956481933594 109.22334289550781 -328.0884094238281 116.69371032714844 94.53265380859375 -183.13986206054688 -102.4443359375 35.060420989990234 338.9353332519531 -178.25099182128906 102.07676696777344 -113.87100982666016 -326.1776428222656 86.87451171875 243.5306396484375 -88.00027465820312 281.4344177246094 114.22346496582031 -283.9424743652344 output 1 10 2 5 7 4 6 9 8 3 indices 2 -1 3 4 -1 1 3 4 2 1 -1 4 2 1 3 -1 -1 3 1 2 2 1 3 4 2 1 3 4 2 1 3 4 2 1 3 4 2 1 3 4 value 0.0 0.0 0.0 0.0 0.0 0.0 0.0 0.0 0.0 0.0 0.0 0.0 0.0 0.0 0.0 0.0 10.0 0.0 0.0 0.0 0.0 0.0 0.0 0.0 0.0 0.0 0.0 0.0 0.0 0.0 0.0 0.0 0.0 0.0 0.0 0.0 0.0 0.0 0.0 0.0 
26.264862060546875 116.98116302490234 59.402740478515625 -79.27476501464844 18.061609268188477 -16.575117111206055 -106.31181335449219 269.68475341796875 -117.12059783935547 289.5980224609375 8.710332870483398 -78.88829803466797 -74.09465789794922 -190.64955139160156 165.2642364501953 11.971872329711914 128.37527465820312 -139.11962890625 -108.55199432373047 -183.7284393310547 output 3 6 7 10 5 4 1 8 9 2 indices 2 -1 3 4 -1 1 3 4 2 1 -1 4 2 1 3 -1 -1 3 1 2 2 1 3 4 2 1 3 4 2 1 3 4 2 1 3 4 2 1 3 4 value 0.0 0.0 0.0 0.0 0.0 0.0 0.0 0.0 0.0 0.0 0.0 0.0 0.0 0.0 0.0 0.0 10.0 0.0 0.0 0.0 0.0 0.0 0.0 0.0 0.0 0.0 0.0 0.0 0.0 0.0 0.0 0.0 0.0 0.0 0.0 0.0 0.0 0.0 0.0 0.0 
74.92474365234375 0.3169230818748474 3.954704523086548 268.6247253417969 -46.38924789428711 -93.94618225097656 8.675704956054688 229.00169372558594 110.6500473022461 208.40174865722656 -12.36110782623291 281.1741638183594 67.83271026611328 146.0159454345703 -43.169857025146484 -378.3600158691406 -77.17312622070312 -343.63177490234375 -86.944580078125 -317.59722900390625 output 10 9 8 6 2 4 7 5 1 3 indices 2 -1 3 4 -1 1 3 4 2 1 -1 4 2 1 3 -1 2 1 3 4 -1 3 1 2 2 1 3 4 2 1 3 4 2 1 3 4 2 1 3 4 value 0.0 0.0 0.0 0.0 0.0 0.0 0.0 0.0 0.0 0.0 0.0 0.0 0.0 0.0 0.0 0.0 0.0 0.0 0.0 0.0 10.0 0.0 0.0 0.0 0.0 0.0 0.0 0.0 0.0 0.0 0.0 0.0 0.0 0.0 0.0 0.0 0.0 0.0 0.0 0.0 
-113.06553649902344 -388.4093017578125 -58.17057800292969 -257.53680419921875 -1.7871512174606323 108.43165588378906 -65.60399627685547 158.0889434814453 111.0942153930664 253.34461975097656 -68.20409393310547 -83.2481460571289 32.81510543823242 -4.999894618988037 -82.37950897216797 -20.260610580444336 67.08223724365234 51.9228401184082 178.2193145751953 182.66671752929688 output 8 6 2 1 4 3 5 10 9 7 indices 2 -1 3 4 -1 1 3 4 2 1 -1 4 2 1 3 -1 -1 3 1 2 2 1 3 4 2 1 3 4 2 1 3 4 2 1 3 4 2 1 3 4 value 0.0 0.0 0.0 0.0 0.0 0.0 0.0 0.0 0.0 0.0 0.0 0.0 0.0 0.0 0.0 0.0 10.0 0.0 0.0 0.0 0.0 0.0 0.0 0.0 0.0 0.0 0.0 0.0 0.0 0.0 0.0 0.0 0.0 0.0 0.0 0.0 0.0 0.0 0.0 0.0 
117.3029556274414 204.7972869873047 99.72967529296875 -209.80596923828125 22.716279983520508 215.1988983154297 -196.51971435546875 212.8783416748047 52.58530807495117 183.64942932128906 43.332420349121094 -429.7406005859375 83.97407531738281 -184.84341430664062 -94.7362060546875 -41.43436050415039 -98.6935806274414 57.61738204956055 -29.69120216369629 -8.31696891784668 output 1 2 7 10 8 9 4 6 3 5 indices -1 4 2 3 -1 1 3 4 2 1 -1 4 2 1 3 -1 2 1 3 4 2 1 3 4 2 1 3 4 2 1 3 4 2 1 3 4 2 1 3 4 value 10.0 0.0 0.0 0.0 0.0 0.0 0.0 0.0 0.0 0.0 0.0 0.0 0.0 0.0 0.0 0.0 0.0 0.0 0.0 0.0 0.0 0.0 0.0 0.0 0.0 0.0 0.0 0.0 0.0 0.0 0.0 0.0 0.0 0.0 0.0 0.0 0.0 0.0 0.0 0.0 
-172.3552703857422 155.80958557128906 31.35968589782715 130.0555419921875 138.0490264892578 -311.31304931640625 79.6273193359375 -173.57192993164062 110.09424591064453 -109.13241577148438 -93.32025146484375 89.69367980957031 -37.809181213378906 228.89370727539062 -37.60380554199219 55.04340362548828 -94.54249572753906 199.3971710205078 76.50074005126953 -264.87567138671875 output 1 6 8 2 5 4 10 3 7 9 indices 2 -1 3 4 -1 1 3 4 2 1 -1 4 2 1 3 -1 2 1 3 4 2 1 3 4 -1 3 1 2 2 1 3 4 2 1 3 4 2 1 3 4 value 0.0 0.0 0.0 0.0 0.0 0.0 0.0 0.0 0.0 0.0 0.0 0.0 0.0 0.0 0.0 0.0 0.0 0.0 0.0 0.0 0.0 0.0 0.0 0.0 10.0 0.0 0.0 0.0 0.0 0.0 0.0 0.0 0.0 0.0 0.0 0.0 0.0 0.0 0.0 0.0 
-38.92338562011719 -195.19580078125 75.23851776123047 -255.15286254882812 11.954090118408203 286.7525634765625 20.47614860534668 -226.29515075683594 -1.8193819522857666 298.2089538574219 -52.510093688964844 -195.1790008544922 -109.06389617919922 152.42138671875 -8.293693542480469 43.782405853271484 136.08465576171875 102.3956069946289 -33.14296340942383 -11.738099098205566 output 2 4 1 6 7 10 8 9 3 5 indices 2 -1 3 4 -1 1 3 4 2 1 -1 4 2 1 3 -1 -1 3 1 2 2 1 3 4 2 1 3 4 2 1 3 4 2 1 3 4 2 1 3 4 value 0.0 0.0 0.0 0.0 0.0 0.0 0.0 0.0 0.0 0.0 0.0 0.0 0.0 0.0 0.0 0.0 10.0 0.0 0.0 0.0 0.0 0.0 0.0 0.0 0.0 0.0 0.0 0.0 0.0 0.0 0.0 0.0 0.0 0.0 0.0 0.0 0.0 0.0 0.0 0.0 
-35.41023635864258 218.5364227294922 -3.9136855602264404 243.49061584472656 81.604248046875 -204.22076416015625 27.194055557250977 -41.850379943847656 -12.804534912109375 -321.3790588378906 111.1419906616211 272.14892578125 -140.04998779296875 -284.7843322753906 -49.177337646484375 26.54789924621582 -63.0188102722168 141.69676208496094 84.43429565429688 -50.18608474731445 output 6 10 4 8 9 1 2 7 5 3 indices 2 -1 3 4 -1 1 3 4 2 1 -1 4 2 1 3 -1 2 1 3 4 -1 3 1 2 2 1 3 4 2 1 3 4 2 1 3 4 2 1 3 4 value 0.0 0.0 0.0 0.0 0.0 0.0 0.0 0.0 0.0 0.0 0.0 0.0 0.0 0.0 0.0 0.0 0.0 0.0 0.0 0.0 10.0 0.0 0.0 0.0 0.0 0.0 0.0 0.0 0.0 0.0 0.0 0.0 0.0 0.0 0.0 0.0 0.0 0.0 0.0 0.0 
-60.303470611572266 21.342432022094727 -25.78104019165039 -116.31249237060547 29.972545623779297 203.67803955078125 -42.46376037597656 160.5204315185547 155.09947204589844 -343.65643310546875 55.87464904785156 44.30982208251953 94.2745132446289 -101.06763458251953 -97.2721939086914 4.871408939361572 26.23981475830078 41.260887145996094 -135.64053344726562 85.05353546142578 output 6 9 1 8 10 4 3 5 7 2 indices 2 -1 3 4 -1 1 3 4 -1 4 1 2 2 1 3 -1 2 1 3 4 2 1 3 4 2 1 3 4 2 1 3 4 2 1 3 4 2 1 3 4 value 0.0 0.0 0.0 0.0 0.0 0.0 0.0 0.0 10.0 0.0 0.0 0.0 0.0 0.0 0.0 0.0 0.0 0.0 0.0 0.0 0.0 0.0 0.0 0.0 0.0 0.0 0.0 0.0 0.0 0.0 0.0 0.0 0.0 0.0 0.0 0.0 0.0 0.0 0.0 0.0 
-168.52423095703125 -63.599891662597656 55.922481536865234 -193.05210876464844 98.3607406616211 131.806396484375 17.318294525146484 395.1451721191406 57.47962951660156 147.9622344970703 -47.058753967285156 -26.15165901184082 42.675193786621094 -147.2741241455078 -97.29370880126953 -317.118896484375 30.137496948242188 -127.53414916992188 10.9828462600708 199.81704711914062 output 4 8 1 6 9 7 2 3 5 10 indices 2 -1 3 4 -1 1 3 4 2 1 -1 4 -1 3 1 2 2 1 3 4 2 1 3 4 2 1 3 4 2 1 3 4 2 1 3 4 2 1 3 4 value 0.0 0.0 0.0 0.0 0.0 0.0 0.0 0.0 0.0 0.0 0.0 0.0 10.0 0.0 0.0 0.0 0.0 0.0 0.0 0.0 0.0 0.0 0.0 0.0 0.0 0.0 0.0 0.0 0.0 0.0 0.0 0.0 0.0 0.0 0.0 0.0 0.0 0.0 0.0 0.0 
68.1712875366211 271.7969665527344 -56.470001220703125 -43.63733673095703 58.66277313232422 124.36825561523438 190.7165069580078 -133.04827880859375 -56.43444061279297 -347.6260070800781 -97.18497467041016 -347.0316162109375 -38.4597053527832 44.2537727355957 -86.66903686523438 308.7832946777344 -18.56989097595215 301.4524230957031 36.23748016357422 -179.31150817871094 output 1 9 5 8 6 7 2 10 4 3 indices 2 -1 3 4 -1 1 3 4 2 1 -1 4 2 1 3 -1 2 1 3 4 2 1 3 4 2 1 3 4 2 1 3 4 -1 3 1 2 2 1 3 4 value 0.0 0.0 0.0 0.0 0.0 0.0 0.0 0.0 0.0 0.0 0.0 0.0 0.0 0.0 0.0 0.0 0.0 0.0 0.0 0.0 0.0 0.0 0.0 0.0 0.0 0.0 0.0 0.0 0.0 0.0 0.0 0.0 10.0 0.0 0.0 0.0 0.0 0.0 0.0 0.0 
-32.15362548828125 -186.80958557128906 -193.6182861328125 307.8148498535156 132.98477172851562 102.55804443359375 11.830652236938477 349.05792236328125 -11.602355003356934 123.5535659790039 96.62431335449219 -128.9219512939453 -2.3145010471343994 -265.19189453125 -180.61505126953125 -0.21587282419204712 44.59182357788086 2.8326048851013184 134.2722625732422 -304.6777038574219 output 1 7 4 10 3 6 9 5 8 2 indices 2 -1 3 4 -1 1 3 4 2 1 -1 4 -1 3 1 2 2 1 3 4 2 1 3 4 2 1 3 4 2 1 3 4 2 1 3 4 2 1 3 4 value 0.0 0.0 0.0 0.0 0.0 0.0 0.0 0.0 0.0 0.0 0.0 0.0 10.0 0.0 0.0 0.0 0.0 0.0 0.0 0.0 0.0 0.0 0.0 0.0 0.0 0.0 0.0 0.0 0.0 0.0 0.0 0.0 0.0 0.0 0.0 0.0 0.0 0.0 0.0 0.0 
159.43844604492188 1.99274480342865 94.8755111694336 157.87933349609375 -154.33746337890625 28.581336975097656 -46.99394226074219 299.4925842285156 22.125268936157227 100.74966430664062 56.754486083984375 66.90534973144531 -85.8968276977539 -218.53172302246094 85.43470001220703 -328.53094482421875 -144.4580535888672 264.0893859863281 13.057882308959961 -372.62774658203125 output 9 4 10 8 1 2 6 5 3 7 indices 2 -1 3 4 -1 1 3 4 2 1 -1 4 -1 3 1 2 2 1 3 4 2 1 3 4 2 1 3 4 2 1 3 4 2 1 3 4 2 1 3 4 value 0.0 0.0 0.0 0.0 0.0 0.0 0.0 0.0 0.0 0.0 0.0 0.0 10.0 0.0 0.0 0.0 0.0 0.0 0.0 0.0 0.0 0.0 0.0 0.0 0.0 0.0 0.0 0.0 0.0 0.0 0.0 0.0 0.0 0.0 0.0 0.0 0.0 0.0 0.0 0.0 
82.71276092529297 234.88824462890625 63.51795196533203 -149.96417236328125 -151.21499633789062 86.62772369384766 -120.42855072021484 -244.3934326171875 192.33937072753906 -63.81795120239258 79.4666748046875 -270.1158447265625 -58.34447479248047 174.77438354492188 75.00810241699219 81.19660949707031 -108.93085479736328 -241.28286743164062 -54.125980377197266 392.0872802734375 output 6 2 5 8 1 7 3 4 9 10 indices 2 -1 3 4 -1 1 3 4 2 1 -1 4 2 1 3 -1 2 1 3 4 2 1 3 4 2 1 3 4 2 1 3 4 2 1 3 4 -1 3 1 2 value 0.0 0.0 0.0 0.0 0.0 0.0 0.0 0.0 0.0 0.0 0.0 0.0 0.0 0.0 0.0 0.0 0.0 0.0 0.0 0.0 0.0 0.0 0.0 0.0 0.0 0.0 0.0 0.0 0.0 0.0 0.0 0.0 0.0 0.0 0.0 0.0 10.0 0.0 0.0 0.0 
18.905649185180664 266.2337951660156 -72.58953094482422 167.00457763671875 90.10359954833984 -269.13232421875 -116.05818939208984 40.67493438720703 -139.53311157226562 -96.797119140625 33.46088409423828 32.312320709228516 10.785453796386719 279.5426330566406 10.730767250061035 -358.9422302246094 48.23982620239258 159.5317840576172 115.95465087890625 -220.42837524414062 output 9 1 7 8 3 10 6 4 5 2 indices 2 -1 3 4 -1 1 3 4 2 1 -1 4 2 1 3 -1 2 1 3 4 2 1 3 4 -1 3 1 2 2 1 3 4 2 1 3 4 2 1 3 4 value 0.0 0.0 0.0 0.0 0.0 0.0 0.0 0.0 0.0 0.0 0.0 0.0 0.0 0.0 0.0 0.0 0.0 0.0 0.0 0.0 0.0 0.0 0.0 0.0 10.0 0.0 0.0 0.0 0.0 0.0 0.0 0.0 0.0 0.0 0.0 0.0 0.0 0.0 0.0 0.0 
100.1009292602539 266.1910705566406 100.53209686279297 -356.1900634765625 -116.57695770263672 -201.00192260742188 -37.838165283203125 18.788583755493164 -43.70042037963867 -224.0029296875 132.9741668701172 181.37257385253906 -102.16844177246094 -48.254852294921875 -100.89632415771484 235.70916748046875 128.25982666015625 116.4194564819336 -60.68670654296875 10.968916893005371 output 10 4 8 1 9 6 2 5 3 7 indices -1 4 2 3 -1 1 3 4 2 1 -1 4 2 1 3 -1 2 1 3 4 2 1 3 4 2 1 3 4 2 1 3 4 2 1 3 4 2 1 3 4 value 10.0 0.0 0.0 0.0 0.0 0.0 0.0 0.0 0.0 0.0 0.0 0.0 0.0 0.0 0.0 0.0 0.0 0.0 0.0 0.0 0.0 0.0 0.0 0.0 0.0 0.0 0.0 0.0 0.0 0.0 0.0 0.0 0.0 0.0 0.0 0.0 0.0 0.0 0.0 0.0 
-132.23789978027344 -169.02098083496094 -114.27725982666016 -433.3252868652344 137.52734375 252.70907592773438 -36.28940200805664 70.93667602539062 73.61824035644531 133.20565795898438 -83.03606414794922 -43.104164123535156 -84.7936782836914 -9.126046180725098 88.96617889404297 -2.9728050231933594 64.87232208251953 175.3113250732422 85.65021514892578 25.386531829833984 output 1 6 7 4 8 10 5 9 3 2 indices 2 -1 3 4 -1 1 3 4 -1 4 1 2 2 1 3 -1 2 1 3 4 2 1 3 4 2 1 3 4 2 1 3 4 2 1 3 4 2 1 3 4 value 0.0 0.0 0.0 0.0 0.0 0.0 0.0 0.0 10.0 0.0 0.0 0.0 0.0 0.0 0.0 0.0 0.0 0.0 0.0 0.0 0.0 0.0 0.0 0.0 0.0 0.0 0.0 0.0 0.0 0.0 0.0 0.0 0.0 0.0 0.0 0.0 0.0 0.0 0.0 0.0 
152.4580841064453 233.5929718017578 -14.938546180725098 161.3064727783203 96.7052993774414 -0.8217886090278625 168.3989715576172 36.23273849487305 -124.87865447998047 139.14183044433594 -160.37808227539062 -113.66107177734375 -137.06700134277344 -416.7518615722656 -32.549461364746094 81.81671142578125 -129.7765655517578 -161.36863708496094 182.0259552001953 40.51264572143555 output 1 10 4 3 8 5 6 9 7 2 indices -1 4 2 3 -1 1 3 4 2 1 -1 4 2 1 3 -1 2 1 3 4 2 1 3 4 2 1 3 4 2 1 3 4 2 1 3 4 2 1 3 4 value 10.0 0.0 0.0 0.0 0.0 0.0 0.0 0.0 0.0 0.0 0.0 0.0 0.0 0.0 0.0 0.0 0.0 0.0 0.0 0.0 0.0 0.0 0.0 0.0 0.0 0.0 0.0 0.0 0.0 0.0 0.0 0.0 0.0 0.0 0.0 0.0 0.0 0.0 0.0 0.0 
140.6739044189453 277.1235046386719 86.9840316772461 -278.403076171875 92.07290649414062 -311.5069580078125 9.875755310058594 -178.21315002441406 -80.05121612548828 217.04710388183594 122.87651062011719 138.0436248779297 158.04376220703125 235.28395080566406 -187.8243865966797 -242.9002227783203 -192.90599060058594 91.72982025146484 -149.7452850341797 51.79536819458008 output 9 8 4 2 3 1 7 6 5 10 indices -1 4 2 3 -1 1 3 4 2 1 -1 4 2 1 3 -1 2 1 3 4 2 1 3 4 2 1 3 4 2 1 3 4 2 1 3 4 2 1 3 4 value 10.0 0.0 0.0 0.0 0.0 0.0 0.0 0.0 0.0 0.0 0.0 0.0 0.0 0.0 0.0 0.0 0.0 0.0 0.0 0.0 0.0 0.0 0.0 0.0 0.0 0.0 0.0 0.0 0.0 0.0 0.0 0.0 0.0 0.0 0.0 0.0 0.0 0.0 0.0 0.0 
78.7239990234375 194.07171630859375 86.99758911132812 -43.23539352416992 -177.32177734375 199.4242706298828 -3.7660458087921143 276.7597351074219 73.89403533935547 123.085205078125 115.5123062133789 -125.2706527709961 -43.65161895751953 26.660959243774414 -143.8396453857422 -225.6694793701172 -114.42212677001953 -258.37640380859375 127.873291015625 -167.449951171875 output 1 4 9 8 3 7 2 6 10 5 indices 2 -1 3 4 -1 1 3 4 2 1 -1 4 -1 3 1 2 2 1 3 4 2 1 3 4 2 1 3 4 2 1 3 4 2 1 3 4 2 1 3 4 value 0.0 0.0 0.0 0.0 0.0 0.0 0.0 0.0 0.0 0.0 0.0 0.0 10.0 0.0 0.0 0.0 0.0 0.0 0.0 0.0 0.0 0.0 0.0 0.0 0.0 0.0 0.0 0.0 0.0 0.0 0.0 0.0 0.0 0.0 0.0 0.0 0.0 0.0 0.0 0.0 
97.94407653808594 208.9382781982422 73.82637023925781 180.42950439453125 -117.46199798583984 -365.2552490234375 -96.46175384521484 215.49147033691406 52.74763107299805 116.73905181884766 214.57730102539062 -325.5374755859375 -52.21297073364258 223.6879425048828 -119.55217742919922 -216.81204223632812 -17.202701568603516 202.4823455810547 -36.203773498535156 -240.16383361816406 output 6 1 2 5 9 7 4 3 8 10 indices -1 4 2 3 -1 1 3 4 2 1 -1 4 2 1 3 -1 2 1 3 4 2 1 3 4 2 1 3 4 2 1 3 4 2 1 3 4 2 1 3 4 value 10.0 0.0 0.0 0.0 0.0 0.0 0.0 0.0 0.0 0.0 0.0 0.0 0.0 0.0 0.0 0.0 0.0 0.0 0.0 0.0 0.0 0.0 0.0 0.0 0.0 0.0 0.0 0.0 0.0 0.0 0.0 0.0 0.0 0.0 0.0 0.0 0.0 0.0 0.0 0.0 
89.75677490234375 -35.43260192871094 95.90766906738281 -118.92198944091797 -132.33892822265625 -261.0384826660156 -79.08423614501953 361.46240234375 63.35527801513672 86.40462493896484 55.315528869628906 -211.0614013671875 46.58784103393555 -191.14942932128906 -8.376104354858398 28.88729476928711 -121.21764373779297 68.23065185546875 -9.9061918258667 272.6189270019531 output 1 2 7 6 10 4 3 9 8 5 indices 2 -1 3 4 -1 1 3 4 2 1 -1 4 -1 3 1 2 2 1 3 4 2 1 3 4 2 1 3 4 2 1 3 4 2 1 3 4 2 1 3 4 value 0.0 0.0 0.0 0.0 0.0 0.0 0.0 0.0 0.0 0.0 0.0 0.0 10.0 0.0 0.0 0.0 0.0 0.0 0.0 0.0 0.0 0.0 0.0 0.0 0.0 0.0 0.0 0.0 0.0 0.0 0.0 0.0 0.0 0.0 0.0 0.0 0.0 0.0 0.0 0.0 
127.9852294921875 132.44248962402344 -35.49092102050781 170.31979370117188 -52.876033782958984 -120.61963653564453 -15.568137168884277 -230.2371826171875 17.587514877319336 331.92138671875 -41.58541488647461 -49.1168212890625 -174.1792755126953 -167.1365966796875 -33.27254104614258 -79.35543060302734 91.32626342773438 -64.50670623779297 116.07331848144531 76.28868103027344 output 1 10 2 5 4 7 3 8 6 9 indices 2 -1 3 4 -1 1 3 4 2 1 -1 4 2 1 3 -1 -1 3 1 2 2 1 3 4 2 1 3 4 2 1 3 4 2 1 3 4 2 1 3 4 value 0.0 0.0 0.0 0.0 0.0 0.0 0.0 0.0 0.0 0.0 0.0 0.0 0.0 0.0 0.0 0.0 10.0 0.0 0.0 0.0 0.0 0.0 0.0 0.0 0.0 0.0 0.0 0.0 0.0 0.0 0.0 0.0 0.0 0.0 0.0 0.0 0.0 0.0 0.0 0.0 
-75.52922821044922 -147.05433654785156 -40.47660446166992 186.19935607910156 93.47911834716797 3.668656349182129 47.30427551269531 -122.9255142211914 -92.03937530517578 27.113019943237305 -41.741703033447266 -24.32178497314453 2.6711647510528564 -264.3660888671875 101.03324127197266 -51.95811462402344 -123.72915649414062 293.90142822265625 129.0282745361328 99.74339294433594 output 7 4 8 3 10 2 9 5 6 1 indices 2 -1 3 4 -1 1 3 4 2 1 -1 4 2 1 3 -1 2 1 3 4 2 1 3 4 2 1 3 4 2 1 3 4 -1 3 1 2 2 1 3 4 value 0.0 0.0 0.0 0.0 0.0 0.0 0.0 0.0 0.0 0.0 0.0 0.0 0.0 0.0 0.0 0.0 0.0 0.0 0.0 0.0 0.0 0.0 0.0 0.0 0.0 0.0 0.0 0.0 0.0 0.0 0.0 0.0 10.0 0.0 0.0 0.0 0.0 0.0 0.0 0.0 
91.09093475341797 -223.4163818359375 -66.0976791381836 -272.05865478515625 -158.56842041015625 172.61216735839844 -106.89604187011719 251.9293670654297 -75.9260482788086 -210.85986328125 120.31709289550781 332.6986389160156 32.52123260498047 -7.111748218536377 -31.88343620300293 -339.4673156738281 67.17701721191406 160.4582061767578 128.2653350830078 135.21560668945312 output 1 6 10 9 7 3 4 8 2 5 indices 2 -1 3 4 -1 1 3 4 2 1 -1 4 2 1 3 -1 2 1 3 4 -1 3 1 2 2 1 3 4 2 1 3 4 2 1 3 4 2 1 3 4 value 0.0 0.0 0.0 0.0 0.0 0.0 0.0 0.0 0.0 0.0 0.0 0.0 0.0 0.0 0.0 0.0 0.0 0.0 0.0 0.0 10.0 0.0 0.0 0.0 0.0 0.0 0.0 0.0 0.0 0.0 0.0 0.0 0.0 0.0 0.0 0.0 0.0 0.0 0.0 0.0 
32.225013732910156 118.92778015136719 131.41941833496094 -151.6536407470703 61.80271911621094 -110.85262298583984 -80.00410461425781 -41.37112808227539 -157.16766357421875 -43.600772857666016 -88.28048706054688 -38.44176483154297 -139.70819091796875 195.881103515625 -62.922760009765625 -62.555580139160156 188.6540985107422 203.36375427246094 113.98194885253906 -69.69713592529297 output 7 5 6 4 8 3 10 2 9 1 indices 2 -1 3 4 -1 1 3 4 2 1 -1 4 2 1 3 -1 2 1 3 4 2 1 3 4 2 1 3 4 2 1 3 4 -1 3 1 2 2 1 3 4 value 0.0 0.0 0.0 0.0 0.0 0.0 0.0 0.0 0.0 0.0 0.0 0.0 0.0 0.0 0.0 0.0 0.0 0.0 0.0 0.0 0.0 0.0 0.0 0.0 0.0 0.0 0.0 0.0 0.0 0.0 0.0 0.0 10.0 0.0 0.0 0.0 0.0 0.0 0.0 0.0 
160.87864685058594 153.95822143554688 -83.96647644042969 -55.04719543457031 130.24237060546875 -168.3268280029297 -97.52752685546875 124.05696868896484 -15.297945022583008 155.26866149902344 -117.3896713256836 184.41146850585938 0.4642724096775055 -175.98907470703125 -132.16783142089844 -313.6581726074219 -27.47043228149414 -29.12726402282715 182.23458862304688 124.45320892333984 output 7 3 10 1 5 4 6 8 2 9 indices -1 4 2 3 -1 1 3 4 2 1 -1 4 2 1 3 -1 2 1 3 4 2 1 3 4 2 1 3 4 2 1 3 4 2 1 3 4 2 1 3 4 value 10.0 0.0 0.0 0.0 0.0 0.0 0.0 0.0 0.0 0.0 0.0 0.0 0.0 0.0 0.0 0.0 0.0 0.0 0.0 0.0 0.0 0.0 0.0 0.0 0.0 0.0 0.0 0.0 0.0 0.0 0.0 0.0 0.0 0.0 0.0 0.0 0.0 0.0 0.0 0.0 
66.49093627929688 126.57853698730469 -103.99507904052734 244.4236297607422 115.11613464355469 200.9134979248047 -127.96554565429688 -381.1572570800781 77.07939910888672 155.6940460205078 -205.33941650390625 8.100028038024902 61.46673583984375 146.30406188964844 65.93994140625 -36.974674224853516 -17.959184646606445 -141.45343017578125 69.16606903076172 -322.428466796875 output 1 7 2 4 6 9 8 3 10 5 indices 2 -1 3 4 -1 4 1 3 2 1 -1 4 2 1 3 -1 2 1 3 4 2 1 3 4 2 1 3 4 2 1 3 4 2 1 3 4 2 1 3 4 value 0.0 0.0 0.0 0.0 10.0 0.0 0.0 0.0 0.0 0.0 0.0 0.0 0.0 0.0 0.0 0.0 0.0 0.0 0.0 0.0 0.0 0.0 0.0 0.0 0.0 0.0 0.0 0.0 0.0 0.0 0.0 0.0 0.0 0.0 0.0 0.0 0.0 0.0 0.0 0.0 
-127.72059631347656 65.27165222167969 -49.03645706176758 134.47140502929688 91.02205657958984 145.8197021484375 -20.01535987854004 99.30567169189453 64.8572769165039 -242.08370971679688 -54.5472412109375 -43.49936294555664 75.8846206665039 -287.0099182128906 -124.20970916748047 234.5699920654297 11.376264572143555 -200.24606323242188 132.38914489746094 93.40062713623047 output 9 5 7 10 3 4 2 8 1 6 indices 2 -1 3 4 -1 1 3 4 2 1 -1 4 2 1 3 -1 2 1 3 4 2 1 3 4 2 1 3 4 -1 3 1 2 2 1 3 4 2 1 3 4 value 0.0 0.0 0.0 0.0 0.0 0.0 0.0 0.0 0.0 0.0 0.0 0.0 0.0 0.0 0.0 0.0 0.0 0.0 0.0 0.0 0.0 0.0 0.0 0.0 0.0 0.0 0.0 0.0 10.0 0.0 0.0 0.0 0.0 0.0 0.0 0.0 0.0 0.0 0.0 0.0 
115.90355682373047 56.947181701660156 17.879592895507812 281.3768615722656 -152.8731231689453 -340.0714111328125 -30.433509826660156 -195.349853515625 105.95014953613281 305.0896301269531 56.78740692138672 156.19967651367188 78.00811004638672 194.09458923339844 112.85729217529297 -222.61790466308594 -129.94308471679688 -307.5396423339844 -174.13638305664062 71.87085723876953 output 5 7 6 2 10 3 9 4 8 1 indices 2 -1 3 4 -1 1 3 4 2 1 -1 4 2 1 3 -1 -1 3 1 2 2 1 3 4 2 1 3 4 2 1 3 4 2 1 3 4 2 1 3 4 value 0.0 0.0 0.0 0.0 0.0 0.0 0.0 0.0 0.0 0.0 0.0 0.0 0.0 0.0 0.0 0.0 10.0 0.0 0.0 0.0 0.0 0.0 0.0 0.0 0.0 0.0 0.0 0.0 0.0 0.0 0.0 0.0 0.0 0.0 0.0 0.0 0.0 0.0 0.0 0.0 
-54.741729736328125 251.885009765625 52.82207107543945 323.6161193847656 89.79596710205078 -322.6555480957031 -153.43824768066406 -131.80799865722656 -107.3968734741211 310.7507629394531 109.38479614257812 -35.82178497314453 115.7963638305664 200.56736755371094 98.22354888916016 -283.4264831542969 -117.65997314453125 -333.3788146972656 -32.78592300415039 20.271381378173828 output 9 4 10 6 7 8 3 2 1 5 indices 2 -1 3 4 -1 4 1 3 2 1 -1 4 2 1 3 -1 2 1 3 4 2 1 3 4 2 1 3 4 2 1 3 4 2 1 3 4 2 1 3 4 value 0.0 0.0 0.0 0.0 10.0 0.0 0.0 0.0 0.0 0.0 0.0 0.0 0.0 0.0 0.0 0.0 0.0 0.0 0.0 0.0 0.0 0.0 0.0 0.0 0.0 0.0 0.0 0.0 0.0 0.0 0.0 0.0 0.0 0.0 0.0 0.0 0.0 0.0 0.0 0.0 
68.15203094482422 -212.1190948486328 54.42180252075195 244.66676330566406 -42.33502960205078 233.00717163085938 30.30759620666504 196.4346923828125 -186.1248321533203 77.38565826416016 12.098530769348145 -396.6268615722656 -43.56981658935547 98.80895233154297 -25.644289016723633 -153.14300537109375 99.77586364746094 276.3966064453125 32.91814041137695 -364.8109130859375 output 1 10 6 9 2 4 3 7 5 8 indices 2 -1 3 4 -1 1 3 4 2 1 -1 4 2 1 3 -1 2 1 3 4 2 1 3 4 2 1 3 4 2 1 3 4 -1 3 1 2 2 1 3 4 value 0.0 0.0 0.0 0.0 0.0 0.0 0.0 0.0 0.0 0.0 0.0 0.0 0.0 0.0 0.0 0.0 0.0 0.0 0.0 0.0 0.0 0.0 0.0 0.0 0.0 0.0 0.0 0.0 0.0 0.0 0.0 0.0 10.0 0.0 0.0 0.0 0.0 0.0 0.0 0.0 
-27.462871551513672 35.671295166015625 -52.335655212402344 -339.6528015136719 -112.78233337402344 -74.00260925292969 43.159156799316406 29.714754104614258 -71.45645904541016 -137.9934539794922 169.99569702148438 -357.044921875 146.36767578125 98.82537841796875 14.881011962890625 235.9311065673828 -150.19180297851562 262.06512451171875 39.82557678222656 246.48609924316406 output 10 8 2 9 5 3 1 4 7 6 indices 2 -1 3 4 -1 1 3 4 2 1 -1 4 2 1 3 -1 2 1 3 4 2 1 3 4 2 1 3 4 2 1 3 4 2 1 3 4 -1 3 1 2 value 0.0 0.0 0.0 0.0 0.0 0.0 0.0 0.0 0.0 0.0 0.0 0.0 0.0 0.0 0.0 0.0 0.0 0.0 0.0 0.0 0.0 0.0 0.0 0.0 0.0 0.0 0.0 0.0 0.0 0.0 0.0 0.0 0.0 0.0 0.0 0.0 10.0 0.0 0.0 0.0 
23.784730911254883 112.69281005859375 -76.13916015625 240.8282928466797 -8.70977783203125 -50.59172058105469 100.77554321289062 -78.1244125366211 -119.92843627929688 -349.7102966308594 -131.97605895996094 102.12862396240234 175.86228942871094 -106.9409408569336 46.17927551269531 93.29572296142578 -96.57588958740234 -189.134033203125 86.72749328613281 225.5559539794922 output 7 4 3 9 5 2 6 1 8 10 indices 2 -1 3 4 -1 1 3 4 2 1 -1 4 2 1 3 -1 2 1 3 4 2 1 3 4 2 1 3 4 2 1 3 4 2 1 3 4 -1 3 1 2 value 0.0 0.0 0.0 0.0 0.0 0.0 0.0 0.0 0.0 0.0 0.0 0.0 0.0 0.0 0.0 0.0 0.0 0.0 0.0 0.0 0.0 0.0 0.0 0.0 0.0 0.0 0.0 0.0 0.0 0.0 0.0 0.0 0.0 0.0 0.0 0.0 10.0 0.0 0.0 0.0 
67.433349609375 259.5211486816406 87.11550903320312 130.02392578125 -21.25284194946289 -223.6684112548828 -24.149559020996094 -174.81985473632812 -24.282384872436523 -235.02420043945312 133.8468475341797 267.3851623535156 137.81216430664062 -190.9525604248047 -135.92926025390625 -234.5732421875 -71.63338470458984 188.6917266845703 -148.96043395996094 213.41632080078125 output 3 5 8 10 9 2 1 6 7 4 indices 2 -1 3 4 -1 1 3 4 2 1 -1 4 2 1 3 -1 2 1 3 4 -1 3 1 2 2 1 3 4 2 1 3 4 2 1 3 4 2 1 3 4 value 0.0 0.0 0.0 0.0 0.0 0.0 0.0 0.0 0.0 0.0 0.0 0.0 0.0 0.0 0.0 0.0 0.0 0.0 0.0 0.0 10.0 0.0 0.0 0.0 0.0 0.0 0.0 0.0 0.0 0.0 0.0 0.0 0.0 0.0 0.0 0.0 0.0 0.0 0.0 0.0 
-142.16067504882812 159.50433349609375 -24.564483642578125 -252.3968505859375 -158.70082092285156 255.183837890625 148.89352416992188 74.8078842163086 -7.521173000335693 -6.554605484008789 121.39237976074219 100.81745910644531 170.6293487548828 -318.8945007324219 -169.02374267578125 -175.12168884277344 -12.737007141113281 152.95301818847656 73.79264831542969 9.701108932495117 output 9 1 3 8 2 7 4 6 10 5 indices 2 -1 3 4 -1 1 3 4 -1 4 1 2 2 1 3 -1 2 1 3 4 2 1 3 4 2 1 3 4 2 1 3 4 2 1 3 4 2 1 3 4 value 0.0 0.0 0.0 0.0 0.0 0.0 0.0 0.0 10.0 0.0 0.0 0.0 0.0 0.0 0.0 0.0 0.0 0.0 0.0 0.0 0.0 0.0 0.0 0.0 0.0 0.0 0.0 0.0 0.0 0.0 0.0 0.0 0.0 0.0 0.0 0.0 0.0 0.0 0.0 0.0 
124.5933609008789 -173.08258056640625 -186.81150817871094 -239.67495727539062 154.65032958984375 -247.5692138671875 103.53630828857422 48.24736404418945 -14.856114387512207 280.5664978027344 -175.3839874267578 162.86094665527344 -39.51488494873047 303.768798828125 5.330190658569336 -396.9403076171875 111.98719024658203 196.2191925048828 -83.5308837890625 65.60424041748047 output 1 3 9 8 5 7 2 6 10 4 indices 2 -1 3 4 -1 1 3 4 2 1 -1 4 2 1 3 -1 2 1 3 4 2 1 3 4 -1 3 1 2 2 1 3 4 2 1 3 4 2 1 3 4 value 0.0 0.0 0.0 0.0 0.0 0.0 0.0 0.0 0.0 0.0 0.0 0.0 0.0 0.0 0.0 0.0 0.0 0.0 0.0 0.0 0.0 0.0 0.0 0.0 10.0 0.0 0.0 0.0 0.0 0.0 0.0 0.0 0.0 0.0 0.0 0.0 0.0 0.0 0.0 0.0 
137.2722930908203 -148.42100524902344 69.00492858886719 -84.33778381347656 -67.30258178710938 82.79142761230469 20.654396057128906 38.26758575439453 47.348880767822266 266.7763977050781 155.148193359375 -2.8394131660461426 3.999009370803833 -301.97723388671875 -26.571260452270508 -93.33595275878906 -182.3445587158203 -35.411407470703125 -157.2093048095703 278.48736572265625 output 4 3 9 10 7 5 6 1 2 8 indices 2 -1 3 4 -1 1 3 4 2 1 -1 4 2 1 3 -1 -1 3 1 2 2 1 3 4 2 1 3 4 2 1 3 4 2 1 3 4 2 1 3 4 value 0.0 0.0 0.0 0.0 0.0 0.0 0.0 0.0 0.0 0.0 0.0 0.0 0.0 0.0 0.0 0.0 10.0 0.0 0.0 0.0 0.0 0.0 0.0 0.0 0.0 0.0 0.0 0.0 0.0 0.0 0.0 0.0 0.0 0.0 0.0 0.0 0.0 0.0 0.0 0.0 
74.43213653564453 261.5859680175781 26.36777114868164 90.35846710205078 28.51973533630371 197.41871643066406 1.666759967803955 115.05534362792969 -111.64077758789062 -408.4503173828125 91.48986053466797 254.54104614257812 7.793863296508789 152.33200073242188 23.037851333618164 73.70658111572266 91.71910095214844 -403.9377136230469 -233.3863067626953 -332.610107421875 output 1 3 7 4 2 8 10 5 9 6 indices -1 4 2 3 -1 1 3 4 2 1 -1 4 2 1 3 -1 2 1 3 4 2 1 3 4 2 1 3 4 2 1 3 4 2 1 3 4 2 1 3 4 value 10.0 0.0 0.0 0.0 0.0 0.0 0.0 0.0 0.0 0.0 0.0 0.0 0.0 0.0 0.0 0.0 0.0 0.0 0.0 0.0 0.0 0.0 0.0 0.0 0.0 0.0 0.0 0.0 0.0 0.0 0.0 0.0 0.0 0.0 0.0 0.0 0.0 0.0 0.0 0.0 
175.9525146484375 257.05694580078125 38.30784606933594 7.673525810241699 110.60246276855469 -81.61079406738281 52.393821716308594 296.271240234375 -119.5466537475586 141.5242462158203 -83.54061126708984 -55.36692428588867 -102.05767059326172 -234.00331115722656 -133.318115234375 181.80430603027344 85.38929748535156 -190.50453186035156 -24.18288803100586 -322.8446960449219 output 5 8 7 10 4 1 9 3 2 6 indices 2 -1 3 4 -1 1 3 4 2 1 -1 4 -1 3 1 2 2 1 3 4 2 1 3 4 2 1 3 4 2 1 3 4 2 1 3 4 2 1 3 4 value 0.0 0.0 0.0 0.0 0.0 0.0 0.0 0.0 0.0 0.0 0.0 0.0 10.0 0.0 0.0 0.0 0.0 0.0 0.0 0.0 0.0 0.0 0.0 0.0 0.0 0.0 0.0 0.0 0.0 0.0 0.0 0.0 0.0 0.0 0.0 0.0 0.0 0.0 0.0 0.0 
67.33812713623047 153.52279663085938 -74.72611999511719 -179.60145568847656 112.07830810546875 141.80572509765625 175.11383056640625 411.54461669921875 -99.7151870727539 -152.63816833496094 113.40380859375 -58.45333480834961 -165.669921875 -93.00205993652344 -118.62279510498047 -161.21115112304688 78.85205078125 -184.92019653320312 -88.05210876464844 122.95321655273438 output 6 4 3 1 10 7 8 5 2 9 indices 2 -1 3 4 -1 1 3 4 2 1 -1 4 -1 3 1 2 2 1 3 4 2 1 3 4 2 1 3 4 2 1 3 4 2 1 3 4 2 1 3 4 value 0.0 0.0 0.0 0.0 0.0 0.0 0.0 0.0 0.0 0.0 0.0 0.0 10.0 0.0 0.0 0.0 0.0 0.0 0.0 0.0 0.0 0.0 0.0 0.0 0.0 0.0 0.0 0.0 0.0 0.0 0.0 0.0 0.0 0.0 0.0 0.0 0.0 0.0 0.0 0.0 
84.923583984375 -198.71067810058594 -170.7167510986328 -232.68359375 86.94766998291016 178.19345092773438 94.49080657958984 -199.31289672851562 -116.77919006347656 137.05245971679688 37.9506721496582 196.3860321044922 -24.6656436920166 189.674560546875 115.85166931152344 -259.83642578125 70.18017578125 10.775277137756348 -178.18299865722656 178.46180725097656 output 4 1 2 10 5 7 6 3 9 8 indices 2 -1 3 4 -1 1 3 4 2 1 -1 4 2 1 3 -1 2 1 3 4 -1 3 1 2 2 1 3 4 2 1 3 4 2 1 3 4 2 1 3 4 value 0.0 0.0 0.0 0.0 0.0 0.0 0.0 0.0 0.0 0.0 0.0 0.0 0.0 0.0 0.0 0.0 0.0 0.0 0.0 0.0 10.0 0.0 0.0 0.0 0.0 0.0 0.0 0.0 0.0 0.0 0.0 0.0 0.0 0.0 0.0 0.0 0.0 0.0 0.0 0.0 
-6.744647026062012 -60.46279525756836 -75.99163055419922 385.1922912597656 154.40274047851562 -68.69988250732422 70.9216537475586 -117.3176498413086 -55.93015670776367 73.30860137939453 145.5630645751953 118.7564926147461 -62.65285110473633 -245.54049682617188 -98.47086334228516 -234.322509765625 -134.26368713378906 -31.840646743774414 63.16637420654297 180.92660522460938 output 1 8 7 2 9 5 10 6 3 4 indices 2 -1 3 4 -1 4 1 3 2 1 -1 4 2 1 3 -1 2 1 3 4 2 1 3 4 2 1 3 4 2 1 3 4 2 1 3 4 2 1 3 4 value 0.0 0.0 0.0 0.0 10.0 0.0 0.0 0.0 0.0 0.0 0.0 0.0 0.0 0.0 0.0 0.0 0.0 0.0 0.0 0.0 0.0 0.0 0.0 0.0 0.0 0.0 0.0 0.0 0.0 0.0 0.0 0.0 0.0 0.0 0.0 0.0 0.0 0.0 0.0 0.0 
-71.80230712890625 -31.698869705200195 45.713768005371094 -249.947021484375 52.39396286010742 -47.452674865722656 104.3319091796875 -244.6553192138672 114.79785919189453 28.84665298461914 -178.78921508789062 119.87326049804688 -7.653477668762207 217.45359802246094 -16.061105728149414 -133.16554260253906 -7.690702438354492 184.02064514160156 -35.240684509277344 156.72525024414062 output 1 6 10 9 7 5 3 4 2 8 indices 2 -1 3 4 -1 1 3 4 2 1 -1 4 2 1 3 -1 2 1 3 4 2 1 3 4 -1 3 1 2 2 1 3 4 2 1 3 4 2 1 3 4 value 0.0 0.0 0.0 0.0 0.0 0.0 0.0 0.0 0.0 0.0 0.0 0.0 0.0 0.0 0.0 0.0 0.0 0.0 0.0 0.0 0.0 0.0 0.0 0.0 10.0 0.0 0.0 0.0 0.0 0.0 0.0 0.0 0.0 0.0 0.0 0.0 0.0 0.0 0.0 0.0 
126.99034881591797 -346.76617431640625 -44.7017936706543 302.7231140136719 50.9036865234375 338.7335205078125 -79.97052764892578 20.000764846801758 59.22710418701172 1.4938173294067383 -118.9211196899414 -293.26776123046875 -49.38156509399414 252.99148559570312 41.098304748535156 74.85567474365234 -73.10265350341797 -39.25580596923828 87.85821533203125 -311.5086364746094 output 6 7 2 3 10 1 5 8 4 9 indices 2 -1 3 4 -1 1 3 4 -1 4 1 2 2 1 3 -1 2 1 3 4 2 1 3 4 2 1 3 4 2 1 3 4 2 1 3 4 2 1 3 4 value 0.0 0.0 0.0 0.0 0.0 0.0 0.0 0.0 10.0 0.0 0.0 0.0 0.0 0.0 0.0 0.0 0.0 0.0 0.0 0.0 0.0 0.0 0.0 0.0 0.0 0.0 0.0 0.0 0.0 0.0 0.0 0.0 0.0 0.0 0.0 0.0 0.0 0.0 0.0 0.0 
26.927879333496094 -175.51365661621094 -76.60678100585938 317.2724914550781 53.35285186767578 -148.50010681152344 -128.35714721679688 21.49989891052246 117.5038070678711 -270.3287353515625 60.94215774536133 -278.1764831542969 -75.70082092285156 178.95986938476562 166.00120544433594 292.43499755859375 -41.997650146484375 -16.56735610961914 -102.06550598144531 78.9190673828125 output 1 3 8 5 6 2 7 10 4 9 indices 2 -1 3 4 -1 1 3 4 2 1 -1 4 2 1 3 -1 2 1 3 4 2 1 3 4 2 1 3 4 -1 3 1 2 2 1 3 4 2 1 3 4 value 0.0 0.0 0.0 0.0 0.0 0.0 0.0 0.0 0.0 0.0 0.0 0.0 0.0 0.0 0.0 0.0 0.0 0.0 0.0 0.0 0.0 0.0 0.0 0.0 0.0 0.0 0.0 0.0 10.0 0.0 0.0 0.0 0.0 0.0 0.0 0.0 0.0 0.0 0.0 0.0 
-7.4097747802734375 -17.39388084411621 -68.5633316040039 -379.9573974609375 135.1485137939453 -232.8889923095703 -141.51815795898438 -65.95437622070312 12.088918685913086 -8.957942962646484 101.7974853515625 -203.49794006347656 -80.61432647705078 233.39712524414062 38.55177688598633 193.6292266845703 -98.07987213134766 230.65049743652344 108.59876251220703 250.97369384765625 output 4 1 5 6 3 10 8 7 9 2 indices 2 -1 3 4 -1 1 3 4 2 1 -1 4 2 1 3 -1 2 1 3 4 2 1 3 4 2 1 3 4 2 1 3 4 2 1 3 4 -1 3 1 2 value 0.0 0.0 0.0 0.0 0.0 0.0 0.0 0.0 0.0 0.0 0.0 0.0 0.0 0.0 0.0 0.0 0.0 0.0 0.0 0.0 0.0 0.0 0.0 0.0 0.0 0.0 0.0 0.0 0.0 0.0 0.0 0.0 0.0 0.0 0.0 0.0 10.0 0.0 0.0 0.0 
32.41280746459961 -57.977787017822266 43.0191650390625 59.355682373046875 132.76658630371094 174.66917419433594 89.12031555175781 -205.6829071044922 10.029584884643555 49.96734619140625 -170.83331298828125 4.938358783721924 -44.65284729003906 186.96563720703125 -192.16261291503906 290.5663146972656 75.58998107910156 -183.5829315185547 24.710317611694336 -319.2188720703125 output 1 9 4 10 3 2 5 7 8 6 indices 2 -1 3 4 -1 1 3 4 2 1 -1 4 2 1 3 -1 2 1 3 4 2 1 3 4 2 1 3 4 -1 3 1 2 2 1 3 4 2 1 3 4 value 0.0 0.0 0.0 0.0 0.0 0.0 0.0 0.0 0.0 0.0 0.0 0.0 0.0 0.0 0.0 0.0 0.0 0.0 0.0 0.0 0.0 0.0 0.0 0.0 0.0 0.0 0.0 0.0 10.0 0.0 0.0 0.0 0.0 0.0 0.0 0.0 0.0 0.0 0.0 0.0 
32.654441833496094 -73.646484375 30.2557373046875 306.23114013671875 -83.86503601074219 -21.017127990722656 -12.240459442138672 -114.56590270996094 160.7958526611328 -83.09765625 -21.516353607177734 -190.0986785888672 -126.28802490234375 -99.06356048583984 203.22149658203125 -4.521461009979248 -101.17998504638672 54.67836380004883 -81.83766174316406 225.10137939453125 output 1 4 6 7 3 9 10 2 8 5 indices 2 -1 3 4 -1 4 1 3 2 1 -1 4 2 1 3 -1 2 1 3 4 2 1 3 4 2 1 3 4 2 1 3 4 2 1 3 4 2 1 3 4 value 0.0 0.0 0.0 0.0 10.0 0.0 0.0 0.0 0.0 0.0 0.0 0.0 0.0 0.0 0.0 0.0 0.0 0.0 0.0 0.0 0.0 0.0 0.0 0.0 0.0 0.0 0.0 0.0 0.0 0.0 0.0 0.0 0.0 0.0 0.0 0.0 0.0 0.0 0.0 0.0 
43.199302673339844 63.51057434082031 -32.5036735534668 -66.62911987304688 -14.604406356811523 61.27485275268555 -93.07976531982422 -334.7723083496094 74.7785873413086 -297.6384582519531 -80.43402862548828 -192.3902130126953 -50.86579895019531 177.73919677734375 151.6092529296875 128.34559631347656 -156.06698608398438 150.3238983154297 157.96751403808594 310.2359924316406 output 4 6 2 9 7 3 1 8 10 5 indices 2 -1 3 4 -1 1 3 4 2 1 -1 4 2 1 3 -1 2 1 3 4 2 1 3 4 2 1 3 4 2 1 3 4 2 1 3 4 -1 3 1 2 value 0.0 0.0 0.0 0.0 0.0 0.0 0.0 0.0 0.0 0.0 0.0 0.0 0.0 0.0 0.0 0.0 0.0 0.0 0.0 0.0 0.0 0.0 0.0 0.0 0.0 0.0 0.0 0.0 0.0 0.0 0.0 0.0 0.0 0.0 0.0 0.0 10.0 0.0 0.0 0.0 
124.90927124023438 14.884305000305176 137.58111572265625 -317.14361572265625 -190.09593200683594 100.19933319091797 -83.41716766357422 352.677001953125 30.943065643310547 357.1385803222656 -51.488182067871094 -314.4288024902344 57.89223098754883 225.27532958984375 -66.95733642578125 -242.64361572265625 -47.77898025512695 -84.1605453491211 88.41191101074219 -91.79795837402344 output 1 10 9 3 8 6 4 5 7 2 indices 2 -1 3 4 -1 1 3 4 2 1 -1 4 2 1 3 -1 -1 3 1 2 2 1 3 4 2 1 3 4 2 1 3 4 2 1 3 4 2 1 3 4 value 0.0 0.0 0.0 0.0 0.0 0.0 0.0 0.0 0.0 0.0 0.0 0.0 0.0 0.0 0.0 0.0 10.0 0.0 0.0 0.0 0.0 0.0 0.0 0.0 0.0 0.0 0.0 0.0 0.0 0.0 0.0 0.0 0.0 0.0 0.0 0.0 0.0 0.0 0.0 0.0 
-244.62274169921875 -102.5318603515625 -61.82054901123047 -284.2809143066406 81.41227722167969 196.68914794921875 109.8971176147461 -51.01137161254883 -103.19400024414062 141.0238800048828 85.2997817993164 196.98814392089844 108.2496109008789 -101.31815338134766 76.71446228027344 -199.09918212890625 -128.54884338378906 -128.8350372314453 76.61289978027344 332.3753356933594 output 3 6 10 4 7 8 2 9 1 5 indices 2 -1 3 4 -1 1 3 4 2 1 -1 4 2 1 3 -1 2 1 3 4 2 1 3 4 2 1 3 4 2 1 3 4 2 1 3 4 -1 3 1 2 value 0.0 0.0 0.0 0.0 0.0 0.0 0.0 0.0 0.0 0.0 0.0 0.0 0.0 0.0 0.0 0.0 0.0 0.0 0.0 0.0 0.0 0.0 0.0 0.0 0.0 0.0 0.0 0.0 0.0 0.0 0.0 0.0 0.0 0.0 0.0 0.0 10.0 0.0 0.0 0.0 
23.079586029052734 -102.76136016845703 139.26443481445312 211.47772216796875 -118.49879455566406 -252.5850372314453 -27.033479690551758 -236.42408752441406 24.335006713867188 251.75831604003906 -21.036808013916016 17.896963119506836 52.94778060913086 -213.84144592285156 -125.27810668945312 215.80618286132812 158.57122802734375 -122.22460174560547 -106.35086059570312 230.89735412597656 output 1 7 4 3 8 10 5 2 9 6 indices 2 -1 3 4 -1 1 3 4 2 1 -1 4 2 1 3 -1 -1 3 1 2 2 1 3 4 2 1 3 4 2 1 3 4 2 1 3 4 2 1 3 4 value 0.0 0.0 0.0 0.0 0.0 0.0 0.0 0.0 0.0 0.0 0.0 0.0 0.0 0.0 0.0 0.0 10.0 0.0 0.0 0.0 0.0 0.0 0.0 0.0 0.0 0.0 0.0 0.0 0.0 0.0 0.0 0.0 0.0 0.0 0.0 0.0 0.0 0.0 0.0 0.0 
59.33123016357422 -229.72547912597656 91.1616439819336 145.51768493652344 49.17560577392578 -187.2451171875 -52.20059585571289 21.546449661254883 -17.743959426879883 48.874061584472656 -49.64112091064453 199.51278686523438 -24.58719253540039 -332.2203369140625 -16.11101722717285 131.35491943359375 38.20686721801758 70.054931640625 -77.59146118164062 132.33009338378906 output 5 4 3 1 7 6 10 8 2 9 indices 2 -1 3 4 -1 1 3 4 2 1 -1 4 2 1 3 -1 2 1 3 4 -1 3 1 2 2 1 3 4 2 1 3 4 2 1 3 4 2 1 3 4 value 0.0 0.0 0.0 0.0 0.0 0.0 0.0 0.0 0.0 0.0 0.0 0.0 0.0 0.0 0.0 0.0 0.0 0.0 0.0 0.0 10.0 0.0 0.0 0.0 0.0 0.0 0.0 0.0 0.0 0.0 0.0 0.0 0.0 0.0 0.0 0.0 0.0 0.0 0.0 0.0 
-81.10977172851562 212.40655517578125 93.30038452148438 169.7904052734375 -75.11808776855469 146.8722381591797 43.67274856567383 -76.82893371582031 -61.52769470214844 -105.54704284667969 147.85736083984375 164.74525451660156 -110.3675308227539 -162.27008056640625 20.226102828979492 218.3480682373047 -39.40703201293945 -169.7386016845703 62.47351837158203 -397.7778625488281 output 3 1 10 8 2 6 4 9 5 7 indices 2 -1 3 4 -1 1 3 4 2 1 -1 4 2 1 3 -1 2 1 3 4 2 1 3 4 2 1 3 4 -1 3 1 2 2 1 3 4 2 1 3 4 value 0.0 0.0 0.0 0.0 0.0 0.0 0.0 0.0 0.0 0.0 0.0 0.0 0.0 0.0 0.0 0.0 0.0 0.0 0.0 0.0 0.0 0.0 0.0 0.0 0.0 0.0 0.0 0.0 10.0 0.0 0.0 0.0 0.0 0.0 0.0 0.0 0.0 0.0 0.0 0.0 
99.98663330078125 264.7158508300781 -25.863779067993164 172.6071319580078 -86.68844604492188 -328.9483337402344 -80.63806915283203 -8.555401802062988 -7.475749969482422 167.55258178710938 84.91351318359375 -69.38128662109375 119.90573120117188 -435.5880126953125 -125.03948974609375 211.28135681152344 -25.190784454345703 -68.7334976196289 46.09044647216797 95.04959106445312 output 6 9 4 3 8 2 5 10 1 7 indices -1 4 2 3 -1 1 3 4 2 1 -1 4 2 1 3 -1 2 1 3 4 2 1 3 4 2 1 3 4 2 1 3 4 2 1 3 4 2 1 3 4 value 10.0 0.0 0.0 0.0 0.0 0.0 0.0 0.0 0.0 0.0 0.0 0.0 0.0 0.0 0.0 0.0 0.0 0.0 0.0 0.0 0.0 0.0 0.0 0.0 0.0 0.0 0.0 0.0 0.0 0.0 0.0 0.0 0.0 0.0 0.0 0.0 0.0 0.0 0.0 0.0 
15.155976295471191 101.32569122314453 -139.2121124267578 -6.688912868499756 -140.56198120117188 308.42645263671875 -128.4259796142578 -264.9947204589844 157.6564178466797 156.39451599121094 -38.00307083129883 -21.473024368286133 136.74562072753906 -195.97808837890625 -35.32843780517578 271.1193542480469 58.67662811279297 -7.145322322845459 113.29694366455078 -340.9859313964844 output 6 2 4 3 8 10 7 5 1 9 indices 2 -1 3 4 -1 1 3 4 -1 4 1 2 2 1 3 -1 2 1 3 4 2 1 3 4 2 1 3 4 2 1 3 4 2 1 3 4 2 1 3 4 value 0.0 0.0 0.0 0.0 0.0 0.0 0.0 0.0 10.0 0.0 0.0 0.0 0.0 0.0 0.0 0.0 0.0 0.0 0.0 0.0 0.0 0.0 0.0 0.0 0.0 0.0 0.0 0.0 0.0 0.0 0.0 0.0 0.0 0.0 0.0 0.0 0.0 0.0 0.0 0.0 
99.12501525878906 -27.632165908813477 -85.50789642333984 26.90071678161621 132.2943572998047 -63.72785186767578 65.6045150756836 -58.865386962890625 -54.9476203918457 -83.87738037109375 16.188007354736328 82.94358825683594 -159.10391235351562 -176.1849365234375 12.45754337310791 229.6416015625 -129.6911163330078 192.77052307128906 103.58111572265625 -121.96870422363281 output 1 6 8 9 7 2 5 4 10 3 indices 2 -1 3 4 -1 1 3 4 2 1 -1 4 2 1 3 -1 2 1 3 4 2 1 3 4 2 1 3 4 -1 3 1 2 2 1 3 4 2 1 3 4 value 0.0 0.0 0.0 0.0 0.0 0.0 0.0 0.0 0.0 0.0 0.0 0.0 0.0 0.0 0.0 0.0 0.0 0.0 0.0 0.0 0.0 0.0 0.0 0.0 0.0 0.0 0.0 0.0 10.0 0.0 0.0 0.0 0.0 0.0 0.0 0.0 0.0 0.0 0.0 0.0 
41.654483795166016 472.34326171875 -100.0898666381836 -222.69796752929688 -55.612247467041016 -192.51144409179688 154.17091369628906 -23.559410095214844 166.54928588867188 2.442220449447632 -100.1027603149414 -229.6694793701172 -113.537109375 68.66034698486328 -45.241790771484375 50.472312927246094 -21.24146842956543 148.60809326171875 73.45055389404297 -74.08793640136719 output 10 4 5 9 8 7 6 2 3 1 indices -1 4 2 3 -1 1 3 4 2 1 -1 4 2 1 3 -1 2 1 3 4 2 1 3 4 2 1 3 4 2 1 3 4 2 1 3 4 2 1 3 4 value 10.0 0.0 0.0 0.0 0.0 0.0 0.0 0.0 0.0 0.0 0.0 0.0 0.0 0.0 0.0 0.0 0.0 0.0 0.0 0.0 0.0 0.0 0.0 0.0 0.0 0.0 0.0 0.0 0.0 0.0 0.0 0.0 0.0 0.0 0.0 0.0 0.0 0.0 0.0 0.0 
-83.83738708496094 -151.7684783935547 75.25495910644531 -241.19479370117188 110.98209381103516 272.2203063964844 -18.83140754699707 102.92141723632812 72.41089630126953 209.75450134277344 5.4328813552856445 9.040637969970703 1.8161450624465942 -144.53750610351562 -107.36515808105469 81.01862335205078 19.90102767944336 119.16468811035156 -75.76405334472656 -256.619384765625 output 1 10 2 3 5 9 4 8 6 7 indices 2 -1 3 4 -1 1 3 4 -1 4 1 2 2 1 3 -1 2 1 3 4 2 1 3 4 2 1 3 4 2 1 3 4 2 1 3 4 2 1 3 4 value 0.0 0.0 0.0 0.0 0.0 0.0 0.0 0.0 10.0 0.0 0.0 0.0 0.0 0.0 0.0 0.0 0.0 0.0 0.0 0.0 0.0 0.0 0.0 0.0 0.0 0.0 0.0 0.0 0.0 0.0 0.0 0.0 0.0 0.0 0.0 0.0 0.0 0.0 0.0 0.0 
-156.27249145507812 288.0738220214844 -74.2308120727539 -271.64178466796875 95.2470932006836 -245.63450622558594 -13.902408599853516 28.093320846557617 158.92071533203125 -229.6364288330078 -71.59852600097656 -78.42543029785156 -35.71831512451172 366.3360900878906 -138.6466827392578 206.23756408691406 176.59197998046875 162.3511199951172 59.60945129394531 -225.75376892089844 output 2 7 10 3 5 9 4 6 8 1 indices 2 -1 3 4 -1 1 3 4 2 1 -1 4 2 1 3 -1 2 1 3 4 2 1 3 4 -1 3 1 2 2 1 3 4 2 1 3 4 2 1 3 4 value 0.0 0.0 0.0 0.0 0.0 0.0 0.0 0.0 0.0 0.0 0.0 0.0 0.0 0.0 0.0 0.0 0.0 0.0 0.0 0.0 0.0 0.0 0.0 0.0 10.0 0.0 0.0 0.0 0.0 0.0 0.0 0.0 0.0 0.0 0.0 0.0 0.0 0.0 0.0 0.0 
89.6912841796875 256.61297607421875 -142.28778076171875 -198.60733032226562 -61.42793273925781 254.77561950683594 2.9680776596069336 92.7015151977539 39.70713806152344 -70.98281860351562 -124.119384765625 -127.97061157226562 -61.381629943847656 -6.463810443878174 111.23377990722656 60.627052307128906 159.69921875 -296.30316162109375 -14.082775115966797 35.610565185546875 output 10 4 8 9 1 3 2 6 7 5 indices -1 4 2 3 -1 1 3 4 2 1 -1 4 2 1 3 -1 2 1 3 4 2 1 3 4 2 1 3 4 2 1 3 4 2 1 3 4 2 1 3 4 value 10.0 0.0 0.0 0.0 0.0 0.0 0.0 0.0 0.0 0.0 0.0 0.0 0.0 0.0 0.0 0.0 0.0 0.0 0.0 0.0 0.0 0.0 0.0 0.0 0.0 0.0 0.0 0.0 0.0 0.0 0.0 0.0 0.0 0.0 0.0 0.0 0.0 0.0 0.0 0.0 
-49.70586395263672 -275.894287109375 -1.2600634098052979 -15.56264591217041 136.6728515625 -22.245040893554688 24.120986938476562 112.9635009765625 -48.75778579711914 195.36697387695312 57.680667877197266 107.09790802001953 -103.13203430175781 151.84185791015625 41.39021682739258 40.31888198852539 25.467187881469727 -178.9456024169922 -82.47616577148438 -114.94154357910156 output 9 1 10 7 5 4 6 8 2 3 indices 2 -1 3 4 -1 1 3 4 2 1 -1 4 2 1 3 -1 -1 3 1 2 2 1 3 4 2 1 3 4 2 1 3 4 2 1 3 4 2 1 3 4 value 0.0 0.0 0.0 0.0 0.0 0.0 0.0 0.0 0.0 0.0 0.0 0.0 0.0 0.0 0.0 0.0 10.0 0.0 0.0 0.0 0.0 0.0 0.0 0.0 0.0 0.0 0.0 0.0 0.0 0.0 0.0 0.0 0.0 0.0 0.0 0.0 0.0 0.0 0.0 0.0 
-150.8978271484375 -75.9010238647461 131.79876708984375 -126.83475494384766 -31.322265625 136.3571319580078 -137.06883239746094 122.91490173339844 71.08545684814453 265.67333984375 -69.08361053466797 -265.7339782714844 -49.17697525024414 142.20655822753906 47.50434875488281 -342.7662353515625 71.49315643310547 -155.94125366210938 115.66777801513672 300.02532958984375 output 1 6 8 9 2 10 5 3 7 4 indices 2 -1 3 4 -1 1 3 4 2 1 -1 4 2 1 3 -1 2 1 3 4 2 1 3 4 2 1 3 4 2 1 3 4 2 1 3 4 -1 3 1 2 value 0.0 0.0 0.0 0.0 0.0 0.0 0.0 0.0 0.0 0.0 0.0 0.0 0.0 0.0 0.0 0.0 0.0 0.0 0.0 0.0 0.0 0.0 0.0 0.0 0.0 0.0 0.0 0.0 0.0 0.0 0.0 0.0 0.0 0.0 0.0 0.0 10.0 0.0 0.0 0.0 
-58.550506591796875 -372.5635070800781 88.31608581542969 266.835693359375 69.08267974853516 94.80371856689453 104.8548583984375 277.7445983886719 -123.57937622070312 37.31761169433594 -109.89326477050781 -269.0814208984375 -82.47212982177734 96.88755798339844 46.196556091308594 -68.14372253417969 37.39495849609375 104.64630126953125 28.650136947631836 -168.4468231201172 output 1 6 5 7 9 3 8 10 4 2 indices 2 -1 3 4 -1 1 3 4 2 1 -1 4 -1 3 1 2 2 1 3 4 2 1 3 4 2 1 3 4 2 1 3 4 2 1 3 4 2 1 3 4 value 0.0 0.0 0.0 0.0 0.0 0.0 0.0 0.0 0.0 0.0 0.0 0.0 10.0 0.0 0.0 0.0 0.0 0.0 0.0 0.0 0.0 0.0 0.0 0.0 0.0 0.0 0.0 0.0 0.0 0.0 0.0 0.0 0.0 0.0 0.0 0.0 0.0 0.0 0.0 0.0 
-99.42538452148438 183.0724334716797 28.07067108154297 -86.83335876464844 -10.544626235961914 -69.40055084228516 103.10755157470703 200.82095336914062 -43.61137390136719 -42.22917556762695 -121.89439392089844 -156.40435791015625 21.89303207397461 9.278159141540527 -79.87425994873047 159.82916259765625 111.96268463134766 -159.3454132080078 90.31610107421875 -38.787841796875 output 1 8 4 7 10 9 2 3 5 6 indices 2 -1 3 4 -1 1 3 4 2 1 -1 4 -1 3 1 2 2 1 3 4 2 1 3 4 2 1 3 4 2 1 3 4 2 1 3 4 2 1 3 4 value 0.0 0.0 0.0 0.0 0.0 0.0 0.0 0.0 0.0 0.0 0.0 0.0 10.0 0.0 0.0 0.0 0.0 0.0 0.0 0.0 0.0 0.0 0.0 0.0 0.0 0.0 0.0 0.0 0.0 0.0 0.0 0.0 0.0 0.0 0.0 0.0 0.0 0.0 0.0 0.0 
16.172935485839844 -200.93556213378906 38.16303253173828 -65.22319030761719 -89.40349578857422 241.91371154785156 -89.51348876953125 -187.6075439453125 44.00542068481445 136.9142608642578 47.38676071166992 113.97634887695312 176.06747436523438 356.1864013671875 -34.13286590576172 -267.2425537109375 -45.91826629638672 163.9999237060547 -62.82750701904297 -291.9818420410156 output 3 4 10 8 1 2 7 6 5 9 indices 2 -1 3 4 -1 1 3 4 2 1 -1 4 2 1 3 -1 2 1 3 4 2 1 3 4 -1 3 1 2 2 1 3 4 2 1 3 4 2 1 3 4 value 0.0 0.0 0.0 0.0 0.0 0.0 0.0 0.0 0.0 0.0 0.0 0.0 0.0 0.0 0.0 0.0 0.0 0.0 0.0 0.0 0.0 0.0 0.0 0.0 10.0 0.0 0.0 0.0 0.0 0.0 0.0 0.0 0.0 0.0 0.0 0.0 0.0 0.0 0.0 0.0 
-95.14913177490234 442.35162353515625 -71.3355941772461 -100.48844909667969 95.82075500488281 370.0095520019531 73.07365417480469 -223.9269561767578 90.7114028930664 141.34762573242188 -109.24942779541016 -56.95229721069336 116.70491790771484 -10.943078994750977 162.78636169433594 -246.07325744628906 -139.3227996826172 -243.36871337890625 -124.04014587402344 -71.95606231689453 output 1 9 10 6 2 7 5 8 3 4 indices -1 4 2 3 -1 1 3 4 2 1 -1 4 2 1 3 -1 2 1 3 4 2 1 3 4 2 1 3 4 2 1 3 4 2 1 3 4 2 1 3 4 value 10.0 0.0 0.0 0.0 0.0 0.0 0.0 0.0 0.0 0.0 0.0 0.0 0.0 0.0 0.0 0.0 0.0 0.0 0.0 0.0 0.0 0.0 0.0 0.0 0.0 0.0 0.0 0.0 0.0 0.0 0.0 0.0 0.0 0.0 0.0 0.0 0.0 0.0 0.0 0.0 
89.92786407470703 -50.8591423034668 83.72016143798828 0.3571825623512268 32.516517639160156 243.56724548339844 23.974538803100586 256.0893249511719 -29.103351593017578 -238.99957275390625 -64.56842041015625 -190.2958984375 1.4546337127685547 -22.768037796020508 89.1939468383789 -87.65258026123047 -181.2017364501953 -182.50559997558594 -45.914161682128906 273.0670471191406 output 8 1 2 3 4 10 9 5 6 7 indices 2 -1 3 4 -1 1 3 4 2 1 -1 4 2 1 3 -1 2 1 3 4 2 1 3 4 2 1 3 4 2 1 3 4 2 1 3 4 -1 3 1 2 value 0.0 0.0 0.0 0.0 0.0 0.0 0.0 0.0 0.0 0.0 0.0 0.0 0.0 0.0 0.0 0.0 0.0 0.0 0.0 0.0 0.0 0.0 0.0 0.0 0.0 0.0 0.0 0.0 0.0 0.0 0.0 0.0 0.0 0.0 0.0 0.0 10.0 0.0 0.0 0.0 
36.144351959228516 -174.22569274902344 63.55473709106445 30.14425277709961 -183.13194274902344 -86.82342529296875 77.44752502441406 -329.1391906738281 75.50433349609375 293.2528076171875 -79.62796020507812 -114.71054077148438 110.65367889404297 354.39373779296875 9.528863906860352 305.20587158203125 -37.3178596496582 -155.5373992919922 -72.75572204589844 -122.56043243408203 output 1 9 10 6 3 8 5 4 7 2 indices 2 -1 3 4 -1 1 3 4 2 1 -1 4 2 1 3 -1 2 1 3 4 2 1 3 4 -1 3 1 2 2 1 3 4 2 1 3 4 2 1 3 4 value 0.0 0.0 0.0 0.0 0.0 0.0 0.0 0.0 0.0 0.0 0.0 0.0 0.0 0.0 0.0 0.0 0.0 0.0 0.0 0.0 0.0 0.0 0.0 0.0 10.0 0.0 0.0 0.0 0.0 0.0 0.0 0.0 0.0 0.0 0.0 0.0 0.0 0.0 0.0 0.0 
125.52965545654297 127.23597717285156 137.79331970214844 49.487430572509766 120.99097442626953 -117.12217712402344 -201.8186798095703 90.38158416748047 94.6652603149414 -4.983062267303467 111.40797424316406 46.487483978271484 -211.16510009765625 2.4888412952423096 -92.71743774414062 -26.69049644470215 -151.9284210205078 2.2710936069488525 67.24246215820312 -169.55667114257812 output 5 6 1 2 3 10 7 4 9 8 indices -1 4 2 3 -1 1 3 4 2 1 -1 4 2 1 3 -1 2 1 3 4 2 1 3 4 2 1 3 4 2 1 3 4 2 1 3 4 2 1 3 4 value 10.0 0.0 0.0 0.0 0.0 0.0 0.0 0.0 0.0 0.0 0.0 0.0 0.0 0.0 0.0 0.0 0.0 0.0 0.0 0.0 0.0 0.0 0.0 0.0 0.0 0.0 0.0 0.0 0.0 0.0 0.0 0.0 0.0 0.0 0.0 0.0 0.0 0.0 0.0 0.0 
-56.33793258666992 -104.33197784423828 106.17162322998047 -128.19284057617188 -102.4529800415039 -209.205322265625 -48.15763473510742 123.26768493652344 -121.42832946777344 85.50698852539062 167.861328125 67.85887908935547 -74.02667999267578 -278.3615417480469 62.518333435058594 30.29932975769043 166.06817626953125 215.91073608398438 -100.21589660644531 197.2480926513672 output 7 3 5 10 4 8 6 9 2 1 indices 2 -1 3 4 -1 1 3 4 2 1 -1 4 2 1 3 -1 2 1 3 4 2 1 3 4 2 1 3 4 2 1 3 4 -1 3 1 2 2 1 3 4 value 0.0 0.0 0.0 0.0 0.0 0.0 0.0 0.0 0.0 0.0 0.0 0.0 0.0 0.0 0.0 0.0 0.0 0.0 0.0 0.0 0.0 0.0 0.0 0.0 0.0 0.0 0.0 0.0 0.0 0.0 0.0 0.0 10.0 0.0 0.0 0.0 0.0 0.0 0.0 0.0 
52.153770446777344 236.6832275390625 173.2867889404297 359.0781555175781 -67.38212585449219 -12.329648971557617 -12.257060050964355 -289.4788818359375 71.10981750488281 -192.6587371826172 -55.9348030090332 -294.78009033203125 -76.56078338623047 -103.26358795166016 -94.67852020263672 -205.7035369873047 17.08538818359375 83.11280059814453 -6.822475910186768 419.3403015136719 output 8 7 3 9 1 2 5 4 10 6 indices 2 -1 3 4 -1 1 3 4 2 1 -1 4 2 1 3 -1 2 1 3 4 2 1 3 4 2 1 3 4 2 1 3 4 2 1 3 4 -1 3 1 2 value 0.0 0.0 0.0 0.0 0.0 0.0 0.0 0.0 0.0 0.0 0.0 0.0 0.0 0.0 0.0 0.0 0.0 0.0 0.0 0.0 0.0 0.0 0.0 0.0 0.0 0.0 0.0 0.0 0.0 0.0 0.0 0.0 0.0 0.0 0.0 0.0 10.0 0.0 0.0 0.0 
21.763290405273438 -432.2041320800781 7.558034896850586 216.8048095703125 109.44927978515625 176.08038330078125 25.15806007385254 169.89810180664062 -20.38028907775879 29.40961265563965 20.373342514038086 21.915729522705078 93.7820053100586 47.055686950683594 -101.68812561035156 87.83869934082031 -159.27349853515625 -290.3428955078125 3.2579033374786377 -26.45600128173828 output 10 5 8 9 1 2 4 3 7 6 indices 2 -1 3 4 -1 4 1 3 2 1 -1 4 2 1 3 -1 2 1 3 4 2 1 3 4 2 1 3 4 2 1 3 4 2 1 3 4 2 1 3 4 value 0.0 0.0 0.0 0.0 10.0 0.0 0.0 0.0 0.0 0.0 0.0 0.0 0.0 0.0 0.0 0.0 0.0 0.0 0.0 0.0 0.0 0.0 0.0 0.0 0.0 0.0 0.0 0.0 0.0 0.0 0.0 0.0 0.0 0.0 0.0 0.0 0.0 0.0 0.0 0.0 
-61.79107666015625 113.12769317626953 75.38096618652344 -291.2283630371094 -123.84083557128906 18.802043914794922 99.233642578125 34.01105880737305 -149.2871551513672 56.2626953125 103.50485229492188 64.34854888916016 83.18199920654297 -148.69700622558594 -41.56398010253906 -19.66423988342285 -84.96771240234375 146.71620178222656 100.14930725097656 26.32136344909668 output 9 1 8 6 4 10 7 2 5 3 indices 2 -1 3 4 -1 1 3 4 2 1 -1 4 2 1 3 -1 2 1 3 4 2 1 3 4 2 1 3 4 2 1 3 4 -1 3 1 2 2 1 3 4 value 0.0 0.0 0.0 0.0 0.0 0.0 0.0 0.0 0.0 0.0 0.0 0.0 0.0 0.0 0.0 0.0 0.0 0.0 0.0 0.0 0.0 0.0 0.0 0.0 0.0 0.0 0.0 0.0 0.0 0.0 0.0 0.0 10.0 0.0 0.0 0.0 0.0 0.0 0.0 0.0 
-32.260963439941406 -231.53436279296875 -3.8601796627044678 -321.8995666503906 77.44979095458984 152.2920684814453 -127.74810791015625 -328.0424499511719 16.180158615112305 -349.85369873046875 -20.853185653686523 221.67196655273438 128.9066619873047 123.6683349609375 79.35223388671875 214.540771484375 53.78248977661133 297.0015869140625 -170.9488983154297 222.15533447265625 output 6 3 7 8 9 5 2 1 4 10 indices 2 -1 3 4 -1 1 3 4 2 1 -1 4 2 1 3 -1 2 1 3 4 2 1 3 4 2 1 3 4 2 1 3 4 -1 3 1 2 2 1 3 4 value 0.0 0.0 0.0 0.0 0.0 0.0 0.0 0.0 0.0 0.0 0.0 0.0 0.0 0.0 0.0 0.0 0.0 0.0 0.0 0.0 0.0 0.0 0.0 0.0 0.0 0.0 0.0 0.0 0.0 0.0 0.0 0.0 10.0 0.0 0.0 0.0 0.0 0.0 0.0 0.0 
82.42996978759766 131.87669372558594 -36.63846206665039 181.3383026123047 71.6178970336914 5.938763618469238 0.6405714154243469 -80.69799041748047 6.356897354125977 -70.49649047851562 29.071067810058594 25.548303604125977 -159.49671936035156 157.0172119140625 130.93528747558594 -70.97372436523438 -132.24526977539062 -201.4991455078125 7.328762054443359 -78.05192565917969 output 1 8 3 6 5 10 4 9 7 2 indices 2 -1 3 4 -1 4 1 3 2 1 -1 4 2 1 3 -1 2 1 3 4 2 1 3 4 2 1 3 4 2 1 3 4 2 1 3 4 2 1 3 4 value 0.0 0.0 0.0 0.0 10.0 0.0 0.0 0.0 0.0 0.0 0.0 0.0 0.0 0.0 0.0 0.0 0.0 0.0 0.0 0.0 0.0 0.0 0.0 0.0 0.0 0.0 0.0 0.0 0.0 0.0 0.0 0.0 0.0 0.0 0.0 0.0 0.0 0.0 0.0 0.0 
30.44847297668457 25.404321670532227 128.81500244140625 159.78489685058594 130.7853546142578 -52.39726638793945 -59.605716705322266 285.5530700683594 -173.88050842285156 116.18839263916016 -102.07464599609375 -364.8048095703125 -147.41281127929688 -209.34619140625 117.56166076660156 69.17525482177734 -20.189727783203125 -214.7361602783203 95.55293273925781 185.17849731445312 output 8 3 2 10 4 6 5 7 9 1 indices 2 -1 3 4 -1 1 3 4 2 1 -1 4 -1 3 1 2 2 1 3 4 2 1 3 4 2 1 3 4 2 1 3 4 2 1 3 4 2 1 3 4 value 0.0 0.0 0.0 0.0 0.0 0.0 0.0 0.0 0.0 0.0 0.0 0.0 10.0 0.0 0.0 0.0 0.0 0.0 0.0 0.0 0.0 0.0 0.0 0.0 0.0 0.0 0.0 0.0 0.0 0.0 0.0 0.0 0.0 0.0 0.0 0.0 0.0 0.0 0.0 0.0 
16.38262176513672 -125.98490142822266 51.61552047729492 -103.8589859008789 -54.113033294677734 254.81837463378906 85.44410705566406 -30.74781608581543 88.8960189819336 221.11947631835938 -128.34718322753906 267.2728576660156 104.94734191894531 -113.014892578125 -21.815282821655273 -117.32720947265625 92.7037124633789 -414.5990905761719 -235.7138214111328 162.32215881347656 output 6 3 5 9 7 4 2 1 8 10 indices 2 -1 3 4 -1 1 3 4 -1 4 1 2 2 1 3 -1 2 1 3 4 2 1 3 4 2 1 3 4 2 1 3 4 2 1 3 4 2 1 3 4 value 0.0 0.0 0.0 0.0 0.0 0.0 0.0 0.0 10.0 0.0 0.0 0.0 0.0 0.0 0.0 0.0 0.0 0.0 0.0 0.0 0.0 0.0 0.0 0.0 0.0 0.0 0.0 0.0 0.0 0.0 0.0 0.0 0.0 0.0 0.0 0.0 0.0 0.0 0.0 0.0 
-89.88626861572266 34.59013748168945 99.65090942382812 -145.28114318847656 55.712135314941406 361.9165954589844 -174.8790283203125 -248.46771240234375 -17.568450927734375 -224.04493713378906 100.87743377685547 16.993854522705078 -0.3530629873275757 270.7254333496094 -25.08133888244629 148.54391479492188 -80.72044372558594 -250.3857879638672 132.2481231689453 35.409637451171875 output 2 6 10 3 7 8 1 4 9 5 indices 2 -1 3 4 -1 1 3 4 -1 4 1 2 2 1 3 -1 2 1 3 4 2 1 3 4 2 1 3 4 2 1 3 4 2 1 3 4 2 1 3 4 value 0.0 0.0 0.0 0.0 0.0 0.0 0.0 0.0 10.0 0.0 0.0 0.0 0.0 0.0 0.0 0.0 0.0 0.0 0.0 0.0 0.0 0.0 0.0 0.0 0.0 0.0 0.0 0.0 0.0 0.0 0.0 0.0 0.0 0.0 0.0 0.0 0.0 0.0 0.0 0.0 
38.09228515625 -13.057901382446289 15.297746658325195 31.43553352355957 52.1689567565918 -10.960996627807617 60.728363037109375 181.08160400390625 -66.06871795654297 28.58662223815918 126.09913635253906 99.13408660888672 -135.76075744628906 -316.689697265625 60.50366973876953 115.2117919921875 15.268636703491211 -168.70559692382812 -166.32933044433594 53.964561462402344 output 1 9 7 10 5 2 8 4 6 3 indices 2 -1 3 4 -1 1 3 4 2 1 -1 4 -1 3 1 2 2 1 3 4 2 1 3 4 2 1 3 4 2 1 3 4 2 1 3 4 2 1 3 4 value 0.0 0.0 0.0 0.0 0.0 0.0 0.0 0.0 0.0 0.0 0.0 0.0 10.0 0.0 0.0 0.0 0.0 0.0 0.0 0.0 0.0 0.0 0.0 0.0 0.0 0.0 0.0 0.0 0.0 0.0 0.0 0.0 0.0 0.0 0.0 0.0 0.0 0.0 0.0 0.0 
172.13426208496094 -75.19657897949219 85.96232604980469 38.96996307373047 89.26951599121094 -93.78367614746094 -131.20751953125 -257.5672607421875 28.794498443603516 102.29090118408203 -137.6903076171875 73.01303100585938 17.99526023864746 -66.76315307617188 40.968299865722656 166.5877685546875 -145.061767578125 161.98036193847656 -21.16457748413086 -49.53134536743164 output 4 10 7 3 1 2 5 8 6 9 indices 2 -1 3 4 -1 1 3 4 2 1 -1 4 2 1 3 -1 2 1 3 4 2 1 3 4 2 1 3 4 -1 3 1 2 2 1 3 4 2 1 3 4 value 0.0 0.0 0.0 0.0 0.0 0.0 0.0 0.0 0.0 0.0 0.0 0.0 0.0 0.0 0.0 0.0 0.0 0.0 0.0 0.0 0.0 0.0 0.0 0.0 0.0 0.0 0.0 0.0 10.0 0.0 0.0 0.0 0.0 0.0 0.0 0.0 0.0 0.0 0.0 0.0 
-76.7231216430664 208.8053436279297 4.336443901062012 -14.91319465637207 118.35401153564453 155.8463134765625 -135.10308837890625 241.70079040527344 71.49161529541016 -138.03839111328125 75.52201843261719 -27.72233009338379 -79.19780731201172 42.59789276123047 56.34906768798828 -22.067981719970703 114.33760070800781 -366.620849609375 -149.3667449951172 -79.58756256103516 output 7 2 8 6 5 9 3 1 4 10 indices 2 -1 3 4 -1 1 3 4 2 1 -1 4 -1 3 1 2 2 1 3 4 2 1 3 4 2 1 3 4 2 1 3 4 2 1 3 4 2 1 3 4 value 0.0 0.0 0.0 0.0 0.0 0.0 0.0 0.0 0.0 0.0 0.0 0.0 10.0 0.0 0.0 0.0 0.0 0.0 0.0 0.0 0.0 0.0 0.0 0.0 0.0 0.0 0.0 0.0 0.0 0.0 0.0 0.0 0.0 0.0 0.0 0.0 0.0 0.0 0.0 0.0 
106.12920379638672 -69.92388153076172 15.94649600982666 129.67637634277344 123.0616226196289 -97.96989440917969 89.94689178466797 26.549144744873047 120.14810180664062 200.88143920898438 -180.60365295410156 141.34681701660156 -75.88731384277344 -136.51797485351562 17.71448516845703 -306.63641357421875 -37.75647735595703 222.30081176757812 -178.69935607910156 -109.70641326904297 output 6 10 7 8 5 3 1 4 2 9 indices 2 -1 3 4 -1 1 3 4 2 1 -1 4 2 1 3 -1 -1 3 1 2 2 1 3 4 2 1 3 4 2 1 3 4 2 1 3 4 2 1 3 4 value 0.0 0.0 0.0 0.0 0.0 0.0 0.0 0.0 0.0 0.0 0.0 0.0 0.0 0.0 0.0 0.0 10.0 0.0 0.0 0.0 0.0 0.0 0.0 0.0 0.0 0.0 0.0 0.0 0.0 0.0 0.0 0.0 0.0 0.0 0.0 0.0 0.0 0.0 0.0 0.0 
-11.488151550292969 -201.8105926513672 -90.32060241699219 -110.1723861694336 -105.60274505615234 110.88645935058594 79.5880126953125 321.5900573730469 -16.74284553527832 332.77288818359375 -76.42230224609375 -97.42556762695312 12.821840286254883 -9.372273445129395 17.1591854095459 -269.472412109375 194.24330139160156 -5.94456148147583 -3.23569655418396 -71.05162811279297 output 1 8 5 4 9 7 10 6 2 3 indices 2 -1 3 4 -1 1 3 4 2 1 -1 4 -1 3 1 2 2 1 3 4 2 1 3 4 2 1 3 4 2 1 3 4 2 1 3 4 2 1 3 4 value 0.0 0.0 0.0 0.0 0.0 0.0 0.0 0.0 0.0 0.0 0.0 0.0 10.0 0.0 0.0 0.0 0.0 0.0 0.0 0.0 0.0 0.0 0.0 0.0 0.0 0.0 0.0 0.0 0.0 0.0 0.0 0.0 0.0 0.0 0.0 0.0 0.0 0.0 0.0 0.0 
-48.21445846557617 -200.28497314453125 -13.12872314453125 -174.89141845703125 -59.87587356567383 218.54275512695312 -172.78271484375 52.614280700683594 2.4223852157592773 -211.35191345214844 -135.17385864257812 463.5250549316406 28.78277587890625 -202.38525390625 142.2274627685547 -24.765583038330078 137.958984375 4.361316204071045 117.7840347290039 74.6357192993164 output 10 9 8 7 5 2 1 6 4 3 indices 2 -1 3 4 -1 1 3 4 2 1 -1 4 2 1 3 -1 2 1 3 4 -1 3 1 2 2 1 3 4 2 1 3 4 2 1 3 4 2 1 3 4 value 0.0 0.0 0.0 0.0 0.0 0.0 0.0 0.0 0.0 0.0 0.0 0.0 0.0 0.0 0.0 0.0 0.0 0.0 0.0 0.0 10.0 0.0 0.0 0.0 0.0 0.0 0.0 0.0 0.0 0.0 0.0 0.0 0.0 0.0 0.0 0.0 0.0 0.0 0.0 0.0 
-25.72182846069336 224.40953063964844 -107.16020965576172 -64.3440933227539 151.39698791503906 -60.7070426940918 124.10118865966797 -212.53578186035156 151.9427490234375 8.238250732421875 -74.30294799804688 -246.9475860595703 -124.9299087524414 -49.19675064086914 19.456562042236328 -68.54740905761719 -48.89463424682617 89.9413833618164 -65.88794708251953 379.6894836425781 output 1 10 6 4 3 5 8 2 7 9 indices 2 -1 3 4 -1 1 3 4 2 1 -1 4 2 1 3 -1 2 1 3 4 2 1 3 4 2 1 3 4 2 1 3 4 2 1 3 4 -1 3 1 2 value 0.0 0.0 0.0 0.0 0.0 0.0 0.0 0.0 0.0 0.0 0.0 0.0 0.0 0.0 0.0 0.0 0.0 0.0 0.0 0.0 0.0 0.0 0.0 0.0 0.0 0.0 0.0 0.0 0.0 0.0 0.0 0.0 0.0 0.0 0.0 0.0 10.0 0.0 0.0 0.0 
-90.8997802734375 -12.901707649230957 1.0262727737426758 -338.9187316894531 163.7255096435547 262.3327331542969 -70.26405334472656 -23.75201416015625 -44.253273010253906 224.3466033935547 -42.183956146240234 -232.55023193359375 -45.040367126464844 -29.939075469970703 136.9586181640625 64.74784088134766 -3.6330151557922363 -15.73007869720459 -5.435960292816162 102.36466217041016 output 1 4 7 9 8 3 10 5 2 6 indices 2 -1 3 4 -1 1 3 4 -1 4 1 2 2 1 3 -1 2 1 3 4 2 1 3 4 2 1 3 4 2 1 3 4 2 1 3 4 2 1 3 4 value 0.0 0.0 0.0 0.0 0.0 0.0 0.0 0.0 10.0 0.0 0.0 0.0 0.0 0.0 0.0 0.0 0.0 0.0 0.0 0.0 0.0 0.0 0.0 0.0 0.0 0.0 0.0 0.0 0.0 0.0 0.0 0.0 0.0 0.0 0.0 0.0 0.0 0.0 0.0 0.0 
27.22293472290039 -200.38661193847656 -41.775672912597656 -206.93031311035156 114.27066802978516 146.71995544433594 -172.69119262695312 207.3644561767578 11.762426376342773 -191.41012573242188 94.38069915771484 284.9750671386719 16.833263397216797 245.67037963867188 153.7543182373047 -35.223026275634766 -78.33526611328125 -214.8026885986328 -125.42218017578125 -35.977073669433594 output 4 10 9 2 5 1 8 3 6 7 indices 2 -1 3 4 -1 1 3 4 2 1 -1 4 2 1 3 -1 2 1 3 4 -1 3 1 2 2 1 3 4 2 1 3 4 2 1 3 4 2 1 3 4 value 0.0 0.0 0.0 0.0 0.0 0.0 0.0 0.0 0.0 0.0 0.0 0.0 0.0 0.0 0.0 0.0 0.0 0.0 0.0 0.0 10.0 0.0 0.0 0.0 0.0 0.0 0.0 0.0 0.0 0.0 0.0 0.0 0.0 0.0 0.0 0.0 0.0 0.0 0.0 0.0 
134.14915466308594 76.59293365478516 -23.870258331298828 168.87110900878906 116.33063507080078 -235.5765838623047 0.07266291975975037 -220.49374389648438 103.00495910644531 91.63339233398438 44.68486404418945 43.17689895629883 -11.932857513427734 -195.7915802001953 -150.3890838623047 -87.82977294921875 -128.5921630859375 163.77914428710938 -83.45791625976562 195.63819885253906 output 9 10 2 6 5 1 3 4 7 8 indices 2 -1 3 4 -1 1 3 4 2 1 -1 4 2 1 3 -1 2 1 3 4 2 1 3 4 2 1 3 4 2 1 3 4 2 1 3 4 -1 3 1 2 value 0.0 0.0 0.0 0.0 0.0 0.0 0.0 0.0 0.0 0.0 0.0 0.0 0.0 0.0 0.0 0.0 0.0 0.0 0.0 0.0 0.0 0.0 0.0 0.0 0.0 0.0 0.0 0.0 0.0 0.0 0.0 0.0 0.0 0.0 0.0 0.0 10.0 0.0 0.0 0.0 
-64.03314208984375 313.8636474609375 -14.912036895751953 -279.0950927734375 -89.0143814086914 -200.937255859375 141.90634155273438 295.1796875 -132.415771484375 1.3660728931427002 134.1072998046875 -120.9380874633789 -98.3912582397461 317.431640625 22.670618057250977 -233.33152770996094 111.1738052368164 -286.19647216796875 -11.091465950012207 192.65737915039062 output 1 10 4 6 9 8 2 3 5 7 indices 2 -1 3 4 -1 1 3 4 2 1 -1 4 -1 3 1 2 2 1 3 4 2 1 3 4 2 1 3 4 2 1 3 4 2 1 3 4 2 1 3 4 value 0.0 0.0 0.0 0.0 0.0 0.0 0.0 0.0 0.0 0.0 0.0 0.0 10.0 0.0 0.0 0.0 0.0 0.0 0.0 0.0 0.0 0.0 0.0 0.0 0.0 0.0 0.0 0.0 0.0 0.0 0.0 0.0 0.0 0.0 0.0 0.0 0.0 0.0 0.0 0.0 
11.492669105529785 -213.75442504882812 173.61082458496094 266.77685546875 45.75566864013672 -165.51585388183594 -31.454195022583008 -166.63755798339844 -79.19398498535156 156.89772033691406 -65.72193145751953 198.1135711669922 140.79071044921875 389.6971435546875 -19.28839683532715 -167.5875701904297 -97.8238525390625 -217.73776245117188 -78.16751098632812 -80.25215148925781 output 1 3 7 2 6 5 9 10 4 8 indices 2 -1 3 4 -1 1 3 4 2 1 -1 4 2 1 3 -1 2 1 3 4 2 1 3 4 -1 3 1 2 2 1 3 4 2 1 3 4 2 1 3 4 value 0.0 0.0 0.0 0.0 0.0 0.0 0.0 0.0 0.0 0.0 0.0 0.0 0.0 0.0 0.0 0.0 0.0 0.0 0.0 0.0 0.0 0.0 0.0 0.0 10.0 0.0 0.0 0.0 0.0 0.0 0.0 0.0 0.0 0.0 0.0 0.0 0.0 0.0 0.0 0.0 
124.40869140625 133.6063995361328 147.54830932617188 3.157132148742676 59.868431091308594 -190.3442840576172 -67.35882568359375 -220.12353515625 -87.750732421875 365.1534423828125 26.640960693359375 193.58639526367188 -44.782989501953125 12.69290828704834 -56.86130142211914 -222.4476318359375 -128.42831420898438 -186.94403076171875 26.71578598022461 111.66321563720703 output 8 4 5 9 7 10 6 1 2 3 indices 2 -1 3 4 -1 1 3 4 2 1 -1 4 2 1 3 -1 -1 3 1 2 2 1 3 4 2 1 3 4 2 1 3 4 2 1 3 4 2 1 3 4 value 0.0 0.0 0.0 0.0 0.0 0.0 0.0 0.0 0.0 0.0 0.0 0.0 0.0 0.0 0.0 0.0 10.0 0.0 0.0 0.0 0.0 0.0 0.0 0.0 0.0 0.0 0.0 0.0 0.0 0.0 0.0 0.0 0.0 0.0 0.0 0.0 0.0 0.0 0.0 0.0 
-60.94829177856445 -117.3114013671875 -89.31434631347656 -150.6201934814453 18.03212547302246 -27.093130111694336 31.378276824951172 -106.42280578613281 -130.74195861816406 117.80780792236328 125.38629913330078 157.82168579101562 -90.82498931884766 -44.198219299316406 137.10850524902344 -125.0615234375 35.825828552246094 131.73141479492188 24.098548889160156 163.3463592529297 output 8 6 9 10 5 7 2 1 4 3 indices 2 -1 3 4 -1 1 3 4 2 1 -1 4 2 1 3 -1 2 1 3 4 -1 3 1 2 2 1 3 4 2 1 3 4 2 1 3 4 2 1 3 4 value 0.0 0.0 0.0 0.0 0.0 0.0 0.0 0.0 0.0 0.0 0.0 0.0 0.0 0.0 0.0 0.0 0.0 0.0 0.0 0.0 10.0 0.0 0.0 0.0 0.0 0.0 0.0 0.0 0.0 0.0 0.0 0.0 0.0 0.0 0.0 0.0 0.0 0.0 0.0 0.0 
-195.86354064941406 190.7947998046875 26.78116226196289 110.38463592529297 -27.35666275024414 -194.6308135986328 50.088165283203125 131.27395629882812 84.84200286865234 -321.04443359375 28.365394592285156 31.06563949584961 43.099021911621094 166.6135711669922 -110.3721923828125 -195.7429656982422 60.433555603027344 -125.37713623046875 39.983097076416016 206.66275024414062 output 4 7 10 1 8 3 9 5 6 2 indices 2 -1 3 4 -1 1 3 4 2 1 -1 4 2 1 3 -1 2 1 3 4 2 1 3 4 2 1 3 4 2 1 3 4 2 1 3 4 -1 3 1 2 value 0.0 0.0 0.0 0.0 0.0 0.0 0.0 0.0 0.0 0.0 0.0 0.0 0.0 0.0 0.0 0.0 0.0 0.0 0.0 0.0 0.0 0.0 0.0 0.0 0.0 0.0 0.0 0.0 0.0 0.0 0.0 0.0 0.0 0.0 0.0 0.0 10.0 0.0 0.0 0.0 
155.22303771972656 52.37050247192383 -113.93611145019531 -269.0378723144531 -29.739316940307617 -250.0225372314453 114.5482406616211 149.3545379638672 8.830506324768066 -227.6639404296875 37.37535095214844 356.3957214355469 -178.80389404296875 107.02201843261719 60.745601654052734 166.28213500976562 -170.55279541015625 -343.3427734375 116.30939483642578 258.6422119140625 output 3 5 6 10 1 4 8 7 9 2 indices 2 -1 3 4 -1 1 3 4 2 1 -1 4 2 1 3 -1 2 1 3 4 -1 3 1 2 2 1 3 4 2 1 3 4 2 1 3 4 2 1 3 4 value 0.0 0.0 0.0 0.0 0.0 0.0 0.0 0.0 0.0 0.0 0.0 0.0 0.0 0.0 0.0 0.0 0.0 0.0 0.0 0.0 10.0 0.0 0.0 0.0 0.0 0.0 0.0 0.0 0.0 0.0 0.0 0.0 0.0 0.0 0.0 0.0 0.0 0.0 0.0 0.0 
165.03604125976562 -115.53297424316406 119.45809936523438 -185.34129333496094 -156.89891052246094 153.82449340820312 -152.9360809326172 98.79431915283203 151.1766357421875 -214.67820739746094 119.4581527709961 11.218840599060059 -7.1781229972839355 -61.4539680480957 -70.7074203491211 167.9042205810547 -115.64119720458984 224.62510681152344 -51.76720428466797 -79.36052703857422 output 2 5 1 6 8 9 3 4 10 7 indices 2 -1 3 4 -1 1 3 4 2 1 -1 4 2 1 3 -1 2 1 3 4 2 1 3 4 2 1 3 4 2 1 3 4 -1 3 1 2 2 1 3 4 value 0.0 0.0 0.0 0.0 0.0 0.0 0.0 0.0 0.0 0.0 0.0 0.0 0.0 0.0 0.0 0.0 0.0 0.0 0.0 0.0 0.0 0.0 0.0 0.0 0.0 0.0 0.0 0.0 0.0 0.0 0.0 0.0 10.0 0.0 0.0 0.0 0.0 0.0 0.0 0.0 
102.28675842285156 -97.21644592285156 -171.9840850830078 149.7957305908203 -84.3450927734375 -126.08663940429688 113.93828582763672 112.90768432617188 -141.9692840576172 -127.33281707763672 -79.07877349853516 253.18743896484375 -33.46042251586914 -361.1346435546875 149.60960388183594 119.08992767333984 15.992961883544922 288.9353332519531 129.01004028320312 -212.1455535888672 output 6 2 5 3 1 10 8 4 9 7 indices 2 -1 3 4 -1 1 3 4 2 1 -1 4 2 1 3 -1 2 1 3 4 2 1 3 4 2 1 3 4 2 1 3 4 -1 3 1 2 2 1 3 4 value 0.0 0.0 0.0 0.0 0.0 0.0 0.0 0.0 0.0 0.0 0.0 0.0 0.0 0.0 0.0 0.0 0.0 0.0 0.0 0.0 0.0 0.0 0.0 0.0 0.0 0.0 0.0 0.0 0.0 0.0 0.0 0.0 10.0 0.0 0.0 0.0 0.0 0.0 0.0 0.0 
58.616336822509766 129.38221740722656 -38.96002960205078 -253.91445922851562 31.454294204711914 59.46895980834961 -111.97523498535156 65.96568298339844 88.37667846679688 99.6189193725586 76.89230346679688 -238.69696044921875 -76.35758972167969 -209.4259490966797 -71.10938262939453 256.0575866699219 49.756996154785156 14.170673370361328 -6.694368362426758 77.37332153320312 output 1 10 8 4 7 2 6 9 3 5 indices 2 -1 3 4 -1 1 3 4 2 1 -1 4 2 1 3 -1 2 1 3 4 2 1 3 4 2 1 3 4 -1 3 1 2 2 1 3 4 2 1 3 4 value 0.0 0.0 0.0 0.0 0.0 0.0 0.0 0.0 0.0 0.0 0.0 0.0 0.0 0.0 0.0 0.0 0.0 0.0 0.0 0.0 0.0 0.0 0.0 0.0 0.0 0.0 0.0 0.0 10.0 0.0 0.0 0.0 0.0 0.0 0.0 0.0 0.0 0.0 0.0 0.0 
22.880361557006836 -204.76828002929688 -181.74574279785156 106.29452514648438 -127.79219055175781 -13.414559364318848 -16.57081413269043 -27.97577476501465 -131.81988525390625 171.9671630859375 123.8281021118164 -361.09869384765625 37.93791198730469 23.30640411376953 114.96976470947266 119.51795196533203 97.05064392089844 116.9652328491211 61.26185607910156 69.20603942871094 output 1 6 8 9 10 7 5 2 3 4 indices 2 -1 3 4 -1 1 3 4 2 1 -1 4 2 1 3 -1 -1 3 1 2 2 1 3 4 2 1 3 4 2 1 3 4 2 1 3 4 2 1 3 4 value 0.0 0.0 0.0 0.0 0.0 0.0 0.0 0.0 0.0 0.0 0.0 0.0 0.0 0.0 0.0 0.0 10.0 0.0 0.0 0.0 0.0 0.0 0.0 0.0 0.0 0.0 0.0 0.0 0.0 0.0 0.0 0.0 0.0 0.0 0.0 0.0 0.0 0.0 0.0 0.0 
-69.76429748535156 12.858540534973145 219.46588134765625 -55.472991943359375 -51.46116638183594 275.3294677734375 -24.16879653930664 -198.96958923339844 -20.11003875732422 193.1576385498047 26.647615432739258 -400.2988586425781 65.90081787109375 -98.513671875 -86.154541015625 73.31843566894531 22.16143226623535 36.510581970214844 -82.51691436767578 162.08045959472656 output 1 4 7 2 9 5 6 3 10 8 indices 2 -1 3 4 -1 1 3 4 -1 4 1 2 2 1 3 -1 2 1 3 4 2 1 3 4 2 1 3 4 2 1 3 4 2 1 3 4 2 1 3 4 value 0.0 0.0 0.0 0.0 0.0 0.0 0.0 0.0 10.0 0.0 0.0 0.0 0.0 0.0 0.0 0.0 0.0 0.0 0.0 0.0 0.0 0.0 0.0 0.0 0.0 0.0 0.0 0.0 0.0 0.0 0.0 0.0 0.0 0.0 0.0 0.0 0.0 0.0 0.0 0.0 
147.77487182617188 -159.07716369628906 50.774871826171875 79.59517669677734 65.58673095703125 212.02447509765625 65.8628921508789 -137.50637817382812 90.43363189697266 77.64981079101562 -57.838134765625 262.4327697753906 -91.81966400146484 -5.659419536590576 -123.07171630859375 244.5681610107422 56.63774108886719 -380.16351318359375 -204.34121704101562 -193.86390686035156 output 1 4 7 10 8 6 9 3 2 5 indices 2 -1 3 4 -1 1 3 4 2 1 -1 4 2 1 3 -1 2 1 3 4 -1 3 1 2 2 1 3 4 2 1 3 4 2 1 3 4 2 1 3 4 value 0.0 0.0 0.0 0.0 0.0 0.0 0.0 0.0 0.0 0.0 0.0 0.0 0.0 0.0 0.0 0.0 0.0 0.0 0.0 0.0 10.0 0.0 0.0 0.0 0.0 0.0 0.0 0.0 0.0 0.0 0.0 0.0 0.0 0.0 0.0 0.0 0.0 0.0 0.0 0.0 
-2.867150068283081 -402.58160400390625 163.6240997314453 192.60659790039062 -80.34085845947266 -34.32720947265625 9.05388355255127 -71.6405258178711 -34.106727600097656 150.18099975585938 84.0234603881836 146.6417999267578 143.27285766601562 -42.246280670166016 -143.12696838378906 -30.771108627319336 -97.30059814453125 -139.0769500732422 -42.231990814208984 231.2142791748047 output 1 10 5 6 2 7 4 3 9 8 indices 2 -1 3 4 -1 1 3 4 2 1 -1 4 2 1 3 -1 2 1 3 4 2 1 3 4 2 1 3 4 2 1 3 4 2 1 3 4 -1 3 1 2 value 0.0 0.0 0.0 0.0 0.0 0.0 0.0 0.0 0.0 0.0 0.0 0.0 0.0 0.0 0.0 0.0 0.0 0.0 0.0 0.0 0.0 0.0 0.0 0.0 0.0 0.0 0.0 0.0 0.0 0.0 0.0 0.0 0.0 0.0 0.0 0.0 10.0 0.0 0.0 0.0 
57.17573547363281 235.7251434326172 -104.32710266113281 205.2660369873047 92.61849975585938 -223.7647705078125 87.92516326904297 30.75995445251465 -125.33879089355469 -152.2207489013672 104.35382080078125 -68.49544525146484 -121.90860748291016 -339.2784423828125 13.168208122253418 -187.05010986328125 117.25277709960938 282.1569519042969 -120.91970825195312 216.90142822265625 output 1 9 4 6 3 8 5 7 10 2 indices 2 -1 3 4 -1 1 3 4 2 1 -1 4 2 1 3 -1 2 1 3 4 2 1 3 4 2 1 3 4 2 1 3 4 -1 3 1 2 2 1 3 4 value 0.0 0.0 0.0 0.0 0.0 0.0 0.0 0.0 0.0 0.0 0.0 0.0 0.0 0.0 0.0 0.0 0.0 0.0 0.0 0.0 0.0 0.0 0.0 0.0 0.0 0.0 0.0 0.0 0.0 0.0 0.0 0.0 10.0 0.0 0.0 0.0 0.0 0.0 0.0 0.0 
82.71167755126953 260.1554870605469 -70.47957611083984 158.9983367919922 -21.189722061157227 56.36298751831055 -185.3951873779297 -160.7726287841797 39.67054748535156 -58.857322692871094 -43.602176666259766 49.38658142089844 137.08828735351562 1.3476884365081787 -52.30135726928711 134.52442932128906 116.9361572265625 -167.24871826171875 -3.438648223876953 -273.8968505859375 output 1 7 9 5 3 6 8 2 4 10 indices -1 4 2 3 -1 1 3 4 2 1 -1 4 2 1 3 -1 2 1 3 4 2 1 3 4 2 1 3 4 2 1 3 4 2 1 3 4 2 1 3 4 value 10.0 0.0 0.0 0.0 0.0 0.0 0.0 0.0 0.0 0.0 0.0 0.0 0.0 0.0 0.0 0.0 0.0 0.0 0.0 0.0 0.0 0.0 0.0 0.0 0.0 0.0 0.0 0.0 0.0 0.0 0.0 0.0 0.0 0.0 0.0 0.0 0.0 0.0 0.0 0.0 
25.756132125854492 156.18386840820312 -194.5392608642578 16.951032638549805 16.484771728515625 199.56629943847656 131.63624572753906 243.30747985839844 -72.31474304199219 -97.19481658935547 11.922038078308105 -234.9007110595703 35.54154968261719 -164.54534912109375 -6.011666774749756 5.439351558685303 140.4084930419922 158.2845001220703 -88.88356018066406 -283.0916748046875 output 1 3 4 9 7 6 10 2 5 8 indices 2 -1 3 4 -1 1 3 4 2 1 -1 4 -1 3 1 2 2 1 3 4 2 1 3 4 2 1 3 4 2 1 3 4 2 1 3 4 2 1 3 4 value 0.0 0.0 0.0 0.0 0.0 0.0 0.0 0.0 0.0 0.0 0.0 0.0 10.0 0.0 0.0 0.0 0.0 0.0 0.0 0.0 0.0 0.0 0.0 0.0 0.0 0.0 0.0 0.0 0.0 0.0 0.0 0.0 0.0 0.0 0.0 0.0 0.0 0.0 0.0 0.0 
-160.2232208251953 69.51070404052734 -88.40620422363281 103.46377563476562 170.90286254882812 -197.75765991210938 -158.9772186279297 291.70660400390625 -60.32136917114258 0.5165755152702332 151.78872680664062 88.01883697509766 -85.99722290039062 -244.52737426757812 108.47517395019531 -246.67991638183594 35.43935012817383 142.15255737304688 87.31912994384766 -6.404116630554199 output 10 6 3 8 7 4 1 5 2 9 indices 2 -1 3 4 -1 1 3 4 2 1 -1 4 -1 3 1 2 2 1 3 4 2 1 3 4 2 1 3 4 2 1 3 4 2 1 3 4 2 1 3 4 value 0.0 0.0 0.0 0.0 0.0 0.0 0.0 0.0 0.0 0.0 0.0 0.0 10.0 0.0 0.0 0.0 0.0 0.0 0.0 0.0 0.0 0.0 0.0 0.0 0.0 0.0 0.0 0.0 0.0 0.0 0.0 0.0 0.0 0.0 0.0 0.0 0.0 0.0 0.0 0.0 
-12.359457969665527 164.77951049804688 111.7997055053711 275.0843505859375 -137.15476989746094 273.2033386230469 -61.092525482177734 -116.77281951904297 61.84664535522461 404.001953125 144.63888549804688 -153.9603729248047 -26.258028030395508 -254.02020263671875 -73.05409240722656 -226.76258850097656 106.72930908203125 -210.3268280029297 -115.09566497802734 -155.2263641357422 output 8 7 5 9 6 2 1 3 10 4 indices 2 -1 3 4 -1 1 3 4 2 1 -1 4 2 1 3 -1 -1 3 1 2 2 1 3 4 2 1 3 4 2 1 3 4 2 1 3 4 2 1 3 4 value 0.0 0.0 0.0 0.0 0.0 0.0 0.0 0.0 0.0 0.0 0.0 0.0 0.0 0.0 0.0 0.0 10.0 0.0 0.0 0.0 0.0 0.0 0.0 0.0 0.0 0.0 0.0 0.0 0.0 0.0 0.0 0.0 0.0 0.0 0.0 0.0 0.0 0.0 0.0 0.0 
115.81683349609375 94.16749572753906 66.41031646728516 64.52814483642578 -188.35867309570312 208.8628387451172 65.82197570800781 125.38513946533203 93.99093627929688 313.6068115234375 149.70469665527344 -314.2128601074219 -39.99361801147461 -384.8071594238281 30.4569034576416 -222.8236541748047 -187.7743377685547 215.8323211669922 -106.0750503540039 -100.5390853881836 output 1 2 4 5 7 9 3 10 8 6 indices 2 -1 3 4 -1 1 3 4 2 1 -1 4 2 1 3 -1 -1 3 1 2 2 1 3 4 2 1 3 4 2 1 3 4 2 1 3 4 2 1 3 4 value 0.0 0.0 0.0 0.0 0.0 0.0 0.0 0.0 0.0 0.0 0.0 0.0 0.0 0.0 0.0 0.0 10.0 0.0 0.0 0.0 0.0 0.0 0.0 0.0 0.0 0.0 0.0 0.0 0.0 0.0 0.0 0.0 0.0 0.0 0.0 0.0 0.0 0.0 0.0 0.0 
99.74858093261719 34.66646957397461 -33.09052276611328 -340.0826721191406 165.86477661132812 -101.37765502929688 151.1141815185547 -144.39251708984375 -98.5195083618164 -6.400390625 -125.38866424560547 112.35338592529297 -27.88761329650879 275.56787109375 -60.97248840332031 -315.6493835449219 66.22055053710938 324.6652526855469 -137.0893096923828 160.64964294433594 output 5 6 10 8 2 7 9 4 3 1 indices 2 -1 3 4 -1 1 3 4 2 1 -1 4 2 1 3 -1 2 1 3 4 2 1 3 4 2 1 3 4 2 1 3 4 -1 3 1 2 2 1 3 4 value 0.0 0.0 0.0 0.0 0.0 0.0 0.0 0.0 0.0 0.0 0.0 0.0 0.0 0.0 0.0 0.0 0.0 0.0 0.0 0.0 0.0 0.0 0.0 0.0 0.0 0.0 0.0 0.0 0.0 0.0 0.0 0.0 10.0 0.0 0.0 0.0 0.0 0.0 0.0 0.0 
160.0650634765625 -406.6708679199219 -108.69503784179688 18.935495376586914 -37.00126647949219 -410.6628723144531 -70.93219757080078 240.58702087402344 178.4767303466797 210.5549774169922 28.836139678955078 72.84972381591797 -91.20612335205078 108.05943298339844 -120.91887664794922 190.93673706054688 -93.89353942871094 -204.9068603515625 155.26910400390625 180.3172149658203 output 5 1 3 4 8 9 2 7 6 10 indices 2 -1 3 4 -1 1 3 4 2 1 -1 4 2 1 3 -1 -1 3 1 2 2 1 3 4 2 1 3 4 2 1 3 4 2 1 3 4 2 1 3 4 value 0.0 0.0 0.0 0.0 0.0 0.0 0.0 0.0 0.0 0.0 0.0 0.0 0.0 0.0 0.0 0.0 10.0 0.0 0.0 0.0 0.0 0.0 0.0 0.0 0.0 0.0 0.0 0.0 0.0 0.0 0.0 0.0 0.0 0.0 0.0 0.0 0.0 0.0 0.0 0.0 
-1.7378047704696655 133.27882385253906 -71.35774993896484 191.596923828125 -19.289274215698242 186.38905334472656 -96.43584442138672 -116.95320892333984 60.20623016357422 17.89389991760254 45.91459655761719 -66.983154296875 -97.58081817626953 -313.1744384765625 -75.67996978759766 132.91160583496094 169.58828735351562 37.51611328125 86.37235260009766 -202.47560119628906 output 1 5 9 10 6 4 7 8 2 3 indices 2 -1 3 4 -1 1 3 4 -1 4 1 2 2 1 3 -1 2 1 3 4 2 1 3 4 2 1 3 4 2 1 3 4 2 1 3 4 2 1 3 4 value 0.0 0.0 0.0 0.0 0.0 0.0 0.0 0.0 10.0 0.0 0.0 0.0 0.0 0.0 0.0 0.0 0.0 0.0 0.0 0.0 0.0 0.0 0.0 0.0 0.0 0.0 0.0 0.0 0.0 0.0 0.0 0.0 0.0 0.0 0.0 0.0 0.0 0.0 0.0 0.0 
-63.91287612915039 -72.5422134399414 40.20997619628906 118.02188873291016 134.5242919921875 28.589548110961914 -117.39661407470703 -24.934913635253906 63.45652770996094 -228.76185607910156 -112.87456512451172 -47.2324104309082 -57.9296760559082 7.864076614379883 -104.8321533203125 167.36302185058594 83.23477935791016 17.573530197143555 135.5203094482422 34.05933380126953 output 1 5 3 10 9 2 8 4 6 7 indices 2 -1 3 4 -1 1 3 4 2 1 -1 4 2 1 3 -1 2 1 3 4 2 1 3 4 2 1 3 4 -1 3 1 2 2 1 3 4 2 1 3 4 value 0.0 0.0 0.0 0.0 0.0 0.0 0.0 0.0 0.0 0.0 0.0 0.0 0.0 0.0 0.0 0.0 0.0 0.0 0.0 0.0 0.0 0.0 0.0 0.0 0.0 0.0 0.0 0.0 10.0 0.0 0.0 0.0 0.0 0.0 0.0 0.0 0.0 0.0 0.0 0.0 
76.94573974609375 97.04608917236328 69.04984283447266 -102.86405181884766 76.63379669189453 72.4750747680664 117.82635498046875 282.8381652832031 -95.16285705566406 -78.68383026123047 -93.96224212646484 171.12942504882812 70.98788452148438 -195.5531005859375 33.77265930175781 -62.478084564208984 -132.24436950683594 -267.42291259765625 -123.84680938720703 83.51324462890625 output 1 4 7 2 8 5 9 10 6 3 indices 2 -1 3 4 -1 1 3 4 2 1 -1 4 -1 3 1 2 2 1 3 4 2 1 3 4 2 1 3 4 2 1 3 4 2 1 3 4 2 1 3 4 value 0.0 0.0 0.0 0.0 0.0 0.0 0.0 0.0 0.0 0.0 0.0 0.0 10.0 0.0 0.0 0.0 0.0 0.0 0.0 0.0 0.0 0.0 0.0 0.0 0.0 0.0 0.0 0.0 0.0 0.0 0.0 0.0 0.0 0.0 0.0 0.0 0.0 0.0 0.0 0.0 
46.21774673461914 298.10845947265625 100.47174072265625 60.06406021118164 -95.72964477539062 -215.7528839111328 -117.9889144897461 -57.913108825683594 129.0244140625 112.32103729248047 124.55741119384766 -50.82402420043945 -145.2332763671875 47.12217712402344 -60.21791076660156 -240.3928680419922 31.261022567749023 -61.060298919677734 -12.362588882446289 108.32744598388672 output 8 3 4 7 10 9 6 2 5 1 indices -1 4 2 3 -1 1 3 4 2 1 -1 4 2 1 3 -1 2 1 3 4 2 1 3 4 2 1 3 4 2 1 3 4 2 1 3 4 2 1 3 4 value 10.0 0.0 0.0 0.0 0.0 0.0 0.0 0.0 0.0 0.0 0.0 0.0 0.0 0.0 0.0 0.0 0.0 0.0 0.0 0.0 0.0 0.0 0.0 0.0 0.0 0.0 0.0 0.0 0.0 0.0 0.0 0.0 0.0 0.0 0.0 0.0 0.0 0.0 0.0 0.0 
47.9034538269043 338.3884582519531 8.26164722442627 155.51222229003906 45.13236618041992 -352.33709716796875 -67.78021240234375 -78.59174346923828 -62.099891662597656 -254.56182861328125 29.221294403076172 241.45925903320312 89.57405090332031 -190.86920166015625 -64.53662872314453 -62.141361236572266 104.695068359375 -53.728981018066406 -130.37115478515625 256.8702697753906 output 3 1 6 2 10 5 4 8 9 7 indices -1 4 2 3 -1 1 3 4 2 1 -1 4 2 1 3 -1 2 1 3 4 2 1 3 4 2 1 3 4 2 1 3 4 2 1 3 4 2 1 3 4 value 10.0 0.0 0.0 0.0 0.0 0.0 0.0 0.0 0.0 0.0 0.0 0.0 0.0 0.0 0.0 0.0 0.0 0.0 0.0 0.0 0.0 0.0 0.0 0.0 0.0 0.0 0.0 0.0 0.0 0.0 0.0 0.0 0.0 0.0 0.0 0.0 0.0 0.0 0.0 0.0 
-115.95873260498047 -326.6561279296875 -143.65411376953125 278.6723937988281 179.3491668701172 -17.793977737426758 158.7960205078125 373.8497314453125 -92.66413116455078 -33.42747497558594 -51.411766052246094 -142.4556121826172 -10.793649673461914 -200.06626892089844 116.18433380126953 307.5744934082031 -86.39949798583984 -61.40660095214844 46.5523796081543 -178.29058837890625 output 5 9 6 7 10 3 4 8 1 2 indices 2 -1 3 4 -1 1 3 4 2 1 -1 4 -1 3 1 2 2 1 3 4 2 1 3 4 2 1 3 4 2 1 3 4 2 1 3 4 2 1 3 4 value 0.0 0.0 0.0 0.0 0.0 0.0 0.0 0.0 0.0 0.0 0.0 0.0 10.0 0.0 0.0 0.0 0.0 0.0 0.0 0.0 0.0 0.0 0.0 0.0 0.0 0.0 0.0 0.0 0.0 0.0 0.0 0.0 0.0 0.0 0.0 0.0 0.0 0.0 0.0 0.0 
76.8486099243164 -180.00819396972656 16.589391708374023 89.12200164794922 -63.072906494140625 225.51490783691406 -113.6418228149414 -191.34996032714844 -9.644375801086426 109.66385650634766 -26.880361557006836 -87.31116485595703 115.12400817871094 -162.87713623046875 57.58607864379883 239.79147338867188 -66.75894927978516 -69.66712951660156 13.85033130645752 27.121337890625 output 1 7 10 2 5 8 3 4 9 6 indices 2 -1 3 4 -1 1 3 4 2 1 -1 4 2 1 3 -1 2 1 3 4 2 1 3 4 2 1 3 4 -1 3 1 2 2 1 3 4 2 1 3 4 value 0.0 0.0 0.0 0.0 0.0 0.0 0.0 0.0 0.0 0.0 0.0 0.0 0.0 0.0 0.0 0.0 0.0 0.0 0.0 0.0 0.0 0.0 0.0 0.0 0.0 0.0 0.0 0.0 10.0 0.0 0.0 0.0 0.0 0.0 0.0 0.0 0.0 0.0 0.0 0.0 
-126.05909729003906 -52.788673400878906 -53.75217056274414 -131.20420837402344 -44.79777145385742 86.51171112060547 -43.34013366699219 -144.1735382080078 -101.6048812866211 499.5674743652344 -142.42604064941406 -197.83804321289062 169.7256622314453 90.7838363647461 27.955764770507812 44.052486419677734 174.6233673095703 -51.70306396484375 139.67529296875 -143.2079620361328 output 9 10 4 2 5 6 1 3 8 7 indices 2 -1 3 4 -1 1 3 4 2 1 -1 4 2 1 3 -1 -1 3 1 2 2 1 3 4 2 1 3 4 2 1 3 4 2 1 3 4 2 1 3 4 value 0.0 0.0 0.0 0.0 0.0 0.0 0.0 0.0 0.0 0.0 0.0 0.0 0.0 0.0 0.0 0.0 10.0 0.0 0.0 0.0 0.0 0.0 0.0 0.0 0.0 0.0 0.0 0.0 0.0 0.0 0.0 0.0 0.0 0.0 0.0 0.0 0.0 0.0 0.0 0.0 
15.371334075927734 -170.49380493164062 53.79591751098633 -277.4422912597656 -6.836831569671631 127.31797790527344 164.32098388671875 -45.5174674987793 26.127412796020508 75.92975616455078 48.39034652709961 -116.58000946044922 -150.2832489013672 -161.7823486328125 -57.80281448364258 367.97625732421875 54.108123779296875 -181.83969116210938 -147.19122314453125 382.431640625 output 4 6 1 9 2 8 10 7 3 5 indices 2 -1 3 4 -1 1 3 4 2 1 -1 4 2 1 3 -1 2 1 3 4 2 1 3 4 2 1 3 4 -1 3 1 2 2 1 3 4 2 1 3 4 value 0.0 0.0 0.0 0.0 0.0 0.0 0.0 0.0 0.0 0.0 0.0 0.0 0.0 0.0 0.0 0.0 0.0 0.0 0.0 0.0 0.0 0.0 0.0 0.0 0.0 0.0 0.0 0.0 10.0 0.0 0.0 0.0 0.0 0.0 0.0 0.0 0.0 0.0 0.0 0.0 
104.07842254638672 310.62933349609375 -14.548005104064941 -332.779296875 -142.12571716308594 35.016170501708984 106.85797119140625 -76.9751968383789 76.13143157958984 208.06687927246094 29.91374397277832 -128.93601989746094 -130.71426391601562 62.04030990600586 -88.69761657714844 -288.27886962890625 207.1273651123047 -55.330177307128906 -148.02333068847656 266.546875 output 6 4 9 5 1 2 8 10 3 7 indices -1 4 2 3 -1 1 3 4 2 1 -1 4 2 1 3 -1 2 1 3 4 2 1 3 4 2 1 3 4 2 1 3 4 2 1 3 4 2 1 3 4 value 10.0 0.0 0.0 0.0 0.0 0.0 0.0 0.0 0.0 0.0 0.0 0.0 0.0 0.0 0.0 0.0 0.0 0.0 0.0 0.0 0.0 0.0 0.0 0.0 0.0 0.0 0.0 0.0 0.0 0.0 0.0 0.0 0.0 0.0 0.0 0.0 0.0 0.0 0.0 0.0 
36.46759033203125 -101.54108428955078 -3.2918872833251953 11.777288436889648 -68.14224243164062 335.2347412109375 -114.2229995727539 349.99163818359375 66.31532287597656 -58.6228141784668 94.38094329833984 -17.10239601135254 -32.85259246826172 55.73341369628906 45.34197998046875 -242.24130249023438 -19.322450637817383 -313.281005859375 -4.6736674308776855 -19.948490142822266 output 10 6 5 1 8 9 3 4 7 2 indices 2 -1 3 4 -1 1 3 4 2 1 -1 4 -1 3 1 2 2 1 3 4 2 1 3 4 2 1 3 4 2 1 3 4 2 1 3 4 2 1 3 4 value 0.0 0.0 0.0 0.0 0.0 0.0 0.0 0.0 0.0 0.0 0.0 0.0 10.0 0.0 0.0 0.0 0.0 0.0 0.0 0.0 0.0 0.0 0.0 0.0 0.0 0.0 0.0 0.0 0.0 0.0 0.0 0.0 0.0 0.0 0.0 0.0 0.0 0.0 0.0 0.0 
-7.974042892456055 -158.43125915527344 -80.13776397705078 11.46196460723877 -27.094829559326172 338.25482177734375 181.43365478515625 103.80693054199219 166.13807678222656 173.0540771484375 111.68885803222656 -243.31875610351562 -116.79676818847656 315.5425109863281 -137.37319946289062 -59.90829849243164 -147.1912841796875 -229.3681640625 57.30727767944336 -251.09384155273438 output 7 9 8 2 1 10 6 4 5 3 indices 2 -1 3 4 -1 1 3 4 -1 4 1 2 2 1 3 -1 2 1 3 4 2 1 3 4 2 1 3 4 2 1 3 4 2 1 3 4 2 1 3 4 value 0.0 0.0 0.0 0.0 0.0 0.0 0.0 0.0 10.0 0.0 0.0 0.0 0.0 0.0 0.0 0.0 0.0 0.0 0.0 0.0 0.0 0.0 0.0 0.0 0.0 0.0 0.0 0.0 0.0 0.0 0.0 0.0 0.0 0.0 0.0 0.0 0.0 0.0 0.0 0.0 
31.737382888793945 -267.3307800292969 12.372356414794922 345.3635559082031 117.60584259033203 -123.8854751586914 -41.46525192260742 -250.53578186035156 -172.8779754638672 -16.33901023864746 -153.2019500732422 -120.99263000488281 12.201146125793457 -148.8127899169922 13.080912590026855 116.40877532958984 66.1062240600586 314.2898254394531 114.4413070678711 151.8343048095703 output 9 3 10 8 5 6 7 4 1 2 indices 2 -1 3 4 -1 4 1 3 2 1 -1 4 2 1 3 -1 2 1 3 4 2 1 3 4 2 1 3 4 2 1 3 4 2 1 3 4 2 1 3 4 value 0.0 0.0 0.0 0.0 10.0 0.0 0.0 0.0 0.0 0.0 0.0 0.0 0.0 0.0 0.0 0.0 0.0 0.0 0.0 0.0 0.0 0.0 0.0 0.0 0.0 0.0 0.0 0.0 0.0 0.0 0.0 0.0 0.0 0.0 0.0 0.0 0.0 0.0 0.0 0.0 
-81.66665649414062 -118.8251724243164 -8.80647087097168 -213.35118103027344 131.907958984375 297.115234375 -60.24994659423828 35.22476577758789 134.81829833984375 243.00979614257812 -120.11442565917969 18.9520206451416 -1.757442831993103 -187.00599670410156 143.11727905273438 -175.64134216308594 -87.34300994873047 315.6102294921875 -49.905582427978516 -215.0883331298828 output 1 4 6 9 3 5 8 7 2 10 indices 2 -1 3 4 -1 1 3 4 -1 4 1 2 2 1 3 -1 2 1 3 4 2 1 3 4 2 1 3 4 2 1 3 4 2 1 3 4 2 1 3 4 value 0.0 0.0 0.0 0.0 0.0 0.0 0.0 0.0 10.0 0.0 0.0 0.0 0.0 0.0 0.0 0.0 0.0 0.0 0.0 0.0 0.0 0.0 0.0 0.0 0.0 0.0 0.0 0.0 0.0 0.0 0.0 0.0 0.0 0.0 0.0 0.0 0.0 0.0 0.0 0.0 
57.85798645019531 -48.89796447753906 179.1305694580078 -236.63058471679688 -6.514041423797607 6.180792808532715 81.07621765136719 -202.26907348632812 -68.20153045654297 94.66836547851562 140.2646942138672 43.00257110595703 -88.15471649169922 -77.92466735839844 -142.06198120117188 244.49734497070312 -22.144615173339844 -68.38038635253906 -131.25259399414062 245.7535858154297 output 1 6 2 4 9 7 8 10 5 3 indices 2 -1 3 4 -1 1 3 4 2 1 -1 4 2 1 3 -1 2 1 3 4 2 1 3 4 2 1 3 4 2 1 3 4 2 1 3 4 -1 3 1 2 value 0.0 0.0 0.0 0.0 0.0 0.0 0.0 0.0 0.0 0.0 0.0 0.0 0.0 0.0 0.0 0.0 0.0 0.0 0.0 0.0 0.0 0.0 0.0 0.0 0.0 0.0 0.0 0.0 0.0 0.0 0.0 0.0 0.0 0.0 0.0 0.0 10.0 0.0 0.0 0.0 
62.683807373046875 212.19583129882812 54.22957229614258 -28.32118797302246 -34.52838134765625 -49.90610122680664 2.9003489017486572 -236.118408203125 -167.2865753173828 -149.58889770507812 27.345735549926758 -137.98126220703125 141.05386352539062 47.50634765625 -8.730766296386719 230.2559814453125 -160.1983184814453 -136.7952880859375 82.53071594238281 248.75296020507812 output 3 2 7 10 1 8 5 9 4 6 indices 2 -1 3 4 -1 1 3 4 2 1 -1 4 2 1 3 -1 2 1 3 4 2 1 3 4 2 1 3 4 2 1 3 4 2 1 3 4 -1 3 1 2 value 0.0 0.0 0.0 0.0 0.0 0.0 0.0 0.0 0.0 0.0 0.0 0.0 0.0 0.0 0.0 0.0 0.0 0.0 0.0 0.0 0.0 0.0 0.0 0.0 0.0 0.0 0.0 0.0 0.0 0.0 0.0 0.0 0.0 0.0 0.0 0.0 10.0 0.0 0.0 0.0 
-150.65074157714844 -81.78189086914062 -63.26021194458008 434.3417663574219 -117.98783874511719 53.86679458618164 137.8871612548828 -166.35723876953125 177.55691528320312 123.23188018798828 134.05340576171875 -122.83866882324219 181.52517700195312 5.371177673339844 -164.53228759765625 11.243139266967773 -167.26620483398438 -151.5463104248047 32.674644470214844 -105.53064727783203 output 7 5 2 9 8 1 3 10 6 4 indices 2 -1 3 4 -1 4 1 3 2 1 -1 4 2 1 3 -1 2 1 3 4 2 1 3 4 2 1 3 4 2 1 3 4 2 1 3 4 2 1 3 4 value 0.0 0.0 0.0 0.0 10.0 0.0 0.0 0.0 0.0 0.0 0.0 0.0 0.0 0.0 0.0 0.0 0.0 0.0 0.0 0.0 0.0 0.0 0.0 0.0 0.0 0.0 0.0 0.0 0.0 0.0 0.0 0.0 0.0 0.0 0.0 0.0 0.0 0.0 0.0 0.0 
51.00428771972656 -8.901577949523926 65.67544555664062 216.55397033691406 59.72937774658203 -108.99839782714844 148.29847717285156 -366.477783203125 -93.23833465576172 163.85098266601562 -133.63507080078125 241.4752197265625 34.716156005859375 -33.54682159423828 124.05863952636719 52.55607986450195 -87.41217041015625 172.42356872558594 -169.1968231201172 -328.93524169921875 output 1 8 4 2 9 5 6 10 3 7 indices 2 -1 3 4 -1 4 1 3 2 1 -1 4 2 1 3 -1 2 1 3 4 2 1 3 4 2 1 3 4 2 1 3 4 2 1 3 4 2 1 3 4 value 0.0 0.0 0.0 0.0 10.0 0.0 0.0 0.0 0.0 0.0 0.0 0.0 0.0 0.0 0.0 0.0 0.0 0.0 0.0 0.0 0.0 0.0 0.0 0.0 0.0 0.0 0.0 0.0 0.0 0.0 0.0 0.0 0.0 0.0 0.0 0.0 0.0 0.0 0.0 0.0 
38.47280502319336 105.55522918701172 -11.11355209350586 -164.9366455078125 97.13019561767578 203.4101104736328 -27.593746185302734 -126.34712219238281 -118.44145202636719 -93.47054290771484 -182.0187225341797 138.89865112304688 110.49101257324219 -359.7618103027344 69.89946746826172 103.82630920410156 69.91910552978516 132.53585815429688 -46.7451171875 60.289974212646484 output 3 7 2 4 5 6 10 1 8 9 indices 2 -1 3 4 -1 1 3 4 -1 4 1 2 2 1 3 -1 2 1 3 4 2 1 3 4 2 1 3 4 2 1 3 4 2 1 3 4 2 1 3 4 value 0.0 0.0 0.0 0.0 0.0 0.0 0.0 0.0 10.0 0.0 0.0 0.0 0.0 0.0 0.0 0.0 0.0 0.0 0.0 0.0 0.0 0.0 0.0 0.0 0.0 0.0 0.0 0.0 0.0 0.0 0.0 0.0 0.0 0.0 0.0 0.0 0.0 0.0 0.0 0.0 
-88.61357116699219 -142.72866821289062 -150.4661865234375 162.6229705810547 181.60716247558594 314.8905334472656 49.10129165649414 85.05489349365234 -84.2007827758789 -286.9779968261719 53.31304168701172 11.818290710449219 17.356124877929688 45.81480407714844 -64.17646026611328 -213.21713256835938 184.4330596923828 -128.71414184570312 -98.35369110107422 151.4364471435547 output 2 10 4 7 6 9 3 5 8 1 indices 2 -1 3 4 -1 1 3 4 -1 4 1 2 2 1 3 -1 2 1 3 4 2 1 3 4 2 1 3 4 2 1 3 4 2 1 3 4 2 1 3 4 value 0.0 0.0 0.0 0.0 0.0 0.0 0.0 0.0 10.0 0.0 0.0 0.0 0.0 0.0 0.0 0.0 0.0 0.0 0.0 0.0 0.0 0.0 0.0 0.0 0.0 0.0 0.0 0.0 0.0 0.0 0.0 0.0 0.0 0.0 0.0 0.0 0.0 0.0 0.0 0.0 
10.420567512512207 -99.7215576171875 168.25892639160156 64.44288635253906 65.41242218017578 125.9665756225586 69.76200866699219 -64.99471282958984 -84.87535095214844 103.24430847167969 -87.68309020996094 -21.49314308166504 -17.913564682006836 389.0540466308594 70.25894927978516 -233.62689208984375 -23.13340950012207 8.532571792602539 -170.5074462890625 -271.4040832519531 output 1 8 7 10 5 6 9 3 2 4 indices 2 -1 3 4 -1 1 3 4 2 1 -1 4 2 1 3 -1 2 1 3 4 2 1 3 4 -1 3 1 2 2 1 3 4 2 1 3 4 2 1 3 4 value 0.0 0.0 0.0 0.0 0.0 0.0 0.0 0.0 0.0 0.0 0.0 0.0 0.0 0.0 0.0 0.0 0.0 0.0 0.0 0.0 0.0 0.0 0.0 0.0 10.0 0.0 0.0 0.0 0.0 0.0 0.0 0.0 0.0 0.0 0.0 0.0 0.0 0.0 0.0 0.0 
-101.46735382080078 101.32840728759766 47.13551330566406 346.6168212890625 75.26195526123047 -132.58523559570312 96.50492095947266 -268.2049560546875 -106.9708251953125 -122.54248809814453 130.53883361816406 142.1519775390625 200.50123596191406 -308.5068054199219 -126.16230010986328 310.2283935546875 -89.38255310058594 107.3205795288086 -125.95942687988281 -175.8066864013672 output 1 5 10 8 2 4 3 7 6 9 indices 2 -1 3 4 -1 4 1 3 2 1 -1 4 2 1 3 -1 2 1 3 4 2 1 3 4 2 1 3 4 2 1 3 4 2 1 3 4 2 1 3 4 value 0.0 0.0 0.0 0.0 10.0 0.0 0.0 0.0 0.0 0.0 0.0 0.0 0.0 0.0 0.0 0.0 0.0 0.0 0.0 0.0 0.0 0.0 0.0 0.0 0.0 0.0 0.0 0.0 0.0 0.0 0.0 0.0 0.0 0.0 0.0 0.0 0.0 0.0 0.0 0.0 
22.842206954956055 -217.293212890625 -44.68001174926758 -82.27825927734375 27.483985900878906 19.52980613708496 -167.49368286132812 -89.21188354492188 23.800853729248047 260.1128234863281 -84.43370819091797 -94.70274353027344 -171.2609100341797 -113.44544982910156 43.902217864990234 -8.531551361083984 165.6774139404297 312.1119689941406 184.16163635253906 13.708495140075684 output 1 8 3 2 6 4 7 5 9 10 indices 2 -1 3 4 -1 1 3 4 2 1 -1 4 2 1 3 -1 2 1 3 4 2 1 3 4 2 1 3 4 2 1 3 4 -1 3 1 2 2 1 3 4 value 0.0 0.0 0.0 0.0 0.0 0.0 0.0 0.0 0.0 0.0 0.0 0.0 0.0 0.0 0.0 0.0 0.0 0.0 0.0 0.0 0.0 0.0 0.0 0.0 0.0 0.0 0.0 0.0 0.0 0.0 0.0 0.0 10.0 0.0 0.0 0.0 0.0 0.0 0.0 0.0 
60.69745635986328 106.52828216552734 0.380253404378891 -282.72161865234375 113.78133392333984 -42.242496490478516 -21.84716033935547 246.93507385253906 53.54783630371094 219.59326171875 -50.146358489990234 65.16787719726562 -128.71603393554688 -238.8147430419922 80.4587631225586 -65.4350814819336 -160.3275146484375 136.86231994628906 52.17142105102539 -145.87286376953125 output 1 3 8 10 2 7 9 6 4 5 indices 2 -1 3 4 -1 1 3 4 2 1 -1 4 -1 3 1 2 2 1 3 4 2 1 3 4 2 1 3 4 2 1 3 4 2 1 3 4 2 1 3 4 value 0.0 0.0 0.0 0.0 0.0 0.0 0.0 0.0 0.0 0.0 0.0 0.0 10.0 0.0 0.0 0.0 0.0 0.0 0.0 0.0 0.0 0.0 0.0 0.0 0.0 0.0 0.0 0.0 0.0 0.0 0.0 0.0 0.0 0.0 0.0 0.0 0.0 0.0 0.0 0.0 
140.2213134765625 -223.15078735351562 64.65934753417969 19.690670013427734 78.8425064086914 56.59721755981445 13.33502197265625 100.41143035888672 -145.1234588623047 -41.04081726074219 -95.74949645996094 163.0561981201172 -99.06322479248047 -90.9598388671875 -87.88964080810547 126.97215270996094 132.8485107421875 64.27839660644531 -2.080901622772217 -175.85462951660156 output 4 2 3 9 1 10 7 5 6 8 indices 2 -1 3 4 -1 1 3 4 2 1 -1 4 2 1 3 -1 2 1 3 4 -1 3 1 2 2 1 3 4 2 1 3 4 2 1 3 4 2 1 3 4 value 0.0 0.0 0.0 0.0 0.0 0.0 0.0 0.0 0.0 0.0 0.0 0.0 0.0 0.0 0.0 0.0 0.0 0.0 0.0 0.0 10.0 0.0 0.0 0.0 0.0 0.0 0.0 0.0 0.0 0.0 0.0 0.0 0.0 0.0 0.0 0.0 0.0 0.0 0.0 0.0 
71.17223358154297 -317.0661926269531 105.70391082763672 89.09475708007812 -96.21994018554688 131.35450744628906 54.39177703857422 -303.2413330078125 145.1820526123047 241.07518005371094 43.33618927001953 112.21044158935547 -180.70767211914062 120.79959869384766 58.030906677246094 136.6282958984375 -70.38975524902344 -274.0783996582031 -130.4997100830078 63.22311019897461 output 7 10 3 6 8 2 5 1 4 9 indices 2 -1 3 4 -1 1 3 4 2 1 -1 4 2 1 3 -1 -1 3 1 2 2 1 3 4 2 1 3 4 2 1 3 4 2 1 3 4 2 1 3 4 value 0.0 0.0 0.0 0.0 0.0 0.0 0.0 0.0 0.0 0.0 0.0 0.0 0.0 0.0 0.0 0.0 10.0 0.0 0.0 0.0 0.0 0.0 0.0 0.0 0.0 0.0 0.0 0.0 0.0 0.0 0.0 0.0 0.0 0.0 0.0 0.0 0.0 0.0 0.0 0.0 
149.3494415283203 221.00662231445312 -189.89869689941406 230.66233825683594 137.16876220703125 -258.0273742675781 -23.242351531982422 265.08233642578125 -169.91123962402344 16.045486450195312 78.73347473144531 210.8126983642578 -70.53526306152344 -100.43354034423828 110.11207580566406 -357.3083801269531 -98.6725845336914 -105.19944763183594 76.89637756347656 -122.64070892333984 output 1 3 8 6 4 2 5 9 7 10 indices 2 -1 3 4 -1 1 3 4 2 1 -1 4 -1 3 1 2 2 1 3 4 2 1 3 4 2 1 3 4 2 1 3 4 2 1 3 4 2 1 3 4 value 0.0 0.0 0.0 0.0 0.0 0.0 0.0 0.0 0.0 0.0 0.0 0.0 10.0 0.0 0.0 0.0 0.0 0.0 0.0 0.0 0.0 0.0 0.0 0.0 0.0 0.0 0.0 0.0 0.0 0.0 0.0 0.0 0.0 0.0 0.0 0.0 0.0 0.0 0.0 0.0 
139.76971435546875 157.44639587402344 -121.94429016113281 -206.40879821777344 157.77749633789062 -106.71947479248047 94.62318420410156 182.41506958007812 -143.33021545410156 -22.509496688842773 -81.42975616455078 66.98133087158203 -157.6329803466797 130.903564453125 -86.6161117553711 -108.4162826538086 123.0625 -151.2759246826172 75.72044372558594 57.5836067199707 output 1 3 9 8 2 5 7 6 10 4 indices 2 -1 3 4 -1 1 3 4 2 1 -1 4 -1 3 1 2 2 1 3 4 2 1 3 4 2 1 3 4 2 1 3 4 2 1 3 4 2 1 3 4 value 0.0 0.0 0.0 0.0 0.0 0.0 0.0 0.0 0.0 0.0 0.0 0.0 10.0 0.0 0.0 0.0 0.0 0.0 0.0 0.0 0.0 0.0 0.0 0.0 0.0 0.0 0.0 0.0 0.0 0.0 0.0 0.0 0.0 0.0 0.0 0.0 0.0 0.0 0.0 0.0 
105.88350677490234 7.003150463104248 35.6204719543457 103.0723648071289 103.2376937866211 -190.5835418701172 -202.05560302734375 167.32818603515625 -76.03300476074219 36.90729904174805 -35.420257568359375 -196.89735412597656 109.05048370361328 172.99008178710938 -62.79861831665039 -361.135986328125 16.957380294799805 153.7712860107422 5.557942867279053 107.54450988769531 output 1 3 6 8 4 5 10 9 2 7 indices 2 -1 3 4 -1 1 3 4 2 1 -1 4 2 1 3 -1 2 1 3 4 2 1 3 4 -1 3 1 2 2 1 3 4 2 1 3 4 2 1 3 4 value 0.0 0.0 0.0 0.0 0.0 0.0 0.0 0.0 0.0 0.0 0.0 0.0 0.0 0.0 0.0 0.0 0.0 0.0 0.0 0.0 0.0 0.0 0.0 0.0 10.0 0.0 0.0 0.0 0.0 0.0 0.0 0.0 0.0 0.0 0.0 0.0 0.0 0.0 0.0 0.0 
-97.201904296875 222.5115509033203 137.56637573242188 353.13140869140625 -68.83515930175781 390.396240234375 -71.9605941772461 -166.76023864746094 -42.66737365722656 -275.3420715332031 -46.385684967041016 149.71493530273438 66.73367309570312 -187.4366455078125 73.60157012939453 -191.5994415283203 106.48612976074219 -24.751432418823242 -57.33704376220703 -269.86431884765625 output 3 5 10 4 7 8 2 9 6 1 indices 2 -1 3 4 -1 1 3 4 -1 4 1 2 2 1 3 -1 2 1 3 4 2 1 3 4 2 1 3 4 2 1 3 4 2 1 3 4 2 1 3 4 value 0.0 0.0 0.0 0.0 0.0 0.0 0.0 0.0 10.0 0.0 0.0 0.0 0.0 0.0 0.0 0.0 0.0 0.0 0.0 0.0 0.0 0.0 0.0 0.0 0.0 0.0 0.0 0.0 0.0 0.0 0.0 0.0 0.0 0.0 0.0 0.0 0.0 0.0 0.0 0.0 
92.84252166748047 -151.11236572265625 51.63018798828125 248.1541290283203 -127.36114501953125 174.9329376220703 30.90156364440918 -294.8362121582031 -73.31706237792969 261.43939208984375 -130.24560546875 124.53206634521484 17.06190299987793 -298.6234436035156 91.83186340332031 -383.8155517578125 -31.694686889648438 120.50856018066406 78.3504638671875 198.8204803466797 output 8 2 10 9 6 3 5 7 4 1 indices 2 -1 3 4 -1 4 1 3 2 1 -1 4 2 1 3 -1 2 1 3 4 2 1 3 4 2 1 3 4 2 1 3 4 2 1 3 4 2 1 3 4 value 0.0 0.0 0.0 0.0 10.0 0.0 0.0 0.0 0.0 0.0 0.0 0.0 0.0 0.0 0.0 0.0 0.0 0.0 0.0 0.0 0.0 0.0 0.0 0.0 0.0 0.0 0.0 0.0 0.0 0.0 0.0 0.0 0.0 0.0 0.0 0.0 0.0 0.0 0.0 0.0 
5.581536293029785 216.56809997558594 95.41653442382812 -196.48056030273438 -57.53667449951172 84.49996948242188 29.573184967041016 -180.2674102783203 -31.46613121032715 168.8566131591797 92.63261413574219 175.4013214111328 14.298531532287598 -356.9783630371094 -163.9154052734375 191.22262573242188 -99.31352996826172 76.19917297363281 114.72933959960938 -179.02149963378906 output 5 1 6 10 2 4 7 8 9 3 indices -1 4 2 3 -1 1 3 4 2 1 -1 4 2 1 3 -1 2 1 3 4 2 1 3 4 2 1 3 4 2 1 3 4 2 1 3 4 2 1 3 4 value 10.0 0.0 0.0 0.0 0.0 0.0 0.0 0.0 0.0 0.0 0.0 0.0 0.0 0.0 0.0 0.0 0.0 0.0 0.0 0.0 0.0 0.0 0.0 0.0 0.0 0.0 0.0 0.0 0.0 0.0 0.0 0.0 0.0 0.0 0.0 0.0 0.0 0.0 0.0 0.0 
-41.430328369140625 46.38890075683594 18.861539840698242 263.31787109375 -53.32966995239258 154.53176879882812 -58.7297477722168 48.08549118041992 55.594635009765625 -93.81417846679688 -84.62983703613281 -412.9013671875 -73.86205291748047 -73.20471954345703 22.708871841430664 -110.87786865234375 83.40497589111328 198.8157196044922 131.41160583496094 -20.34161376953125 output 7 4 1 3 6 2 9 10 5 8 indices 2 -1 3 4 -1 4 1 3 2 1 -1 4 2 1 3 -1 2 1 3 4 2 1 3 4 2 1 3 4 2 1 3 4 2 1 3 4 2 1 3 4 value 0.0 0.0 0.0 0.0 10.0 0.0 0.0 0.0 0.0 0.0 0.0 0.0 0.0 0.0 0.0 0.0 0.0 0.0 0.0 0.0 0.0 0.0 0.0 0.0 0.0 0.0 0.0 0.0 0.0 0.0 0.0 0.0 0.0 0.0 0.0 0.0 0.0 0.0 0.0 0.0 
-107.45785522460938 -58.815372467041016 92.83856201171875 -187.36904907226562 142.76611328125 71.40406799316406 59.6458625793457 129.41465759277344 -164.02117919921875 -108.771484375 47.333251953125 -212.7643585205078 10.4569730758667 -198.77577209472656 135.865966796875 420.468505859375 -169.47091674804688 100.7069091796875 -47.956787109375 44.501914978027344 output 2 8 3 4 10 9 5 1 7 6 indices 2 -1 3 4 -1 1 3 4 2 1 -1 4 2 1 3 -1 2 1 3 4 2 1 3 4 2 1 3 4 -1 3 1 2 2 1 3 4 2 1 3 4 value 0.0 0.0 0.0 0.0 0.0 0.0 0.0 0.0 0.0 0.0 0.0 0.0 0.0 0.0 0.0 0.0 0.0 0.0 0.0 0.0 0.0 0.0 0.0 0.0 0.0 0.0 0.0 0.0 10.0 0.0 0.0 0.0 0.0 0.0 0.0 0.0 0.0 0.0 0.0 0.0 
-125.1025619506836 132.1024627685547 4.054233551025391 -189.33926391601562 -11.628342628479004 15.910332679748535 -100.81380462646484 -24.999425888061523 -8.058687210083008 -12.751214027404785 88.34017944335938 -46.199161529541016 -200.957763671875 190.95069885253906 74.68238067626953 113.75503540039062 139.06741333007812 -152.0160675048828 140.41696166992188 -27.413389205932617 output 10 9 6 2 7 1 4 5 3 8 indices 2 -1 3 4 -1 1 3 4 2 1 -1 4 2 1 3 -1 2 1 3 4 2 1 3 4 -1 3 1 2 2 1 3 4 2 1 3 4 2 1 3 4 value 0.0 0.0 0.0 0.0 0.0 0.0 0.0 0.0 0.0 0.0 0.0 0.0 0.0 0.0 0.0 0.0 0.0 0.0 0.0 0.0 0.0 0.0 0.0 0.0 10.0 0.0 0.0 0.0 0.0 0.0 0.0 0.0 0.0 0.0 0.0 0.0 0.0 0.0 0.0 0.0 
17.00431251525879 171.17430114746094 -14.900138854980469 -304.1985168457031 82.58988189697266 -311.10345458984375 77.359619140625 -218.97654724121094 -80.80380249023438 72.20072174072266 -115.92745971679688 -50.911888122558594 26.106353759765625 154.9575653076172 -13.021271705627441 120.39966583251953 -18.35114097595215 66.73046875 39.94364547729492 299.7276611328125 output 1 7 8 9 5 6 2 4 3 10 indices 2 -1 3 4 -1 1 3 4 2 1 -1 4 2 1 3 -1 2 1 3 4 2 1 3 4 2 1 3 4 2 1 3 4 2 1 3 4 -1 3 1 2 value 0.0 0.0 0.0 0.0 0.0 0.0 0.0 0.0 0.0 0.0 0.0 0.0 0.0 0.0 0.0 0.0 0.0 0.0 0.0 0.0 0.0 0.0 0.0 0.0 0.0 0.0 0.0 0.0 0.0 0.0 0.0 0.0 0.0 0.0 0.0 0.0 10.0 0.0 0.0 0.0 
-168.64385986328125 38.7175178527832 4.122936248779297 -175.48146057128906 127.44641876220703 3.2619364261627197 148.90032958984375 209.6320037841797 -27.781240463256836 -161.8570556640625 57.460784912109375 -112.35562133789062 -21.883764266967773 168.94369506835938 18.02617645263672 -397.49468994140625 -60.53451919555664 318.7650451660156 -77.1132583618164 107.8686294555664 output 2 5 1 10 7 9 8 4 3 6 indices 2 -1 3 4 -1 1 3 4 2 1 -1 4 2 1 3 -1 2 1 3 4 2 1 3 4 2 1 3 4 2 1 3 4 -1 3 1 2 2 1 3 4 value 0.0 0.0 0.0 0.0 0.0 0.0 0.0 0.0 0.0 0.0 0.0 0.0 0.0 0.0 0.0 0.0 0.0 0.0 0.0 0.0 0.0 0.0 0.0 0.0 0.0 0.0 0.0 0.0 0.0 0.0 0.0 0.0 10.0 0.0 0.0 0.0 0.0 0.0 0.0 0.0 
34.33319854736328 80.61176300048828 -114.12471008300781 -8.757655143737793 15.48377513885498 104.06881713867188 -143.637451171875 77.59719848632812 83.41209411621094 -58.798702239990234 -161.081298828125 132.1134796142578 110.4149398803711 -88.14120483398438 45.378108978271484 123.14582061767578 -12.833810806274414 -170.677490234375 142.65516662597656 -191.1620330810547 output 1 8 10 7 5 9 2 4 6 3 indices 2 -1 3 4 -1 1 3 4 2 1 -1 4 2 1 3 -1 2 1 3 4 2 1 3 4 2 1 3 4 -1 3 1 2 2 1 3 4 2 1 3 4 value 0.0 0.0 0.0 0.0 0.0 0.0 0.0 0.0 0.0 0.0 0.0 0.0 0.0 0.0 0.0 0.0 0.0 0.0 0.0 0.0 0.0 0.0 0.0 0.0 0.0 0.0 0.0 0.0 10.0 0.0 0.0 0.0 0.0 0.0 0.0 0.0 0.0 0.0 0.0 0.0 
96.80876159667969 -79.64790344238281 -98.47032165527344 -164.24061584472656 39.968997955322266 210.03184509277344 3.6418581008911133 8.997909545898438 56.214996337890625 153.08444213867188 -5.513004779815674 -133.623291015625 -71.5501937866211 353.5794372558594 89.41588592529297 -108.15362548828125 -49.28737258911133 84.78152465820312 -61.229610443115234 -324.80975341796875 output 1 8 6 2 10 7 3 5 9 4 indices 2 -1 3 4 -1 1 3 4 2 1 -1 4 2 1 3 -1 2 1 3 4 2 1 3 4 -1 3 1 2 2 1 3 4 2 1 3 4 2 1 3 4 value 0.0 0.0 0.0 0.0 0.0 0.0 0.0 0.0 0.0 0.0 0.0 0.0 0.0 0.0 0.0 0.0 0.0 0.0 0.0 0.0 0.0 0.0 0.0 0.0 10.0 0.0 0.0 0.0 0.0 0.0 0.0 0.0 0.0 0.0 0.0 0.0 0.0 0.0 0.0 0.0 
-96.94847869873047 -35.430824279785156 -86.44363403320312 70.45734405517578 -114.18167114257812 319.2902526855469 172.97586059570312 225.67855834960938 -16.525888442993164 -72.92516326904297 73.7024917602539 -260.4979248046875 152.47683715820312 -19.948246002197266 152.82557678222656 -271.8338928222656 -92.4715347290039 10.046589851379395 -145.40956115722656 35.16331100463867 output 8 4 7 5 1 9 2 10 3 6 indices 2 -1 3 4 -1 1 3 4 -1 4 1 2 2 1 3 -1 2 1 3 4 2 1 3 4 2 1 3 4 2 1 3 4 2 1 3 4 2 1 3 4 value 0.0 0.0 0.0 0.0 0.0 0.0 0.0 0.0 10.0 0.0 0.0 0.0 0.0 0.0 0.0 0.0 0.0 0.0 0.0 0.0 0.0 0.0 0.0 0.0 0.0 0.0 0.0 0.0 0.0 0.0 0.0 0.0 0.0 0.0 0.0 0.0 0.0 0.0 0.0 0.0 
178.85348510742188 -326.58099365234375 156.9301300048828 -340.32550048828125 121.36077117919922 -35.866458892822266 -76.11602783203125 42.881343841552734 132.17129516601562 240.2882080078125 -101.11666107177734 292.53955078125 -111.80455780029297 -77.53700256347656 -120.5438232421875 -114.16570281982422 -152.7086181640625 15.484365463256836 -27.025991439819336 303.2821960449219 output 10 6 9 8 7 4 3 1 2 5 indices 2 -1 3 4 -1 1 3 4 2 1 -1 4 2 1 3 -1 2 1 3 4 2 1 3 4 2 1 3 4 2 1 3 4 2 1 3 4 -1 3 1 2 value 0.0 0.0 0.0 0.0 0.0 0.0 0.0 0.0 0.0 0.0 0.0 0.0 0.0 0.0 0.0 0.0 0.0 0.0 0.0 0.0 0.0 0.0 0.0 0.0 0.0 0.0 0.0 0.0 0.0 0.0 0.0 0.0 0.0 0.0 0.0 0.0 10.0 0.0 0.0 0.0 
-45.452938079833984 72.44036102294922 -43.82427215576172 -151.966796875 -76.80953216552734 -74.84969329833984 -56.850833892822266 -97.0350341796875 136.3035125732422 353.24017333984375 -6.754736423492432 154.41943359375 120.4958267211914 -152.67286682128906 92.77230072021484 -240.07810974121094 -131.3100128173828 143.03738403320312 11.430685043334961 -6.534839153289795 output 1 10 7 5 8 2 4 3 9 6 indices 2 -1 3 4 -1 1 3 4 2 1 -1 4 2 1 3 -1 -1 3 1 2 2 1 3 4 2 1 3 4 2 1 3 4 2 1 3 4 2 1 3 4 value 0.0 0.0 0.0 0.0 0.0 0.0 0.0 0.0 0.0 0.0 0.0 0.0 0.0 0.0 0.0 0.0 10.0 0.0 0.0 0.0 0.0 0.0 0.0 0.0 0.0 0.0 0.0 0.0 0.0 0.0 0.0 0.0 0.0 0.0 0.0 0.0 0.0 0.0 0.0 0.0 
-128.09300231933594 270.3324279785156 100.00078582763672 -213.59893798828125 -68.86498260498047 107.10523223876953 61.904659271240234 77.8873519897461 -76.0438003540039 204.3776092529297 -64.89533233642578 305.6327209472656 184.53562927246094 -251.4300079345703 -102.12029266357422 -148.22445678710938 0.693636953830719 -189.32672119140625 92.88269805908203 -162.7552032470703 output 4 7 2 10 9 8 1 6 5 3 indices 2 -1 3 4 -1 1 3 4 2 1 -1 4 2 1 3 -1 2 1 3 4 -1 3 1 2 2 1 3 4 2 1 3 4 2 1 3 4 2 1 3 4 value 0.0 0.0 0.0 0.0 0.0 0.0 0.0 0.0 0.0 0.0 0.0 0.0 0.0 0.0 0.0 0.0 0.0 0.0 0.0 0.0 10.0 0.0 0.0 0.0 0.0 0.0 0.0 0.0 0.0 0.0 0.0 0.0 0.0 0.0 0.0 0.0 0.0 0.0 0.0 0.0 
80.29395294189453 -184.2166748046875 48.79589080810547 196.87535095214844 -50.83278274536133 2.6048929691314697 39.72869873046875 103.89795684814453 99.08011627197266 -36.0400505065918 -27.589263916015625 104.73448181152344 32.59290313720703 240.70367431640625 -41.274696350097656 73.21449279785156 44.203121185302734 -260.8130798339844 -224.99794006347656 -240.96104431152344 output 9 1 5 7 2 4 6 8 3 10 indices 2 -1 3 4 -1 1 3 4 2 1 -1 4 2 1 3 -1 2 1 3 4 2 1 3 4 -1 3 1 2 2 1 3 4 2 1 3 4 2 1 3 4 value 0.0 0.0 0.0 0.0 0.0 0.0 0.0 0.0 0.0 0.0 0.0 0.0 0.0 0.0 0.0 0.0 0.0 0.0 0.0 0.0 0.0 0.0 0.0 0.0 10.0 0.0 0.0 0.0 0.0 0.0 0.0 0.0 0.0 0.0 0.0 0.0 0.0 0.0 0.0 0.0 
1.5431596040725708 41.57759094238281 -13.83447265625 47.620140075683594 -139.68504333496094 -265.2407531738281 -44.53953170776367 105.4699935913086 -45.631690979003906 222.60592651367188 -34.461524963378906 249.50051879882812 50.75425720214844 287.0873718261719 199.4847412109375 -270.6994934082031 -136.27597045898438 -246.06077575683594 162.6460723876953 -171.8605194091797 output 4 2 1 10 8 7 6 5 3 9 indices 2 -1 3 4 -1 1 3 4 2 1 -1 4 2 1 3 -1 2 1 3 4 2 1 3 4 -1 3 1 2 2 1 3 4 2 1 3 4 2 1 3 4 value 0.0 0.0 0.0 0.0 0.0 0.0 0.0 0.0 0.0 0.0 0.0 0.0 0.0 0.0 0.0 0.0 0.0 0.0 0.0 0.0 0.0 0.0 0.0 0.0 10.0 0.0 0.0 0.0 0.0 0.0 0.0 0.0 0.0 0.0 0.0 0.0 0.0 0.0 0.0 0.0 
-20.90411376953125 52.88231658935547 28.49355697631836 -6.217257022857666 -52.84111785888672 124.10492706298828 -3.160629987716675 47.79229736328125 201.75962829589844 362.6982421875 -26.211515426635742 -127.24302673339844 -22.327741622924805 -287.7322692871094 11.3671236038208 -141.12899780273438 -106.30290985107422 99.18618774414062 -9.872282981872559 -124.34241485595703 output 3 9 6 10 8 7 5 2 4 1 indices 2 -1 3 4 -1 1 3 4 2 1 -1 4 2 1 3 -1 -1 3 1 2 2 1 3 4 2 1 3 4 2 1 3 4 2 1 3 4 2 1 3 4 value 0.0 0.0 0.0 0.0 0.0 0.0 0.0 0.0 0.0 0.0 0.0 0.0 0.0 0.0 0.0 0.0 10.0 0.0 0.0 0.0 0.0 0.0 0.0 0.0 0.0 0.0 0.0 0.0 0.0 0.0 0.0 0.0 0.0 0.0 0.0 0.0 0.0 0.0 0.0 0.0 
181.579833984375 -322.23529052734375 -39.85314178466797 162.6221923828125 188.1450653076172 187.2538604736328 -139.55760192871094 92.4751968383789 -8.414994239807129 190.69943237304688 24.572168350219727 171.15829467773438 71.85773468017578 -205.77328491210938 -143.89633178710938 -122.29206085205078 -52.192901611328125 -329.4720764160156 -82.23983001708984 175.56375122070312 output 1 3 6 5 2 10 4 8 9 7 indices 2 -1 3 4 -1 1 3 4 -1 4 1 2 2 1 3 -1 2 1 3 4 2 1 3 4 2 1 3 4 2 1 3 4 2 1 3 4 2 1 3 4 value 0.0 0.0 0.0 0.0 0.0 0.0 0.0 0.0 10.0 0.0 0.0 0.0 0.0 0.0 0.0 0.0 0.0 0.0 0.0 0.0 0.0 0.0 0.0 0.0 0.0 0.0 0.0 0.0 0.0 0.0 0.0 0.0 0.0 0.0 0.0 0.0 0.0 0.0 0.0 0.0 
-180.176513671875 -144.74935913085938 -85.67896270751953 431.0739440917969 89.22315979003906 -229.1285400390625 139.70591735839844 -56.20724868774414 33.254581451416016 -119.52933502197266 41.15238952636719 3.1907835006713867 126.26265716552734 329.4307556152344 127.48065948486328 -227.29330444335938 -160.28297424316406 53.24131393432617 -130.94091796875 -40.02899169921875 output 1 9 10 5 6 4 7 8 3 2 indices 2 -1 3 4 -1 4 1 3 2 1 -1 4 2 1 3 -1 2 1 3 4 2 1 3 4 2 1 3 4 2 1 3 4 2 1 3 4 2 1 3 4 value 0.0 0.0 0.0 0.0 10.0 0.0 0.0 0.0 0.0 0.0 0.0 0.0 0.0 0.0 0.0 0.0 0.0 0.0 0.0 0.0 0.0 0.0 0.0 0.0 0.0 0.0 0.0 0.0 0.0 0.0 0.0 0.0 0.0 0.0 0.0 0.0 0.0 0.0 0.0 0.0 
50.75655746459961 -36.75718307495117 123.21524810791016 354.41119384765625 -46.64375686645508 -291.2132873535156 -1.9475349187850952 34.0164794921875 90.8354721069336 -121.4870834350586 -160.55674743652344 316.5695495605469 90.47540283203125 -234.080322265625 -196.62110900878906 -123.84627532958984 28.783912658691406 144.87774658203125 21.702560424804688 -42.49082946777344 output 2 7 3 6 8 9 4 10 1 5 indices 2 -1 3 4 -1 4 1 3 2 1 -1 4 2 1 3 -1 2 1 3 4 2 1 3 4 2 1 3 4 2 1 3 4 2 1 3 4 2 1 3 4 value 0.0 0.0 0.0 0.0 10.0 0.0 0.0 0.0 0.0 0.0 0.0 0.0 0.0 0.0 0.0 0.0 0.0 0.0 0.0 0.0 0.0 0.0 0.0 0.0 0.0 0.0 0.0 0.0 0.0 0.0 0.0 0.0 0.0 0.0 0.0 0.0 0.0 0.0 0.0 0.0 
-84.66300964355469 -103.16950988769531 135.07843017578125 -156.26119995117188 143.6668701171875 213.0501708984375 118.3798828125 262.97003173828125 -121.18733978271484 -98.3219985961914 19.904212951660156 -211.6547393798828 -102.1545181274414 101.34618377685547 6.3394856452941895 -208.67584228515625 -27.556297302246094 23.938962936401367 -87.80770874023438 176.7779541015625 output 3 4 10 7 9 5 1 8 6 2 indices 2 -1 3 4 -1 1 3 4 2 1 -1 4 -1 3 1 2 2 1 3 4 2 1 3 4 2 1 3 4 2 1 3 4 2 1 3 4 2 1 3 4 value 0.0 0.0 0.0 0.0 0.0 0.0 0.0 0.0 0.0 0.0 0.0 0.0 10.0 0.0 0.0 0.0 0.0 0.0 0.0 0.0 0.0 0.0 0.0 0.0 0.0 0.0 0.0 0.0 0.0 0.0 0.0 0.0 0.0 0.0 0.0 0.0 0.0 0.0 0.0 0.0 
69.44475555419922 199.71775817871094 -26.18031120300293 -107.13581085205078 50.545677185058594 244.552001953125 11.419032096862793 -167.08187866210938 120.62200927734375 -53.67326354980469 -19.799779891967773 -49.90596008300781 82.55685424804688 -23.904987335205078 -212.55726623535156 202.16436767578125 -14.79765796661377 -69.07543182373047 -61.253318786621094 -175.65679931640625 output 7 5 1 3 8 10 4 2 9 6 indices 2 -1 3 4 -1 1 3 4 -1 4 1 2 2 1 3 -1 2 1 3 4 2 1 3 4 2 1 3 4 2 1 3 4 2 1 3 4 2 1 3 4 value 0.0 0.0 0.0 0.0 0.0 0.0 0.0 0.0 10.0 0.0 0.0 0.0 0.0 0.0 0.0 0.0 0.0 0.0 0.0 0.0 0.0 0.0 0.0 0.0 0.0 0.0 0.0 0.0 0.0 0.0 0.0 0.0 0.0 0.0 0.0 0.0 0.0 0.0 0.0 0.0 
17.393741607666016 -328.4505310058594 -24.355730056762695 17.232831954956055 -31.993314743041992 -136.6121368408203 128.47630310058594 213.1202392578125 -176.99232482910156 18.36775016784668 -95.88107299804688 106.97537231445312 55.049983978271484 -8.849611282348633 129.82180786132812 222.3220672607422 -138.05160522460938 -40.578975677490234 136.53221130371094 -63.527000427246094 output 10 4 8 1 3 9 5 6 2 7 indices 2 -1 3 4 -1 1 3 4 2 1 -1 4 2 1 3 -1 2 1 3 4 2 1 3 4 2 1 3 4 -1 3 1 2 2 1 3 4 2 1 3 4 value 0.0 0.0 0.0 0.0 0.0 0.0 0.0 0.0 0.0 0.0 0.0 0.0 0.0 0.0 0.0 0.0 0.0 0.0 0.0 0.0 0.0 0.0 0.0 0.0 0.0 0.0 0.0 0.0 10.0 0.0 0.0 0.0 0.0 0.0 0.0 0.0 0.0 0.0 0.0 0.0 
58.70425033569336 -21.144357681274414 12.978081703186035 198.02618408203125 -107.47320556640625 -270.0517578125 -114.96981048583984 63.1868896484375 17.324522018432617 68.57583618164062 141.19676208496094 -24.537748336791992 71.5137710571289 155.47398376464844 -148.23866271972656 258.5644836425781 -62.952510833740234 -293.736083984375 131.91680908203125 -134.3574676513672 output 2 7 5 1 6 10 9 3 8 4 indices 2 -1 3 4 -1 1 3 4 2 1 -1 4 2 1 3 -1 2 1 3 4 2 1 3 4 2 1 3 4 -1 3 1 2 2 1 3 4 2 1 3 4 value 0.0 0.0 0.0 0.0 0.0 0.0 0.0 0.0 0.0 0.0 0.0 0.0 0.0 0.0 0.0 0.0 0.0 0.0 0.0 0.0 0.0 0.0 0.0 0.0 0.0 0.0 0.0 0.0 10.0 0.0 0.0 0.0 0.0 0.0 0.0 0.0 0.0 0.0 0.0 0.0 
189.27223205566406 23.802106857299805 -65.16304016113281 127.85721588134766 1.2745877504348755 0.31409329175949097 -59.64236068725586 -160.16395568847656 16.749847412109375 -69.5529556274414 2.2283241748809814 229.55862426757812 0.8569104671478271 -129.7656707763672 -33.812225341796875 347.1998291015625 -83.47467041015625 -209.82456970214844 31.710399627685547 -159.4247283935547 output 1 5 10 7 4 9 8 6 2 3 indices 2 -1 3 4 -1 1 3 4 2 1 -1 4 2 1 3 -1 2 1 3 4 2 1 3 4 2 1 3 4 -1 3 1 2 2 1 3 4 2 1 3 4 value 0.0 0.0 0.0 0.0 0.0 0.0 0.0 0.0 0.0 0.0 0.0 0.0 0.0 0.0 0.0 0.0 0.0 0.0 0.0 0.0 0.0 0.0 0.0 0.0 0.0 0.0 0.0 0.0 10.0 0.0 0.0 0.0 0.0 0.0 0.0 0.0 0.0 0.0 0.0 0.0 
9.365297317504883 -62.078041076660156 -94.537353515625 61.74385452270508 108.66326141357422 -85.30974578857422 -111.32322692871094 54.863861083984375 91.98185729980469 3.633635997772217 111.33814239501953 190.24668884277344 -86.58506774902344 388.81536865234375 -166.49256896972656 -160.04808044433594 47.819969177246094 -267.6678771972656 89.76968383789062 -124.19965362548828 output 7 9 10 3 6 5 1 2 4 8 indices 2 -1 3 4 -1 1 3 4 2 1 -1 4 2 1 3 -1 2 1 3 4 2 1 3 4 -1 3 1 2 2 1 3 4 2 1 3 4 2 1 3 4 value 0.0 0.0 0.0 0.0 0.0 0.0 0.0 0.0 0.0 0.0 0.0 0.0 0.0 0.0 0.0 0.0 0.0 0.0 0.0 0.0 0.0 0.0 0.0 0.0 10.0 0.0 0.0 0.0 0.0 0.0 0.0 0.0 0.0 0.0 0.0 0.0 0.0 0.0 0.0 0.0 
14.793110847473145 238.2993621826172 -76.34137725830078 -285.8378601074219 68.94669342041016 -10.167712211608887 -153.04013061523438 0.6096203327178955 54.3794059753418 -283.00811767578125 135.5520782470703 -115.67926788330078 -208.748046875 27.58942985534668 38.74320602416992 140.14865112304688 10.16143798828125 206.00315856933594 115.55361938476562 82.04273986816406 output 5 2 7 4 1 9 8 3 10 6 indices -1 4 2 3 -1 1 3 4 2 1 -1 4 2 1 3 -1 2 1 3 4 2 1 3 4 2 1 3 4 2 1 3 4 2 1 3 4 2 1 3 4 value 10.0 0.0 0.0 0.0 0.0 0.0 0.0 0.0 0.0 0.0 0.0 0.0 0.0 0.0 0.0 0.0 0.0 0.0 0.0 0.0 0.0 0.0 0.0 0.0 0.0 0.0 0.0 0.0 0.0 0.0 0.0 0.0 0.0 0.0 0.0 0.0 0.0 0.0 0.0 0.0 
-80.08332824707031 -20.60367774963379 56.643131256103516 -90.56646728515625 -137.06790161132812 90.08828735351562 -124.01008605957031 -248.60702514648438 -54.992515563964844 167.5422821044922 -24.853776931762695 22.112653732299805 64.29277801513672 -19.690174102783203 172.89300537109375 281.6609191894531 120.19889831542969 -208.8695831298828 6.979794979095459 26.932781219482422 output 9 8 5 3 4 1 6 10 7 2 indices 2 -1 3 4 -1 1 3 4 2 1 -1 4 2 1 3 -1 2 1 3 4 2 1 3 4 2 1 3 4 -1 3 1 2 2 1 3 4 2 1 3 4 value 0.0 0.0 0.0 0.0 0.0 0.0 0.0 0.0 0.0 0.0 0.0 0.0 0.0 0.0 0.0 0.0 0.0 0.0 0.0 0.0 0.0 0.0 0.0 0.0 0.0 0.0 0.0 0.0 10.0 0.0 0.0 0.0 0.0 0.0 0.0 0.0 0.0 0.0 0.0 0.0 
-91.81181335449219 59.78620529174805 25.408931732177734 -288.830078125 73.4229736328125 113.6692886352539 -124.71945190429688 114.15789794921875 133.52328491210938 78.6943588256836 111.56559753417969 59.06977844238281 -65.3772964477539 -36.28462600708008 -141.4893798828125 -229.08029174804688 -83.30751037597656 105.81197357177734 162.78465270996094 23.0054874420166 output 6 3 9 4 1 7 8 2 10 5 indices 2 -1 3 4 -1 1 3 4 -1 4 1 2 2 1 3 -1 2 1 3 4 2 1 3 4 2 1 3 4 2 1 3 4 2 1 3 4 2 1 3 4 value 0.0 0.0 0.0 0.0 0.0 0.0 0.0 0.0 10.0 0.0 0.0 0.0 0.0 0.0 0.0 0.0 0.0 0.0 0.0 0.0 0.0 0.0 0.0 0.0 0.0 0.0 0.0 0.0 0.0 0.0 0.0 0.0 0.0 0.0 0.0 0.0 0.0 0.0 0.0 0.0 
-119.19142150878906 -160.1216278076172 33.060550689697266 -111.9539566040039 -51.319557189941406 -16.858848571777344 32.377620697021484 406.6988830566406 71.19105529785156 166.0934600830078 -172.2427520751953 -80.6483383178711 25.514352798461914 -249.81430053710938 106.66167449951172 -69.38868713378906 -68.3753433227539 196.24876403808594 142.32382202148438 -80.25534057617188 output 1 6 9 5 8 10 4 7 2 3 indices 2 -1 3 4 -1 1 3 4 2 1 -1 4 -1 3 1 2 2 1 3 4 2 1 3 4 2 1 3 4 2 1 3 4 2 1 3 4 2 1 3 4 value 0.0 0.0 0.0 0.0 0.0 0.0 0.0 0.0 0.0 0.0 0.0 0.0 10.0 0.0 0.0 0.0 0.0 0.0 0.0 0.0 0.0 0.0 0.0 0.0 0.0 0.0 0.0 0.0 0.0 0.0 0.0 0.0 0.0 0.0 0.0 0.0 0.0 0.0 0.0 0.0 
-69.57434844970703 165.70472717285156 7.774445056915283 58.791290283203125 89.38361358642578 9.80443286895752 -110.81190490722656 -108.88298797607422 38.840911865234375 10.351221084594727 -44.84447479248047 13.701333999633789 146.08033752441406 75.26781463623047 116.3826675415039 -18.991985321044922 -159.6478271484375 -28.846364974975586 -13.583415985107422 -176.8994903564453 output 7 8 3 5 2 6 1 9 4 10 indices -1 4 2 3 -1 1 3 4 2 1 -1 4 2 1 3 -1 2 1 3 4 2 1 3 4 2 1 3 4 2 1 3 4 2 1 3 4 2 1 3 4 value 10.0 0.0 0.0 0.0 0.0 0.0 0.0 0.0 0.0 0.0 0.0 0.0 0.0 0.0 0.0 0.0 0.0 0.0 0.0 0.0 0.0 0.0 0.0 0.0 0.0 0.0 0.0 0.0 0.0 0.0 0.0 0.0 0.0 0.0 0.0 0.0 0.0 0.0 0.0 0.0 
105.13642120361328 -222.98182678222656 -57.51926803588867 22.15507698059082 -25.477785110473633 -116.29718780517578 22.16520881652832 -61.06153869628906 46.29994583129883 6.542818069458008 41.95943832397461 383.47802734375 -73.35865020751953 28.73642349243164 -215.9125213623047 1.4892675876617432 48.303871154785156 -141.4659423828125 108.40333557128906 99.40487670898438 output 1 6 10 5 2 7 8 3 4 9 indices 2 -1 3 4 -1 1 3 4 2 1 -1 4 2 1 3 -1 2 1 3 4 -1 3 1 2 2 1 3 4 2 1 3 4 2 1 3 4 2 1 3 4 value 0.0 0.0 0.0 0.0 0.0 0.0 0.0 0.0 0.0 0.0 0.0 0.0 0.0 0.0 0.0 0.0 0.0 0.0 0.0 0.0 10.0 0.0 0.0 0.0 0.0 0.0 0.0 0.0 0.0 0.0 0.0 0.0 0.0 0.0 0.0 0.0 0.0 0.0 0.0 0.0 
77.4442367553711 345.34515380859375 26.306385040283203 -148.04910278320312 -104.5822982788086 -271.9582214355469 43.303104400634766 -170.5028076171875 53.36611557006836 -103.65731048583984 -151.6957550048828 -212.50845336914062 -91.42820739746094 194.25088500976562 119.03157806396484 -67.03741455078125 -137.2567901611328 112.05628204345703 165.51162719726562 322.0610046386719 output 10 1 7 9 6 3 4 2 5 8 indices -1 4 2 3 -1 1 3 4 2 1 -1 4 2 1 3 -1 2 1 3 4 2 1 3 4 2 1 3 4 2 1 3 4 2 1 3 4 2 1 3 4 value 10.0 0.0 0.0 0.0 0.0 0.0 0.0 0.0 0.0 0.0 0.0 0.0 0.0 0.0 0.0 0.0 0.0 0.0 0.0 0.0 0.0 0.0 0.0 0.0 0.0 0.0 0.0 0.0 0.0 0.0 0.0 0.0 0.0 0.0 0.0 0.0 0.0 0.0 0.0 0.0 
-92.28472137451172 8.374601364135742 12.02304458618164 -254.6442413330078 87.24107360839844 -329.3782653808594 43.57487869262695 164.77442932128906 143.96426391601562 -264.2903747558594 -57.011863708496094 202.6934051513672 120.81718444824219 121.44511413574219 41.345401763916016 161.8870086669922 -172.85816955566406 40.51624298095703 -126.81108856201172 148.62208557128906 output 5 7 4 8 6 10 1 9 2 3 indices 2 -1 3 4 -1 1 3 4 2 1 -1 4 2 1 3 -1 2 1 3 4 -1 3 1 2 2 1 3 4 2 1 3 4 2 1 3 4 2 1 3 4 value 0.0 0.0 0.0 0.0 0.0 0.0 0.0 0.0 0.0 0.0 0.0 0.0 0.0 0.0 0.0 0.0 0.0 0.0 0.0 0.0 10.0 0.0 0.0 0.0 0.0 0.0 0.0 0.0 0.0 0.0 0.0 0.0 0.0 0.0 0.0 0.0 0.0 0.0 0.0 0.0 
115.45490264892578 66.56214141845703 -149.38600158691406 -76.00074005126953 97.25443267822266 -98.93404388427734 97.8485107421875 -243.1624755859375 181.14837646484375 43.41244888305664 -132.0934295654297 57.6504020690918 -164.38697814941406 382.4344177246094 162.4997100830078 -273.8262634277344 -86.51447296142578 383.189697265625 -121.8250503540039 -241.32557678222656 output 2 6 3 1 5 8 4 9 10 7 indices 2 -1 3 4 -1 1 3 4 2 1 -1 4 2 1 3 -1 2 1 3 4 2 1 3 4 2 1 3 4 2 1 3 4 -1 3 1 2 2 1 3 4 value 0.0 0.0 0.0 0.0 0.0 0.0 0.0 0.0 0.0 0.0 0.0 0.0 0.0 0.0 0.0 0.0 0.0 0.0 0.0 0.0 0.0 0.0 0.0 0.0 0.0 0.0 0.0 0.0 0.0 0.0 0.0 0.0 10.0 0.0 0.0 0.0 0.0 0.0 0.0 0.0 
-4.76369571685791 -50.069210052490234 -166.52371215820312 238.49732971191406 -158.0242462158203 113.28852081298828 117.2098617553711 -74.220458984375 76.20941162109375 176.24972534179688 -79.13819885253906 -39.01765060424805 69.47020721435547 -399.8349914550781 13.575421333312988 231.72512817382812 96.68262481689453 208.24578857421875 35.30231857299805 -404.86419677734375 output 4 9 5 7 10 8 2 3 6 1 indices 2 -1 3 4 -1 1 3 4 2 1 -1 4 2 1 3 -1 2 1 3 4 2 1 3 4 2 1 3 4 -1 3 1 2 2 1 3 4 2 1 3 4 value 0.0 0.0 0.0 0.0 0.0 0.0 0.0 0.0 0.0 0.0 0.0 0.0 0.0 0.0 0.0 0.0 0.0 0.0 0.0 0.0 0.0 0.0 0.0 0.0 0.0 0.0 0.0 0.0 10.0 0.0 0.0 0.0 0.0 0.0 0.0 0.0 0.0 0.0 0.0 0.0 
-76.63150024414062 -171.99388122558594 95.22900390625 119.4418716430664 109.94708251953125 -252.1137237548828 8.172842025756836 -134.1905975341797 -65.94973754882812 326.78948974609375 -132.7224884033203 194.65997314453125 -90.77031707763672 -167.70452880859375 -129.5374755859375 15.925225257873535 160.62130737304688 -218.55850219726562 121.64128112792969 287.7446594238281 output 3 9 2 10 5 6 8 7 1 4 indices 2 -1 3 4 -1 1 3 4 2 1 -1 4 2 1 3 -1 -1 3 1 2 2 1 3 4 2 1 3 4 2 1 3 4 2 1 3 4 2 1 3 4 value 0.0 0.0 0.0 0.0 0.0 0.0 0.0 0.0 0.0 0.0 0.0 0.0 0.0 0.0 0.0 0.0 10.0 0.0 0.0 0.0 0.0 0.0 0.0 0.0 0.0 0.0 0.0 0.0 0.0 0.0 0.0 0.0 0.0 0.0 0.0 0.0 0.0 0.0 0.0 0.0 
-55.913753509521484 441.2673645019531 -13.051246643066406 207.8856201171875 69.19792938232422 309.6676940917969 -59.427894592285156 -98.20587921142578 -10.623272895812988 -29.39278221130371 128.3978729248047 -126.10665893554688 103.30213165283203 -187.79281616210938 -124.90767669677734 -147.9639434814453 116.09554290771484 -175.67987060546875 -153.06964111328125 -193.67874145507812 output 1 10 8 4 5 6 9 7 3 2 indices -1 4 2 3 -1 1 3 4 2 1 -1 4 2 1 3 -1 2 1 3 4 2 1 3 4 2 1 3 4 2 1 3 4 2 1 3 4 2 1 3 4 value 10.0 0.0 0.0 0.0 0.0 0.0 0.0 0.0 0.0 0.0 0.0 0.0 0.0 0.0 0.0 0.0 0.0 0.0 0.0 0.0 0.0 0.0 0.0 0.0 0.0 0.0 0.0 0.0 0.0 0.0 0.0 0.0 0.0 0.0 0.0 0.0 0.0 0.0 0.0 0.0 
-17.96890640258789 82.59089660644531 -20.0601749420166 -310.6240234375 -71.51380920410156 -193.1661376953125 240.15646362304688 217.6982421875 -79.22943878173828 -43.23772430419922 -45.32468795776367 289.5445251464844 -14.520180702209473 140.6333770751953 -51.712921142578125 157.96817016601562 -65.89627838134766 -147.74356079101562 126.06993865966797 -193.6637420654297 output 1 7 8 6 2 4 10 3 9 5 indices 2 -1 3 4 -1 1 3 4 2 1 -1 4 2 1 3 -1 2 1 3 4 -1 3 1 2 2 1 3 4 2 1 3 4 2 1 3 4 2 1 3 4 value 0.0 0.0 0.0 0.0 0.0 0.0 0.0 0.0 0.0 0.0 0.0 0.0 0.0 0.0 0.0 0.0 0.0 0.0 0.0 0.0 10.0 0.0 0.0 0.0 0.0 0.0 0.0 0.0 0.0 0.0 0.0 0.0 0.0 0.0 0.0 0.0 0.0 0.0 0.0 0.0 
56.246700286865234 227.65931701660156 33.59547424316406 -122.95606994628906 -10.358282089233398 -10.38289737701416 76.28358459472656 -89.48086547851562 -17.810989379882812 55.79092025756836 -116.1117172241211 -212.69276428222656 -104.04522705078125 -91.6285400390625 40.24481201171875 -108.0594482421875 159.18084716796875 200.57925415039062 -117.2251968383789 151.17108154296875 output 1 9 4 8 2 3 5 7 6 10 indices -1 4 2 3 -1 1 3 4 2 1 -1 4 2 1 3 -1 2 1 3 4 2 1 3 4 2 1 3 4 2 1 3 4 2 1 3 4 2 1 3 4 value 10.0 0.0 0.0 0.0 0.0 0.0 0.0 0.0 0.0 0.0 0.0 0.0 0.0 0.0 0.0 0.0 0.0 0.0 0.0 0.0 0.0 0.0 0.0 0.0 0.0 0.0 0.0 0.0 0.0 0.0 0.0 0.0 0.0 0.0 0.0 0.0 0.0 0.0 0.0 0.0 
-72.30826568603516 345.45526123046875 -7.600194454193115 -109.13087463378906 -81.87506866455078 293.3066101074219 111.55089569091797 -270.9785461425781 61.21244812011719 88.42884063720703 65.57572174072266 -188.390625 -136.71556091308594 193.41151428222656 -79.95523071289062 105.73148345947266 56.26264572143555 -295.246826171875 83.85260772705078 -162.58682250976562 output 1 9 4 10 6 2 5 8 7 3 indices -1 4 2 3 -1 1 3 4 2 1 -1 4 2 1 3 -1 2 1 3 4 2 1 3 4 2 1 3 4 2 1 3 4 2 1 3 4 2 1 3 4 value 10.0 0.0 0.0 0.0 0.0 0.0 0.0 0.0 0.0 0.0 0.0 0.0 0.0 0.0 0.0 0.0 0.0 0.0 0.0 0.0 0.0 0.0 0.0 0.0 0.0 0.0 0.0 0.0 0.0 0.0 0.0 0.0 0.0 0.0 0.0 0.0 0.0 0.0 0.0 0.0 
104.76537322998047 -186.96742248535156 89.7703628540039 -4.314690113067627 94.02381134033203 -152.14471435546875 -1.2245110273361206 286.96734619140625 -64.83826446533203 -127.5581283569336 -135.46665954589844 -200.9332733154297 -88.71241760253906 80.55216979980469 -87.39730072021484 -45.536346435546875 0.07622060924768448 166.2443389892578 89.00338745117188 183.6907196044922 output 4 10 2 1 3 5 6 8 7 9 indices 2 -1 3 4 -1 1 3 4 2 1 -1 4 -1 3 1 2 2 1 3 4 2 1 3 4 2 1 3 4 2 1 3 4 2 1 3 4 2 1 3 4 value 0.0 0.0 0.0 0.0 0.0 0.0 0.0 0.0 0.0 0.0 0.0 0.0 10.0 0.0 0.0 0.0 0.0 0.0 0.0 0.0 0.0 0.0 0.0 0.0 0.0 0.0 0.0 0.0 0.0 0.0 0.0 0.0 0.0 0.0 0.0 0.0 0.0 0.0 0.0 0.0 
-13.035967826843262 -25.782434463500977 24.140602111816406 222.40074157714844 -80.1666259765625 28.77727699279785 -72.72144317626953 91.30948638916016 73.24372100830078 -100.9308853149414 186.3928680419922 -152.47975158691406 6.9519782066345215 -270.37713623046875 -52.853294372558594 251.6172637939453 1.4785809516906738 -29.248510360717773 -73.43042755126953 -15.286046981811523 output 10 3 4 2 8 7 6 5 9 1 indices 2 -1 3 4 -1 1 3 4 2 1 -1 4 2 1 3 -1 2 1 3 4 2 1 3 4 2 1 3 4 -1 3 1 2 2 1 3 4 2 1 3 4 value 0.0 0.0 0.0 0.0 0.0 0.0 0.0 0.0 0.0 0.0 0.0 0.0 0.0 0.0 0.0 0.0 0.0 0.0 0.0 0.0 0.0 0.0 0.0 0.0 0.0 0.0 0.0 0.0 10.0 0.0 0.0 0.0 0.0 0.0 0.0 0.0 0.0 0.0 0.0 0.0 
-116.0842056274414 -33.32899475097656 46.918155670166016 96.84873962402344 -90.74723052978516 207.98423767089844 -135.13075256347656 -160.42344665527344 13.297876358032227 -20.337844848632812 66.41059112548828 98.65792083740234 142.52914428710938 -41.968109130859375 161.4488067626953 253.7203369140625 -33.90251541137695 -186.10617065429688 -54.739864349365234 -215.0466766357422 output 9 10 4 1 3 2 6 8 7 5 indices 2 -1 3 4 -1 1 3 4 2 1 -1 4 2 1 3 -1 2 1 3 4 2 1 3 4 2 1 3 4 -1 3 1 2 2 1 3 4 2 1 3 4 value 0.0 0.0 0.0 0.0 0.0 0.0 0.0 0.0 0.0 0.0 0.0 0.0 0.0 0.0 0.0 0.0 0.0 0.0 0.0 0.0 0.0 0.0 0.0 0.0 0.0 0.0 0.0 0.0 10.0 0.0 0.0 0.0 0.0 0.0 0.0 0.0 0.0 0.0 0.0 0.0 
101.43211364746094 128.73507690429688 85.79936981201172 10.714750289916992 -55.30492401123047 194.33566284179688 -190.67686462402344 -152.89334106445312 93.62010955810547 310.94232177734375 -144.62606811523438 -215.35873413085938 88.1512680053711 101.57518768310547 105.05522918701172 34.750736236572266 -0.2970291078090668 -47.051151275634766 -83.15319061279297 -365.7505187988281 output 3 5 1 7 8 2 9 4 6 10 indices 2 -1 3 4 -1 1 3 4 2 1 -1 4 2 1 3 -1 -1 3 1 2 2 1 3 4 2 1 3 4 2 1 3 4 2 1 3 4 2 1 3 4 value 0.0 0.0 0.0 0.0 0.0 0.0 0.0 0.0 0.0 0.0 0.0 0.0 0.0 0.0 0.0 0.0 10.0 0.0 0.0 0.0 0.0 0.0 0.0 0.0 0.0 0.0 0.0 0.0 0.0 0.0 0.0 0.0 0.0 0.0 0.0 0.0 0.0 0.0 0.0 0.0 
-111.81912994384766 -383.92535400390625 116.53703308105469 306.2765808105469 -128.2785186767578 48.454124450683594 -67.03187561035156 154.6031951904297 -75.74549102783203 -45.72340393066406 119.30393981933594 -355.7324523925781 22.473649978637695 -170.56716918945312 -50.85226058959961 238.22938537597656 70.65242004394531 15.827007293701172 104.76024627685547 192.5580596923828 output 1 3 5 7 6 2 10 9 4 8 indices 2 -1 3 4 -1 4 1 3 2 1 -1 4 2 1 3 -1 2 1 3 4 2 1 3 4 2 1 3 4 2 1 3 4 2 1 3 4 2 1 3 4 value 0.0 0.0 0.0 0.0 10.0 0.0 0.0 0.0 0.0 0.0 0.0 0.0 0.0 0.0 0.0 0.0 0.0 0.0 0.0 0.0 0.0 0.0 0.0 0.0 0.0 0.0 0.0 0.0 0.0 0.0 0.0 0.0 0.0 0.0 0.0 0.0 0.0 0.0 0.0 0.0 
83.08750915527344 242.51046752929688 85.6307144165039 -22.591590881347656 36.26787567138672 -298.24871826171875 -116.99737548828125 150.0328826904297 49.19622039794922 -87.1194839477539 -166.59632873535156 -136.8252716064453 66.56558227539062 8.430374145507812 -151.28555297851562 -0.9951450228691101 126.47943115234375 100.44027709960938 -12.348090171813965 44.36620330810547 output 5 2 9 1 3 6 8 4 10 7 indices -1 4 2 3 -1 1 3 4 2 1 -1 4 2 1 3 -1 2 1 3 4 2 1 3 4 2 1 3 4 2 1 3 4 2 1 3 4 2 1 3 4 value 10.0 0.0 0.0 0.0 0.0 0.0 0.0 0.0 0.0 0.0 0.0 0.0 0.0 0.0 0.0 0.0 0.0 0.0 0.0 0.0 0.0 0.0 0.0 0.0 0.0 0.0 0.0 0.0 0.0 0.0 0.0 0.0 0.0 0.0 0.0 0.0 0.0 0.0 0.0 0.0 
-135.1126251220703 -201.2898406982422 35.426422119140625 95.40558624267578 -177.47207641601562 112.8921890258789 -4.771513938903809 1.3359755277633667 141.20928955078125 228.999755859375 -5.941198348999023 49.04057693481445 109.73197937011719 230.4391326904297 139.54974365234375 -221.76365661621094 -51.9102668762207 -153.22116088867188 -50.70975112915039 -141.83856201171875 output 1 9 10 8 5 7 2 6 4 3 indices 2 -1 3 4 -1 1 3 4 2 1 -1 4 2 1 3 -1 -1 3 1 2 2 1 3 4 2 1 3 4 2 1 3 4 2 1 3 4 2 1 3 4 value 0.0 0.0 0.0 0.0 0.0 0.0 0.0 0.0 0.0 0.0 0.0 0.0 0.0 0.0 0.0 0.0 10.0 0.0 0.0 0.0 0.0 0.0 0.0 0.0 0.0 0.0 0.0 0.0 0.0 0.0 0.0 0.0 0.0 0.0 0.0 0.0 0.0 0.0 0.0 0.0 
-129.74354553222656 20.192699432373047 69.36973571777344 335.7398681640625 3.5112416744232178 -255.57286071777344 -65.83983612060547 48.765838623046875 91.35265350341797 210.95518493652344 -35.249794006347656 206.7898712158203 43.16355514526367 -171.30670166015625 93.27742004394531 -192.4949951171875 13.49575424194336 -222.39813232421875 -83.3371810913086 19.329206466674805 output 1 10 7 9 3 8 5 2 6 4 indices 2 -1 3 4 -1 4 1 3 2 1 -1 4 2 1 3 -1 2 1 3 4 2 1 3 4 2 1 3 4 2 1 3 4 2 1 3 4 2 1 3 4 value 0.0 0.0 0.0 0.0 10.0 0.0 0.0 0.0 0.0 0.0 0.0 0.0 0.0 0.0 0.0 0.0 0.0 0.0 0.0 0.0 0.0 0.0 0.0 0.0 0.0 0.0 0.0 0.0 0.0 0.0 0.0 0.0 0.0 0.0 0.0 0.0 0.0 0.0 0.0 0.0 
-104.00377655029297 335.9508361816406 -6.874817371368408 -262.8836364746094 -5.485476970672607 -23.583749771118164 -31.76157569885254 86.40792846679688 -25.1216983795166 -71.3581771850586 -156.33103942871094 -108.54859161376953 39.15473937988281 -226.0918426513672 130.64390563964844 98.72423553466797 33.66985321044922 -87.9317855834961 126.1098861694336 259.3147888183594 output 1 6 4 3 5 9 8 10 7 2 indices -1 4 2 3 -1 1 3 4 2 1 -1 4 2 1 3 -1 2 1 3 4 2 1 3 4 2 1 3 4 2 1 3 4 2 1 3 4 2 1 3 4 value 10.0 0.0 0.0 0.0 0.0 0.0 0.0 0.0 0.0 0.0 0.0 0.0 0.0 0.0 0.0 0.0 0.0 0.0 0.0 0.0 0.0 0.0 0.0 0.0 0.0 0.0 0.0 0.0 0.0 0.0 0.0 0.0 0.0 0.0 0.0 0.0 0.0 0.0 0.0 0.0 
179.6490936279297 -169.020263671875 28.73091697692871 46.96843338012695 7.158034324645996 -97.83295440673828 -25.653358459472656 -193.60467529296875 35.048492431640625 36.86445999145508 41.1290397644043 -138.72393798828125 8.968894004821777 -207.72116088867188 -102.92977142333984 312.4051818847656 -106.3968505859375 289.519287109375 -65.70448303222656 121.14562225341797 output 6 3 5 2 10 8 9 4 7 1 indices 2 -1 3 4 -1 1 3 4 2 1 -1 4 2 1 3 -1 2 1 3 4 2 1 3 4 2 1 3 4 -1 3 1 2 2 1 3 4 2 1 3 4 value 0.0 0.0 0.0 0.0 0.0 0.0 0.0 0.0 0.0 0.0 0.0 0.0 0.0 0.0 0.0 0.0 0.0 0.0 0.0 0.0 0.0 0.0 0.0 0.0 0.0 0.0 0.0 0.0 10.0 0.0 0.0 0.0 0.0 0.0 0.0 0.0 0.0 0.0 0.0 0.0 
139.9510498046875 -227.4332275390625 136.1458740234375 -14.092744827270508 -117.55413818359375 -95.18270874023438 61.030418395996094 -253.61578369140625 -121.69596099853516 73.94486999511719 -155.66119384765625 -229.23037719726562 -47.984825134277344 453.8692626953125 90.68477630615234 132.8223876953125 101.42887115478516 -235.54335021972656 -86.34486389160156 394.461669921875 output 2 8 5 3 6 10 7 4 9 1 indices 2 -1 3 4 -1 1 3 4 2 1 -1 4 2 1 3 -1 2 1 3 4 2 1 3 4 -1 3 1 2 2 1 3 4 2 1 3 4 2 1 3 4 value 0.0 0.0 0.0 0.0 0.0 0.0 0.0 0.0 0.0 0.0 0.0 0.0 0.0 0.0 0.0 0.0 0.0 0.0 0.0 0.0 0.0 0.0 0.0 0.0 10.0 0.0 0.0 0.0 0.0 0.0 0.0 0.0 0.0 0.0 0.0 0.0 0.0 0.0 0.0 0.0 
-44.18562316894531 159.77200317382812 155.4115447998047 358.7240295410156 -9.596076011657715 -29.36306381225586 -128.83755493164062 42.43216323852539 94.5009536743164 -260.07452392578125 -16.320877075195312 327.7550354003906 -21.526378631591797 -314.00732421875 173.27879333496094 -247.157470703125 -147.76385498046875 248.4207000732422 -54.96092987060547 -286.5016174316406 output 1 9 4 3 8 2 5 10 7 6 indices 2 -1 3 4 -1 4 1 3 2 1 -1 4 2 1 3 -1 2 1 3 4 2 1 3 4 2 1 3 4 2 1 3 4 2 1 3 4 2 1 3 4 value 0.0 0.0 0.0 0.0 10.0 0.0 0.0 0.0 0.0 0.0 0.0 0.0 0.0 0.0 0.0 0.0 0.0 0.0 0.0 0.0 0.0 0.0 0.0 0.0 0.0 0.0 0.0 0.0 0.0 0.0 0.0 0.0 0.0 0.0 0.0 0.0 0.0 0.0 0.0 0.0 
82.67230224609375 292.0338439941406 62.83053970336914 -45.497493743896484 -100.18756103515625 41.80469512939453 -151.98313903808594 57.155601501464844 175.3150634765625 -316.70196533203125 93.6504135131836 73.77133178710938 -30.292402267456055 -222.92059326171875 -137.29129028320312 -164.735595703125 161.4630889892578 384.49298095703125 -156.17701721191406 -99.40279388427734 output 2 6 5 9 1 7 8 10 4 3 indices 2 -1 3 4 -1 1 3 4 2 1 -1 4 2 1 3 -1 2 1 3 4 2 1 3 4 2 1 3 4 2 1 3 4 -1 3 1 2 2 1 3 4 value 0.0 0.0 0.0 0.0 0.0 0.0 0.0 0.0 0.0 0.0 0.0 0.0 0.0 0.0 0.0 0.0 0.0 0.0 0.0 0.0 0.0 0.0 0.0 0.0 0.0 0.0 0.0 0.0 0.0 0.0 0.0 0.0 10.0 0.0 0.0 0.0 0.0 0.0 0.0 0.0 
112.85852813720703 11.777567863464355 -33.543701171875 196.98989868164062 59.8914794921875 -93.617919921875 -197.63795471191406 -369.95562744140625 36.859840393066406 65.53591918945312 10.96158504486084 30.253408432006836 40.32688903808594 -119.13430786132812 48.82081985473633 61.71332550048828 -124.76565551757812 187.93576049804688 46.228172302246094 28.501981735229492 output 1 3 7 4 9 2 8 5 6 10 indices 2 -1 3 4 -1 4 1 3 2 1 -1 4 2 1 3 -1 2 1 3 4 2 1 3 4 2 1 3 4 2 1 3 4 2 1 3 4 2 1 3 4 value 0.0 0.0 0.0 0.0 10.0 0.0 0.0 0.0 0.0 0.0 0.0 0.0 0.0 0.0 0.0 0.0 0.0 0.0 0.0 0.0 0.0 0.0 0.0 0.0 0.0 0.0 0.0 0.0 0.0 0.0 0.0 0.0 0.0 0.0 0.0 0.0 0.0 0.0 0.0 0.0 
-157.49415588378906 -242.255126953125 1.1190370321273804 141.69053649902344 -105.91939544677734 30.990966796875 143.798583984375 -275.4936828613281 6.582385540008545 269.6167297363281 108.86542510986328 -43.05937576293945 110.50090026855469 10.088071823120117 150.12527465820312 -139.16128540039062 -170.98509216308594 59.255767822265625 -86.59295654296875 188.327392578125 output 1 10 5 4 8 6 7 2 3 9 indices 2 -1 3 4 -1 1 3 4 2 1 -1 4 2 1 3 -1 -1 3 1 2 2 1 3 4 2 1 3 4 2 1 3 4 2 1 3 4 2 1 3 4 value 0.0 0.0 0.0 0.0 0.0 0.0 0.0 0.0 0.0 0.0 0.0 0.0 0.0 0.0 0.0 0.0 10.0 0.0 0.0 0.0 0.0 0.0 0.0 0.0 0.0 0.0 0.0 0.0 0.0 0.0 0.0 0.0 0.0 0.0 0.0 0.0 0.0 0.0 0.0 0.0 
95.5538330078125 -279.8167419433594 90.15283966064453 292.9504699707031 -58.664146423339844 43.42380142211914 -154.24349975585938 214.73703002929688 6.150444507598877 -65.62564086914062 89.97216033935547 -239.35809326171875 -166.7247772216797 -46.40528106689453 113.3421859741211 174.4381103515625 -119.64212036132812 -106.29252624511719 104.10308074951172 11.948885917663574 output 4 7 9 5 6 1 2 8 10 3 indices 2 -1 3 4 -1 4 1 3 2 1 -1 4 2 1 3 -1 2 1 3 4 2 1 3 4 2 1 3 4 2 1 3 4 2 1 3 4 2 1 3 4 value 0.0 0.0 0.0 0.0 10.0 0.0 0.0 0.0 0.0 0.0 0.0 0.0 0.0 0.0 0.0 0.0 0.0 0.0 0.0 0.0 0.0 0.0 0.0 0.0 0.0 0.0 0.0 0.0 0.0 0.0 0.0 0.0 0.0 0.0 0.0 0.0 0.0 0.0 0.0 0.0 
45.652099609375 -44.716732025146484 118.74031829833984 -280.5224914550781 -90.32152557373047 -138.34164428710938 -86.55977630615234 19.466054916381836 123.72017669677734 -26.145336151123047 63.7755126953125 161.93896484375 -53.64738845825195 158.6929473876953 -91.62824249267578 -143.126953125 83.57260131835938 249.46206665039062 -113.30377197265625 43.29312515258789 output 1 3 8 10 4 7 6 9 2 5 indices 2 -1 3 4 -1 1 3 4 2 1 -1 4 2 1 3 -1 2 1 3 4 2 1 3 4 2 1 3 4 2 1 3 4 -1 3 1 2 2 1 3 4 value 0.0 0.0 0.0 0.0 0.0 0.0 0.0 0.0 0.0 0.0 0.0 0.0 0.0 0.0 0.0 0.0 0.0 0.0 0.0 0.0 0.0 0.0 0.0 0.0 0.0 0.0 0.0 0.0 0.0 0.0 0.0 0.0 10.0 0.0 0.0 0.0 0.0 0.0 0.0 0.0 
-42.65544128417969 170.07179260253906 -25.3361873626709 -189.30760192871094 -74.37152099609375 -195.4781951904297 -80.29863739013672 169.375 -77.75458526611328 343.6884460449219 49.18387985229492 -298.4408874511719 -57.792728424072266 -60.491058349609375 14.58083724975586 -124.61260986328125 193.64517211914062 242.78195190429688 100.79920959472656 -57.58683776855469 output 4 1 5 6 9 10 8 2 3 7 indices 2 -1 3 4 -1 1 3 4 2 1 -1 4 2 1 3 -1 -1 3 1 2 2 1 3 4 2 1 3 4 2 1 3 4 2 1 3 4 2 1 3 4 value 0.0 0.0 0.0 0.0 0.0 0.0 0.0 0.0 0.0 0.0 0.0 0.0 0.0 0.0 0.0 0.0 10.0 0.0 0.0 0.0 0.0 0.0 0.0 0.0 0.0 0.0 0.0 0.0 0.0 0.0 0.0 0.0 0.0 0.0 0.0 0.0 0.0 0.0 0.0 0.0 
52.30548858642578 205.13140869140625 -103.48723602294922 25.75654411315918 -98.7762222290039 332.117919921875 -148.32289123535156 -285.4556884765625 -72.21202087402344 82.19004821777344 148.72589111328125 -19.255464553833008 193.9733123779297 -9.900718688964844 -68.82850646972656 341.0920715332031 -102.67288970947266 -317.0711975097656 199.29505920410156 -354.60491943359375 output 1 10 7 6 5 2 4 9 3 8 indices 2 -1 3 4 -1 1 3 4 2 1 -1 4 2 1 3 -1 2 1 3 4 2 1 3 4 2 1 3 4 -1 3 1 2 2 1 3 4 2 1 3 4 value 0.0 0.0 0.0 0.0 0.0 0.0 0.0 0.0 0.0 0.0 0.0 0.0 0.0 0.0 0.0 0.0 0.0 0.0 0.0 0.0 0.0 0.0 0.0 0.0 0.0 0.0 0.0 0.0 10.0 0.0 0.0 0.0 0.0 0.0 0.0 0.0 0.0 0.0 0.0 0.0 
67.91702270507812 276.0472412109375 52.114967346191406 -398.4385986328125 -109.91810607910156 157.93902587890625 -13.491281509399414 -73.37655639648438 -140.99032592773438 96.63253021240234 -114.4715805053711 -179.33216857910156 -143.83938598632812 228.08148193359375 86.58763885498047 -97.1609878540039 182.13722229003906 41.24139404296875 133.95384216308594 -51.633365631103516 output 1 2 3 5 7 6 4 8 10 9 indices -1 4 2 3 -1 1 3 4 2 1 -1 4 2 1 3 -1 2 1 3 4 2 1 3 4 2 1 3 4 2 1 3 4 2 1 3 4 2 1 3 4 value 10.0 0.0 0.0 0.0 0.0 0.0 0.0 0.0 0.0 0.0 0.0 0.0 0.0 0.0 0.0 0.0 0.0 0.0 0.0 0.0 0.0 0.0 0.0 0.0 0.0 0.0 0.0 0.0 0.0 0.0 0.0 0.0 0.0 0.0 0.0 0.0 0.0 0.0 0.0 0.0 
-75.71045684814453 -59.72515106201172 -144.65098571777344 184.80142211914062 84.81827545166016 112.38258361816406 181.4461669921875 -136.409912109375 96.40734100341797 66.59674072265625 -65.31439208984375 -145.10882568359375 34.5799560546875 25.31943702697754 -129.39382934570312 83.87943267822266 73.6565933227539 47.39584732055664 -55.83866882324219 -179.13156127929688 output 1 8 2 6 10 4 3 5 9 7 indices 2 -1 3 4 -1 4 1 3 2 1 -1 4 2 1 3 -1 2 1 3 4 2 1 3 4 2 1 3 4 2 1 3 4 2 1 3 4 2 1 3 4 value 0.0 0.0 0.0 0.0 10.0 0.0 0.0 0.0 0.0 0.0 0.0 0.0 0.0 0.0 0.0 0.0 0.0 0.0 0.0 0.0 0.0 0.0 0.0 0.0 0.0 0.0 0.0 0.0 0.0 0.0 0.0 0.0 0.0 0.0 0.0 0.0 0.0 0.0 0.0 0.0 
53.31155014038086 -93.5201416015625 102.61180114746094 21.352336883544922 83.07467651367188 249.7069854736328 -22.868473052978516 -193.91920471191406 66.07551574707031 78.38029479980469 -125.12725830078125 320.8641357421875 -79.7322998046875 -18.834409713745117 114.46668243408203 -235.5115509033203 -195.89138793945312 171.5447235107422 4.07919979095459 -300.0631408691406 output 8 3 5 7 9 6 10 4 1 2 indices 2 -1 3 4 -1 1 3 4 2 1 -1 4 2 1 3 -1 2 1 3 4 -1 3 1 2 2 1 3 4 2 1 3 4 2 1 3 4 2 1 3 4 value 0.0 0.0 0.0 0.0 0.0 0.0 0.0 0.0 0.0 0.0 0.0 0.0 0.0 0.0 0.0 0.0 0.0 0.0 0.0 0.0 10.0 0.0 0.0 0.0 0.0 0.0 0.0 0.0 0.0 0.0 0.0 0.0 0.0 0.0 0.0 0.0 0.0 0.0 0.0 0.0 
-61.498443603515625 150.46954345703125 31.69594955444336 -225.88343811035156 138.66070556640625 202.0782012939453 145.73516845703125 -79.82268524169922 29.816404342651367 33.565704345703125 -142.931396484375 193.2292938232422 -108.6651382446289 -27.069908142089844 171.18809509277344 -147.3713836669922 -111.93077087402344 11.62928295135498 -92.07056427001953 -110.82460021972656 output 1 5 3 8 4 2 10 7 9 6 indices 2 -1 3 4 -1 1 3 4 -1 4 1 2 2 1 3 -1 2 1 3 4 2 1 3 4 2 1 3 4 2 1 3 4 2 1 3 4 2 1 3 4 value 0.0 0.0 0.0 0.0 0.0 0.0 0.0 0.0 10.0 0.0 0.0 0.0 0.0 0.0 0.0 0.0 0.0 0.0 0.0 0.0 0.0 0.0 0.0 0.0 0.0 0.0 0.0 0.0 0.0 0.0 0.0 0.0 0.0 0.0 0.0 0.0 0.0 0.0 0.0 0.0 
-144.9718780517578 -419.4692077636719 131.6832733154297 18.20695686340332 138.26197814941406 12.489933013916016 119.12549591064453 -98.16350555419922 -35.02559280395508 271.54217529296875 -126.40674591064453 263.4683532714844 -91.13031005859375 74.03118133544922 -33.34423828125 234.6027069091797 27.2200927734375 -372.2718505859375 14.587911605834961 15.563281059265137 output 9 5 8 6 1 7 10 2 3 4 indices 2 -1 3 4 -1 1 3 4 2 1 -1 4 2 1 3 -1 -1 3 1 2 2 1 3 4 2 1 3 4 2 1 3 4 2 1 3 4 2 1 3 4 value 0.0 0.0 0.0 0.0 0.0 0.0 0.0 0.0 0.0 0.0 0.0 0.0 0.0 0.0 0.0 0.0 10.0 0.0 0.0 0.0 0.0 0.0 0.0 0.0 0.0 0.0 0.0 0.0 0.0 0.0 0.0 0.0 0.0 0.0 0.0 0.0 0.0 0.0 0.0 0.0 
-24.909440994262695 278.8412780761719 159.72744750976562 -203.46653747558594 43.240997314453125 285.06494140625 115.43035888671875 -214.2261962890625 16.529052734375 -43.488426208496094 -89.28838348388672 -363.9449462890625 -179.4664306640625 298.99273681640625 -16.33893585205078 -126.11400604248047 -121.83871459960938 182.62710571289062 96.91403198242188 -94.28594970703125 output 7 9 6 1 3 2 4 10 5 8 indices 2 -1 3 4 -1 1 3 4 -1 4 1 2 2 1 3 -1 2 1 3 4 2 1 3 4 2 1 3 4 2 1 3 4 2 1 3 4 2 1 3 4 value 0.0 0.0 0.0 0.0 0.0 0.0 0.0 0.0 10.0 0.0 0.0 0.0 0.0 0.0 0.0 0.0 0.0 0.0 0.0 0.0 0.0 0.0 0.0 0.0 0.0 0.0 0.0 0.0 0.0 0.0 0.0 0.0 0.0 0.0 0.0 0.0 0.0 0.0 0.0 0.0 
-102.25482177734375 295.7278137207031 -8.446218490600586 189.02366638183594 -156.5098876953125 -81.20938873291016 92.57644653320312 137.9849853515625 125.91963958740234 -241.78196716308594 65.23429107666016 -201.26303100585938 98.89823150634766 10.127776145935059 12.700778007507324 -117.58028411865234 50.00245666503906 -1.1094986200332642 -178.12091064453125 10.079952239990234 output 2 4 9 7 5 6 8 3 10 1 indices -1 4 2 3 -1 1 3 4 2 1 -1 4 2 1 3 -1 2 1 3 4 2 1 3 4 2 1 3 4 2 1 3 4 2 1 3 4 2 1 3 4 value 10.0 0.0 0.0 0.0 0.0 0.0 0.0 0.0 0.0 0.0 0.0 0.0 0.0 0.0 0.0 0.0 0.0 0.0 0.0 0.0 0.0 0.0 0.0 0.0 0.0 0.0 0.0 0.0 0.0 0.0 0.0 0.0 0.0 0.0 0.0 0.0 0.0 0.0 0.0 0.0 
-108.10157775878906 102.25861358642578 -58.45930862426758 -131.69471740722656 87.26990509033203 249.80450439453125 54.519779205322266 372.89959716796875 143.8929443359375 -300.15484619140625 5.289275169372559 -18.93771743774414 78.74922943115234 13.560038566589355 -53.147552490234375 -284.0940246582031 -24.281604766845703 54.907894134521484 -125.7310791015625 -58.549320220947266 output 1 9 6 7 5 3 4 8 2 10 indices 2 -1 3 4 -1 1 3 4 2 1 -1 4 -1 3 1 2 2 1 3 4 2 1 3 4 2 1 3 4 2 1 3 4 2 1 3 4 2 1 3 4 value 0.0 0.0 0.0 0.0 0.0 0.0 0.0 0.0 0.0 0.0 0.0 0.0 10.0 0.0 0.0 0.0 0.0 0.0 0.0 0.0 0.0 0.0 0.0 0.0 0.0 0.0 0.0 0.0 0.0 0.0 0.0 0.0 0.0 0.0 0.0 0.0 0.0 0.0 0.0 0.0 
-50.89111328125 134.01243591308594 -45.18865203857422 -59.770626068115234 -15.109576225280762 -198.4127960205078 122.60017395019531 152.1532745361328 9.611952781677246 73.86123657226562 -14.870388984680176 -167.80224609375 143.95614624023438 -224.46566772460938 -42.07726287841797 52.81607437133789 -42.46257019042969 242.9347686767578 -65.5687026977539 -5.326442241668701 output 8 5 1 9 4 7 3 6 2 10 indices 2 -1 3 4 -1 1 3 4 2 1 -1 4 2 1 3 -1 2 1 3 4 2 1 3 4 2 1 3 4 2 1 3 4 -1 3 1 2 2 1 3 4 value 0.0 0.0 0.0 0.0 0.0 0.0 0.0 0.0 0.0 0.0 0.0 0.0 0.0 0.0 0.0 0.0 0.0 0.0 0.0 0.0 0.0 0.0 0.0 0.0 0.0 0.0 0.0 0.0 0.0 0.0 0.0 0.0 10.0 0.0 0.0 0.0 0.0 0.0 0.0 0.0 
-120.37580871582031 -206.19586181640625 118.95955657958984 -102.48239135742188 95.67630004882812 -266.848388671875 -115.68861389160156 -186.0888214111328 11.475257873535156 213.10165405273438 150.5533905029297 39.80294418334961 71.55487060546875 230.40396118164062 -170.43699645996094 -133.54258728027344 -77.78130340576172 18.318531036376953 36.063358306884766 393.5309143066406 output 6 2 3 10 1 4 8 9 5 7 indices 2 -1 3 4 -1 1 3 4 2 1 -1 4 2 1 3 -1 2 1 3 4 2 1 3 4 2 1 3 4 2 1 3 4 2 1 3 4 -1 3 1 2 value 0.0 0.0 0.0 0.0 0.0 0.0 0.0 0.0 0.0 0.0 0.0 0.0 0.0 0.0 0.0 0.0 0.0 0.0 0.0 0.0 0.0 0.0 0.0 0.0 0.0 0.0 0.0 0.0 0.0 0.0 0.0 0.0 0.0 0.0 0.0 0.0 10.0 0.0 0.0 0.0 
-169.35992431640625 290.25762939453125 18.434431076049805 -314.2455749511719 -21.422460556030273 -2.733288049697876 65.09103393554688 21.07545280456543 -146.75796508789062 -282.607177734375 180.9198760986328 -1.8861807584762573 -168.33250427246094 129.62940979003906 105.73953247070312 116.776123046875 20.53327751159668 -250.62123107910156 115.15471649169922 294.3548583984375 output 6 10 2 9 5 1 7 3 4 8 indices 2 -1 3 4 -1 1 3 4 2 1 -1 4 2 1 3 -1 2 1 3 4 2 1 3 4 2 1 3 4 2 1 3 4 2 1 3 4 -1 3 1 2 value 0.0 0.0 0.0 0.0 0.0 0.0 0.0 0.0 0.0 0.0 0.0 0.0 0.0 0.0 0.0 0.0 0.0 0.0 0.0 0.0 0.0 0.0 0.0 0.0 0.0 0.0 0.0 0.0 0.0 0.0 0.0 0.0 0.0 0.0 0.0 0.0 10.0 0.0 0.0 0.0 
7.7600789070129395 -186.49432373046875 112.49849700927734 -121.40911865234375 43.73263168334961 -12.075777053833008 -40.82736587524414 63.295467376708984 -151.8035125732422 165.63917541503906 20.722158432006836 322.7314147949219 116.68391418457031 104.44178771972656 -105.5279769897461 101.01499938964844 110.28752899169922 -164.0712890625 -113.52596282958984 -273.0723571777344 output 1 10 5 8 4 3 2 9 7 6 indices 2 -1 3 4 -1 1 3 4 2 1 -1 4 2 1 3 -1 2 1 3 4 -1 3 1 2 2 1 3 4 2 1 3 4 2 1 3 4 2 1 3 4 value 0.0 0.0 0.0 0.0 0.0 0.0 0.0 0.0 0.0 0.0 0.0 0.0 0.0 0.0 0.0 0.0 0.0 0.0 0.0 0.0 10.0 0.0 0.0 0.0 0.0 0.0 0.0 0.0 0.0 0.0 0.0 0.0 0.0 0.0 0.0 0.0 0.0 0.0 0.0 0.0 
-206.637451171875 212.97207641601562 128.7795867919922 195.4996337890625 -10.585205078125 192.31375122070312 79.35060119628906 175.40463256835938 63.6148567199707 -308.32501220703125 -7.978884220123291 -260.94915771484375 2.1356029510498047 183.9405975341797 -25.38072967529297 -279.36236572265625 -38.8292236328125 -300.1239318847656 15.530855178833008 188.62979125976562 output 8 9 1 3 7 10 4 2 5 6 indices 2 -1 3 4 -1 4 1 3 2 1 -1 4 2 1 3 -1 2 1 3 4 2 1 3 4 2 1 3 4 2 1 3 4 2 1 3 4 2 1 3 4 value 0.0 0.0 0.0 0.0 10.0 0.0 0.0 0.0 0.0 0.0 0.0 0.0 0.0 0.0 0.0 0.0 0.0 0.0 0.0 0.0 0.0 0.0 0.0 0.0 0.0 0.0 0.0 0.0 0.0 0.0 0.0 0.0 0.0 0.0 0.0 0.0 0.0 0.0 0.0 0.0 
-92.20740509033203 335.7514343261719 -31.37596893310547 -157.6090087890625 146.193115234375 4.783740043640137 -113.44717407226562 -193.56143188476562 31.258546829223633 -173.85214233398438 -146.6757049560547 340.06060791015625 41.171024322509766 -3.1023364067077637 105.29913330078125 -17.955608367919922 -85.06889343261719 190.368408203125 144.85333251953125 -324.8836364746094 output 10 3 8 7 9 1 6 4 2 5 indices -1 4 2 3 -1 1 3 4 2 1 -1 4 2 1 3 -1 2 1 3 4 2 1 3 4 2 1 3 4 2 1 3 4 2 1 3 4 2 1 3 4 value 10.0 0.0 0.0 0.0 0.0 0.0 0.0 0.0 0.0 0.0 0.0 0.0 0.0 0.0 0.0 0.0 0.0 0.0 0.0 0.0 0.0 0.0 0.0 0.0 0.0 0.0 0.0 0.0 0.0 0.0 0.0 0.0 0.0 0.0 0.0 0.0 0.0 0.0 0.0 0.0 
-30.885093688964844 208.3249969482422 -65.9024887084961 -401.1766662597656 124.364990234375 255.9591064453125 -124.51622772216797 -169.6507110595703 179.24447631835938 -107.20269012451172 -15.836686134338379 172.8599853515625 45.46659851074219 -70.2276611328125 -70.60292053222656 210.2040252685547 -164.61830139160156 -115.94932556152344 123.28564453125 16.858917236328125 output 6 1 8 2 9 4 7 10 5 3 indices 2 -1 3 4 -1 1 3 4 -1 4 1 2 2 1 3 -1 2 1 3 4 2 1 3 4 2 1 3 4 2 1 3 4 2 1 3 4 2 1 3 4 value 0.0 0.0 0.0 0.0 0.0 0.0 0.0 0.0 10.0 0.0 0.0 0.0 0.0 0.0 0.0 0.0 0.0 0.0 0.0 0.0 0.0 0.0 0.0 0.0 0.0 0.0 0.0 0.0 0.0 0.0 0.0 0.0 0.0 0.0 0.0 0.0 0.0 0.0 0.0 0.0 
113.431884765625 -219.18202209472656 -147.4078369140625 -11.21539306640625 11.37382984161377 192.75921630859375 82.84854125976562 -314.17840576171875 95.4232406616211 -329.3780822753906 60.715484619140625 -29.829195022583008 -97.4830093383789 184.11392211914062 -168.18798828125 105.53791809082031 118.7016372680664 92.58290100097656 -69.4157943725586 328.7891540527344 output 4 5 1 6 9 3 7 2 8 10 indices 2 -1 3 4 -1 1 3 4 2 1 -1 4 2 1 3 -1 2 1 3 4 2 1 3 4 2 1 3 4 2 1 3 4 2 1 3 4 -1 3 1 2 value 0.0 0.0 0.0 0.0 0.0 0.0 0.0 0.0 0.0 0.0 0.0 0.0 0.0 0.0 0.0 0.0 0.0 0.0 0.0 0.0 0.0 0.0 0.0 0.0 0.0 0.0 0.0 0.0 0.0 0.0 0.0 0.0 0.0 0.0 0.0 0.0 10.0 0.0 0.0 0.0 
-181.54530334472656 102.99368286132812 24.745100021362305 -306.3486328125 113.01239013671875 -42.58931350708008 -38.67283630371094 -24.82689094543457 93.8299331665039 179.24085998535156 49.307804107666016 226.98912048339844 144.0226287841797 -95.15771484375 -136.04502868652344 84.27114868164062 -85.59066009521484 -123.08639526367188 16.93596839904785 -1.4858595132827759 output 6 5 7 3 10 4 8 1 9 2 indices 2 -1 3 4 -1 1 3 4 2 1 -1 4 2 1 3 -1 2 1 3 4 -1 3 1 2 2 1 3 4 2 1 3 4 2 1 3 4 2 1 3 4 value 0.0 0.0 0.0 0.0 0.0 0.0 0.0 0.0 0.0 0.0 0.0 0.0 0.0 0.0 0.0 0.0 0.0 0.0 0.0 0.0 10.0 0.0 0.0 0.0 0.0 0.0 0.0 0.0 0.0 0.0 0.0 0.0 0.0 0.0 0.0 0.0 0.0 0.0 0.0 0.0 
-34.48493576049805 102.67841339111328 -96.19196319580078 -126.72972869873047 114.15050506591797 349.3960266113281 -124.28028869628906 144.0309600830078 53.33335494995117 -98.0023193359375 23.990779876708984 -110.60944366455078 -81.91426849365234 -92.58219909667969 -42.67876052856445 -262.34844970703125 157.3306427001953 -173.3860626220703 30.744932174682617 267.55279541015625 output 1 4 7 2 8 6 5 9 3 10 indices 2 -1 3 4 -1 1 3 4 -1 4 1 2 2 1 3 -1 2 1 3 4 2 1 3 4 2 1 3 4 2 1 3 4 2 1 3 4 2 1 3 4 value 0.0 0.0 0.0 0.0 0.0 0.0 0.0 0.0 10.0 0.0 0.0 0.0 0.0 0.0 0.0 0.0 0.0 0.0 0.0 0.0 0.0 0.0 0.0 0.0 0.0 0.0 0.0 0.0 0.0 0.0 0.0 0.0 0.0 0.0 0.0 0.0 0.0 0.0 0.0 0.0 
-19.869686126708984 -343.5821533203125 111.38238525390625 263.7478942871094 17.58670997619629 -11.361532211303711 -65.16281127929688 79.62567138671875 100.8411636352539 -207.367431640625 -90.5739974975586 281.69134521484375 -68.839599609375 -47.980289459228516 156.49298095703125 186.74203491210938 14.884696006774902 -76.44017791748047 -156.74185180664062 -125.07537078857422 output 2 8 5 9 3 7 4 10 6 1 indices 2 -1 3 4 -1 4 1 3 2 1 -1 4 2 1 3 -1 2 1 3 4 2 1 3 4 2 1 3 4 2 1 3 4 2 1 3 4 2 1 3 4 value 0.0 0.0 0.0 0.0 10.0 0.0 0.0 0.0 0.0 0.0 0.0 0.0 0.0 0.0 0.0 0.0 0.0 0.0 0.0 0.0 0.0 0.0 0.0 0.0 0.0 0.0 0.0 0.0 0.0 0.0 0.0 0.0 0.0 0.0 0.0 0.0 0.0 0.0 0.0 0.0 
107.1225814819336 94.1669921875 -15.972352027893066 -183.57933044433594 -19.11234474182129 309.7391662597656 17.323217391967773 -12.755005836486816 48.173065185546875 114.60643005371094 -72.86042022705078 236.68853759765625 -106.6473617553711 -169.12054443359375 -168.40699768066406 -308.0527038574219 157.3043212890625 -167.21917724609375 53.0763053894043 85.52561950683594 output 7 8 6 3 9 1 5 10 4 2 indices 2 -1 3 4 -1 1 3 4 -1 4 1 2 2 1 3 -1 2 1 3 4 2 1 3 4 2 1 3 4 2 1 3 4 2 1 3 4 2 1 3 4 value 0.0 0.0 0.0 0.0 0.0 0.0 0.0 0.0 10.0 0.0 0.0 0.0 0.0 0.0 0.0 0.0 0.0 0.0 0.0 0.0 0.0 0.0 0.0 0.0 0.0 0.0 0.0 0.0 0.0 0.0 0.0 0.0 0.0 0.0 0.0 0.0 0.0 0.0 0.0 0.0 
34.85677719116211 -126.73474884033203 45.538570404052734 -160.3154296875 -6.805562973022461 154.96633911132812 -34.514339447021484 66.3185806274414 142.06642150878906 -271.82244873046875 84.92717742919922 319.9830322265625 -168.48538208007812 260.1847839355469 -19.98170280456543 -224.07115173339844 -14.459931373596191 -266.9866638183594 -63.142024993896484 248.47769165039062 output 1 2 8 9 7 10 3 4 6 5 indices 2 -1 3 4 -1 1 3 4 2 1 -1 4 2 1 3 -1 2 1 3 4 -1 3 1 2 2 1 3 4 2 1 3 4 2 1 3 4 2 1 3 4 value 0.0 0.0 0.0 0.0 0.0 0.0 0.0 0.0 0.0 0.0 0.0 0.0 0.0 0.0 0.0 0.0 0.0 0.0 0.0 0.0 10.0 0.0 0.0 0.0 0.0 0.0 0.0 0.0 0.0 0.0 0.0 0.0 0.0 0.0 0.0 0.0 0.0 0.0 0.0 0.0 
-103.78727722167969 51.94434356689453 44.80281066894531 -178.96217346191406 176.35678100585938 -193.4084930419922 -38.07121658325195 -199.12533569335938 -55.1943473815918 -144.553466796875 -119.03839111328125 24.87786293029785 -21.55405616760254 494.4090881347656 -45.65581130981445 -124.59611511230469 126.7337417602539 -196.51609802246094 35.407772064208984 465.9303894042969 output 5 8 6 1 3 9 2 10 7 4 indices 2 -1 3 4 -1 1 3 4 2 1 -1 4 2 1 3 -1 2 1 3 4 2 1 3 4 -1 3 1 2 2 1 3 4 2 1 3 4 2 1 3 4 value 0.0 0.0 0.0 0.0 0.0 0.0 0.0 0.0 0.0 0.0 0.0 0.0 0.0 0.0 0.0 0.0 0.0 0.0 0.0 0.0 0.0 0.0 0.0 0.0 10.0 0.0 0.0 0.0 0.0 0.0 0.0 0.0 0.0 0.0 0.0 0.0 0.0 0.0 0.0 0.0 
35.36634826660156 236.70130920410156 -75.7852554321289 283.4567565917969 -193.2523956298828 -233.18893432617188 93.37472534179688 268.9231872558594 113.85054779052734 -341.2380065917969 -0.6986103653907776 90.72954559326172 84.90857696533203 -12.62777042388916 86.55316162109375 -30.006315231323242 -20.264617919921875 -330.20050048828125 -124.0524673461914 67.45074462890625 output 8 7 6 10 3 2 9 1 4 5 indices 2 -1 3 4 -1 1 3 4 2 1 -1 4 -1 3 1 2 2 1 3 4 2 1 3 4 2 1 3 4 2 1 3 4 2 1 3 4 2 1 3 4 value 0.0 0.0 0.0 0.0 0.0 0.0 0.0 0.0 0.0 0.0 0.0 0.0 10.0 0.0 0.0 0.0 0.0 0.0 0.0 0.0 0.0 0.0 0.0 0.0 0.0 0.0 0.0 0.0 0.0 0.0 0.0 0.0 0.0 0.0 0.0 0.0 0.0 0.0 0.0 0.0 
-63.20106887817383 175.52491760253906 154.24949645996094 105.90314483642578 -71.52326965332031 -291.4127197265625 -45.184043884277344 133.8831024169922 153.1365966796875 -26.322864532470703 -147.8026580810547 232.3578338623047 -102.37926483154297 -4.004242420196533 107.69627380371094 -424.11346435546875 -26.467153549194336 31.168556213378906 41.47509002685547 67.01575469970703 output 8 2 5 10 9 4 1 7 6 3 indices 2 -1 3 4 -1 1 3 4 2 1 -1 4 2 1 3 -1 2 1 3 4 -1 3 1 2 2 1 3 4 2 1 3 4 2 1 3 4 2 1 3 4 value 0.0 0.0 0.0 0.0 0.0 0.0 0.0 0.0 0.0 0.0 0.0 0.0 0.0 0.0 0.0 0.0 0.0 0.0 0.0 0.0 10.0 0.0 0.0 0.0 0.0 0.0 0.0 0.0 0.0 0.0 0.0 0.0 0.0 0.0 0.0 0.0 0.0 0.0 0.0 0.0 
-128.215087890625 211.66432189941406 145.34478759765625 -53.51183319091797 -92.36907196044922 18.963092803955078 129.83676147460938 243.37124633789062 29.120372772216797 -131.8022003173828 -78.7470932006836 -310.36834716796875 154.34730529785156 -161.0880889892578 123.34300994873047 94.34840393066406 -189.61810302734375 199.4405975341797 -93.04289245605469 -111.0172119140625 output 4 8 2 7 5 10 3 9 1 6 indices 2 -1 3 4 -1 1 3 4 2 1 -1 4 -1 3 1 2 2 1 3 4 2 1 3 4 2 1 3 4 2 1 3 4 2 1 3 4 2 1 3 4 value 0.0 0.0 0.0 0.0 0.0 0.0 0.0 0.0 0.0 0.0 0.0 0.0 10.0 0.0 0.0 0.0 0.0 0.0 0.0 0.0 0.0 0.0 0.0 0.0 0.0 0.0 0.0 0.0 0.0 0.0 0.0 0.0 0.0 0.0 0.0 0.0 0.0 0.0 0.0 0.0 
-3.7890379428863525 -174.30076599121094 50.023067474365234 330.8429870605469 -3.265167713165283 294.4704895019531 87.54949951171875 101.87130737304688 33.98347854614258 -305.85595703125 23.665058135986328 1.1653071641921997 -101.92828369140625 -19.32096290588379 57.47046661376953 -182.73355102539062 -75.6774673461914 -34.56514358520508 -68.0316162109375 -11.573731422424316 output 2 3 4 6 10 9 7 1 8 5 indices 2 -1 3 4 -1 4 1 3 2 1 -1 4 2 1 3 -1 2 1 3 4 2 1 3 4 2 1 3 4 2 1 3 4 2 1 3 4 2 1 3 4 value 0.0 0.0 0.0 0.0 10.0 0.0 0.0 0.0 0.0 0.0 0.0 0.0 0.0 0.0 0.0 0.0 0.0 0.0 0.0 0.0 0.0 0.0 0.0 0.0 0.0 0.0 0.0 0.0 0.0 0.0 0.0 0.0 0.0 0.0 0.0 0.0 0.0 0.0 0.0 0.0 
153.73599243164062 60.76541519165039 -92.20506286621094 285.1277160644531 85.17186737060547 245.45909118652344 151.3287811279297 -88.63351440429688 51.943763732910156 -178.69837951660156 9.432441711425781 352.464599609375 -100.32991027832031 -132.15072631835938 33.01622009277344 -327.1150207519531 -130.98643493652344 -298.55828857421875 -161.107666015625 81.33909606933594 output 1 4 5 7 10 9 2 6 8 3 indices 2 -1 3 4 -1 1 3 4 2 1 -1 4 2 1 3 -1 2 1 3 4 -1 3 1 2 2 1 3 4 2 1 3 4 2 1 3 4 2 1 3 4 value 0.0 0.0 0.0 0.0 0.0 0.0 0.0 0.0 0.0 0.0 0.0 0.0 0.0 0.0 0.0 0.0 0.0 0.0 0.0 0.0 10.0 0.0 0.0 0.0 0.0 0.0 0.0 0.0 0.0 0.0 0.0 0.0 0.0 0.0 0.0 0.0 0.0 0.0 0.0 0.0 
-199.81832885742188 42.029273986816406 -198.07420349121094 -166.69647216796875 126.74398803710938 139.71055603027344 -50.4263916015625 -31.62074851989746 129.10189819335938 174.46202087402344 34.78318405151367 -262.3883972167969 132.34793090820312 113.76742553710938 96.86075592041016 -302.7419128417969 8.4193696975708 282.7048645019531 -79.93821716308594 10.773422241210938 output 7 8 6 9 2 1 10 4 3 5 indices 2 -1 3 4 -1 1 3 4 2 1 -1 4 2 1 3 -1 2 1 3 4 2 1 3 4 2 1 3 4 2 1 3 4 -1 3 1 2 2 1 3 4 value 0.0 0.0 0.0 0.0 0.0 0.0 0.0 0.0 0.0 0.0 0.0 0.0 0.0 0.0 0.0 0.0 0.0 0.0 0.0 0.0 0.0 0.0 0.0 0.0 0.0 0.0 0.0 0.0 0.0 0.0 0.0 0.0 10.0 0.0 0.0 0.0 0.0 0.0 0.0 0.0 
-99.35480499267578 105.27227783203125 -64.65498352050781 258.34893798828125 196.5370330810547 256.1468200683594 21.45132064819336 1.524127721786499 -131.2772216796875 3.137960433959961 -53.05568313598633 -371.50213623046875 77.10474395751953 -142.06117248535156 143.6290740966797 -236.62283325195312 -88.04105377197266 242.67381286621094 -2.33843731880188 -116.91777038574219 output 2 6 3 8 7 10 4 5 1 9 indices 2 -1 3 4 -1 1 3 4 -1 4 1 2 2 1 3 -1 2 1 3 4 2 1 3 4 2 1 3 4 2 1 3 4 2 1 3 4 2 1 3 4 value 0.0 0.0 0.0 0.0 0.0 0.0 0.0 0.0 10.0 0.0 0.0 0.0 0.0 0.0 0.0 0.0 0.0 0.0 0.0 0.0 0.0 0.0 0.0 0.0 0.0 0.0 0.0 0.0 0.0 0.0 0.0 0.0 0.0 0.0 0.0 0.0 0.0 0.0 0.0 0.0 
41.78626251220703 212.13711547851562 -96.87297058105469 -104.14643096923828 -97.96099853515625 -172.53135681152344 -166.57437133789062 -355.1247863769531 -5.516814708709717 98.30743408203125 76.421630859375 -152.88186645507812 65.40699005126953 -65.27107238769531 62.743690490722656 128.68338012695312 175.15966796875 216.44134521484375 -54.59309005737305 194.38626098632812 output 8 5 10 4 3 2 7 6 9 1 indices 2 -1 3 4 -1 1 3 4 2 1 -1 4 2 1 3 -1 2 1 3 4 2 1 3 4 2 1 3 4 2 1 3 4 -1 3 1 2 2 1 3 4 value 0.0 0.0 0.0 0.0 0.0 0.0 0.0 0.0 0.0 0.0 0.0 0.0 0.0 0.0 0.0 0.0 0.0 0.0 0.0 0.0 0.0 0.0 0.0 0.0 0.0 0.0 0.0 0.0 0.0 0.0 0.0 0.0 10.0 0.0 0.0 0.0 0.0 0.0 0.0 0.0 
-54.82362747192383 128.08108520507812 -38.87295150756836 -39.8193473815918 -162.72360229492188 194.4935760498047 147.294921875 31.0071964263916 -97.763916015625 -47.86826705932617 -146.73423767089844 -37.50148010253906 -45.38554000854492 -176.9700927734375 188.94607543945312 -222.2120819091797 31.715656280517578 181.90370178222656 178.3472137451172 -11.114288330078125 output 9 1 3 6 5 2 7 8 10 4 indices 2 -1 3 4 -1 1 3 4 2 1 -1 4 2 1 3 -1 2 1 3 4 2 1 3 4 2 1 3 4 2 1 3 4 -1 3 1 2 2 1 3 4 value 0.0 0.0 0.0 0.0 0.0 0.0 0.0 0.0 0.0 0.0 0.0 0.0 0.0 0.0 0.0 0.0 0.0 0.0 0.0 0.0 0.0 0.0 0.0 0.0 0.0 0.0 0.0 0.0 0.0 0.0 0.0 0.0 10.0 0.0 0.0 0.0 0.0 0.0 0.0 0.0 
-67.90267181396484 -138.50735473632812 84.3890151977539 234.3768768310547 75.53683471679688 -246.31837463378906 -69.07494354248047 -185.6305694580078 -83.14385223388672 -192.05105590820312 23.92988395690918 154.38824462890625 63.60326385498047 -182.57264709472656 -79.29308319091797 -64.1449966430664 46.5921516418457 362.04571533203125 5.363404750823975 258.4141540527344 output 3 9 2 10 6 8 1 5 4 7 indices 2 -1 3 4 -1 1 3 4 2 1 -1 4 2 1 3 -1 2 1 3 4 2 1 3 4 2 1 3 4 2 1 3 4 -1 3 1 2 2 1 3 4 value 0.0 0.0 0.0 0.0 0.0 0.0 0.0 0.0 0.0 0.0 0.0 0.0 0.0 0.0 0.0 0.0 0.0 0.0 0.0 0.0 0.0 0.0 0.0 0.0 0.0 0.0 0.0 0.0 0.0 0.0 0.0 0.0 10.0 0.0 0.0 0.0 0.0 0.0 0.0 0.0 
-206.84507751464844 108.55624389648438 75.1466293334961 170.37234497070312 110.12877655029297 -240.01724243164062 21.406909942626953 232.65670776367188 72.3694076538086 -277.6284484863281 -99.58943939208984 295.7855224609375 31.569242477416992 -244.9628448486328 109.98388671875 -261.4977722167969 9.248991012573242 143.72967529296875 -123.41934204101562 73.00579071044922 output 1 10 9 4 2 3 8 5 7 6 indices 2 -1 3 4 -1 1 3 4 2 1 -1 4 2 1 3 -1 2 1 3 4 -1 3 1 2 2 1 3 4 2 1 3 4 2 1 3 4 2 1 3 4 value 0.0 0.0 0.0 0.0 0.0 0.0 0.0 0.0 0.0 0.0 0.0 0.0 0.0 0.0 0.0 0.0 0.0 0.0 0.0 0.0 10.0 0.0 0.0 0.0 0.0 0.0 0.0 0.0 0.0 0.0 0.0 0.0 0.0 0.0 0.0 0.0 0.0 0.0 0.0 0.0 
81.52782440185547 171.06837463378906 9.07330322265625 118.91593170166016 -112.66521453857422 -166.41517639160156 -132.48471069335938 217.60728454589844 62.041748046875 -173.89259338378906 169.250244140625 -89.29310607910156 56.658775329589844 -303.7135314941406 -160.3286590576172 237.8576202392578 103.57669830322266 150.07984924316406 -76.6500015258789 -162.2146453857422 output 5 10 3 8 4 2 1 9 6 7 indices 2 -1 3 4 -1 1 3 4 2 1 -1 4 2 1 3 -1 2 1 3 4 2 1 3 4 2 1 3 4 -1 3 1 2 2 1 3 4 2 1 3 4 value 0.0 0.0 0.0 0.0 0.0 0.0 0.0 0.0 0.0 0.0 0.0 0.0 0.0 0.0 0.0 0.0 0.0 0.0 0.0 0.0 0.0 0.0 0.0 0.0 0.0 0.0 0.0 0.0 10.0 0.0 0.0 0.0 0.0 0.0 0.0 0.0 0.0 0.0 0.0 0.0 
-102.6959457397461 373.9200439453125 55.717594146728516 148.57749938964844 -107.77808380126953 -66.79234313964844 -91.0746078491211 298.3165588378906 240.2821502685547 -146.4897918701172 165.9708709716797 212.4019012451172 -68.58777618408203 -201.8458251953125 -45.39360046386719 -6.720265865325928 22.169790267944336 -318.11279296875 -68.61038970947266 -293.2550354003906 output 8 3 4 1 7 10 9 5 6 2 indices -1 4 2 3 -1 1 3 4 2 1 -1 4 2 1 3 -1 2 1 3 4 2 1 3 4 2 1 3 4 2 1 3 4 2 1 3 4 2 1 3 4 value 10.0 0.0 0.0 0.0 0.0 0.0 0.0 0.0 0.0 0.0 0.0 0.0 0.0 0.0 0.0 0.0 0.0 0.0 0.0 0.0 0.0 0.0 0.0 0.0 0.0 0.0 0.0 0.0 0.0 0.0 0.0 0.0 0.0 0.0 0.0 0.0 0.0 0.0 0.0 0.0 
-49.50221633911133 -138.15611267089844 -12.459999084472656 -193.90603637695312 -11.397845268249512 -159.33590698242188 -27.020288467407227 235.1594696044922 -42.21946716308594 44.490234375 136.70008850097656 -152.6262664794922 97.6257553100586 179.44996643066406 0.8417268991470337 143.62945556640625 6.492146968841553 27.955108642578125 -99.05990600585938 13.340093612670898 output 7 6 2 3 1 10 5 9 8 4 indices 2 -1 3 4 -1 1 3 4 2 1 -1 4 -1 3 1 2 2 1 3 4 2 1 3 4 2 1 3 4 2 1 3 4 2 1 3 4 2 1 3 4 value 0.0 0.0 0.0 0.0 0.0 0.0 0.0 0.0 0.0 0.0 0.0 0.0 10.0 0.0 0.0 0.0 0.0 0.0 0.0 0.0 0.0 0.0 0.0 0.0 0.0 0.0 0.0 0.0 0.0 0.0 0.0 0.0 0.0 0.0 0.0 0.0 0.0 0.0 0.0 0.0 
-0.4050695598125458 -217.83448791503906 -14.0980806350708 9.386205673217773 23.857847213745117 108.66265869140625 -78.3742904663086 -316.3915710449219 27.668004989624023 22.487625122070312 30.519662857055664 111.19017791748047 -13.182164192199707 218.27886962890625 43.781925201416016 315.6369934082031 54.140567779541016 -198.47259521484375 -73.90840148925781 -52.94388198852539 output 1 4 8 7 3 6 5 2 10 9 indices 2 -1 3 4 -1 1 3 4 2 1 -1 4 2 1 3 -1 2 1 3 4 2 1 3 4 2 1 3 4 -1 3 1 2 2 1 3 4 2 1 3 4 value 0.0 0.0 0.0 0.0 0.0 0.0 0.0 0.0 0.0 0.0 0.0 0.0 0.0 0.0 0.0 0.0 0.0 0.0 0.0 0.0 0.0 0.0 0.0 0.0 0.0 0.0 0.0 0.0 10.0 0.0 0.0 0.0 0.0 0.0 0.0 0.0 0.0 0.0 0.0 0.0 
-146.13941955566406 30.009429931640625 28.897872924804688 8.751485824584961 -56.464019775390625 -299.1726989746094 66.45634460449219 36.430328369140625 -101.49937438964844 -158.5050811767578 130.62969970703125 121.99858856201172 16.836650848388672 -179.1816864013672 133.58363342285156 98.19253540039062 -52.187469482421875 37.73648452758789 -20.113920211791992 303.7406311035156 output 5 1 9 2 4 8 6 10 3 7 indices 2 -1 3 4 -1 1 3 4 2 1 -1 4 2 1 3 -1 2 1 3 4 2 1 3 4 2 1 3 4 2 1 3 4 2 1 3 4 -1 3 1 2 value 0.0 0.0 0.0 0.0 0.0 0.0 0.0 0.0 0.0 0.0 0.0 0.0 0.0 0.0 0.0 0.0 0.0 0.0 0.0 0.0 0.0 0.0 0.0 0.0 0.0 0.0 0.0 0.0 0.0 0.0 0.0 0.0 0.0 0.0 0.0 0.0 10.0 0.0 0.0 0.0 
138.74972534179688 -148.6212615966797 -49.217159271240234 48.35393142700195 87.29673767089844 264.123291015625 -61.75774383544922 245.61770629882812 18.122800827026367 -211.6016082763672 -171.559814453125 -244.97561645507812 149.3692169189453 66.26206970214844 81.28575897216797 188.72547912597656 -144.77508544921875 -241.58119201660156 -47.514442443847656 33.697208404541016 output 10 2 4 8 3 7 1 5 9 6 indices 2 -1 3 4 -1 1 3 4 -1 4 1 2 2 1 3 -1 2 1 3 4 2 1 3 4 2 1 3 4 2 1 3 4 2 1 3 4 2 1 3 4 value 0.0 0.0 0.0 0.0 0.0 0.0 0.0 0.0 10.0 0.0 0.0 0.0 0.0 0.0 0.0 0.0 0.0 0.0 0.0 0.0 0.0 0.0 0.0 0.0 0.0 0.0 0.0 0.0 0.0 0.0 0.0 0.0 0.0 0.0 0.0 0.0 0.0 0.0 0.0 0.0 
-83.22698211669922 80.4647445678711 158.12538146972656 31.688947677612305 -117.47687530517578 -231.73049926757812 -91.49763488769531 3.8894286155700684 130.48902893066406 184.7237091064453 124.45045471191406 -2.0459518432617188 61.57353973388672 -238.3146514892578 140.2895965576172 -28.587984085083008 -177.4115753173828 149.33734130859375 -145.31492614746094 50.57489776611328 output 6 8 5 2 7 3 9 10 4 1 indices 2 -1 3 4 -1 1 3 4 2 1 -1 4 2 1 3 -1 -1 3 1 2 2 1 3 4 2 1 3 4 2 1 3 4 2 1 3 4 2 1 3 4 value 0.0 0.0 0.0 0.0 0.0 0.0 0.0 0.0 0.0 0.0 0.0 0.0 0.0 0.0 0.0 0.0 10.0 0.0 0.0 0.0 0.0 0.0 0.0 0.0 0.0 0.0 0.0 0.0 0.0 0.0 0.0 0.0 0.0 0.0 0.0 0.0 0.0 0.0 0.0 0.0 
162.23011779785156 182.66603088378906 92.3792495727539 -222.9463653564453 -20.808210372924805 -25.26509666442871 -132.23233032226562 -99.03514862060547 -8.893265724182129 -6.378499507904053 -49.378257751464844 -320.4097595214844 90.31895446777344 223.87757873535156 -63.626991271972656 -78.89940643310547 -99.8990707397461 231.53782653808594 29.909791946411133 114.85285949707031 output 10 7 1 2 6 9 4 8 3 5 indices 2 -1 3 4 -1 1 3 4 2 1 -1 4 2 1 3 -1 2 1 3 4 2 1 3 4 -1 3 1 2 2 1 3 4 2 1 3 4 2 1 3 4 value 0.0 0.0 0.0 0.0 0.0 0.0 0.0 0.0 0.0 0.0 0.0 0.0 0.0 0.0 0.0 0.0 0.0 0.0 0.0 0.0 0.0 0.0 0.0 0.0 10.0 0.0 0.0 0.0 0.0 0.0 0.0 0.0 0.0 0.0 0.0 0.0 0.0 0.0 0.0 0.0 
73.13058471679688 -122.14998626708984 133.36099243164062 268.8199157714844 149.40194702148438 -211.68601989746094 -58.82417297363281 135.7244415283203 25.311817169189453 -234.75575256347656 64.09430694580078 -61.00358581542969 -199.83375549316406 305.4270324707031 -27.606815338134766 45.18921661376953 14.950164794921875 -305.326171875 -173.9850616455078 179.7609100341797 output 1 6 8 4 10 7 9 5 2 3 indices 2 -1 3 4 -1 4 1 3 2 1 -1 4 2 1 3 -1 2 1 3 4 2 1 3 4 2 1 3 4 2 1 3 4 2 1 3 4 2 1 3 4 value 0.0 0.0 0.0 0.0 10.0 0.0 0.0 0.0 0.0 0.0 0.0 0.0 0.0 0.0 0.0 0.0 0.0 0.0 0.0 0.0 0.0 0.0 0.0 0.0 0.0 0.0 0.0 0.0 0.0 0.0 0.0 0.0 0.0 0.0 0.0 0.0 0.0 0.0 0.0 0.0 
-94.71085357666016 317.90130615234375 -87.00076293945312 -98.88155364990234 -63.03695297241211 -294.2241516113281 141.19984436035156 -38.080814361572266 -132.31407165527344 -57.954864501953125 -126.97637939453125 -70.70169830322266 159.18182373046875 125.02833557128906 168.4970245361328 -132.25210571289062 -30.958816528320312 287.9456787109375 66.11915588378906 -38.78012466430664 output 10 4 8 7 9 1 3 5 6 2 indices -1 4 2 3 -1 1 3 4 2 1 -1 4 2 1 3 -1 2 1 3 4 2 1 3 4 2 1 3 4 2 1 3 4 2 1 3 4 2 1 3 4 value 10.0 0.0 0.0 0.0 0.0 0.0 0.0 0.0 0.0 0.0 0.0 0.0 0.0 0.0 0.0 0.0 0.0 0.0 0.0 0.0 0.0 0.0 0.0 0.0 0.0 0.0 0.0 0.0 0.0 0.0 0.0 0.0 0.0 0.0 0.0 0.0 0.0 0.0 0.0 0.0 
34.66027069091797 173.09469604492188 59.39089584350586 296.8582458496094 -38.45989990234375 178.7301483154297 -100.74845123291016 -73.03834533691406 -131.23577880859375 -30.48298454284668 6.669000625610352 277.0549621582031 -151.4494171142578 -342.85198974609375 90.81116485595703 129.63919067382812 86.85276794433594 -362.29754638671875 143.5094451904297 -246.7063751220703 output 7 4 5 3 1 8 10 9 2 6 indices 2 -1 3 4 -1 4 1 3 2 1 -1 4 2 1 3 -1 2 1 3 4 2 1 3 4 2 1 3 4 2 1 3 4 2 1 3 4 2 1 3 4 value 0.0 0.0 0.0 0.0 10.0 0.0 0.0 0.0 0.0 0.0 0.0 0.0 0.0 0.0 0.0 0.0 0.0 0.0 0.0 0.0 0.0 0.0 0.0 0.0 0.0 0.0 0.0 0.0 0.0 0.0 0.0 0.0 0.0 0.0 0.0 0.0 0.0 0.0 0.0 0.0 
-1.6634163856506348 10.664169311523438 -20.432432174682617 81.72724914550781 129.7266845703125 -161.70016479492188 -27.30105209350586 -195.51956176757812 -41.34489822387695 155.528076171875 -85.24440002441406 -57.443817138671875 41.496273040771484 -136.91326904296875 117.47713470458984 310.5709533691406 -42.48430633544922 329.4940185546875 -70.22958374023438 -336.40765380859375 output 1 6 4 7 3 8 10 9 5 2 indices 2 -1 3 4 -1 1 3 4 2 1 -1 4 2 1 3 -1 2 1 3 4 2 1 3 4 2 1 3 4 -1 3 1 2 2 1 3 4 2 1 3 4 value 0.0 0.0 0.0 0.0 0.0 0.0 0.0 0.0 0.0 0.0 0.0 0.0 0.0 0.0 0.0 0.0 0.0 0.0 0.0 0.0 0.0 0.0 0.0 0.0 0.0 0.0 0.0 0.0 10.0 0.0 0.0 0.0 0.0 0.0 0.0 0.0 0.0 0.0 0.0 0.0 
68.47844696044922 -388.6999816894531 -108.03643798828125 93.72636413574219 -100.8988037109375 -187.61448669433594 85.73326873779297 170.4291534423828 28.260961532592773 42.461551666259766 -101.53606414794922 -13.25002670288086 95.25099182128906 190.65560913085938 -63.37654495239258 202.50643920898438 77.06655883789062 220.5655975341797 19.057632446289062 -330.78021240234375 output 9 1 10 3 6 2 8 5 4 7 indices 2 -1 3 4 -1 1 3 4 2 1 -1 4 2 1 3 -1 2 1 3 4 2 1 3 4 2 1 3 4 2 1 3 4 -1 3 1 2 2 1 3 4 value 0.0 0.0 0.0 0.0 0.0 0.0 0.0 0.0 0.0 0.0 0.0 0.0 0.0 0.0 0.0 0.0 0.0 0.0 0.0 0.0 0.0 0.0 0.0 0.0 0.0 0.0 0.0 0.0 0.0 0.0 0.0 0.0 10.0 0.0 0.0 0.0 0.0 0.0 0.0 0.0 
-148.64096069335938 -162.49609375 -116.91737365722656 -90.75582122802734 -145.16859436035156 -292.5612487792969 81.57534790039062 -178.4763641357422 126.74517059326172 179.3601531982422 -73.6325912475586 216.6573028564453 80.77256774902344 191.3138885498047 67.47325897216797 306.0881652832031 42.76596450805664 -129.42674255371094 85.0272216796875 -39.70323944091797 output 7 5 10 4 9 2 1 3 6 8 indices 2 -1 3 4 -1 1 3 4 2 1 -1 4 2 1 3 -1 2 1 3 4 2 1 3 4 2 1 3 4 -1 3 1 2 2 1 3 4 2 1 3 4 value 0.0 0.0 0.0 0.0 0.0 0.0 0.0 0.0 0.0 0.0 0.0 0.0 0.0 0.0 0.0 0.0 0.0 0.0 0.0 0.0 0.0 0.0 0.0 0.0 0.0 0.0 0.0 0.0 10.0 0.0 0.0 0.0 0.0 0.0 0.0 0.0 0.0 0.0 0.0 0.0 
21.497705459594727 -200.4399871826172 -115.60078430175781 222.38597106933594 -135.7465057373047 -189.94039916992188 -44.58909606933594 181.1759490966797 8.787276268005371 -41.14447021484375 112.67105865478516 124.0617446899414 30.79667854309082 -213.39385986328125 111.52352905273438 200.02166748046875 69.58838653564453 -24.00371551513672 -58.92825698852539 -58.72290802001953 output 3 2 4 8 6 9 5 10 1 7 indices 2 -1 3 4 -1 1 3 4 2 1 -1 4 2 1 3 -1 2 1 3 4 2 1 3 4 2 1 3 4 -1 3 1 2 2 1 3 4 2 1 3 4 value 0.0 0.0 0.0 0.0 0.0 0.0 0.0 0.0 0.0 0.0 0.0 0.0 0.0 0.0 0.0 0.0 0.0 0.0 0.0 0.0 0.0 0.0 0.0 0.0 0.0 0.0 0.0 0.0 10.0 0.0 0.0 0.0 0.0 0.0 0.0 0.0 0.0 0.0 0.0 0.0 
-17.15089225769043 133.0343780517578 133.20559692382812 -214.82705688476562 69.36268615722656 -131.72283935546875 24.838735580444336 -288.80096435546875 -87.45657348632812 321.47552490234375 -60.862213134765625 96.18568420410156 -44.15354919433594 -172.64756774902344 77.83822631835938 -253.67823791503906 106.4729232788086 262.87371826171875 -202.09495544433594 248.10736083984375 output 1 9 2 8 3 7 4 5 10 6 indices 2 -1 3 4 -1 1 3 4 2 1 -1 4 2 1 3 -1 -1 3 1 2 2 1 3 4 2 1 3 4 2 1 3 4 2 1 3 4 2 1 3 4 value 0.0 0.0 0.0 0.0 0.0 0.0 0.0 0.0 0.0 0.0 0.0 0.0 0.0 0.0 0.0 0.0 10.0 0.0 0.0 0.0 0.0 0.0 0.0 0.0 0.0 0.0 0.0 0.0 0.0 0.0 0.0 0.0 0.0 0.0 0.0 0.0 0.0 0.0 0.0 0.0 
13.772302627563477 -308.2559814453125 -0.28347498178482056 -300.4237060546875 6.752721786499023 -99.44407653808594 -102.4747314453125 -139.64877319335938 52.60493469238281 302.3507385253906 -9.160143852233887 304.6434631347656 102.90612030029297 305.2923278808594 -177.73776245117188 -368.7417297363281 15.781041145324707 103.81696319580078 97.8389892578125 200.41079711914062 output 5 7 10 9 3 4 8 2 1 6 indices 2 -1 3 4 -1 1 3 4 2 1 -1 4 2 1 3 -1 2 1 3 4 2 1 3 4 -1 3 1 2 2 1 3 4 2 1 3 4 2 1 3 4 value 0.0 0.0 0.0 0.0 0.0 0.0 0.0 0.0 0.0 0.0 0.0 0.0 0.0 0.0 0.0 0.0 0.0 0.0 0.0 0.0 0.0 0.0 0.0 0.0 10.0 0.0 0.0 0.0 0.0 0.0 0.0 0.0 0.0 0.0 0.0 0.0 0.0 0.0 0.0 0.0 
22.967634201049805 286.2410888671875 -160.113037109375 -252.45028686523438 73.15118408203125 240.76463317871094 145.0087127685547 -43.987998962402344 -10.58240032196045 73.73652648925781 -68.08123779296875 -9.29955768585205 165.54022216796875 -301.1234130859375 -173.26422119140625 -193.3619842529297 -21.673397064208984 44.30897521972656 27.046539306640625 155.17202758789062 output 1 3 7 4 10 5 9 6 8 2 indices -1 4 2 3 -1 1 3 4 2 1 -1 4 2 1 3 -1 2 1 3 4 2 1 3 4 2 1 3 4 2 1 3 4 2 1 3 4 2 1 3 4 value 10.0 0.0 0.0 0.0 0.0 0.0 0.0 0.0 0.0 0.0 0.0 0.0 0.0 0.0 0.0 0.0 0.0 0.0 0.0 0.0 0.0 0.0 0.0 0.0 0.0 0.0 0.0 0.0 0.0 0.0 0.0 0.0 0.0 0.0 0.0 0.0 0.0 0.0 0.0 0.0 
69.0641860961914 72.13233184814453 56.696449279785156 -53.71918869018555 151.09596252441406 200.94679260253906 84.18377685546875 122.03926086425781 -172.56228637695312 135.86058044433594 -167.3295135498047 -269.1168212890625 -148.78623962402344 -63.02351760864258 93.3858413696289 182.36553955078125 -113.13789367675781 -447.2743225097656 147.3897247314453 119.78936004638672 output 1 2 7 6 5 9 8 3 10 4 indices 2 -1 3 4 -1 1 3 4 -1 4 1 2 2 1 3 -1 2 1 3 4 2 1 3 4 2 1 3 4 2 1 3 4 2 1 3 4 2 1 3 4 value 0.0 0.0 0.0 0.0 0.0 0.0 0.0 0.0 10.0 0.0 0.0 0.0 0.0 0.0 0.0 0.0 0.0 0.0 0.0 0.0 0.0 0.0 0.0 0.0 0.0 0.0 0.0 0.0 0.0 0.0 0.0 0.0 0.0 0.0 0.0 0.0 0.0 0.0 0.0 0.0 
-152.3618621826172 151.6671142578125 128.6962127685547 -300.7594909667969 27.154787063598633 -43.70952606201172 28.831518173217773 286.34619140625 -131.80935668945312 -162.7655487060547 145.8902130126953 101.53619384765625 -23.56817054748535 -413.080322265625 -106.30702209472656 110.30878448486328 -66.06362915039062 23.41875648498535 149.5373077392578 247.03782653808594 output 5 1 8 9 3 6 10 2 4 7 indices 2 -1 3 4 -1 1 3 4 2 1 -1 4 -1 3 1 2 2 1 3 4 2 1 3 4 2 1 3 4 2 1 3 4 2 1 3 4 2 1 3 4 value 0.0 0.0 0.0 0.0 0.0 0.0 0.0 0.0 0.0 0.0 0.0 0.0 10.0 0.0 0.0 0.0 0.0 0.0 0.0 0.0 0.0 0.0 0.0 0.0 0.0 0.0 0.0 0.0 0.0 0.0 0.0 0.0 0.0 0.0 0.0 0.0 0.0 0.0 0.0 0.0 
77.69650268554688 242.09153747558594 52.888118743896484 -259.1072998046875 -118.78258514404297 97.22482299804688 111.75183868408203 -171.73825073242188 -66.63992309570312 271.013427734375 -8.500470161437988 -226.84178161621094 -89.19351196289062 -54.17634201049805 90.19908142089844 47.70823669433594 28.707618713378906 -122.973876953125 -78.12666320800781 176.79949951171875 output 10 5 1 8 4 2 6 9 7 3 indices 2 -1 3 4 -1 1 3 4 2 1 -1 4 2 1 3 -1 -1 3 1 2 2 1 3 4 2 1 3 4 2 1 3 4 2 1 3 4 2 1 3 4 value 0.0 0.0 0.0 0.0 0.0 0.0 0.0 0.0 0.0 0.0 0.0 0.0 0.0 0.0 0.0 0.0 10.0 0.0 0.0 0.0 0.0 0.0 0.0 0.0 0.0 0.0 0.0 0.0 0.0 0.0 0.0 0.0 0.0 0.0 0.0 0.0 0.0 0.0 0.0 0.0 
-46.312591552734375 -310.4860534667969 36.42627716064453 112.96141815185547 -90.8916015625 -292.8979187011719 108.18400573730469 -173.3816375732422 110.97637939453125 213.5037841796875 -169.6986846923828 276.7183532714844 -71.14844512939453 -184.5548553466797 15.346172332763672 54.495853424072266 -27.420473098754883 306.3858642578125 134.53897094726562 -2.744807481765747 output 4 10 8 2 5 9 1 3 6 7 indices 2 -1 3 4 -1 1 3 4 2 1 -1 4 2 1 3 -1 2 1 3 4 2 1 3 4 2 1 3 4 2 1 3 4 -1 3 1 2 2 1 3 4 value 0.0 0.0 0.0 0.0 0.0 0.0 0.0 0.0 0.0 0.0 0.0 0.0 0.0 0.0 0.0 0.0 0.0 0.0 0.0 0.0 0.0 0.0 0.0 0.0 0.0 0.0 0.0 0.0 0.0 0.0 0.0 0.0 10.0 0.0 0.0 0.0 0.0 0.0 0.0 0.0 
-34.68587875366211 -250.01197814941406 122.75076293945312 289.1554260253906 -80.66844940185547 10.544065475463867 55.9837532043457 212.5449676513672 -116.26620483398438 -291.1136474609375 -46.8865966796875 -280.8311767578125 -36.720558166503906 256.5926513671875 34.861324310302734 -76.84335327148438 143.59446716308594 -253.411376953125 -41.96260452270508 383.3743896484375 output 6 1 5 3 8 9 2 4 7 10 indices 2 -1 3 4 -1 1 3 4 2 1 -1 4 2 1 3 -1 2 1 3 4 2 1 3 4 2 1 3 4 2 1 3 4 2 1 3 4 -1 3 1 2 value 0.0 0.0 0.0 0.0 0.0 0.0 0.0 0.0 0.0 0.0 0.0 0.0 0.0 0.0 0.0 0.0 0.0 0.0 0.0 0.0 0.0 0.0 0.0 0.0 0.0 0.0 0.0 0.0 0.0 0.0 0.0 0.0 0.0 0.0 0.0 0.0 10.0 0.0 0.0 0.0 
81.61793518066406 -135.45346069335938 -47.26435852050781 -253.287109375 -120.68362426757812 251.3229217529297 -14.962831497192383 -151.79312133789062 -55.2435302734375 27.039674758911133 127.1059799194336 -134.78733825683594 69.7688217163086 365.5470275878906 26.984966278076172 66.60151672363281 -47.408878326416016 -239.93243408203125 -19.914472579956055 204.74232482910156 output 1 4 9 2 7 10 3 5 8 6 indices 2 -1 3 4 -1 1 3 4 2 1 -1 4 2 1 3 -1 2 1 3 4 2 1 3 4 -1 3 1 2 2 1 3 4 2 1 3 4 2 1 3 4 value 0.0 0.0 0.0 0.0 0.0 0.0 0.0 0.0 0.0 0.0 0.0 0.0 0.0 0.0 0.0 0.0 0.0 0.0 0.0 0.0 0.0 0.0 0.0 0.0 10.0 0.0 0.0 0.0 0.0 0.0 0.0 0.0 0.0 0.0 0.0 0.0 0.0 0.0 0.0 0.0 
-102.50973510742188 13.252599716186523 -40.678810119628906 229.17832946777344 -149.72361755371094 218.72694396972656 136.310791015625 -79.50650787353516 146.98837280273438 114.91118621826172 160.09202575683594 -226.6616973876953 -71.89494323730469 41.39527130126953 -3.2469358444213867 -52.90229415893555 -191.80484008789062 -405.7249755859375 116.46769714355469 147.33116149902344 output 7 1 9 3 2 10 5 6 4 8 indices 2 -1 3 4 -1 4 1 3 2 1 -1 4 2 1 3 -1 2 1 3 4 2 1 3 4 2 1 3 4 2 1 3 4 2 1 3 4 2 1 3 4 value 0.0 0.0 0.0 0.0 10.0 0.0 0.0 0.0 0.0 0.0 0.0 0.0 0.0 0.0 0.0 0.0 0.0 0.0 0.0 0.0 0.0 0.0 0.0 0.0 0.0 0.0 0.0 0.0 0.0 0.0 0.0 0.0 0.0 0.0 0.0 0.0 0.0 0.0 0.0 0.0 
-97.98748779296875 -183.45826721191406 96.63829040527344 -334.808349609375 -40.330570220947266 98.78658294677734 145.80154418945312 -121.11295318603516 -146.2454071044922 -128.56338500976562 -53.37113952636719 203.2590789794922 61.1851692199707 264.3742980957031 -45.26813507080078 173.71066284179688 -67.36164855957031 -71.74237060546875 146.9393768310547 99.55467224121094 output 9 1 5 3 8 6 7 2 10 4 indices 2 -1 3 4 -1 1 3 4 2 1 -1 4 2 1 3 -1 2 1 3 4 2 1 3 4 -1 3 1 2 2 1 3 4 2 1 3 4 2 1 3 4 value 0.0 0.0 0.0 0.0 0.0 0.0 0.0 0.0 0.0 0.0 0.0 0.0 0.0 0.0 0.0 0.0 0.0 0.0 0.0 0.0 0.0 0.0 0.0 0.0 10.0 0.0 0.0 0.0 0.0 0.0 0.0 0.0 0.0 0.0 0.0 0.0 0.0 0.0 0.0 0.0 
47.11030197143555 -164.8697052001953 -15.573298454284668 -149.90701293945312 3.3526995182037354 9.423136711120605 43.87032699584961 304.6357421875 93.70878601074219 -102.76541137695312 55.573360443115234 219.44091796875 -70.73328399658203 272.6661071777344 4.532150745391846 325.684814453125 -19.956905364990234 -360.3620300292969 -141.88414001464844 -353.946533203125 output 1 2 3 6 7 10 9 8 4 5 indices 2 -1 3 4 -1 1 3 4 2 1 -1 4 2 1 3 -1 2 1 3 4 2 1 3 4 2 1 3 4 -1 3 1 2 2 1 3 4 2 1 3 4 value 0.0 0.0 0.0 0.0 0.0 0.0 0.0 0.0 0.0 0.0 0.0 0.0 0.0 0.0 0.0 0.0 0.0 0.0 0.0 0.0 0.0 0.0 0.0 0.0 0.0 0.0 0.0 0.0 10.0 0.0 0.0 0.0 0.0 0.0 0.0 0.0 0.0 0.0 0.0 0.0 
138.2832489013672 -269.60235595703125 -11.541199684143066 51.87751007080078 121.24673461914062 286.31439208984375 9.670941352844238 -141.79737854003906 -21.892791748046875 285.375732421875 96.31200408935547 -262.2499084472656 -109.71964263916016 -136.0809783935547 15.667967796325684 6.069630146026611 -188.96823120117188 173.94876098632812 -49.05904006958008 6.144570350646973 output 1 3 5 9 7 10 2 8 4 6 indices 2 -1 3 4 -1 1 3 4 -1 4 1 2 2 1 3 -1 2 1 3 4 2 1 3 4 2 1 3 4 2 1 3 4 2 1 3 4 2 1 3 4 value 0.0 0.0 0.0 0.0 0.0 0.0 0.0 0.0 10.0 0.0 0.0 0.0 0.0 0.0 0.0 0.0 0.0 0.0 0.0 0.0 0.0 0.0 0.0 0.0 0.0 0.0 0.0 0.0 0.0 0.0 0.0 0.0 0.0 0.0 0.0 0.0 0.0 0.0 0.0 0.0 
182.35366821289062 258.0973205566406 -145.64256286621094 -278.7037353515625 -34.886863708496094 303.3726806640625 124.5973129272461 90.6204833984375 -64.02398681640625 -249.3660125732422 -54.186981201171875 -160.74774169921875 -96.30810546875 -45.58867263793945 109.8472671508789 -187.1685791015625 31.878437042236328 314.4537048339844 -53.62818908691406 -44.96944046020508 output 1 4 9 3 2 7 10 6 5 8 indices 2 -1 3 4 -1 1 3 4 2 1 -1 4 2 1 3 -1 2 1 3 4 2 1 3 4 2 1 3 4 2 1 3 4 -1 3 1 2 2 1 3 4 value 0.0 0.0 0.0 0.0 0.0 0.0 0.0 0.0 0.0 0.0 0.0 0.0 0.0 0.0 0.0 0.0 0.0 0.0 0.0 0.0 0.0 0.0 0.0 0.0 0.0 0.0 0.0 0.0 0.0 0.0 0.0 0.0 10.0 0.0 0.0 0.0 0.0 0.0 0.0 0.0 
-88.72696685791016 177.79315185546875 34.77529525756836 -18.405027389526367 38.84872055053711 184.14730834960938 167.6468963623047 203.55064392089844 7.484206676483154 -152.82318115234375 -112.82130432128906 -118.70352935791016 83.72211456298828 -329.34326171875 -162.3576202392578 46.76299285888672 -44.17420959472656 -254.2445831298828 75.60286712646484 261.2654724121094 output 3 10 7 4 2 5 9 6 8 1 indices 2 -1 3 4 -1 1 3 4 2 1 -1 4 2 1 3 -1 2 1 3 4 2 1 3 4 2 1 3 4 2 1 3 4 2 1 3 4 -1 3 1 2 value 0.0 0.0 0.0 0.0 0.0 0.0 0.0 0.0 0.0 0.0 0.0 0.0 0.0 0.0 0.0 0.0 0.0 0.0 0.0 0.0 0.0 0.0 0.0 0.0 0.0 0.0 0.0 0.0 0.0 0.0 0.0 0.0 0.0 0.0 0.0 0.0 10.0 0.0 0.0 0.0 
-28.053600311279297 -185.26092529296875 102.96715545654297 437.1338195800781 -147.00869750976562 -190.68453979492188 -78.98907470703125 6.23099946975708 69.7411880493164 -144.25213623046875 -49.33864212036133 442.9608154296875 132.7364501953125 9.384663581848145 173.24526977539062 -178.788818359375 -50.976505279541016 53.93254089355469 -124.32354736328125 -250.65643310546875 output 6 10 3 4 9 7 8 2 5 1 indices 2 -1 3 4 -1 4 1 3 2 1 -1 4 2 1 3 -1 2 1 3 4 2 1 3 4 2 1 3 4 2 1 3 4 2 1 3 4 2 1 3 4 value 0.0 0.0 0.0 0.0 10.0 0.0 0.0 0.0 0.0 0.0 0.0 0.0 0.0 0.0 0.0 0.0 0.0 0.0 0.0 0.0 0.0 0.0 0.0 0.0 0.0 0.0 0.0 0.0 0.0 0.0 0.0 0.0 0.0 0.0 0.0 0.0 0.0 0.0 0.0 0.0 
-157.9963836669922 -339.62213134765625 -22.528230667114258 -56.53504180908203 65.51205444335938 -152.54193115234375 111.54521942138672 110.50212860107422 -73.38249206542969 82.81361389160156 130.24388122558594 60.77260971069336 -20.323503494262695 100.48322296142578 108.21471405029297 -276.2304382324219 18.813596725463867 147.91062927246094 -160.09886169433594 322.4473571777344 output 3 8 6 4 9 7 5 10 1 2 indices 2 -1 3 4 -1 1 3 4 2 1 -1 4 2 1 3 -1 2 1 3 4 2 1 3 4 2 1 3 4 2 1 3 4 2 1 3 4 -1 3 1 2 value 0.0 0.0 0.0 0.0 0.0 0.0 0.0 0.0 0.0 0.0 0.0 0.0 0.0 0.0 0.0 0.0 0.0 0.0 0.0 0.0 0.0 0.0 0.0 0.0 0.0 0.0 0.0 0.0 0.0 0.0 0.0 0.0 0.0 0.0 0.0 0.0 10.0 0.0 0.0 0.0 
116.34890747070312 207.65203857421875 -139.4005126953125 -291.31085205078125 73.3961181640625 -140.61167907714844 120.96975708007812 -48.84606170654297 -13.616037368774414 -279.9582824707031 19.929288864135742 192.93008422851562 -174.66319274902344 215.5667724609375 -42.00321578979492 239.74935913085938 -65.33155059814453 -237.4468536376953 104.37045288085938 142.27545166015625 output 5 9 2 7 8 6 1 10 4 3 indices 2 -1 3 4 -1 1 3 4 2 1 -1 4 2 1 3 -1 2 1 3 4 2 1 3 4 2 1 3 4 -1 3 1 2 2 1 3 4 2 1 3 4 value 0.0 0.0 0.0 0.0 0.0 0.0 0.0 0.0 0.0 0.0 0.0 0.0 0.0 0.0 0.0 0.0 0.0 0.0 0.0 0.0 0.0 0.0 0.0 0.0 0.0 0.0 0.0 0.0 10.0 0.0 0.0 0.0 0.0 0.0 0.0 0.0 0.0 0.0 0.0 0.0 
15.899706840515137 331.82086181640625 -164.97291564941406 293.3779296875 86.34848022460938 -222.80010986328125 -1.8249872922897339 13.119925498962402 6.365310192108154 191.3266143798828 56.8123893737793 -30.373640060424805 169.38906860351562 150.97604370117188 124.05484771728516 -255.15794372558594 -169.62103271484375 -177.79510498046875 -122.45088195800781 -294.49456787109375 output 9 2 10 1 5 7 8 3 6 4 indices -1 4 2 3 -1 1 3 4 2 1 -1 4 2 1 3 -1 2 1 3 4 2 1 3 4 2 1 3 4 2 1 3 4 2 1 3 4 2 1 3 4 value 10.0 0.0 0.0 0.0 0.0 0.0 0.0 0.0 0.0 0.0 0.0 0.0 0.0 0.0 0.0 0.0 0.0 0.0 0.0 0.0 0.0 0.0 0.0 0.0 0.0 0.0 0.0 0.0 0.0 0.0 0.0 0.0 0.0 0.0 0.0 0.0 0.0 0.0 0.0 0.0 
55.01384353637695 224.384765625 56.89178466796875 162.95372009277344 -72.93695068359375 47.700218200683594 -177.1958770751953 -226.78822326660156 148.5556182861328 57.4808349609375 54.44032669067383 15.605242729187012 -33.89829635620117 107.6156997680664 -175.90127563476562 -352.5066223144531 119.6240234375 -226.6028594970703 25.40680694580078 190.15721130371094 output 1 10 8 4 3 7 6 9 5 2 indices -1 4 2 3 -1 1 3 4 2 1 -1 4 2 1 3 -1 2 1 3 4 2 1 3 4 2 1 3 4 2 1 3 4 2 1 3 4 2 1 3 4 value 10.0 0.0 0.0 0.0 0.0 0.0 0.0 0.0 0.0 0.0 0.0 0.0 0.0 0.0 0.0 0.0 0.0 0.0 0.0 0.0 0.0 0.0 0.0 0.0 0.0 0.0 0.0 0.0 0.0 0.0 0.0 0.0 0.0 0.0 0.0 0.0 0.0 0.0 0.0 0.0 
-7.3357696533203125 34.272621154785156 6.590071201324463 113.757080078125 -93.02430725097656 38.249263763427734 14.300300598144531 274.1500244140625 -10.820908546447754 208.05760192871094 -47.61598587036133 182.516845703125 82.02818298339844 -369.9964904785156 120.96218872070312 -214.12835693359375 -157.09400939941406 -4.885069370269775 92.01024627685547 -261.9935302734375 output 7 4 5 6 9 3 1 2 8 10 indices 2 -1 3 4 -1 1 3 4 2 1 -1 4 -1 3 1 2 2 1 3 4 2 1 3 4 2 1 3 4 2 1 3 4 2 1 3 4 2 1 3 4 value 0.0 0.0 0.0 0.0 0.0 0.0 0.0 0.0 0.0 0.0 0.0 0.0 10.0 0.0 0.0 0.0 0.0 0.0 0.0 0.0 0.0 0.0 0.0 0.0 0.0 0.0 0.0 0.0 0.0 0.0 0.0 0.0 0.0 0.0 0.0 0.0 0.0 0.0 0.0 0.0 
-121.46937561035156 -227.08639526367188 -93.18689727783203 129.4551544189453 23.955421447753906 202.521484375 18.38275146484375 81.4073486328125 -61.87593460083008 -100.41818237304688 148.0552215576172 275.5461120605469 -71.98210144042969 -324.3768615722656 84.84426879882812 17.072280883789062 47.86305236816406 197.62828063964844 25.41359519958496 -251.7492218017578 output 5 2 1 7 10 6 9 3 4 8 indices 2 -1 3 4 -1 1 3 4 2 1 -1 4 2 1 3 -1 2 1 3 4 -1 3 1 2 2 1 3 4 2 1 3 4 2 1 3 4 2 1 3 4 value 0.0 0.0 0.0 0.0 0.0 0.0 0.0 0.0 0.0 0.0 0.0 0.0 0.0 0.0 0.0 0.0 0.0 0.0 0.0 0.0 10.0 0.0 0.0 0.0 0.0 0.0 0.0 0.0 0.0 0.0 0.0 0.0 0.0 0.0 0.0 0.0 0.0 0.0 0.0 0.0 
146.6714630126953 -208.16238403320312 -112.85066223144531 236.41305541992188 180.39805603027344 123.85321807861328 -157.62347412109375 -202.43276977539062 66.7612075805664 3.5299363136291504 -35.02167510986328 -157.97462463378906 -10.260910987854004 302.71258544921875 -130.0847930908203 -20.51846694946289 46.36220169067383 -264.5431213378906 5.648595333099365 187.12258911132812 output 1 3 5 10 7 2 4 8 6 9 indices 2 -1 3 4 -1 1 3 4 2 1 -1 4 2 1 3 -1 2 1 3 4 2 1 3 4 -1 3 1 2 2 1 3 4 2 1 3 4 2 1 3 4 value 0.0 0.0 0.0 0.0 0.0 0.0 0.0 0.0 0.0 0.0 0.0 0.0 0.0 0.0 0.0 0.0 0.0 0.0 0.0 0.0 0.0 0.0 0.0 0.0 10.0 0.0 0.0 0.0 0.0 0.0 0.0 0.0 0.0 0.0 0.0 0.0 0.0 0.0 0.0 0.0 
-8.273406982421875 42.533809661865234 -169.41879272460938 80.15381622314453 132.8232421875 -62.88360595703125 -135.7646942138672 112.56741333007812 -30.776830673217773 247.54757690429688 21.239072799682617 -260.4882507324219 138.1729278564453 -116.7647705078125 -94.0986328125 131.8396453857422 13.597548484802246 142.78689575195312 132.4995880126953 -317.2925109863281 output 2 4 8 5 9 1 3 7 10 6 indices 2 -1 3 4 -1 1 3 4 2 1 -1 4 2 1 3 -1 -1 3 1 2 2 1 3 4 2 1 3 4 2 1 3 4 2 1 3 4 2 1 3 4 value 0.0 0.0 0.0 0.0 0.0 0.0 0.0 0.0 0.0 0.0 0.0 0.0 0.0 0.0 0.0 0.0 10.0 0.0 0.0 0.0 0.0 0.0 0.0 0.0 0.0 0.0 0.0 0.0 0.0 0.0 0.0 0.0 0.0 0.0 0.0 0.0 0.0 0.0 0.0 0.0 
-31.71742057800293 294.85821533203125 -107.64129638671875 -48.29627990722656 152.46942138671875 -30.059314727783203 100.71231079101562 -192.6846923828125 19.078798294067383 153.25955200195312 22.550912857055664 -75.85247039794922 -112.57855987548828 -178.27610778808594 -136.17971801757812 -201.40577697753906 85.56388854980469 341.18603515625 7.7416672706604 -62.72917556762695 output 1 8 7 2 10 6 4 3 9 5 indices 2 -1 3 4 -1 1 3 4 2 1 -1 4 2 1 3 -1 2 1 3 4 2 1 3 4 2 1 3 4 2 1 3 4 -1 3 1 2 2 1 3 4 value 0.0 0.0 0.0 0.0 0.0 0.0 0.0 0.0 0.0 0.0 0.0 0.0 0.0 0.0 0.0 0.0 0.0 0.0 0.0 0.0 0.0 0.0 0.0 0.0 0.0 0.0 0.0 0.0 0.0 0.0 0.0 0.0 10.0 0.0 0.0 0.0 0.0 0.0 0.0 0.0 
185.0865478515625 -287.894775390625 -148.3345489501953 -289.6089782714844 124.39558410644531 -273.1584777832031 36.39649200439453 121.57933807373047 144.85415649414062 -197.84739685058594 -83.06134796142578 301.5495910644531 -76.78047943115234 258.00469970703125 -40.57442855834961 39.76926040649414 -141.635498046875 195.55715942382812 -0.346476674079895 132.04959106445312 output 6 7 9 2 8 10 4 1 5 3 indices 2 -1 3 4 -1 1 3 4 2 1 -1 4 2 1 3 -1 2 1 3 4 -1 3 1 2 2 1 3 4 2 1 3 4 2 1 3 4 2 1 3 4 value 0.0 0.0 0.0 0.0 0.0 0.0 0.0 0.0 0.0 0.0 0.0 0.0 0.0 0.0 0.0 0.0 0.0 0.0 0.0 0.0 10.0 0.0 0.0 0.0 0.0 0.0 0.0 0.0 0.0 0.0 0.0 0.0 0.0 0.0 0.0 0.0 0.0 0.0 0.0 0.0 
-81.33612823486328 121.38713073730469 12.936080932617188 16.594030380249023 16.08374786376953 -319.8069152832031 161.0284881591797 -41.51972198486328 -133.57078552246094 143.74737548828125 -28.000669479370117 -130.2144317626953 22.723817825317383 -354.4864196777344 -51.32044982910156 249.08692932128906 -89.45865631103516 240.66787719726562 170.91456604003906 74.54415130615234 output 1 5 9 8 7 3 6 4 10 2 indices 2 -1 3 4 -1 1 3 4 2 1 -1 4 2 1 3 -1 2 1 3 4 2 1 3 4 2 1 3 4 -1 3 1 2 2 1 3 4 2 1 3 4 value 0.0 0.0 0.0 0.0 0.0 0.0 0.0 0.0 0.0 0.0 0.0 0.0 0.0 0.0 0.0 0.0 0.0 0.0 0.0 0.0 0.0 0.0 0.0 0.0 0.0 0.0 0.0 0.0 10.0 0.0 0.0 0.0 0.0 0.0 0.0 0.0 0.0 0.0 0.0 0.0 
-53.073326110839844 -281.01763916015625 84.03263092041016 -254.7056427001953 5.930294513702393 50.39411544799805 -41.98085021972656 251.4424591064453 -26.42218589782715 311.7999572753906 -30.47932243347168 -257.48876953125 161.09852600097656 -254.70347595214844 -22.366931915283203 218.3399658203125 -84.36621856689453 303.59161376953125 7.62738561630249 -87.65261840820312 output 5 4 8 3 10 7 2 6 1 9 indices 2 -1 3 4 -1 1 3 4 2 1 -1 4 2 1 3 -1 -1 3 1 2 2 1 3 4 2 1 3 4 2 1 3 4 2 1 3 4 2 1 3 4 value 0.0 0.0 0.0 0.0 0.0 0.0 0.0 0.0 0.0 0.0 0.0 0.0 0.0 0.0 0.0 0.0 10.0 0.0 0.0 0.0 0.0 0.0 0.0 0.0 0.0 0.0 0.0 0.0 0.0 0.0 0.0 0.0 0.0 0.0 0.0 0.0 0.0 0.0 0.0 0.0 
-21.32088851928711 -151.43116760253906 190.6131134033203 94.72045135498047 -153.22354125976562 -125.01266479492188 191.14439392089844 -154.30654907226562 85.7874984741211 107.50198364257812 -126.02755737304688 -122.35018157958984 -167.5069122314453 -45.916866302490234 58.69889450073242 154.76242065429688 -26.262161254882812 118.76146697998047 -31.9028263092041 123.27111053466797 output 1 6 3 7 10 9 8 5 4 2 indices 2 -1 3 4 -1 1 3 4 2 1 -1 4 2 1 3 -1 2 1 3 4 2 1 3 4 2 1 3 4 -1 3 1 2 2 1 3 4 2 1 3 4 value 0.0 0.0 0.0 0.0 0.0 0.0 0.0 0.0 0.0 0.0 0.0 0.0 0.0 0.0 0.0 0.0 0.0 0.0 0.0 0.0 0.0 0.0 0.0 0.0 0.0 0.0 0.0 0.0 10.0 0.0 0.0 0.0 0.0 0.0 0.0 0.0 0.0 0.0 0.0 0.0 
-23.024080276489258 -125.92021942138672 -30.95054054260254 104.94351196289062 -147.4459991455078 82.7540512084961 79.6395492553711 -66.39608764648438 158.16940307617188 -122.00628662109375 -162.2193145751953 97.83760070800781 -82.55549621582031 -52.78778839111328 94.47251892089844 284.9689636230469 -47.713768005371094 -34.008724212646484 161.62774658203125 -169.38502502441406 output 8 10 5 4 1 9 7 6 3 2 indices 2 -1 3 4 -1 1 3 4 2 1 -1 4 2 1 3 -1 2 1 3 4 2 1 3 4 2 1 3 4 -1 3 1 2 2 1 3 4 2 1 3 4 value 0.0 0.0 0.0 0.0 0.0 0.0 0.0 0.0 0.0 0.0 0.0 0.0 0.0 0.0 0.0 0.0 0.0 0.0 0.0 0.0 0.0 0.0 0.0 0.0 0.0 0.0 0.0 0.0 10.0 0.0 0.0 0.0 0.0 0.0 0.0 0.0 0.0 0.0 0.0 0.0 
-53.15647888183594 115.12512969970703 112.44931030273438 -179.9016876220703 -163.01931762695312 -148.7998809814453 32.57559585571289 -130.74252319335938 -109.1231689453125 317.1730651855469 89.07736206054688 -96.31817626953125 65.84872436523438 -284.95367431640625 -17.088712692260742 122.50420379638672 165.35447692871094 78.8943862915039 -122.91779327392578 207.0191650390625 output 1 8 9 7 2 6 4 3 5 10 indices 2 -1 3 4 -1 1 3 4 2 1 -1 4 2 1 3 -1 -1 3 1 2 2 1 3 4 2 1 3 4 2 1 3 4 2 1 3 4 2 1 3 4 value 0.0 0.0 0.0 0.0 0.0 0.0 0.0 0.0 0.0 0.0 0.0 0.0 0.0 0.0 0.0 0.0 10.0 0.0 0.0 0.0 0.0 0.0 0.0 0.0 0.0 0.0 0.0 0.0 0.0 0.0 0.0 0.0 0.0 0.0 0.0 0.0 0.0 0.0 0.0 0.0 
14.836566925048828 175.90248107910156 -94.65069580078125 -173.66619873046875 -174.46681213378906 -227.37088012695312 -173.8331298828125 228.84014892578125 142.32505798339844 -42.9273681640625 27.007810592651367 330.5727844238281 134.5977783203125 -114.37277221679688 -43.53461837768555 -59.31502914428711 86.61676025390625 -109.66597747802734 81.10127258300781 -7.997200965881348 output 2 3 4 1 6 5 7 9 10 8 indices 2 -1 3 4 -1 1 3 4 2 1 -1 4 2 1 3 -1 2 1 3 4 -1 3 1 2 2 1 3 4 2 1 3 4 2 1 3 4 2 1 3 4 value 0.0 0.0 0.0 0.0 0.0 0.0 0.0 0.0 0.0 0.0 0.0 0.0 0.0 0.0 0.0 0.0 0.0 0.0 0.0 0.0 10.0 0.0 0.0 0.0 0.0 0.0 0.0 0.0 0.0 0.0 0.0 0.0 0.0 0.0 0.0 0.0 0.0 0.0 0.0 0.0 
159.4413604736328 288.04534912109375 -14.236393928527832 128.5890350341797 -39.33820343017578 148.55767822265625 -51.359214782714844 -365.6385498046875 -53.29029083251953 212.34573364257812 77.0884780883789 148.2659454345703 -52.016387939453125 -353.46990966796875 -2.300736665725708 -145.91986083984375 -93.53248596191406 -9.941563606262207 69.54388427734375 -50.833858489990234 output 3 2 6 1 10 8 9 7 4 5 indices -1 4 2 3 -1 1 3 4 2 1 -1 4 2 1 3 -1 2 1 3 4 2 1 3 4 2 1 3 4 2 1 3 4 2 1 3 4 2 1 3 4 value 10.0 0.0 0.0 0.0 0.0 0.0 0.0 0.0 0.0 0.0 0.0 0.0 0.0 0.0 0.0 0.0 0.0 0.0 0.0 0.0 0.0 0.0 0.0 0.0 0.0 0.0 0.0 0.0 0.0 0.0 0.0 0.0 0.0 0.0 0.0 0.0 0.0 0.0 0.0 0.0 
-167.20091247558594 175.63595581054688 124.96172332763672 191.3548583984375 64.57234954833984 -243.0982666015625 9.353435516357422 108.91072082519531 49.01671600341797 133.171875 118.52033233642578 -283.1363525390625 -128.01527404785156 129.85523986816406 -105.63047790527344 -139.47715759277344 -93.00311279296875 169.6981201171875 127.42521667480469 -242.9149627685547 output 5 4 9 7 1 8 3 6 10 2 indices 2 -1 3 4 -1 4 1 3 2 1 -1 4 2 1 3 -1 2 1 3 4 2 1 3 4 2 1 3 4 2 1 3 4 2 1 3 4 2 1 3 4 value 0.0 0.0 0.0 0.0 10.0 0.0 0.0 0.0 0.0 0.0 0.0 0.0 0.0 0.0 0.0 0.0 0.0 0.0 0.0 0.0 0.0 0.0 0.0 0.0 0.0 0.0 0.0 0.0 0.0 0.0 0.0 0.0 0.0 0.0 0.0 0.0 0.0 0.0 0.0 0.0 
101.70997619628906 377.44964599609375 -37.655364990234375 -192.78549194335938 -201.3125457763672 127.75186157226562 -36.97543716430664 -242.7921905517578 92.34230041503906 -30.709997177124023 -33.37455749511719 -182.60385131835938 106.72077941894531 220.73846435546875 97.61654663085938 -106.73644256591797 -90.10588836669922 -250.013427734375 1.0341989994049072 279.7014465332031 output 6 2 4 9 3 10 1 7 5 8 indices -1 4 2 3 -1 1 3 4 2 1 -1 4 2 1 3 -1 2 1 3 4 2 1 3 4 2 1 3 4 2 1 3 4 2 1 3 4 2 1 3 4 value 10.0 0.0 0.0 0.0 0.0 0.0 0.0 0.0 0.0 0.0 0.0 0.0 0.0 0.0 0.0 0.0 0.0 0.0 0.0 0.0 0.0 0.0 0.0 0.0 0.0 0.0 0.0 0.0 0.0 0.0 0.0 0.0 0.0 0.0 0.0 0.0 0.0 0.0 0.0 0.0 
86.22721862792969 244.7776336669922 -70.78308868408203 263.9254150390625 -86.8078842163086 -86.5473861694336 121.94019317626953 -108.91451263427734 -179.2174530029297 -110.82569885253906 -63.13389587402344 128.52774047851562 29.45432472229004 -306.1522521972656 80.38531494140625 131.60916137695312 80.00933837890625 -313.09820556640625 1.925941824913025 156.6980743408203 output 10 8 1 4 9 7 3 5 2 6 indices -1 4 2 3 -1 1 3 4 2 1 -1 4 2 1 3 -1 2 1 3 4 2 1 3 4 2 1 3 4 2 1 3 4 2 1 3 4 2 1 3 4 value 10.0 0.0 0.0 0.0 0.0 0.0 0.0 0.0 0.0 0.0 0.0 0.0 0.0 0.0 0.0 0.0 0.0 0.0 0.0 0.0 0.0 0.0 0.0 0.0 0.0 0.0 0.0 0.0 0.0 0.0 0.0 0.0 0.0 0.0 0.0 0.0 0.0 0.0 0.0 0.0 
127.84126281738281 8.475855827331543 -95.48858642578125 216.7445526123047 -101.5216064453125 -223.3448028564453 143.58961486816406 110.31160736083984 97.25410461425781 -134.33428955078125 -102.96493530273438 161.80758666992188 -174.8180389404297 -344.03826904296875 120.81875610351562 61.00147247314453 -2.6997363567352295 150.1475372314453 -12.010845184326172 -6.771228313446045 output 1 4 8 9 6 2 7 3 10 5 indices 2 -1 3 4 -1 4 1 3 2 1 -1 4 2 1 3 -1 2 1 3 4 2 1 3 4 2 1 3 4 2 1 3 4 2 1 3 4 2 1 3 4 value 0.0 0.0 0.0 0.0 10.0 0.0 0.0 0.0 0.0 0.0 0.0 0.0 0.0 0.0 0.0 0.0 0.0 0.0 0.0 0.0 0.0 0.0 0.0 0.0 0.0 0.0 0.0 0.0 0.0 0.0 0.0 0.0 0.0 0.0 0.0 0.0 0.0 0.0 0.0 0.0 
-9.318769454956055 91.91327667236328 -38.82790756225586 55.250247955322266 150.42916870117188 -297.0881652832031 -145.73443603515625 -250.71701049804688 -188.91085815429688 -235.02520751953125 -34.77940368652344 47.560752868652344 138.72988891601562 90.1343765258789 97.8393783569336 34.273582458496094 145.77377319335938 261.4352111816406 -115.20082092285156 202.26292419433594 output 5 4 3 9 7 8 1 6 2 10 indices 2 -1 3 4 -1 1 3 4 2 1 -1 4 2 1 3 -1 2 1 3 4 2 1 3 4 2 1 3 4 2 1 3 4 -1 3 1 2 2 1 3 4 value 0.0 0.0 0.0 0.0 0.0 0.0 0.0 0.0 0.0 0.0 0.0 0.0 0.0 0.0 0.0 0.0 0.0 0.0 0.0 0.0 0.0 0.0 0.0 0.0 0.0 0.0 0.0 0.0 0.0 0.0 0.0 0.0 10.0 0.0 0.0 0.0 0.0 0.0 0.0 0.0 
147.15879821777344 -157.41082763671875 -114.11085510253906 -93.48689270019531 82.31636810302734 -13.499709129333496 -23.343151092529297 87.32508850097656 -106.14669799804688 119.28284454345703 100.86761474609375 -130.49310302734375 34.86798095703125 -10.500513076782227 -76.6238021850586 189.85333251953125 -149.1533660888672 24.093143463134766 104.1671142578125 -15.16335678100586 output 4 8 5 9 2 6 1 10 3 7 indices 2 -1 3 4 -1 1 3 4 2 1 -1 4 2 1 3 -1 2 1 3 4 2 1 3 4 2 1 3 4 -1 3 1 2 2 1 3 4 2 1 3 4 value 0.0 0.0 0.0 0.0 0.0 0.0 0.0 0.0 0.0 0.0 0.0 0.0 0.0 0.0 0.0 0.0 0.0 0.0 0.0 0.0 0.0 0.0 0.0 0.0 0.0 0.0 0.0 0.0 10.0 0.0 0.0 0.0 0.0 0.0 0.0 0.0 0.0 0.0 0.0 0.0 
-88.58137512207031 179.42247009277344 -42.155250549316406 83.64807891845703 55.092586517333984 -206.06582641601562 138.71627807617188 -34.11864471435547 -48.77277374267578 15.129707336425781 20.70525550842285 73.95003509521484 5.77645206451416 138.98109436035156 -143.65185546875 -302.57794189453125 -102.58797454833984 346.3246765136719 205.4586639404297 -294.6936340332031 output 1 5 2 7 6 4 10 3 9 8 indices 2 -1 3 4 -1 1 3 4 2 1 -1 4 2 1 3 -1 2 1 3 4 2 1 3 4 2 1 3 4 2 1 3 4 -1 3 1 2 2 1 3 4 value 0.0 0.0 0.0 0.0 0.0 0.0 0.0 0.0 0.0 0.0 0.0 0.0 0.0 0.0 0.0 0.0 0.0 0.0 0.0 0.0 0.0 0.0 0.0 0.0 0.0 0.0 0.0 0.0 0.0 0.0 0.0 0.0 10.0 0.0 0.0 0.0 0.0 0.0 0.0 0.0 
8.662637710571289 395.193359375 40.86995315551758 -132.2996368408203 109.16366577148438 -2.5475873947143555 -36.81423568725586 42.36746597290039 83.49518585205078 -104.779541015625 33.759700775146484 -209.77622985839844 93.45189666748047 403.07525634765625 -24.087862014770508 -188.45944213867188 -157.0248565673828 -302.5411682128906 -151.47608947753906 99.76753234863281 output 1 9 10 4 3 5 2 8 6 7 indices 2 -1 3 4 -1 1 3 4 2 1 -1 4 2 1 3 -1 2 1 3 4 2 1 3 4 -1 3 1 2 2 1 3 4 2 1 3 4 2 1 3 4 value 0.0 0.0 0.0 0.0 0.0 0.0 0.0 0.0 0.0 0.0 0.0 0.0 0.0 0.0 0.0 0.0 0.0 0.0 0.0 0.0 0.0 0.0 0.0 0.0 10.0 0.0 0.0 0.0 0.0 0.0 0.0 0.0 0.0 0.0 0.0 0.0 0.0 0.0 0.0 0.0 
80.07513427734375 -208.67015075683594 121.01189422607422 40.475196838378906 -61.60652160644531 -261.3277587890625 -183.1719512939453 314.3876037597656 -23.745046615600586 228.13807678222656 36.82968521118164 30.805118560791016 -200.89120483398438 -38.66422653198242 141.57208251953125 240.24102783203125 129.72113037109375 -185.5862579345703 -39.795188903808594 -159.79864501953125 output 4 7 3 10 1 9 8 2 6 5 indices 2 -1 3 4 -1 1 3 4 2 1 -1 4 -1 3 1 2 2 1 3 4 2 1 3 4 2 1 3 4 2 1 3 4 2 1 3 4 2 1 3 4 value 0.0 0.0 0.0 0.0 0.0 0.0 0.0 0.0 0.0 0.0 0.0 0.0 10.0 0.0 0.0 0.0 0.0 0.0 0.0 0.0 0.0 0.0 0.0 0.0 0.0 0.0 0.0 0.0 0.0 0.0 0.0 0.0 0.0 0.0 0.0 0.0 0.0 0.0 0.0 0.0 
10.812070846557617 -38.52377700805664 179.28550720214844 -297.80499267578125 -90.64474487304688 276.0733642578125 -89.62387084960938 58.76145935058594 68.52896118164062 -121.79397583007812 -24.965831756591797 -39.54487228393555 160.52420043945312 -4.01588249206543 8.77851676940918 96.90847778320312 -103.31256866455078 -132.9652862548828 -119.38224029541016 202.90550231933594 output 5 1 6 9 3 10 4 8 7 2 indices 2 -1 3 4 -1 1 3 4 -1 4 1 2 2 1 3 -1 2 1 3 4 2 1 3 4 2 1 3 4 2 1 3 4 2 1 3 4 2 1 3 4 value 0.0 0.0 0.0 0.0 0.0 0.0 0.0 0.0 10.0 0.0 0.0 0.0 0.0 0.0 0.0 0.0 0.0 0.0 0.0 0.0 0.0 0.0 0.0 0.0 0.0 0.0 0.0 0.0 0.0 0.0 0.0 0.0 0.0 0.0 0.0 0.0 0.0 0.0 0.0 0.0 
14.391056060791016 144.44732666015625 -110.07711029052734 -205.2987060546875 -85.64739227294922 -164.29583740234375 -47.769954681396484 -138.1815185546875 -114.30854034423828 276.8360900878906 99.54551696777344 90.90988159179688 -45.30231857299805 173.0220947265625 68.87783813476562 -323.7208251953125 52.325077056884766 173.69337463378906 167.9658203125 -27.411876678466797 output 1 9 6 10 8 4 3 2 5 7 indices 2 -1 3 4 -1 1 3 4 2 1 -1 4 2 1 3 -1 -1 3 1 2 2 1 3 4 2 1 3 4 2 1 3 4 2 1 3 4 2 1 3 4 value 0.0 0.0 0.0 0.0 0.0 0.0 0.0 0.0 0.0 0.0 0.0 0.0 0.0 0.0 0.0 0.0 10.0 0.0 0.0 0.0 0.0 0.0 0.0 0.0 0.0 0.0 0.0 0.0 0.0 0.0 0.0 0.0 0.0 0.0 0.0 0.0 0.0 0.0 0.0 0.0 
-39.19873046875 207.6122589111328 -178.10154724121094 271.64349365234375 -136.467529296875 -32.21833038330078 154.09713745117188 46.63743209838867 98.98092651367188 86.9388656616211 -79.59291076660156 -308.6766662597656 63.94733810424805 140.45533752441406 117.01811218261719 -295.16595458984375 54.75205993652344 59.1257438659668 -55.43484878540039 -176.35218811035156 output 1 2 3 10 6 8 4 5 9 7 indices 2 -1 3 4 -1 4 1 3 2 1 -1 4 2 1 3 -1 2 1 3 4 2 1 3 4 2 1 3 4 2 1 3 4 2 1 3 4 2 1 3 4 value 0.0 0.0 0.0 0.0 10.0 0.0 0.0 0.0 0.0 0.0 0.0 0.0 0.0 0.0 0.0 0.0 0.0 0.0 0.0 0.0 0.0 0.0 0.0 0.0 0.0 0.0 0.0 0.0 0.0 0.0 0.0 0.0 0.0 0.0 0.0 0.0 0.0 0.0 0.0 0.0 
-12.075867652893066 170.557373046875 -31.683565139770508 61.106956481933594 79.82481384277344 -252.2635955810547 -190.82545471191406 -66.69296264648438 43.40963363647461 -266.398681640625 21.735666275024414 254.82154846191406 -98.08203125 266.5375061035156 130.00144958496094 -57.167911529541016 -28.337308883666992 -138.65560913085938 86.03266143798828 28.155364990234375 output 3 5 9 4 7 6 1 2 10 8 indices 2 -1 3 4 -1 1 3 4 2 1 -1 4 2 1 3 -1 2 1 3 4 -1 3 1 2 2 1 3 4 2 1 3 4 2 1 3 4 2 1 3 4 value 0.0 0.0 0.0 0.0 0.0 0.0 0.0 0.0 0.0 0.0 0.0 0.0 0.0 0.0 0.0 0.0 0.0 0.0 0.0 0.0 10.0 0.0 0.0 0.0 0.0 0.0 0.0 0.0 0.0 0.0 0.0 0.0 0.0 0.0 0.0 0.0 0.0 0.0 0.0 0.0 
173.16915893554688 -57.28390121459961 45.4619026184082 150.20176696777344 30.164426803588867 304.2820739746094 -9.668046951293945 -284.09588623046875 -54.10990905761719 65.87803649902344 -41.99739074707031 -245.0131072998047 -55.110328674316406 213.82882690429688 -35.89305114746094 272.5445861816406 0.37741997838020325 -245.43438720703125 -52.39418029785156 -174.9080047607422 output 1 2 3 8 7 5 10 6 4 9 indices 2 -1 3 4 -1 1 3 4 -1 4 1 2 2 1 3 -1 2 1 3 4 2 1 3 4 2 1 3 4 2 1 3 4 2 1 3 4 2 1 3 4 value 0.0 0.0 0.0 0.0 0.0 0.0 0.0 0.0 10.0 0.0 0.0 0.0 0.0 0.0 0.0 0.0 0.0 0.0 0.0 0.0 0.0 0.0 0.0 0.0 0.0 0.0 0.0 0.0 0.0 0.0 0.0 0.0 0.0 0.0 0.0 0.0 0.0 0.0 0.0 0.0 
82.9122085571289 -62.358673095703125 -66.21522521972656 132.51901245117188 59.70730209350586 272.2879333496094 -69.34840393066406 -62.16961669921875 -115.54268646240234 -250.56838989257812 -8.725374221801758 -255.44166564941406 -24.368534088134766 203.37049865722656 121.0514907836914 -88.56292724609375 -6.711490154266357 -83.95073699951172 27.24070930480957 194.87457275390625 output 1 9 4 6 5 2 7 10 3 8 indices 2 -1 3 4 -1 1 3 4 -1 4 1 2 2 1 3 -1 2 1 3 4 2 1 3 4 2 1 3 4 2 1 3 4 2 1 3 4 2 1 3 4 value 0.0 0.0 0.0 0.0 0.0 0.0 0.0 0.0 10.0 0.0 0.0 0.0 0.0 0.0 0.0 0.0 0.0 0.0 0.0 0.0 0.0 0.0 0.0 0.0 0.0 0.0 0.0 0.0 0.0 0.0 0.0 0.0 0.0 0.0 0.0 0.0 0.0 0.0 0.0 0.0 
-135.3265838623047 245.01426696777344 85.04277801513672 -96.46797180175781 -120.15013122558594 -10.090579986572266 175.36859130859375 92.02384185791016 -55.80547332763672 28.174633026123047 -50.589962005615234 -141.1516876220703 -21.54351234436035 -202.81324768066406 47.01888656616211 316.9910583496094 -115.28780364990234 -297.5069580078125 191.27320861816406 65.82666778564453 output 2 10 4 8 9 1 3 5 6 7 indices 2 -1 3 4 -1 1 3 4 2 1 -1 4 2 1 3 -1 2 1 3 4 2 1 3 4 2 1 3 4 -1 3 1 2 2 1 3 4 2 1 3 4 value 0.0 0.0 0.0 0.0 0.0 0.0 0.0 0.0 0.0 0.0 0.0 0.0 0.0 0.0 0.0 0.0 0.0 0.0 0.0 0.0 0.0 0.0 0.0 0.0 0.0 0.0 0.0 0.0 10.0 0.0 0.0 0.0 0.0 0.0 0.0 0.0 0.0 0.0 0.0 0.0 
-146.95338439941406 -42.337257385253906 -3.626800775527954 5.205905437469482 194.55856323242188 167.43243408203125 -99.99317169189453 -226.130859375 77.4486312866211 -317.40228271484375 -94.20597076416016 281.19976806640625 141.7602081298828 263.57659912109375 -99.95745086669922 195.23365783691406 32.27162170410156 -254.20480346679688 -1.3022633790969849 -72.57311248779297 output 8 6 1 4 9 5 7 3 10 2 indices 2 -1 3 4 -1 1 3 4 2 1 -1 4 2 1 3 -1 2 1 3 4 2 1 3 4 -1 3 1 2 2 1 3 4 2 1 3 4 2 1 3 4 value 0.0 0.0 0.0 0.0 0.0 0.0 0.0 0.0 0.0 0.0 0.0 0.0 0.0 0.0 0.0 0.0 0.0 0.0 0.0 0.0 0.0 0.0 0.0 0.0 10.0 0.0 0.0 0.0 0.0 0.0 0.0 0.0 0.0 0.0 0.0 0.0 0.0 0.0 0.0 0.0 
126.14604187011719 -341.5812072753906 64.31696319580078 -195.1551055908203 27.0161190032959 72.28692626953125 27.181270599365234 152.71597290039062 168.34095764160156 -171.3893585205078 -60.98764419555664 -242.8822479248047 -101.26171112060547 320.2562255859375 -117.86023712158203 283.4931335449219 -78.7466049194336 274.100830078125 -54.14515686035156 -151.84518432617188 output 10 6 7 8 9 4 3 5 1 2 indices 2 -1 3 4 -1 1 3 4 2 1 -1 4 2 1 3 -1 2 1 3 4 2 1 3 4 -1 3 1 2 2 1 3 4 2 1 3 4 2 1 3 4 value 0.0 0.0 0.0 0.0 0.0 0.0 0.0 0.0 0.0 0.0 0.0 0.0 0.0 0.0 0.0 0.0 0.0 0.0 0.0 0.0 0.0 0.0 0.0 0.0 10.0 0.0 0.0 0.0 0.0 0.0 0.0 0.0 0.0 0.0 0.0 0.0 0.0 0.0 0.0 0.0 
4.259127140045166 -183.6492156982422 -30.938810348510742 285.4710693359375 -62.32204818725586 -146.0716552734375 -75.5750732421875 -41.06935501098633 97.23009490966797 -257.3576965332031 16.039628982543945 100.19510650634766 95.33850860595703 79.02860260009766 149.9861602783203 -21.80196762084961 -96.62553405761719 201.17662048339844 -97.39205169677734 -15.921488761901855 output 6 7 8 5 1 3 4 10 9 2 indices 2 -1 3 4 -1 4 1 3 2 1 -1 4 2 1 3 -1 2 1 3 4 2 1 3 4 2 1 3 4 2 1 3 4 2 1 3 4 2 1 3 4 value 0.0 0.0 0.0 0.0 10.0 0.0 0.0 0.0 0.0 0.0 0.0 0.0 0.0 0.0 0.0 0.0 0.0 0.0 0.0 0.0 0.0 0.0 0.0 0.0 0.0 0.0 0.0 0.0 0.0 0.0 0.0 0.0 0.0 0.0 0.0 0.0 0.0 0.0 0.0 0.0 
-75.69692993164062 -386.0017395019531 38.67063522338867 292.54248046875 -68.36270141601562 -208.57325744628906 178.06800842285156 116.99254608154297 -48.047359466552734 255.9318389892578 9.447508811950684 30.6091365814209 -118.7640380859375 156.2046661376953 -32.365821838378906 -134.63072204589844 -67.24689483642578 -369.0379638671875 184.29759216308594 245.96299743652344 output 7 1 9 3 8 6 4 10 2 5 indices 2 -1 3 4 -1 4 1 3 2 1 -1 4 2 1 3 -1 2 1 3 4 2 1 3 4 2 1 3 4 2 1 3 4 2 1 3 4 2 1 3 4 value 0.0 0.0 0.0 0.0 10.0 0.0 0.0 0.0 0.0 0.0 0.0 0.0 0.0 0.0 0.0 0.0 0.0 0.0 0.0 0.0 0.0 0.0 0.0 0.0 0.0 0.0 0.0 0.0 0.0 0.0 0.0 0.0 0.0 0.0 0.0 0.0 0.0 0.0 0.0 0.0 
9.041363716125488 -127.1563720703125 -34.792724609375 40.07359313964844 -109.6292495727539 -101.41624450683594 93.4554672241211 86.95469665527344 5.888828754425049 -23.59560203552246 -132.7020263671875 -350.9866027832031 -85.5892562866211 -161.3992156982422 87.95338439941406 163.61082458496094 73.73567962646484 131.67739868164062 92.63854217529297 342.237548828125 output 7 3 1 5 2 9 8 4 10 6 indices 2 -1 3 4 -1 1 3 4 2 1 -1 4 2 1 3 -1 2 1 3 4 2 1 3 4 2 1 3 4 2 1 3 4 2 1 3 4 -1 3 1 2 value 0.0 0.0 0.0 0.0 0.0 0.0 0.0 0.0 0.0 0.0 0.0 0.0 0.0 0.0 0.0 0.0 0.0 0.0 0.0 0.0 0.0 0.0 0.0 0.0 0.0 0.0 0.0 0.0 0.0 0.0 0.0 0.0 0.0 0.0 0.0 0.0 10.0 0.0 0.0 0.0 
148.8798065185547 -178.44866943359375 79.02081298828125 -1.8279966115951538 -63.42803192138672 -42.484622955322266 131.6121368408203 132.46780395507812 -26.21355438232422 -219.55569458007812 -145.1127166748047 -217.5795135498047 -78.85353088378906 -30.33833885192871 26.02718162536621 399.8863220214844 56.99872589111328 21.87714195251465 -128.9308319091797 136.00357055664062 output 8 5 6 10 7 3 9 2 4 1 indices 2 -1 3 4 -1 1 3 4 2 1 -1 4 2 1 3 -1 2 1 3 4 2 1 3 4 2 1 3 4 -1 3 1 2 2 1 3 4 2 1 3 4 value 0.0 0.0 0.0 0.0 0.0 0.0 0.0 0.0 0.0 0.0 0.0 0.0 0.0 0.0 0.0 0.0 0.0 0.0 0.0 0.0 0.0 0.0 0.0 0.0 0.0 0.0 0.0 0.0 10.0 0.0 0.0 0.0 0.0 0.0 0.0 0.0 0.0 0.0 0.0 0.0 
77.08548736572266 155.29319763183594 -106.80680084228516 -203.90325927734375 91.76426696777344 198.5775909423828 123.09540557861328 223.59417724609375 -175.7021026611328 176.25430297851562 110.76191711425781 -255.4626007080078 -97.51504516601562 -361.79876708984375 -2.3911218643188477 188.27328491210938 35.140235900878906 222.72999572753906 -55.4322395324707 -343.55792236328125 output 9 8 5 2 7 10 6 4 3 1 indices 2 -1 3 4 -1 1 3 4 2 1 -1 4 -1 3 1 2 2 1 3 4 2 1 3 4 2 1 3 4 2 1 3 4 2 1 3 4 2 1 3 4 value 0.0 0.0 0.0 0.0 0.0 0.0 0.0 0.0 0.0 0.0 0.0 0.0 10.0 0.0 0.0 0.0 0.0 0.0 0.0 0.0 0.0 0.0 0.0 0.0 0.0 0.0 0.0 0.0 0.0 0.0 0.0 0.0 0.0 0.0 0.0 0.0 0.0 0.0 0.0 0.0 
-119.53089904785156 -136.8175048828125 -44.474483489990234 -222.75277709960938 8.582871437072754 -157.32342529296875 15.728994369506836 -193.7799835205078 140.06907653808594 52.12650680541992 -131.58934020996094 56.24373245239258 168.250732421875 175.58717346191406 -148.695556640625 367.3989562988281 43.034515380859375 267.6991271972656 68.62408447265625 -208.38180541992188 output 9 7 5 10 4 3 2 1 6 8 indices 2 -1 3 4 -1 1 3 4 2 1 -1 4 2 1 3 -1 2 1 3 4 2 1 3 4 2 1 3 4 -1 3 1 2 2 1 3 4 2 1 3 4 value 0.0 0.0 0.0 0.0 0.0 0.0 0.0 0.0 0.0 0.0 0.0 0.0 0.0 0.0 0.0 0.0 0.0 0.0 0.0 0.0 0.0 0.0 0.0 0.0 0.0 0.0 0.0 0.0 10.0 0.0 0.0 0.0 0.0 0.0 0.0 0.0 0.0 0.0 0.0 0.0 
-147.77337646484375 253.25233459472656 161.7325897216797 207.7433624267578 147.00741577148438 -172.78372192382812 -86.18282318115234 56.54256057739258 4.415515422821045 -70.5405502319336 75.46009826660156 -28.77260398864746 167.8297119140625 23.965776443481445 -148.50384521484375 166.52789306640625 -11.996782302856445 -287.44873046875 -161.988525390625 -148.48631286621094 output 10 1 8 4 5 6 7 2 3 9 indices 2 -1 3 4 -1 4 1 3 2 1 -1 4 2 1 3 -1 2 1 3 4 2 1 3 4 2 1 3 4 2 1 3 4 2 1 3 4 2 1 3 4 value 0.0 0.0 0.0 0.0 10.0 0.0 0.0 0.0 0.0 0.0 0.0 0.0 0.0 0.0 0.0 0.0 0.0 0.0 0.0 0.0 0.0 0.0 0.0 0.0 0.0 0.0 0.0 0.0 0.0 0.0 0.0 0.0 0.0 0.0 0.0 0.0 0.0 0.0 0.0 0.0 
-0.47408631443977356 -112.73726654052734 -56.61040115356445 153.8611297607422 10.716706275939941 277.4683837890625 16.071834564208984 -244.66165161132812 94.017822265625 173.9918670654297 -64.61741638183594 -73.75443267822266 96.37779998779297 46.733829498291016 -101.47545623779297 -24.466238021850586 86.31375885009766 -94.3074722290039 -80.32056427001953 -102.1281509399414 output 1 4 9 7 5 3 2 8 6 10 indices 2 -1 3 4 -1 1 3 4 -1 4 1 2 2 1 3 -1 2 1 3 4 2 1 3 4 2 1 3 4 2 1 3 4 2 1 3 4 2 1 3 4 value 0.0 0.0 0.0 0.0 0.0 0.0 0.0 0.0 10.0 0.0 0.0 0.0 0.0 0.0 0.0 0.0 0.0 0.0 0.0 0.0 0.0 0.0 0.0 0.0 0.0 0.0 0.0 0.0 0.0 0.0 0.0 0.0 0.0 0.0 0.0 0.0 0.0 0.0 0.0 0.0 
59.41319274902344 -80.47571563720703 128.1832733154297 -111.76749420166016 -221.5033416748047 -134.9547119140625 46.81987380981445 445.0287780761719 40.88140106201172 185.7706298828125 124.96940612792969 -197.03016662597656 99.18721771240234 7.504062652587891 -84.98883056640625 -245.42291259765625 -14.187715530395508 44.62200927734375 -178.77447509765625 86.72551727294922 output 3 10 9 5 2 6 7 1 4 8 indices 2 -1 3 4 -1 1 3 4 2 1 -1 4 -1 3 1 2 2 1 3 4 2 1 3 4 2 1 3 4 2 1 3 4 2 1 3 4 2 1 3 4 value 0.0 0.0 0.0 0.0 0.0 0.0 0.0 0.0 0.0 0.0 0.0 0.0 10.0 0.0 0.0 0.0 0.0 0.0 0.0 0.0 0.0 0.0 0.0 0.0 0.0 0.0 0.0 0.0 0.0 0.0 0.0 0.0 0.0 0.0 0.0 0.0 0.0 0.0 0.0 0.0 
6.224190711975098 -30.560577392578125 -97.03012084960938 19.632272720336914 135.33786010742188 200.54872131347656 -34.00053024291992 37.87028503417969 -109.9776611328125 291.8329772949219 -7.22452449798584 -221.20278930664062 27.59868812561035 -171.60043334960938 107.00215911865234 0.8570895195007324 -170.89987182617188 -159.1994171142578 142.96981811523438 31.821887969970703 output 10 3 7 6 5 9 2 4 1 8 indices 2 -1 3 4 -1 1 3 4 2 1 -1 4 2 1 3 -1 -1 3 1 2 2 1 3 4 2 1 3 4 2 1 3 4 2 1 3 4 2 1 3 4 value 0.0 0.0 0.0 0.0 0.0 0.0 0.0 0.0 0.0 0.0 0.0 0.0 0.0 0.0 0.0 0.0 10.0 0.0 0.0 0.0 0.0 0.0 0.0 0.0 0.0 0.0 0.0 0.0 0.0 0.0 0.0 0.0 0.0 0.0 0.0 0.0 0.0 0.0 0.0 0.0 
-149.60890197753906 293.21514892578125 -148.56947326660156 -267.3638000488281 169.15536499023438 89.92422485351562 22.60026741027832 213.3967742919922 -32.74899673461914 -231.94639587402344 -152.1136016845703 6.303445339202881 187.53468322753906 -208.0465850830078 9.917728424072266 223.23129272460938 132.75364685058594 -157.66075134277344 -38.92070388793945 38.946659088134766 output 2 1 6 10 8 4 3 7 9 5 indices -1 4 2 3 -1 1 3 4 2 1 -1 4 2 1 3 -1 2 1 3 4 2 1 3 4 2 1 3 4 2 1 3 4 2 1 3 4 2 1 3 4 value 10.0 0.0 0.0 0.0 0.0 0.0 0.0 0.0 0.0 0.0 0.0 0.0 0.0 0.0 0.0 0.0 0.0 0.0 0.0 0.0 0.0 0.0 0.0 0.0 0.0 0.0 0.0 0.0 0.0 0.0 0.0 0.0 0.0 0.0 0.0 0.0 0.0 0.0 0.0 0.0 
84.5749282836914 193.180419921875 153.00108337402344 -24.452585220336914 91.63517761230469 -105.53813934326172 -9.191239356994629 84.0947036743164 -76.51463317871094 -137.89857482910156 53.21440124511719 44.36602783203125 20.62947654724121 144.29638671875 -119.9725341796875 -108.29527282714844 -131.9473114013672 -262.227294921875 -65.4293441772461 172.47433471679688 output 3 2 6 4 7 1 10 9 8 5 indices -1 4 2 3 -1 1 3 4 2 1 -1 4 2 1 3 -1 2 1 3 4 2 1 3 4 2 1 3 4 2 1 3 4 2 1 3 4 2 1 3 4 value 10.0 0.0 0.0 0.0 0.0 0.0 0.0 0.0 0.0 0.0 0.0 0.0 0.0 0.0 0.0 0.0 0.0 0.0 0.0 0.0 0.0 0.0 0.0 0.0 0.0 0.0 0.0 0.0 0.0 0.0 0.0 0.0 0.0 0.0 0.0 0.0 0.0 0.0 0.0 0.0 
-81.04247283935547 26.839244842529297 -72.70266723632812 227.3502197265625 101.65070343017578 -152.35348510742188 -118.68567657470703 -384.2051086425781 -68.78157806396484 328.6112060546875 -125.3416748046875 159.22654724121094 -4.649078845977783 -274.42889404296875 82.20315551757812 74.43299865722656 163.28651428222656 231.55648803710938 124.06277465820312 -237.02923583984375 output 8 9 10 3 7 5 4 2 6 1 indices 2 -1 3 4 -1 1 3 4 2 1 -1 4 2 1 3 -1 -1 3 1 2 2 1 3 4 2 1 3 4 2 1 3 4 2 1 3 4 2 1 3 4 value 0.0 0.0 0.0 0.0 0.0 0.0 0.0 0.0 0.0 0.0 0.0 0.0 0.0 0.0 0.0 0.0 10.0 0.0 0.0 0.0 0.0 0.0 0.0 0.0 0.0 0.0 0.0 0.0 0.0 0.0 0.0 0.0 0.0 0.0 0.0 0.0 0.0 0.0 0.0 0.0 
101.19686889648438 253.82664489746094 171.10171508789062 -23.537485122680664 -62.365047454833984 176.8766632080078 -141.4097900390625 305.2745666503906 -90.55064392089844 -195.7095184326172 -103.2742691040039 102.2396011352539 -101.91325378417969 55.72179412841797 117.35404968261719 -103.87003326416016 -5.384095191955566 -384.58428955078125 115.24446868896484 -186.23793029785156 output 1 9 3 6 7 4 5 10 8 2 indices 2 -1 3 4 -1 1 3 4 2 1 -1 4 -1 3 1 2 2 1 3 4 2 1 3 4 2 1 3 4 2 1 3 4 2 1 3 4 2 1 3 4 value 0.0 0.0 0.0 0.0 0.0 0.0 0.0 0.0 0.0 0.0 0.0 0.0 10.0 0.0 0.0 0.0 0.0 0.0 0.0 0.0 0.0 0.0 0.0 0.0 0.0 0.0 0.0 0.0 0.0 0.0 0.0 0.0 0.0 0.0 0.0 0.0 0.0 0.0 0.0 0.0 
-28.68785858154297 18.50636863708496 32.48263931274414 172.23545837402344 -39.312774658203125 201.83908081054688 -97.65769958496094 -251.86517333984375 71.51921081542969 -309.1918029785156 61.61505889892578 103.30928039550781 25.385337829589844 217.69395446777344 36.78154754638672 -260.8870849609375 -110.45279693603516 30.06873321533203 48.327335357666016 78.29119110107422 output 10 6 2 3 7 5 8 4 9 1 indices 2 -1 3 4 -1 1 3 4 2 1 -1 4 2 1 3 -1 2 1 3 4 2 1 3 4 -1 3 1 2 2 1 3 4 2 1 3 4 2 1 3 4 value 0.0 0.0 0.0 0.0 0.0 0.0 0.0 0.0 0.0 0.0 0.0 0.0 0.0 0.0 0.0 0.0 0.0 0.0 0.0 0.0 0.0 0.0 0.0 0.0 10.0 0.0 0.0 0.0 0.0 0.0 0.0 0.0 0.0 0.0 0.0 0.0 0.0 0.0 0.0 0.0 
149.2550811767578 165.66238403320312 109.51297760009766 119.71076202392578 85.88592529296875 -99.22038269042969 100.6697006225586 260.4238586425781 -130.02854919433594 -58.441192626953125 140.6536102294922 48.19155502319336 -75.47314453125 -227.1873321533203 -111.86109161376953 315.428955078125 -151.30661010742188 -263.248779296875 -117.30789947509766 -261.3198547363281 output 5 9 8 4 1 2 6 3 7 10 indices 2 -1 3 4 -1 1 3 4 2 1 -1 4 2 1 3 -1 2 1 3 4 2 1 3 4 2 1 3 4 -1 3 1 2 2 1 3 4 2 1 3 4 value 0.0 0.0 0.0 0.0 0.0 0.0 0.0 0.0 0.0 0.0 0.0 0.0 0.0 0.0 0.0 0.0 0.0 0.0 0.0 0.0 0.0 0.0 0.0 0.0 0.0 0.0 0.0 0.0 10.0 0.0 0.0 0.0 0.0 0.0 0.0 0.0 0.0 0.0 0.0 0.0 
89.84004974365234 -51.995567321777344 57.032447814941406 63.101112365722656 46.008331298828125 -124.05899047851562 -24.862503051757812 -73.0560302734375 -83.10182189941406 253.1737518310547 -126.32107543945312 -100.7057113647461 89.30313110351562 -222.66184997558594 -56.628116607666016 28.1224422454834 93.10688781738281 191.36053466796875 -84.37732696533203 36.72030258178711 output 1 2 9 5 10 8 6 4 3 7 indices 2 -1 3 4 -1 1 3 4 2 1 -1 4 2 1 3 -1 -1 3 1 2 2 1 3 4 2 1 3 4 2 1 3 4 2 1 3 4 2 1 3 4 value 0.0 0.0 0.0 0.0 0.0 0.0 0.0 0.0 0.0 0.0 0.0 0.0 0.0 0.0 0.0 0.0 10.0 0.0 0.0 0.0 0.0 0.0 0.0 0.0 0.0 0.0 0.0 0.0 0.0 0.0 0.0 0.0 0.0 0.0 0.0 0.0 0.0 0.0 0.0 0.0 
31.355548858642578 170.66954040527344 114.23896789550781 227.5876007080078 41.69978713989258 275.53253173828125 21.294658660888672 -200.7813262939453 -24.788537979125977 180.43190002441406 7.120715141296387 -201.4349822998047 -187.02554321289062 -170.64715576171875 -16.615921020507812 -243.8606719970703 -113.22425079345703 -15.522527694702148 125.94458770751953 -21.97492218017578 output 3 2 10 4 6 8 7 9 5 1 indices 2 -1 3 4 -1 1 3 4 -1 4 1 2 2 1 3 -1 2 1 3 4 2 1 3 4 2 1 3 4 2 1 3 4 2 1 3 4 2 1 3 4 value 0.0 0.0 0.0 0.0 0.0 0.0 0.0 0.0 10.0 0.0 0.0 0.0 0.0 0.0 0.0 0.0 0.0 0.0 0.0 0.0 0.0 0.0 0.0 0.0 0.0 0.0 0.0 0.0 0.0 0.0 0.0 0.0 0.0 0.0 0.0 0.0 0.0 0.0 0.0 0.0 
128.89720153808594 -66.38546752929688 -88.04422760009766 47.032196044921875 -96.65057373046875 237.2053985595703 151.13502502441406 -301.6513366699219 88.91952514648438 58.19704055786133 -174.11602783203125 213.57838439941406 -7.876036643981934 13.819150924682617 18.06343650817871 -142.90585327148438 126.48558044433594 -282.57769775390625 -146.81390380859375 223.68820190429688 output 1 4 9 8 6 10 3 2 7 5 indices 2 -1 3 4 -1 1 3 4 -1 4 1 2 2 1 3 -1 2 1 3 4 2 1 3 4 2 1 3 4 2 1 3 4 2 1 3 4 2 1 3 4 value 0.0 0.0 0.0 0.0 0.0 0.0 0.0 0.0 10.0 0.0 0.0 0.0 0.0 0.0 0.0 0.0 0.0 0.0 0.0 0.0 0.0 0.0 0.0 0.0 0.0 0.0 0.0 0.0 0.0 0.0 0.0 0.0 0.0 0.0 0.0 0.0 0.0 0.0 0.0 0.0 
-68.65928649902344 -266.7083740234375 -9.832061767578125 -131.94871520996094 48.94414520263672 -35.75196075439453 -43.987667083740234 346.03594970703125 20.444997787475586 -101.0647201538086 -44.88679504394531 -120.7769546508789 -128.30970764160156 386.57769775390625 123.28761291503906 -269.237060546875 43.86381912231445 -72.45718383789062 59.13494873046875 265.3313293457031 output 5 9 3 8 10 4 7 1 6 2 indices 2 -1 3 4 -1 1 3 4 2 1 -1 4 2 1 3 -1 2 1 3 4 2 1 3 4 -1 3 1 2 2 1 3 4 2 1 3 4 2 1 3 4 value 0.0 0.0 0.0 0.0 0.0 0.0 0.0 0.0 0.0 0.0 0.0 0.0 0.0 0.0 0.0 0.0 0.0 0.0 0.0 0.0 0.0 0.0 0.0 0.0 10.0 0.0 0.0 0.0 0.0 0.0 0.0 0.0 0.0 0.0 0.0 0.0 0.0 0.0 0.0 0.0 
128.67991638183594 -115.5340805053711 181.0279541015625 331.1473693847656 -151.06292724609375 -260.709716796875 56.31938171386719 -265.7583312988281 -111.5997085571289 294.3923034667969 -38.44690704345703 16.72758674621582 1.8997142314910889 313.0862731933594 -126.60548400878906 6.571566104888916 65.0718994140625 -35.27275466918945 -5.283851146697998 -284.65020751953125 output 8 3 5 7 10 4 2 1 9 6 indices 2 -1 3 4 -1 4 1 3 2 1 -1 4 2 1 3 -1 2 1 3 4 2 1 3 4 2 1 3 4 2 1 3 4 2 1 3 4 2 1 3 4 value 0.0 0.0 0.0 0.0 10.0 0.0 0.0 0.0 0.0 0.0 0.0 0.0 0.0 0.0 0.0 0.0 0.0 0.0 0.0 0.0 0.0 0.0 0.0 0.0 0.0 0.0 0.0 0.0 0.0 0.0 0.0 0.0 0.0 0.0 0.0 0.0 0.0 0.0 0.0 0.0 
130.96524047851562 83.93742370605469 -28.955886840820312 -266.3818054199219 -134.44232177734375 137.42808532714844 -174.47642517089844 -6.6190032958984375 -76.4169921875 129.45628356933594 136.57754516601562 -277.8277587890625 55.66556930541992 -1.0191758871078491 -3.7076621055603027 382.8069152832031 143.4295654296875 -188.4995880126953 -48.63862228393555 6.718617916107178 output 2 8 6 9 1 7 10 5 3 4 indices 2 -1 3 4 -1 1 3 4 2 1 -1 4 2 1 3 -1 2 1 3 4 2 1 3 4 2 1 3 4 -1 3 1 2 2 1 3 4 2 1 3 4 value 0.0 0.0 0.0 0.0 0.0 0.0 0.0 0.0 0.0 0.0 0.0 0.0 0.0 0.0 0.0 0.0 0.0 0.0 0.0 0.0 0.0 0.0 0.0 0.0 0.0 0.0 0.0 0.0 10.0 0.0 0.0 0.0 0.0 0.0 0.0 0.0 0.0 0.0 0.0 0.0 
4.279636383056641 -55.54484939575195 107.6841812133789 271.9154968261719 32.58069610595703 27.16779136657715 -51.731441497802734 6.734205722808838 -31.25639533996582 -175.1825714111328 95.94214630126953 256.0111389160156 -87.23955535888672 -187.26617431640625 83.29158782958984 206.37301635742188 -42.94983673095703 -286.86920166015625 -110.60102081298828 -63.338863372802734 output 8 3 1 4 10 7 5 9 2 6 indices 2 -1 3 4 -1 4 1 3 2 1 -1 4 2 1 3 -1 2 1 3 4 2 1 3 4 2 1 3 4 2 1 3 4 2 1 3 4 2 1 3 4 value 0.0 0.0 0.0 0.0 10.0 0.0 0.0 0.0 0.0 0.0 0.0 0.0 0.0 0.0 0.0 0.0 0.0 0.0 0.0 0.0 0.0 0.0 0.0 0.0 0.0 0.0 0.0 0.0 0.0 0.0 0.0 0.0 0.0 0.0 0.0 0.0 0.0 0.0 0.0 0.0 
133.75625610351562 -50.995574951171875 5.2867045402526855 229.6874237060547 -74.1491470336914 -156.43280029296875 -23.595972061157227 -102.57560729980469 85.11759185791016 -235.6121063232422 132.6615753173828 27.727731704711914 -198.5733184814453 180.1340789794922 73.44052124023438 250.6023406982422 -170.1959991455078 132.7357940673828 36.25178527832031 -275.2712707519531 output 5 10 4 3 7 9 2 8 6 1 indices 2 -1 3 4 -1 1 3 4 2 1 -1 4 2 1 3 -1 2 1 3 4 2 1 3 4 2 1 3 4 -1 3 1 2 2 1 3 4 2 1 3 4 value 0.0 0.0 0.0 0.0 0.0 0.0 0.0 0.0 0.0 0.0 0.0 0.0 0.0 0.0 0.0 0.0 0.0 0.0 0.0 0.0 0.0 0.0 0.0 0.0 0.0 0.0 0.0 0.0 10.0 0.0 0.0 0.0 0.0 0.0 0.0 0.0 0.0 0.0 0.0 0.0 
-131.88999938964844 -137.2980499267578 -46.071781158447266 -4.387499809265137 111.20365142822266 -47.79042053222656 -14.385374069213867 -224.4594268798828 -2.8595964908599854 -272.02777099609375 -158.0489044189453 237.2598876953125 80.3245849609375 250.12730407714844 154.173095703125 -180.74314880371094 36.877769470214844 50.70199203491211 -29.32343864440918 328.61712646484375 output 9 3 8 7 10 5 4 1 6 2 indices 2 -1 3 4 -1 1 3 4 2 1 -1 4 2 1 3 -1 2 1 3 4 2 1 3 4 2 1 3 4 2 1 3 4 2 1 3 4 -1 3 1 2 value 0.0 0.0 0.0 0.0 0.0 0.0 0.0 0.0 0.0 0.0 0.0 0.0 0.0 0.0 0.0 0.0 0.0 0.0 0.0 0.0 0.0 0.0 0.0 0.0 0.0 0.0 0.0 0.0 0.0 0.0 0.0 0.0 0.0 0.0 0.0 0.0 10.0 0.0 0.0 0.0 
-58.30299377441406 -123.88288116455078 -117.34042358398438 72.28360748291016 47.45132064819336 316.05633544921875 -21.267593383789062 -334.2248840332031 117.94902801513672 -160.76405334472656 -151.90850830078125 55.14490509033203 90.53490447998047 -116.71314239501953 -74.980224609375 247.1796417236328 150.98504638671875 37.44223403930664 16.879438400268555 7.478254318237305 output 3 4 8 2 6 1 10 7 5 9 indices 2 -1 3 4 -1 1 3 4 -1 4 1 2 2 1 3 -1 2 1 3 4 2 1 3 4 2 1 3 4 2 1 3 4 2 1 3 4 2 1 3 4 value 0.0 0.0 0.0 0.0 0.0 0.0 0.0 0.0 10.0 0.0 0.0 0.0 0.0 0.0 0.0 0.0 0.0 0.0 0.0 0.0 0.0 0.0 0.0 0.0 0.0 0.0 0.0 0.0 0.0 0.0 0.0 0.0 0.0 0.0 0.0 0.0 0.0 0.0 0.0 0.0 
-234.91720581054688 108.86918640136719 -230.96031188964844 32.590415954589844 -25.81600570678711 -38.96940612792969 18.16937828063965 11.085122108459473 86.11483001708984 -310.33935546875 104.90646362304688 142.49514770507812 72.47962188720703 -71.51799774169922 98.49188995361328 -25.241514205932617 32.01298904418945 245.45358276367188 79.51834869384766 -94.4251937866211 output 8 10 7 4 3 2 1 9 5 6 indices 2 -1 3 4 -1 1 3 4 2 1 -1 4 2 1 3 -1 2 1 3 4 2 1 3 4 2 1 3 4 2 1 3 4 -1 3 1 2 2 1 3 4 value 0.0 0.0 0.0 0.0 0.0 0.0 0.0 0.0 0.0 0.0 0.0 0.0 0.0 0.0 0.0 0.0 0.0 0.0 0.0 0.0 0.0 0.0 0.0 0.0 0.0 0.0 0.0 0.0 0.0 0.0 0.0 0.0 10.0 0.0 0.0 0.0 0.0 0.0 0.0 0.0 
99.2244873046875 140.4754180908203 46.27394485473633 264.4148254394531 -200.65464782714844 -23.79476547241211 152.79173278808594 -270.0098876953125 73.6180191040039 -224.61721801757812 -23.286962509155273 172.32415771484375 -178.74171447753906 -69.62686920166016 -88.97782897949219 33.51263427734375 83.21074676513672 -171.7222442626953 36.54222106933594 149.04396057128906 output 1 4 9 5 2 6 3 7 8 10 indices 2 -1 3 4 -1 4 1 3 2 1 -1 4 2 1 3 -1 2 1 3 4 2 1 3 4 2 1 3 4 2 1 3 4 2 1 3 4 2 1 3 4 value 0.0 0.0 0.0 0.0 10.0 0.0 0.0 0.0 0.0 0.0 0.0 0.0 0.0 0.0 0.0 0.0 0.0 0.0 0.0 0.0 0.0 0.0 0.0 0.0 0.0 0.0 0.0 0.0 0.0 0.0 0.0 0.0 0.0 0.0 0.0 0.0 0.0 0.0 0.0 0.0 
-63.082149505615234 -99.85324096679688 -31.995330810546875 -82.83661651611328 -6.114675521850586 233.11810302734375 -54.72675704956055 -213.50552368164062 27.0933780670166 -0.9627215266227722 17.399803161621094 95.03713989257812 186.14027404785156 -141.20101928710938 -92.7417984008789 -47.497032165527344 23.997692108154297 72.68262481689453 -5.97042989730835 185.01828002929688 output 8 1 2 5 9 6 10 3 7 4 indices 2 -1 3 4 -1 1 3 4 -1 4 1 2 2 1 3 -1 2 1 3 4 2 1 3 4 2 1 3 4 2 1 3 4 2 1 3 4 2 1 3 4 value 0.0 0.0 0.0 0.0 0.0 0.0 0.0 0.0 10.0 0.0 0.0 0.0 0.0 0.0 0.0 0.0 0.0 0.0 0.0 0.0 0.0 0.0 0.0 0.0 0.0 0.0 0.0 0.0 0.0 0.0 0.0 0.0 0.0 0.0 0.0 0.0 0.0 0.0 0.0 0.0 
-29.19694709777832 281.5155334472656 -41.00824737548828 416.9027099609375 89.4002914428711 -258.8681640625 53.164573669433594 31.561763763427734 -121.9917221069336 -205.7326202392578 -85.69667053222656 -34.280311584472656 78.58257293701172 -242.13772583007812 -62.78810119628906 183.05726623535156 171.95558166503906 -73.37879943847656 -52.42134094238281 -98.6396255493164 output 8 1 2 7 3 9 4 10 6 5 indices 2 -1 3 4 -1 4 1 3 2 1 -1 4 2 1 3 -1 2 1 3 4 2 1 3 4 2 1 3 4 2 1 3 4 2 1 3 4 2 1 3 4 value 0.0 0.0 0.0 0.0 10.0 0.0 0.0 0.0 0.0 0.0 0.0 0.0 0.0 0.0 0.0 0.0 0.0 0.0 0.0 0.0 0.0 0.0 0.0 0.0 0.0 0.0 0.0 0.0 0.0 0.0 0.0 0.0 0.0 0.0 0.0 0.0 0.0 0.0 0.0 0.0 
130.043212890625 -71.96039581298828 -95.56797790527344 242.40054321289062 162.4829559326172 -127.2447280883789 -119.90213775634766 -268.3261413574219 -59.24544906616211 -272.4657897949219 16.84246063232422 194.41481018066406 160.65525817871094 -164.77618408203125 -23.12493896484375 339.1802062988281 -25.540973663330078 -127.31733703613281 -146.6424102783203 256.0950622558594 output 9 5 4 10 2 8 6 7 3 1 indices 2 -1 3 4 -1 1 3 4 2 1 -1 4 2 1 3 -1 2 1 3 4 2 1 3 4 2 1 3 4 -1 3 1 2 2 1 3 4 2 1 3 4 value 0.0 0.0 0.0 0.0 0.0 0.0 0.0 0.0 0.0 0.0 0.0 0.0 0.0 0.0 0.0 0.0 0.0 0.0 0.0 0.0 0.0 0.0 0.0 0.0 0.0 0.0 0.0 0.0 10.0 0.0 0.0 0.0 0.0 0.0 0.0 0.0 0.0 0.0 0.0 0.0 
-43.101898193359375 -85.29458618164062 161.4452362060547 -123.8218994140625 46.2874641418457 34.68557357788086 51.029205322265625 97.1769790649414 167.1805419921875 168.69688415527344 -117.62247467041016 2.7249155044555664 -136.8797607421875 -243.10386657714844 -102.67218780517578 195.84393310546875 -116.81751251220703 241.64784240722656 91.1513900756836 -288.5557861328125 output 7 10 2 5 4 3 1 6 8 9 indices 2 -1 3 4 -1 1 3 4 2 1 -1 4 2 1 3 -1 2 1 3 4 2 1 3 4 2 1 3 4 2 1 3 4 -1 3 1 2 2 1 3 4 value 0.0 0.0 0.0 0.0 0.0 0.0 0.0 0.0 0.0 0.0 0.0 0.0 0.0 0.0 0.0 0.0 0.0 0.0 0.0 0.0 0.0 0.0 0.0 0.0 0.0 0.0 0.0 0.0 0.0 0.0 0.0 0.0 10.0 0.0 0.0 0.0 0.0 0.0 0.0 0.0 
78.53421783447266 -305.5716552734375 33.991607666015625 343.0948486328125 -53.05391311645508 242.79566955566406 22.060138702392578 75.21568298339844 -125.07723236083984 -314.0873107910156 -123.46246337890625 217.73910522460938 -65.56808471679688 -223.26402282714844 189.2854766845703 333.5916442871094 14.90406322479248 -34.369529724121094 28.386186599731445 -335.1444396972656 output 9 4 8 1 10 2 3 6 5 7 indices 2 -1 3 4 -1 1 3 4 2 1 -1 4 2 1 3 -1 2 1 3 4 2 1 3 4 2 1 3 4 -1 3 1 2 2 1 3 4 2 1 3 4 value 0.0 0.0 0.0 0.0 0.0 0.0 0.0 0.0 0.0 0.0 0.0 0.0 0.0 0.0 0.0 0.0 0.0 0.0 0.0 0.0 0.0 0.0 0.0 0.0 0.0 0.0 0.0 0.0 10.0 0.0 0.0 0.0 0.0 0.0 0.0 0.0 0.0 0.0 0.0 0.0 
152.73129272460938 -19.626140594482422 -26.748027801513672 229.59295654296875 -89.59539031982422 217.07762145996094 133.16384887695312 -237.38894653320312 20.712766647338867 66.63300323486328 16.23526382446289 93.26602935791016 -154.04550170898438 14.41266918182373 -186.32301330566406 13.176612854003906 157.31700134277344 -25.123367309570312 -23.4482364654541 -352.02044677734375 output 2 3 8 7 6 5 1 9 4 10 indices 2 -1 3 4 -1 4 1 3 2 1 -1 4 2 1 3 -1 2 1 3 4 2 1 3 4 2 1 3 4 2 1 3 4 2 1 3 4 2 1 3 4 value 0.0 0.0 0.0 0.0 10.0 0.0 0.0 0.0 0.0 0.0 0.0 0.0 0.0 0.0 0.0 0.0 0.0 0.0 0.0 0.0 0.0 0.0 0.0 0.0 0.0 0.0 0.0 0.0 0.0 0.0 0.0 0.0 0.0 0.0 0.0 0.0 0.0 0.0 0.0 0.0 
-75.87078094482422 76.00408172607422 203.16612243652344 -254.6785888671875 -126.58032989501953 -122.91907501220703 -55.969505310058594 227.5721893310547 -68.52134704589844 189.47242736816406 -47.15144348144531 13.186300277709961 178.89427185058594 150.6689453125 37.49995422363281 -259.2115173339844 -98.44552612304688 -175.92117309570312 52.97856140136719 155.82640075683594 output 1 6 3 9 8 2 7 10 4 5 indices 2 -1 3 4 -1 1 3 4 2 1 -1 4 -1 3 1 2 2 1 3 4 2 1 3 4 2 1 3 4 2 1 3 4 2 1 3 4 2 1 3 4 value 0.0 0.0 0.0 0.0 0.0 0.0 0.0 0.0 0.0 0.0 0.0 0.0 10.0 0.0 0.0 0.0 0.0 0.0 0.0 0.0 0.0 0.0 0.0 0.0 0.0 0.0 0.0 0.0 0.0 0.0 0.0 0.0 0.0 0.0 0.0 0.0 0.0 0.0 0.0 0.0 
1.2621186971664429 29.577775955200195 -40.456172943115234 -273.6480712890625 55.076019287109375 162.69143676757812 9.713043212890625 197.42880249023438 -79.281494140625 298.1927490234375 112.08875274658203 -172.0933837890625 -104.58979034423828 -160.02976989746094 46.898231506347656 354.6280822753906 -7.946645259857178 -189.46630859375 7.235941410064697 -247.28131103515625 output 1 7 2 10 9 6 8 5 4 3 indices 2 -1 3 4 -1 1 3 4 2 1 -1 4 2 1 3 -1 2 1 3 4 2 1 3 4 2 1 3 4 -1 3 1 2 2 1 3 4 2 1 3 4 value 0.0 0.0 0.0 0.0 0.0 0.0 0.0 0.0 0.0 0.0 0.0 0.0 0.0 0.0 0.0 0.0 0.0 0.0 0.0 0.0 0.0 0.0 0.0 0.0 0.0 0.0 0.0 0.0 10.0 0.0 0.0 0.0 0.0 0.0 0.0 0.0 0.0 0.0 0.0 0.0 
34.88803482055664 185.13006591796875 80.95270538330078 193.7235565185547 -150.3720703125 -310.57623291015625 -62.94789505004883 14.4605073928833 72.78107452392578 77.62635803222656 99.14624786376953 -207.80889892578125 62.89579391479492 76.29441833496094 -151.57142639160156 -89.20811462402344 -8.563700675964355 -211.9364776611328 22.79124641418457 272.2947998046875 output 6 9 3 8 4 7 5 2 1 10 indices 2 -1 3 4 -1 1 3 4 2 1 -1 4 2 1 3 -1 2 1 3 4 2 1 3 4 2 1 3 4 2 1 3 4 2 1 3 4 -1 3 1 2 value 0.0 0.0 0.0 0.0 0.0 0.0 0.0 0.0 0.0 0.0 0.0 0.0 0.0 0.0 0.0 0.0 0.0 0.0 0.0 0.0 0.0 0.0 0.0 0.0 0.0 0.0 0.0 0.0 0.0 0.0 0.0 0.0 0.0 0.0 0.0 0.0 10.0 0.0 0.0 0.0 
-9.882882118225098 -204.5034942626953 -212.67919921875 -154.33998107910156 95.79884338378906 -375.17919921875 91.46409606933594 194.14463806152344 14.31120777130127 268.2729187011719 53.97944641113281 41.4510383605957 106.18962097167969 104.75054168701172 -126.02791595458984 300.9814147949219 12.07219123840332 -293.5509948730469 -25.22541046142578 117.97312927246094 output 1 9 3 4 7 6 10 5 8 2 indices 2 -1 3 4 -1 1 3 4 2 1 -1 4 2 1 3 -1 2 1 3 4 2 1 3 4 2 1 3 4 -1 3 1 2 2 1 3 4 2 1 3 4 value 0.0 0.0 0.0 0.0 0.0 0.0 0.0 0.0 0.0 0.0 0.0 0.0 0.0 0.0 0.0 0.0 0.0 0.0 0.0 0.0 0.0 0.0 0.0 0.0 0.0 0.0 0.0 0.0 10.0 0.0 0.0 0.0 0.0 0.0 0.0 0.0 0.0 0.0 0.0 0.0 
-143.01564025878906 195.85415649414062 63.973960876464844 9.948862075805664 -162.5033721923828 412.593017578125 -10.174345970153809 -169.11302185058594 81.8603515625 -253.4329833984375 -72.19429779052734 -162.84112548828125 -117.33934020996094 409.5533447265625 86.8971176147461 -269.6335754394531 149.6559600830078 39.000553131103516 122.83961486816406 -211.92922973632812 output 4 6 7 3 1 2 9 10 8 5 indices 2 -1 3 4 -1 1 3 4 2 1 -1 4 2 1 3 -1 2 1 3 4 2 1 3 4 -1 3 1 2 2 1 3 4 2 1 3 4 2 1 3 4 value 0.0 0.0 0.0 0.0 0.0 0.0 0.0 0.0 0.0 0.0 0.0 0.0 0.0 0.0 0.0 0.0 0.0 0.0 0.0 0.0 0.0 0.0 0.0 0.0 10.0 0.0 0.0 0.0 0.0 0.0 0.0 0.0 0.0 0.0 0.0 0.0 0.0 0.0 0.0 0.0 
119.54084777832031 12.887838363647461 -22.014223098754883 235.90928649902344 -77.52610778808594 -39.05778503417969 -109.08133697509766 -34.14033126831055 198.10064697265625 3.456610918045044 82.88756561279297 131.09298706054688 -62.586814880371094 -44.80305099487305 -85.73346710205078 -109.03687286376953 114.11647033691406 -27.97492218017578 -157.70358276367188 -128.33375549316406 output 7 9 1 5 6 2 10 4 8 3 indices 2 -1 3 4 -1 4 1 3 2 1 -1 4 2 1 3 -1 2 1 3 4 2 1 3 4 2 1 3 4 2 1 3 4 2 1 3 4 2 1 3 4 value 0.0 0.0 0.0 0.0 10.0 0.0 0.0 0.0 0.0 0.0 0.0 0.0 0.0 0.0 0.0 0.0 0.0 0.0 0.0 0.0 0.0 0.0 0.0 0.0 0.0 0.0 0.0 0.0 0.0 0.0 0.0 0.0 0.0 0.0 0.0 0.0 0.0 0.0 0.0 0.0 
-139.11337280273438 167.2368621826172 116.0677490234375 -301.3885192871094 -57.42131423950195 -163.26197814941406 51.893917083740234 -40.44106674194336 -111.10528564453125 9.204838752746582 -124.1365737915039 99.7474594116211 98.30023193359375 157.41278076171875 -36.68562698364258 -85.77647399902344 118.97064971923828 -66.55382537841797 83.22962951660156 223.81993103027344 output 6 1 10 7 2 9 4 8 3 5 indices 2 -1 3 4 -1 1 3 4 2 1 -1 4 2 1 3 -1 2 1 3 4 2 1 3 4 2 1 3 4 2 1 3 4 2 1 3 4 -1 3 1 2 value 0.0 0.0 0.0 0.0 0.0 0.0 0.0 0.0 0.0 0.0 0.0 0.0 0.0 0.0 0.0 0.0 0.0 0.0 0.0 0.0 0.0 0.0 0.0 0.0 0.0 0.0 0.0 0.0 0.0 0.0 0.0 0.0 0.0 0.0 0.0 0.0 10.0 0.0 0.0 0.0 
-53.69817352294922 54.74795150756836 -107.37196350097656 -285.9709777832031 71.15731048583984 -21.459157943725586 46.96155548095703 144.2515106201172 -8.020956039428711 274.308349609375 226.104736328125 -158.90423583984375 48.754966735839844 -163.1814422607422 -98.0640640258789 -19.26750946044922 -36.276283264160156 202.7451171875 -89.5471420288086 -27.26958465576172 output 10 8 2 7 6 3 4 5 9 1 indices 2 -1 3 4 -1 1 3 4 2 1 -1 4 2 1 3 -1 -1 3 1 2 2 1 3 4 2 1 3 4 2 1 3 4 2 1 3 4 2 1 3 4 value 0.0 0.0 0.0 0.0 0.0 0.0 0.0 0.0 0.0 0.0 0.0 0.0 0.0 0.0 0.0 0.0 10.0 0.0 0.0 0.0 0.0 0.0 0.0 0.0 0.0 0.0 0.0 0.0 0.0 0.0 0.0 0.0 0.0 0.0 0.0 0.0 0.0 0.0 0.0 0.0 
-61.54328918457031 -236.4497528076172 -18.349287033081055 74.654541015625 -109.58051300048828 -158.31527709960938 -55.59638595581055 -128.80284118652344 106.56744384765625 176.7877960205078 -72.68391418457031 128.31919860839844 88.70236206054688 -77.09687042236328 -58.085662841796875 -100.63847351074219 27.992023468017578 -109.9665756225586 152.5772247314453 431.5082702636719 output 1 3 6 2 5 10 7 9 8 4 indices 2 -1 3 4 -1 1 3 4 2 1 -1 4 2 1 3 -1 2 1 3 4 2 1 3 4 2 1 3 4 2 1 3 4 2 1 3 4 -1 3 1 2 value 0.0 0.0 0.0 0.0 0.0 0.0 0.0 0.0 0.0 0.0 0.0 0.0 0.0 0.0 0.0 0.0 0.0 0.0 0.0 0.0 0.0 0.0 0.0 0.0 0.0 0.0 0.0 0.0 0.0 0.0 0.0 0.0 0.0 0.0 0.0 0.0 10.0 0.0 0.0 0.0 
127.42799377441406 158.79896545410156 -62.84117889404297 -144.15501403808594 16.434194564819336 -30.164392471313477 -135.45217895507812 -39.414573669433594 142.9692840576172 136.98379516601562 86.5208740234375 358.01641845703125 -141.82492065429688 -71.80561828613281 -132.58953857421875 230.0677032470703 -33.00417709350586 -248.93324279785156 132.35964965820312 -349.39404296875 output 2 4 7 8 9 6 10 1 5 3 indices 2 -1 3 4 -1 1 3 4 2 1 -1 4 2 1 3 -1 2 1 3 4 -1 3 1 2 2 1 3 4 2 1 3 4 2 1 3 4 2 1 3 4 value 0.0 0.0 0.0 0.0 0.0 0.0 0.0 0.0 0.0 0.0 0.0 0.0 0.0 0.0 0.0 0.0 0.0 0.0 0.0 0.0 10.0 0.0 0.0 0.0 0.0 0.0 0.0 0.0 0.0 0.0 0.0 0.0 0.0 0.0 0.0 0.0 0.0 0.0 0.0 0.0 
-164.10086059570312 201.65208435058594 67.60112762451172 391.4747314453125 187.01556396484375 -233.98876953125 -89.81404876708984 266.3814392089844 187.45022583007812 164.4766082763672 -0.1541571319103241 52.91587829589844 72.79121398925781 -278.9625244140625 -116.04887390136719 -313.2103576660156 -28.222488403320312 59.767086029052734 -116.5177001953125 -310.50616455078125 output 2 7 3 5 6 9 1 10 8 4 indices 2 -1 3 4 -1 4 1 3 2 1 -1 4 2 1 3 -1 2 1 3 4 2 1 3 4 2 1 3 4 2 1 3 4 2 1 3 4 2 1 3 4 value 0.0 0.0 0.0 0.0 10.0 0.0 0.0 0.0 0.0 0.0 0.0 0.0 0.0 0.0 0.0 0.0 0.0 0.0 0.0 0.0 0.0 0.0 0.0 0.0 0.0 0.0 0.0 0.0 0.0 0.0 0.0 0.0 0.0 0.0 0.0 0.0 0.0 0.0 0.0 0.0 
-154.53372192382812 230.90200805664062 199.01097106933594 -210.5530242919922 -33.755828857421875 -253.24993896484375 55.262088775634766 99.4676742553711 90.35784912109375 256.14923095703125 -83.44577026367188 -35.921470642089844 -49.80867385864258 -186.48345947265625 134.65159606933594 114.87287139892578 -118.21662139892578 -178.07730102539062 -39.52188491821289 162.8933868408203 output 1 6 10 4 8 2 5 3 7 9 indices 2 -1 3 4 -1 1 3 4 2 1 -1 4 2 1 3 -1 -1 3 1 2 2 1 3 4 2 1 3 4 2 1 3 4 2 1 3 4 2 1 3 4 value 0.0 0.0 0.0 0.0 0.0 0.0 0.0 0.0 0.0 0.0 0.0 0.0 0.0 0.0 0.0 0.0 10.0 0.0 0.0 0.0 0.0 0.0 0.0 0.0 0.0 0.0 0.0 0.0 0.0 0.0 0.0 0.0 0.0 0.0 0.0 0.0 0.0 0.0 0.0 0.0 
-131.50863647460938 -5.178635597229004 14.374295234680176 -196.11614990234375 -30.963462829589844 -100.65922546386719 -78.12459564208984 -64.08927917480469 93.13616943359375 88.00585174560547 29.374629974365234 300.9910888671875 109.78262329101562 106.46260833740234 80.4214859008789 110.02476501464844 -127.46549224853516 -181.68399047851562 40.97298049926758 -57.75703048706055 output 1 9 2 6 7 8 5 10 3 4 indices 2 -1 3 4 -1 1 3 4 2 1 -1 4 2 1 3 -1 2 1 3 4 -1 3 1 2 2 1 3 4 2 1 3 4 2 1 3 4 2 1 3 4 value 0.0 0.0 0.0 0.0 0.0 0.0 0.0 0.0 0.0 0.0 0.0 0.0 0.0 0.0 0.0 0.0 0.0 0.0 0.0 0.0 10.0 0.0 0.0 0.0 0.0 0.0 0.0 0.0 0.0 0.0 0.0 0.0 0.0 0.0 0.0 0.0 0.0 0.0 0.0 0.0 
80.41827392578125 -16.83172607421875 -174.8214111328125 223.2273406982422 -183.04376220703125 -290.2721252441406 -154.8689422607422 -138.90699768066406 14.784332275390625 401.0135192871094 130.0325469970703 80.60049438476562 -21.151161193847656 -105.93108367919922 46.36979675292969 207.25257873535156 124.82108306884766 -202.3489532470703 137.459228515625 -157.8030548095703 output 9 10 1 7 4 3 2 5 8 6 indices 2 -1 3 4 -1 1 3 4 2 1 -1 4 2 1 3 -1 -1 3 1 2 2 1 3 4 2 1 3 4 2 1 3 4 2 1 3 4 2 1 3 4 value 0.0 0.0 0.0 0.0 0.0 0.0 0.0 0.0 0.0 0.0 0.0 0.0 0.0 0.0 0.0 0.0 10.0 0.0 0.0 0.0 0.0 0.0 0.0 0.0 0.0 0.0 0.0 0.0 0.0 0.0 0.0 0.0 0.0 0.0 0.0 0.0 0.0 0.0 0.0 0.0 
-40.37887954711914 -168.77450561523438 -145.7876739501953 311.2646484375 -125.21260833740234 -388.689208984375 161.09100341796875 215.80813598632812 17.099544525146484 -142.77865600585938 -27.33565330505371 305.3487243652344 -139.82025146484375 116.26193237304688 99.09693908691406 279.92230224609375 83.27429962158203 -370.41729736328125 117.97327423095703 -157.94607543945312 output 3 2 7 1 5 10 4 8 9 6 indices 2 -1 3 4 -1 1 3 4 2 1 -1 4 2 1 3 -1 2 1 3 4 -1 3 1 2 2 1 3 4 2 1 3 4 2 1 3 4 2 1 3 4 value 0.0 0.0 0.0 0.0 0.0 0.0 0.0 0.0 0.0 0.0 0.0 0.0 0.0 0.0 0.0 0.0 0.0 0.0 0.0 0.0 10.0 0.0 0.0 0.0 0.0 0.0 0.0 0.0 0.0 0.0 0.0 0.0 0.0 0.0 0.0 0.0 0.0 0.0 0.0 0.0 
-6.964487552642822 -28.735130310058594 -21.342164993286133 -71.76253509521484 -72.31812286376953 -32.229827880859375 -1.7228692770004272 154.79624938964844 -42.316497802734375 -17.33376121520996 30.393693923950195 -129.61767578125 143.415283203125 89.3044204711914 108.68541717529297 -136.26319885253906 -56.81074142456055 181.79859924316406 -81.0195083618164 -9.957131385803223 output 7 8 6 2 1 5 3 10 9 4 indices 2 -1 3 4 -1 1 3 4 2 1 -1 4 2 1 3 -1 2 1 3 4 2 1 3 4 2 1 3 4 2 1 3 4 -1 3 1 2 2 1 3 4 value 0.0 0.0 0.0 0.0 0.0 0.0 0.0 0.0 0.0 0.0 0.0 0.0 0.0 0.0 0.0 0.0 0.0 0.0 0.0 0.0 0.0 0.0 0.0 0.0 0.0 0.0 0.0 0.0 0.0 0.0 0.0 0.0 10.0 0.0 0.0 0.0 0.0 0.0 0.0 0.0 
167.03160095214844 -50.72538375854492 -54.99799728393555 87.42402648925781 63.79372787475586 -191.228759765625 -88.1310043334961 -12.310699462890625 150.6920623779297 -179.14505004882812 22.998685836791992 -96.6951675415039 -28.54486083984375 -171.2099151611328 8.122298240661621 201.94923400878906 -92.05397033691406 284.24365234375 -148.9105224609375 127.69805908203125 output 1 5 3 7 10 9 8 2 4 6 indices 2 -1 3 4 -1 1 3 4 2 1 -1 4 2 1 3 -1 2 1 3 4 2 1 3 4 2 1 3 4 2 1 3 4 -1 3 1 2 2 1 3 4 value 0.0 0.0 0.0 0.0 0.0 0.0 0.0 0.0 0.0 0.0 0.0 0.0 0.0 0.0 0.0 0.0 0.0 0.0 0.0 0.0 0.0 0.0 0.0 0.0 0.0 0.0 0.0 0.0 0.0 0.0 0.0 0.0 10.0 0.0 0.0 0.0 0.0 0.0 0.0 0.0 
-164.6458282470703 -172.96466064453125 -74.17675018310547 258.0049133300781 136.7156219482422 -232.08741760253906 -115.39307403564453 -173.00277709960938 139.509521484375 48.35733413696289 21.10909080505371 84.13802337646484 -59.021602630615234 110.88182830810547 17.83487319946289 223.46083068847656 -29.010196685791016 -38.529266357421875 127.0783462524414 -108.2588119506836 output 3 10 9 4 1 2 8 7 6 5 indices 2 -1 3 4 -1 4 1 3 2 1 -1 4 2 1 3 -1 2 1 3 4 2 1 3 4 2 1 3 4 2 1 3 4 2 1 3 4 2 1 3 4 value 0.0 0.0 0.0 0.0 10.0 0.0 0.0 0.0 0.0 0.0 0.0 0.0 0.0 0.0 0.0 0.0 0.0 0.0 0.0 0.0 0.0 0.0 0.0 0.0 0.0 0.0 0.0 0.0 0.0 0.0 0.0 0.0 0.0 0.0 0.0 0.0 0.0 0.0 0.0 0.0 
11.421515464782715 -51.94008255004883 -164.35415649414062 -149.7809295654297 115.32475280761719 -31.551124572753906 -11.383511543273926 448.1011657714844 -81.18289184570312 -59.3281135559082 132.84503173828125 330.0591735839844 -44.98237228393555 -84.73543548583984 -124.6165542602539 -146.11412048339844 141.24542236328125 -181.21792602539062 25.682781219482422 -73.49263000488281 output 6 9 3 10 1 7 5 8 2 4 indices 2 -1 3 4 -1 1 3 4 2 1 -1 4 -1 3 1 2 2 1 3 4 2 1 3 4 2 1 3 4 2 1 3 4 2 1 3 4 2 1 3 4 value 0.0 0.0 0.0 0.0 0.0 0.0 0.0 0.0 0.0 0.0 0.0 0.0 10.0 0.0 0.0 0.0 0.0 0.0 0.0 0.0 0.0 0.0 0.0 0.0 0.0 0.0 0.0 0.0 0.0 0.0 0.0 0.0 0.0 0.0 0.0 0.0 0.0 0.0 0.0 0.0 
50.37184143066406 -12.798714637756348 85.42646026611328 -101.72990417480469 -71.27471923828125 -234.91148376464844 34.63421630859375 372.6953125 -125.8738021850586 -33.91879653930664 -105.16799926757812 -170.60919189453125 31.087011337280273 63.28585433959961 56.612449645996094 -52.253231048583984 -25.3148193359375 -225.52444458007812 69.4993667602539 395.76458740234375 output 3 9 4 10 2 8 1 7 5 6 indices 2 -1 3 4 -1 1 3 4 2 1 -1 4 2 1 3 -1 2 1 3 4 2 1 3 4 2 1 3 4 2 1 3 4 2 1 3 4 -1 3 1 2 value 0.0 0.0 0.0 0.0 0.0 0.0 0.0 0.0 0.0 0.0 0.0 0.0 0.0 0.0 0.0 0.0 0.0 0.0 0.0 0.0 0.0 0.0 0.0 0.0 0.0 0.0 0.0 0.0 0.0 0.0 0.0 0.0 0.0 0.0 0.0 0.0 10.0 0.0 0.0 0.0 
-94.49928283691406 -31.889598846435547 -122.22969818115234 57.71449661254883 -146.0624237060547 -32.357669830322266 167.59378051757812 -154.1814727783203 121.1254653930664 269.4744873046875 -3.3185672760009766 -94.87248229980469 -142.9365234375 -82.73676300048828 17.328575134277344 240.63612365722656 135.4696044921875 119.13894653320312 67.52906799316406 -290.92608642578125 output 4 9 5 8 2 3 7 1 6 10 indices 2 -1 3 4 -1 1 3 4 2 1 -1 4 2 1 3 -1 -1 3 1 2 2 1 3 4 2 1 3 4 2 1 3 4 2 1 3 4 2 1 3 4 value 0.0 0.0 0.0 0.0 0.0 0.0 0.0 0.0 0.0 0.0 0.0 0.0 0.0 0.0 0.0 0.0 10.0 0.0 0.0 0.0 0.0 0.0 0.0 0.0 0.0 0.0 0.0 0.0 0.0 0.0 0.0 0.0 0.0 0.0 0.0 0.0 0.0 0.0 0.0 0.0 
24.4556941986084 -176.9266815185547 49.61977767944336 230.7115478515625 145.3491668701172 -279.73516845703125 -61.06850814819336 246.96658325195312 -114.07911682128906 137.470703125 -48.456398010253906 -298.9804382324219 -149.78067016601562 159.54054260253906 -59.1396598815918 155.6630096435547 89.18806457519531 -29.896425247192383 123.91165161132812 -144.81365966796875 output 7 5 8 4 2 3 10 9 1 6 indices 2 -1 3 4 -1 4 1 3 2 1 -1 4 2 1 3 -1 2 1 3 4 2 1 3 4 2 1 3 4 2 1 3 4 2 1 3 4 2 1 3 4 value 0.0 0.0 0.0 0.0 10.0 0.0 0.0 0.0 0.0 0.0 0.0 0.0 0.0 0.0 0.0 0.0 0.0 0.0 0.0 0.0 0.0 0.0 0.0 0.0 0.0 0.0 0.0 0.0 0.0 0.0 0.0 0.0 0.0 0.0 0.0 0.0 0.0 0.0 0.0 0.0 
-0.9707602262496948 -360.62469482421875 150.2843780517578 97.73564147949219 -137.70530700683594 62.50141906738281 169.1549835205078 138.41143798828125 -31.577068328857422 152.9665985107422 -124.46495056152344 -188.15167236328125 148.6956787109375 -86.35568237304688 -97.0954818725586 -193.25331115722656 -166.19671630859375 294.796875 89.875244140625 81.97340393066406 output 7 4 2 10 5 3 9 6 8 1 indices 2 -1 3 4 -1 1 3 4 2 1 -1 4 2 1 3 -1 2 1 3 4 2 1 3 4 2 1 3 4 2 1 3 4 -1 3 1 2 2 1 3 4 value 0.0 0.0 0.0 0.0 0.0 0.0 0.0 0.0 0.0 0.0 0.0 0.0 0.0 0.0 0.0 0.0 0.0 0.0 0.0 0.0 0.0 0.0 0.0 0.0 0.0 0.0 0.0 0.0 0.0 0.0 0.0 0.0 10.0 0.0 0.0 0.0 0.0 0.0 0.0 0.0 
204.17652893066406 -24.487443923950195 -63.40201187133789 -104.81141662597656 -50.985809326171875 -62.66429138183594 85.39432525634766 -45.412132263183594 -16.579954147338867 298.94415283203125 -18.78314208984375 -197.0541534423828 -146.05816650390625 -154.31394958496094 -139.1433868408203 67.50540161132812 -3.9620742797851562 378.8607482910156 149.34368896484375 -156.56690979003906 output 3 2 7 8 5 9 6 10 1 4 indices 2 -1 3 4 -1 1 3 4 2 1 -1 4 2 1 3 -1 2 1 3 4 2 1 3 4 2 1 3 4 2 1 3 4 -1 3 1 2 2 1 3 4 value 0.0 0.0 0.0 0.0 0.0 0.0 0.0 0.0 0.0 0.0 0.0 0.0 0.0 0.0 0.0 0.0 0.0 0.0 0.0 0.0 0.0 0.0 0.0 0.0 0.0 0.0 0.0 0.0 0.0 0.0 0.0 0.0 10.0 0.0 0.0 0.0 0.0 0.0 0.0 0.0 
-45.725772857666016 81.34730529785156 -83.89859008789062 -226.64041137695312 -73.20193481445312 -183.7561492919922 181.1214141845703 255.32669067382812 -38.24821090698242 -67.71784210205078 20.44074058532715 33.5683479309082 -83.53264617919922 103.71165466308594 28.229854583740234 118.7828369140625 -91.7806625366211 -32.16974639892578 186.59579467773438 -82.45267486572266 output 1 7 9 2 3 5 6 10 4 8 indices 2 -1 3 4 -1 1 3 4 2 1 -1 4 -1 3 1 2 2 1 3 4 2 1 3 4 2 1 3 4 2 1 3 4 2 1 3 4 2 1 3 4 value 0.0 0.0 0.0 0.0 0.0 0.0 0.0 0.0 0.0 0.0 0.0 0.0 10.0 0.0 0.0 0.0 0.0 0.0 0.0 0.0 0.0 0.0 0.0 0.0 0.0 0.0 0.0 0.0 0.0 0.0 0.0 0.0 0.0 0.0 0.0 0.0 0.0 0.0 0.0 0.0 
-35.04774475097656 154.17735290527344 146.78555297851562 -144.88868713378906 -47.883052825927734 -174.2556915283203 22.971105575561523 278.0240783691406 110.11698150634766 -223.15472412109375 -7.423337936401367 198.2121124267578 -110.54299926757812 -214.97320556640625 7.80908727645874 375.619384765625 -52.39112091064453 13.275025367736816 -34.39447021484375 -262.0356140136719 output 8 4 6 1 9 7 3 10 5 2 indices 2 -1 3 4 -1 1 3 4 2 1 -1 4 2 1 3 -1 2 1 3 4 2 1 3 4 2 1 3 4 -1 3 1 2 2 1 3 4 2 1 3 4 value 0.0 0.0 0.0 0.0 0.0 0.0 0.0 0.0 0.0 0.0 0.0 0.0 0.0 0.0 0.0 0.0 0.0 0.0 0.0 0.0 0.0 0.0 0.0 0.0 0.0 0.0 0.0 0.0 10.0 0.0 0.0 0.0 0.0 0.0 0.0 0.0 0.0 0.0 0.0 0.0 
-10.576590538024902 131.47251892089844 145.16192626953125 -235.5423583984375 105.39008331298828 17.3023738861084 -198.53262329101562 -3.0644173622131348 -115.13719940185547 -304.3876647949219 67.17232513427734 47.87881088256836 65.94131469726562 248.98275756835938 49.862064361572266 129.81149291992188 -127.13683319091797 -119.68492889404297 17.85553741455078 87.23141479492188 output 5 9 4 1 10 8 6 3 2 7 indices 2 -1 3 4 -1 1 3 4 2 1 -1 4 2 1 3 -1 2 1 3 4 2 1 3 4 -1 3 1 2 2 1 3 4 2 1 3 4 2 1 3 4 value 0.0 0.0 0.0 0.0 0.0 0.0 0.0 0.0 0.0 0.0 0.0 0.0 0.0 0.0 0.0 0.0 0.0 0.0 0.0 0.0 0.0 0.0 0.0 0.0 10.0 0.0 0.0 0.0 0.0 0.0 0.0 0.0 0.0 0.0 0.0 0.0 0.0 0.0 0.0 0.0 
-185.3139190673828 -91.23985290527344 -35.02177810668945 -216.9517822265625 61.291664123535156 166.88365173339844 -92.15507507324219 -229.61058044433594 164.51759338378906 76.90467834472656 -10.492440223693848 116.55377960205078 154.59890747070312 15.648167610168457 -148.87677001953125 -98.75682830810547 139.41079711914062 30.58668327331543 -47.9589958190918 229.98208618164062 output 5 7 9 3 6 10 1 8 4 2 indices 2 -1 3 4 -1 1 3 4 2 1 -1 4 2 1 3 -1 2 1 3 4 2 1 3 4 2 1 3 4 2 1 3 4 2 1 3 4 -1 3 1 2 value 0.0 0.0 0.0 0.0 0.0 0.0 0.0 0.0 0.0 0.0 0.0 0.0 0.0 0.0 0.0 0.0 0.0 0.0 0.0 0.0 0.0 0.0 0.0 0.0 0.0 0.0 0.0 0.0 0.0 0.0 0.0 0.0 0.0 0.0 0.0 0.0 10.0 0.0 0.0 0.0 
-82.95941162109375 99.65994262695312 -63.716636657714844 25.904144287109375 -162.68710327148438 148.25421142578125 180.03485107421875 315.31402587890625 111.79424285888672 -73.46102905273438 -168.6062469482422 -114.96031188964844 -22.01732635498047 4.102024078369141 111.39017486572266 11.047868728637695 183.21127319335938 -69.6085433959961 -86.4438247680664 -346.2523193359375 output 10 6 3 1 2 7 8 5 9 4 indices 2 -1 3 4 -1 1 3 4 2 1 -1 4 -1 3 1 2 2 1 3 4 2 1 3 4 2 1 3 4 2 1 3 4 2 1 3 4 2 1 3 4 value 0.0 0.0 0.0 0.0 0.0 0.0 0.0 0.0 0.0 0.0 0.0 0.0 10.0 0.0 0.0 0.0 0.0 0.0 0.0 0.0 0.0 0.0 0.0 0.0 0.0 0.0 0.0 0.0 0.0 0.0 0.0 0.0 0.0 0.0 0.0 0.0 0.0 0.0 0.0 0.0 
92.03303527832031 -29.18012237548828 -33.68810272216797 83.53076171875 -72.83992004394531 248.7046661376953 28.803964614868164 40.1636848449707 166.4520721435547 -271.0561828613281 -95.27719116210938 -90.2843017578125 5.223021030426025 -124.81210327148438 -85.34501647949219 169.24290466308594 -128.65457153320312 221.16360473632812 123.2927017211914 -247.472900390625 output 6 9 3 8 2 4 1 5 10 7 indices 2 -1 3 4 -1 1 3 4 -1 4 1 2 2 1 3 -1 2 1 3 4 2 1 3 4 2 1 3 4 2 1 3 4 2 1 3 4 2 1 3 4 value 0.0 0.0 0.0 0.0 0.0 0.0 0.0 0.0 10.0 0.0 0.0 0.0 0.0 0.0 0.0 0.0 0.0 0.0 0.0 0.0 0.0 0.0 0.0 0.0 0.0 0.0 0.0 0.0 0.0 0.0 0.0 0.0 0.0 0.0 0.0 0.0 0.0 0.0 0.0 0.0 
149.2095489501953 172.77658081054688 118.97853088378906 219.15896606445312 -196.3043975830078 27.146106719970703 -192.67471313476562 -16.864463806152344 -11.69518756866455 -252.83242797851562 31.702369689941406 182.45257568359375 60.93484878540039 -171.3386993408203 88.28754425048828 184.8245086669922 -95.90544891357422 -272.79705810546875 47.466915130615234 -72.52607727050781 output 8 2 1 10 7 5 9 4 3 6 indices 2 -1 3 4 -1 4 1 3 2 1 -1 4 2 1 3 -1 2 1 3 4 2 1 3 4 2 1 3 4 2 1 3 4 2 1 3 4 2 1 3 4 value 0.0 0.0 0.0 0.0 10.0 0.0 0.0 0.0 0.0 0.0 0.0 0.0 0.0 0.0 0.0 0.0 0.0 0.0 0.0 0.0 0.0 0.0 0.0 0.0 0.0 0.0 0.0 0.0 0.0 0.0 0.0 0.0 0.0 0.0 0.0 0.0 0.0 0.0 0.0 0.0 
4.563596725463867 -92.82658386230469 75.23799133300781 -9.395617485046387 -2.159595489501953 -42.91738510131836 -2.3502330780029297 -338.9151611328125 100.70655822753906 287.0945129394531 -20.060894012451172 -127.5055923461914 -122.09737396240234 82.69441223144531 -81.55997467041016 -344.38787841796875 -133.35794067382812 259.691650390625 181.07786560058594 326.4676208496094 output 1 3 2 10 5 4 8 9 7 6 indices 2 -1 3 4 -1 1 3 4 2 1 -1 4 2 1 3 -1 2 1 3 4 2 1 3 4 2 1 3 4 2 1 3 4 2 1 3 4 -1 3 1 2 value 0.0 0.0 0.0 0.0 0.0 0.0 0.0 0.0 0.0 0.0 0.0 0.0 0.0 0.0 0.0 0.0 0.0 0.0 0.0 0.0 0.0 0.0 0.0 0.0 0.0 0.0 0.0 0.0 0.0 0.0 0.0 0.0 0.0 0.0 0.0 0.0 10.0 0.0 0.0 0.0 
-49.85121154785156 82.65689849853516 149.09127807617188 108.80474853515625 -30.019330978393555 135.9696502685547 -18.562265396118164 82.30332946777344 -23.313087463378906 -36.911128997802734 10.793469429016113 0.20659175515174866 116.22026062011719 -240.78273010253906 -147.3632049560547 -63.740013122558594 121.31700134277344 208.25135803222656 -128.31289672851562 -276.7586975097656 output 1 3 9 2 7 10 8 5 6 4 indices 2 -1 3 4 -1 1 3 4 2 1 -1 4 2 1 3 -1 2 1 3 4 2 1 3 4 2 1 3 4 2 1 3 4 -1 3 1 2 2 1 3 4 value 0.0 0.0 0.0 0.0 0.0 0.0 0.0 0.0 0.0 0.0 0.0 0.0 0.0 0.0 0.0 0.0 0.0 0.0 0.0 0.0 0.0 0.0 0.0 0.0 0.0 0.0 0.0 0.0 0.0 0.0 0.0 0.0 10.0 0.0 0.0 0.0 0.0 0.0 0.0 0.0 
-78.5174560546875 303.8354797363281 142.67950439453125 99.11367797851562 83.54729461669922 -307.8733215332031 199.86383056640625 -369.5666809082031 187.9071807861328 169.9315185546875 -124.12940979003906 -225.34524536132812 -54.420597076416016 -51.0228271484375 -137.34422302246094 -136.02877807617188 -74.458251953125 312.3653259277344 -145.1278839111328 204.5908660888672 output 4 3 9 1 10 8 6 7 2 5 indices 2 -1 3 4 -1 1 3 4 2 1 -1 4 2 1 3 -1 2 1 3 4 2 1 3 4 2 1 3 4 2 1 3 4 -1 3 1 2 2 1 3 4 value 0.0 0.0 0.0 0.0 0.0 0.0 0.0 0.0 0.0 0.0 0.0 0.0 0.0 0.0 0.0 0.0 0.0 0.0 0.0 0.0 0.0 0.0 0.0 0.0 0.0 0.0 0.0 0.0 0.0 0.0 0.0 0.0 10.0 0.0 0.0 0.0 0.0 0.0 0.0 0.0 
42.56261444091797 -119.5796890258789 -48.160118103027344 -171.53045654296875 -100.07527160644531 -341.8319396972656 -47.30830764770508 -264.1695251464844 22.04970359802246 136.14637756347656 126.00621032714844 205.38548278808594 -130.9556427001953 282.3257751464844 -71.502197265625 -118.48371887207031 121.52043151855469 343.8648376464844 85.86258697509766 47.87286376953125 output 1 9 6 10 5 7 3 4 2 8 indices 2 -1 3 4 -1 1 3 4 2 1 -1 4 2 1 3 -1 2 1 3 4 2 1 3 4 2 1 3 4 2 1 3 4 -1 3 1 2 2 1 3 4 value 0.0 0.0 0.0 0.0 0.0 0.0 0.0 0.0 0.0 0.0 0.0 0.0 0.0 0.0 0.0 0.0 0.0 0.0 0.0 0.0 0.0 0.0 0.0 0.0 0.0 0.0 0.0 0.0 0.0 0.0 0.0 0.0 10.0 0.0 0.0 0.0 0.0 0.0 0.0 0.0 
-162.11920166015625 179.4954071044922 45.62077713012695 -140.41928100585938 184.19320678710938 -134.39918518066406 -3.050180196762085 78.86335754394531 144.70199584960938 118.55589294433594 -119.90208435058594 203.99700927734375 59.946815490722656 45.734683990478516 -151.3303985595703 73.54497528076172 45.60299301147461 -138.4750213623047 -43.66392135620117 -286.8978271484375 output 1 8 6 4 7 5 3 9 2 10 indices 2 -1 3 4 -1 1 3 4 2 1 -1 4 2 1 3 -1 2 1 3 4 -1 3 1 2 2 1 3 4 2 1 3 4 2 1 3 4 2 1 3 4 value 0.0 0.0 0.0 0.0 0.0 0.0 0.0 0.0 0.0 0.0 0.0 0.0 0.0 0.0 0.0 0.0 0.0 0.0 0.0 0.0 10.0 0.0 0.0 0.0 0.0 0.0 0.0 0.0 0.0 0.0 0.0 0.0 0.0 0.0 0.0 0.0 0.0 0.0 0.0 0.0 
-75.59696197509766 273.8217468261719 64.78961181640625 -92.0231704711914 96.87521362304688 -192.9850616455078 39.432647705078125 -231.68673706054688 11.640324592590332 14.015094757080078 -89.0564956665039 -75.53144836425781 -44.203678131103516 161.19273376464844 -97.93048858642578 24.737327575683594 44.34991455078125 42.80142593383789 49.699920654296875 75.65811920166016 output 1 8 6 4 3 2 5 9 10 7 indices -1 4 2 3 -1 1 3 4 2 1 -1 4 2 1 3 -1 2 1 3 4 2 1 3 4 2 1 3 4 2 1 3 4 2 1 3 4 2 1 3 4 value 10.0 0.0 0.0 0.0 0.0 0.0 0.0 0.0 0.0 0.0 0.0 0.0 0.0 0.0 0.0 0.0 0.0 0.0 0.0 0.0 0.0 0.0 0.0 0.0 0.0 0.0 0.0 0.0 0.0 0.0 0.0 0.0 0.0 0.0 0.0 0.0 0.0 0.0 0.0 0.0 
-124.64366149902344 -65.59569549560547 47.96969223022461 -91.4242172241211 -94.16402435302734 208.43008422851562 -46.712032318115234 199.16244506835938 56.858890533447266 -154.60484313964844 -39.921974182128906 -87.9043960571289 2.777536630630493 -101.84211730957031 191.0302734375 67.1108627319336 42.77490997314453 365.7668762207031 -35.969608306884766 -339.0989990234375 output 4 3 1 6 7 2 5 8 9 10 indices 2 -1 3 4 -1 1 3 4 2 1 -1 4 2 1 3 -1 2 1 3 4 2 1 3 4 2 1 3 4 2 1 3 4 -1 3 1 2 2 1 3 4 value 0.0 0.0 0.0 0.0 0.0 0.0 0.0 0.0 0.0 0.0 0.0 0.0 0.0 0.0 0.0 0.0 0.0 0.0 0.0 0.0 0.0 0.0 0.0 0.0 0.0 0.0 0.0 0.0 0.0 0.0 0.0 0.0 10.0 0.0 0.0 0.0 0.0 0.0 0.0 0.0 
-121.77452087402344 -243.5788116455078 89.17900848388672 295.96478271484375 113.80902862548828 291.3529052734375 11.20414924621582 -397.5171813964844 76.56180572509766 -213.55343627929688 98.03689575195312 173.65032958984375 7.765512943267822 204.83154296875 -84.66744995117188 -110.16984558105469 -67.69750213623047 -138.98703002929688 -122.41692352294922 138.00674438476562 output 8 9 5 3 6 2 4 7 10 1 indices 2 -1 3 4 -1 4 1 3 2 1 -1 4 2 1 3 -1 2 1 3 4 2 1 3 4 2 1 3 4 2 1 3 4 2 1 3 4 2 1 3 4 value 0.0 0.0 0.0 0.0 10.0 0.0 0.0 0.0 0.0 0.0 0.0 0.0 0.0 0.0 0.0 0.0 0.0 0.0 0.0 0.0 0.0 0.0 0.0 0.0 0.0 0.0 0.0 0.0 0.0 0.0 0.0 0.0 0.0 0.0 0.0 0.0 0.0 0.0 0.0 0.0 
167.15809631347656 40.6028938293457 -100.90809631347656 -199.76112365722656 101.51171875 75.2652587890625 -121.04133605957031 -190.9667510986328 95.94113159179688 229.14385986328125 0.47731032967567444 283.958740234375 -31.724702835083008 99.7707748413086 2.6893467903137207 -135.2010498046875 -93.38968658447266 -234.3605194091797 -20.713777542114258 31.547908782958984 output 9 2 4 8 10 7 3 1 5 6 indices 2 -1 3 4 -1 1 3 4 2 1 -1 4 2 1 3 -1 2 1 3 4 -1 3 1 2 2 1 3 4 2 1 3 4 2 1 3 4 2 1 3 4 value 0.0 0.0 0.0 0.0 0.0 0.0 0.0 0.0 0.0 0.0 0.0 0.0 0.0 0.0 0.0 0.0 0.0 0.0 0.0 0.0 10.0 0.0 0.0 0.0 0.0 0.0 0.0 0.0 0.0 0.0 0.0 0.0 0.0 0.0 0.0 0.0 0.0 0.0 0.0 0.0 
-119.60017395019531 -247.36920166015625 -73.30701446533203 296.7026062011719 20.215011596679688 144.31443786621094 88.12709045410156 -198.43618774414062 72.52484893798828 89.15495300292969 -132.39263916015625 43.74139404296875 62.03522491455078 -137.8663787841797 2.991199493408203 -241.68763732910156 20.16509437561035 104.2868881225586 59.24135208129883 147.1591033935547 output 1 6 2 3 10 9 5 7 4 8 indices 2 -1 3 4 -1 4 1 3 2 1 -1 4 2 1 3 -1 2 1 3 4 2 1 3 4 2 1 3 4 2 1 3 4 2 1 3 4 2 1 3 4 value 0.0 0.0 0.0 0.0 10.0 0.0 0.0 0.0 0.0 0.0 0.0 0.0 0.0 0.0 0.0 0.0 0.0 0.0 0.0 0.0 0.0 0.0 0.0 0.0 0.0 0.0 0.0 0.0 0.0 0.0 0.0 0.0 0.0 0.0 0.0 0.0 0.0 0.0 0.0 0.0 
72.57157897949219 14.19150447845459 44.10592269897461 -253.8137664794922 -70.97567749023438 138.03582763671875 106.54457092285156 -284.6339111328125 -124.25746154785156 -15.970935821533203 -17.132015228271484 268.58984375 56.7510871887207 -96.18317413330078 -22.39702606201172 320.094970703125 -152.7515411376953 -133.43165588378906 107.54056549072266 43.12126922607422 output 1 7 9 5 3 6 8 2 4 10 indices 2 -1 3 4 -1 1 3 4 2 1 -1 4 2 1 3 -1 2 1 3 4 2 1 3 4 2 1 3 4 -1 3 1 2 2 1 3 4 2 1 3 4 value 0.0 0.0 0.0 0.0 0.0 0.0 0.0 0.0 0.0 0.0 0.0 0.0 0.0 0.0 0.0 0.0 0.0 0.0 0.0 0.0 0.0 0.0 0.0 0.0 0.0 0.0 0.0 0.0 10.0 0.0 0.0 0.0 0.0 0.0 0.0 0.0 0.0 0.0 0.0 0.0 
146.0266876220703 185.39097595214844 -56.2298583984375 -227.92288208007812 -183.9851531982422 -79.28482818603516 100.77336883544922 -187.63475036621094 37.053871154785156 164.44578552246094 -155.37051391601562 224.82130432128906 0.6766570806503296 -188.7696990966797 -6.153482437133789 219.69273376464844 116.5002212524414 -180.10702514648438 0.7082017660140991 69.36839294433594 output 9 4 7 2 3 6 8 5 10 1 indices 2 -1 3 4 -1 1 3 4 2 1 -1 4 2 1 3 -1 2 1 3 4 2 1 3 4 2 1 3 4 -1 3 1 2 2 1 3 4 2 1 3 4 value 0.0 0.0 0.0 0.0 0.0 0.0 0.0 0.0 0.0 0.0 0.0 0.0 0.0 0.0 0.0 0.0 0.0 0.0 0.0 0.0 0.0 0.0 0.0 0.0 0.0 0.0 0.0 0.0 10.0 0.0 0.0 0.0 0.0 0.0 0.0 0.0 0.0 0.0 0.0 0.0 
-76.24928283691406 -281.9458312988281 -149.45166015625 -186.632080078125 -144.48629760742188 -221.34454345703125 105.4748306274414 398.16668701171875 -126.25801086425781 -169.03761291503906 166.87791442871094 154.074951171875 -82.900390625 253.15658569335938 86.18284606933594 194.56533813476562 165.9508819580078 -245.58822631835938 54.859169006347656 104.58473205566406 output 4 9 6 8 10 7 2 3 5 1 indices 2 -1 3 4 -1 1 3 4 2 1 -1 4 -1 3 1 2 2 1 3 4 2 1 3 4 2 1 3 4 2 1 3 4 2 1 3 4 2 1 3 4 value 0.0 0.0 0.0 0.0 0.0 0.0 0.0 0.0 0.0 0.0 0.0 0.0 10.0 0.0 0.0 0.0 0.0 0.0 0.0 0.0 0.0 0.0 0.0 0.0 0.0 0.0 0.0 0.0 0.0 0.0 0.0 0.0 0.0 0.0 0.0 0.0 0.0 0.0 0.0 0.0 
128.29119873046875 -98.638427734375 -88.19097137451172 93.27672576904297 -97.47394561767578 -302.8119201660156 -120.8214340209961 350.8055114746094 186.83778381347656 -323.1016845703125 151.15989685058594 128.0432586669922 -63.47349166870117 -300.7167053222656 -102.08259582519531 -170.656982421875 -1.771146297454834 306.1776428222656 7.524693489074707 317.62255859375 output 1 6 2 4 8 3 7 9 10 5 indices 2 -1 3 4 -1 1 3 4 2 1 -1 4 -1 3 1 2 2 1 3 4 2 1 3 4 2 1 3 4 2 1 3 4 2 1 3 4 2 1 3 4 value 0.0 0.0 0.0 0.0 0.0 0.0 0.0 0.0 0.0 0.0 0.0 0.0 10.0 0.0 0.0 0.0 0.0 0.0 0.0 0.0 0.0 0.0 0.0 0.0 0.0 0.0 0.0 0.0 0.0 0.0 0.0 0.0 0.0 0.0 0.0 0.0 0.0 0.0 0.0 0.0 
121.49575805664062 379.7503662109375 -31.77515411376953 -136.37034606933594 -147.6425018310547 353.5 112.5834732055664 244.3511962890625 -19.8521785736084 -154.1600341796875 -16.441617965698242 -54.48057556152344 10.30724048614502 -206.34487915039062 -145.633056640625 -82.11573028564453 -3.768104076385498 -193.57135009765625 120.72613525390625 -150.55862426757812 output 1 4 3 8 6 2 5 9 7 10 indices -1 4 2 3 -1 1 3 4 2 1 -1 4 2 1 3 -1 2 1 3 4 2 1 3 4 2 1 3 4 2 1 3 4 2 1 3 4 2 1 3 4 value 10.0 0.0 0.0 0.0 0.0 0.0 0.0 0.0 0.0 0.0 0.0 0.0 0.0 0.0 0.0 0.0 0.0 0.0 0.0 0.0 0.0 0.0 0.0 0.0 0.0 0.0 0.0 0.0 0.0 0.0 0.0 0.0 0.0 0.0 0.0 0.0 0.0 0.0 0.0 0.0 
105.9527587890625 368.409912109375 -70.26107025146484 168.65438842773438 78.65030670166016 -201.7950897216797 -75.93854522705078 161.27757263183594 -23.469436645507812 -280.5849609375 -58.62007522583008 -226.8085174560547 -55.5495719909668 -114.45295715332031 204.35328674316406 21.756637573242188 -30.060556411743164 -75.87545776367188 -75.05709838867188 179.41848754882812 output 1 5 6 10 2 4 7 9 3 8 indices -1 4 2 3 -1 1 3 4 2 1 -1 4 2 1 3 -1 2 1 3 4 2 1 3 4 2 1 3 4 2 1 3 4 2 1 3 4 2 1 3 4 value 10.0 0.0 0.0 0.0 0.0 0.0 0.0 0.0 0.0 0.0 0.0 0.0 0.0 0.0 0.0 0.0 0.0 0.0 0.0 0.0 0.0 0.0 0.0 0.0 0.0 0.0 0.0 0.0 0.0 0.0 0.0 0.0 0.0 0.0 0.0 0.0 0.0 0.0 0.0 0.0 
71.83636474609375 28.894681930541992 45.75958251953125 183.67437744140625 73.35267639160156 -203.68341064453125 -9.331212043762207 224.70040893554688 130.4484405517578 258.5922546386719 73.7834243774414 -347.701904296875 14.053277969360352 -36.27977752685547 -51.19968795776367 -78.0718765258789 -157.5555877685547 -305.27618408203125 -191.14727783203125 275.15142822265625 output 1 5 3 6 2 4 10 9 8 7 indices 2 -1 3 4 -1 1 3 4 2 1 -1 4 2 1 3 -1 -1 3 1 2 2 1 3 4 2 1 3 4 2 1 3 4 2 1 3 4 2 1 3 4 value 0.0 0.0 0.0 0.0 0.0 0.0 0.0 0.0 0.0 0.0 0.0 0.0 0.0 0.0 0.0 0.0 10.0 0.0 0.0 0.0 0.0 0.0 0.0 0.0 0.0 0.0 0.0 0.0 0.0 0.0 0.0 0.0 0.0 0.0 0.0 0.0 0.0 0.0 0.0 0.0 
-7.763937950134277 -77.37481689453125 -175.39012145996094 -166.6898956298828 8.849058151245117 -104.65385437011719 -126.08908081054688 212.90948486328125 -113.71804809570312 130.394287109375 23.54732322692871 -241.65036010742188 12.914512634277344 243.52088928222656 34.91884231567383 351.9126281738281 164.83567810058594 -193.25502014160156 177.89578247070312 -155.1133575439453 output 1 3 6 9 10 8 7 4 5 2 indices 2 -1 3 4 -1 1 3 4 2 1 -1 4 2 1 3 -1 2 1 3 4 2 1 3 4 2 1 3 4 -1 3 1 2 2 1 3 4 2 1 3 4 value 0.0 0.0 0.0 0.0 0.0 0.0 0.0 0.0 0.0 0.0 0.0 0.0 0.0 0.0 0.0 0.0 0.0 0.0 0.0 0.0 0.0 0.0 0.0 0.0 0.0 0.0 0.0 0.0 10.0 0.0 0.0 0.0 0.0 0.0 0.0 0.0 0.0 0.0 0.0 0.0 
42.58354568481445 237.58139038085938 77.57990264892578 290.564453125 -167.00672912597656 -184.63526916503906 22.847856521606445 -130.2560577392578 70.35670471191406 168.07089233398438 -183.55174255371094 -212.06163024902344 114.79701232910156 10.555750846862793 41.91842269897461 243.31259155273438 33.54975509643555 -372.0495300292969 -53.07472229003906 -51.08259963989258 output 10 4 7 5 1 8 2 9 6 3 indices 2 -1 3 4 -1 4 1 3 2 1 -1 4 2 1 3 -1 2 1 3 4 2 1 3 4 2 1 3 4 2 1 3 4 2 1 3 4 2 1 3 4 value 0.0 0.0 0.0 0.0 10.0 0.0 0.0 0.0 0.0 0.0 0.0 0.0 0.0 0.0 0.0 0.0 0.0 0.0 0.0 0.0 0.0 0.0 0.0 0.0 0.0 0.0 0.0 0.0 0.0 0.0 0.0 0.0 0.0 0.0 0.0 0.0 0.0 0.0 0.0 0.0 
37.73191833496094 -163.94155883789062 -153.47433471679688 -50.127193450927734 124.92770385742188 -208.88478088378906 -142.65158081054688 -68.41557312011719 -192.8810577392578 -189.67230224609375 103.60627746582031 50.23567199707031 93.2466049194336 252.3834686279297 159.10890197753906 58.957176208496094 -59.0113639831543 47.20524215698242 29.396936416625977 272.2598571777344 output 1 3 8 6 7 10 5 2 4 9 indices 2 -1 3 4 -1 1 3 4 2 1 -1 4 2 1 3 -1 2 1 3 4 2 1 3 4 2 1 3 4 2 1 3 4 2 1 3 4 -1 3 1 2 value 0.0 0.0 0.0 0.0 0.0 0.0 0.0 0.0 0.0 0.0 0.0 0.0 0.0 0.0 0.0 0.0 0.0 0.0 0.0 0.0 0.0 0.0 0.0 0.0 0.0 0.0 0.0 0.0 0.0 0.0 0.0 0.0 0.0 0.0 0.0 0.0 10.0 0.0 0.0 0.0 
-134.03543090820312 296.68634033203125 126.20799255371094 161.6373291015625 103.15125274658203 -253.8158721923828 52.33073043823242 -19.113658905029297 -117.50533294677734 -153.5502471923828 -162.6322021484375 72.17670440673828 72.05231475830078 377.351806640625 -32.5609016418457 -296.5303649902344 -25.274921417236328 -147.64315795898438 118.2665023803711 -37.19886779785156 output 9 5 6 1 8 7 3 2 10 4 indices 2 -1 3 4 -1 1 3 4 2 1 -1 4 2 1 3 -1 2 1 3 4 2 1 3 4 -1 3 1 2 2 1 3 4 2 1 3 4 2 1 3 4 value 0.0 0.0 0.0 0.0 0.0 0.0 0.0 0.0 0.0 0.0 0.0 0.0 0.0 0.0 0.0 0.0 0.0 0.0 0.0 0.0 0.0 0.0 0.0 0.0 10.0 0.0 0.0 0.0 0.0 0.0 0.0 0.0 0.0 0.0 0.0 0.0 0.0 0.0 0.0 0.0 
68.66692352294922 -122.59477233886719 19.144968032836914 242.18975830078125 -45.438385009765625 -317.7035827636719 -35.605255126953125 -264.836669921875 -69.35714721679688 259.0384826660156 -118.4335708618164 -133.02169799804688 160.65017700195312 231.61268615722656 103.24858856201172 191.28524780273438 -76.82532501220703 21.34455108642578 -6.05097770690918 -107.31400299072266 output 5 2 8 7 1 10 9 6 4 3 indices 2 -1 3 4 -1 1 3 4 2 1 -1 4 2 1 3 -1 2 1 3 4 2 1 3 4 -1 3 1 2 2 1 3 4 2 1 3 4 2 1 3 4 value 0.0 0.0 0.0 0.0 0.0 0.0 0.0 0.0 0.0 0.0 0.0 0.0 0.0 0.0 0.0 0.0 0.0 0.0 0.0 0.0 0.0 0.0 0.0 0.0 10.0 0.0 0.0 0.0 0.0 0.0 0.0 0.0 0.0 0.0 0.0 0.0 0.0 0.0 0.0 0.0 
-24.913053512573242 -23.155841827392578 4.372738361358643 -83.69232940673828 155.97726440429688 -214.99098205566406 80.64913177490234 -152.17340087890625 -103.72023010253906 350.7159118652344 -7.855684280395508 192.018798828125 -4.579838752746582 -47.38036346435547 -132.41436767578125 -83.0098648071289 55.651432037353516 -132.75244140625 -23.167388916015625 194.42050170898438 output 8 1 7 2 9 4 3 6 10 5 indices 2 -1 3 4 -1 1 3 4 2 1 -1 4 2 1 3 -1 -1 3 1 2 2 1 3 4 2 1 3 4 2 1 3 4 2 1 3 4 2 1 3 4 value 0.0 0.0 0.0 0.0 0.0 0.0 0.0 0.0 0.0 0.0 0.0 0.0 0.0 0.0 0.0 0.0 10.0 0.0 0.0 0.0 0.0 0.0 0.0 0.0 0.0 0.0 0.0 0.0 0.0 0.0 0.0 0.0 0.0 0.0 0.0 0.0 0.0 0.0 0.0 0.0 
182.49066162109375 6.119341850280762 125.76438903808594 133.39076232910156 -104.03520202636719 -103.32958221435547 -105.11466217041016 108.30021667480469 20.244447708129883 -154.99044799804688 36.72735595703125 -188.51194763183594 -67.35086059570312 254.49032592773438 39.00446319580078 36.790462493896484 -151.43495178222656 121.29256439208984 23.704357147216797 -213.55169677734375 output 8 2 1 10 6 5 3 9 7 4 indices 2 -1 3 4 -1 1 3 4 2 1 -1 4 2 1 3 -1 2 1 3 4 2 1 3 4 -1 3 1 2 2 1 3 4 2 1 3 4 2 1 3 4 value 0.0 0.0 0.0 0.0 0.0 0.0 0.0 0.0 0.0 0.0 0.0 0.0 0.0 0.0 0.0 0.0 0.0 0.0 0.0 0.0 0.0 0.0 0.0 0.0 10.0 0.0 0.0 0.0 0.0 0.0 0.0 0.0 0.0 0.0 0.0 0.0 0.0 0.0 0.0 0.0 
26.619091033935547 36.545013427734375 70.60392761230469 -170.1855010986328 -111.45337677001953 -16.3416748046875 12.847907066345215 270.7033996582031 -81.8746337890625 66.19579315185547 108.81300354003906 190.78521728515625 -124.48365783691406 362.9674377441406 -98.1405258178711 -225.9079132080078 146.9300537109375 -268.8455810546875 50.13820266723633 -245.9161834716797 output 1 2 10 9 6 4 7 8 3 5 indices 2 -1 3 4 -1 1 3 4 2 1 -1 4 2 1 3 -1 2 1 3 4 2 1 3 4 -1 3 1 2 2 1 3 4 2 1 3 4 2 1 3 4 value 0.0 0.0 0.0 0.0 0.0 0.0 0.0 0.0 0.0 0.0 0.0 0.0 0.0 0.0 0.0 0.0 0.0 0.0 0.0 0.0 0.0 0.0 0.0 0.0 10.0 0.0 0.0 0.0 0.0 0.0 0.0 0.0 0.0 0.0 0.0 0.0 0.0 0.0 0.0 0.0 
61.071861267089844 -227.16970825195312 130.7874755859375 227.86947631835938 -136.93333435058594 -283.69586181640625 -28.727554321289062 196.36758422851562 -54.55112075805664 77.92688751220703 92.57316589355469 47.46412658691406 61.72114944458008 -23.572132110595703 12.008650779724121 149.0923309326172 -190.68275451660156 -156.79368591308594 52.73244094848633 -7.489011287689209 output 2 6 7 10 8 4 5 9 3 1 indices 2 -1 3 4 -1 4 1 3 2 1 -1 4 2 1 3 -1 2 1 3 4 2 1 3 4 2 1 3 4 2 1 3 4 2 1 3 4 2 1 3 4 value 0.0 0.0 0.0 0.0 10.0 0.0 0.0 0.0 0.0 0.0 0.0 0.0 0.0 0.0 0.0 0.0 0.0 0.0 0.0 0.0 0.0 0.0 0.0 0.0 0.0 0.0 0.0 0.0 0.0 0.0 0.0 0.0 0.0 0.0 0.0 0.0 0.0 0.0 0.0 0.0 
72.83846282958984 -137.48464965820312 -153.0640411376953 116.66696166992188 53.25392150878906 147.1690216064453 55.99089813232422 -368.72418212890625 139.99595642089844 -177.30477905273438 -32.09899139404297 -14.207514762878418 -5.387983798980713 145.09756469726562 -191.5775909423828 232.7181396484375 124.4885025024414 296.27459716796875 -64.43913269042969 -240.20516967773438 output 1 5 9 4 3 7 6 2 8 10 indices 2 -1 3 4 -1 1 3 4 2 1 -1 4 2 1 3 -1 2 1 3 4 2 1 3 4 2 1 3 4 2 1 3 4 -1 3 1 2 2 1 3 4 value 0.0 0.0 0.0 0.0 0.0 0.0 0.0 0.0 0.0 0.0 0.0 0.0 0.0 0.0 0.0 0.0 0.0 0.0 0.0 0.0 0.0 0.0 0.0 0.0 0.0 0.0 0.0 0.0 0.0 0.0 0.0 0.0 10.0 0.0 0.0 0.0 0.0 0.0 0.0 0.0 
152.8381805419922 -230.22512817382812 -100.63184356689453 -1.955859899520874 30.657318115234375 92.05419158935547 -62.022674560546875 -350.70111083984375 -78.46390533447266 215.25534057617188 162.31857299804688 -246.59048461914062 -98.8883285522461 280.3213806152344 19.176555633544922 170.81472778320312 75.67372131347656 -35.334007263183594 -100.65757751464844 106.36094665527344 output 2 10 5 8 3 9 1 6 4 7 indices 2 -1 3 4 -1 1 3 4 2 1 -1 4 2 1 3 -1 2 1 3 4 2 1 3 4 -1 3 1 2 2 1 3 4 2 1 3 4 2 1 3 4 value 0.0 0.0 0.0 0.0 0.0 0.0 0.0 0.0 0.0 0.0 0.0 0.0 0.0 0.0 0.0 0.0 0.0 0.0 0.0 0.0 0.0 0.0 0.0 0.0 10.0 0.0 0.0 0.0 0.0 0.0 0.0 0.0 0.0 0.0 0.0 0.0 0.0 0.0 0.0 0.0 
56.841888427734375 294.16949462890625 -19.523672103881836 -77.69801330566406 -0.23831816017627716 -307.5044860839844 -58.319923400878906 -287.5821533203125 86.5640869140625 -206.26158142089844 -162.5736083984375 217.9011993408203 126.15933990478516 283.1286926269531 -114.76431274414062 237.86679077148438 130.30238342285156 13.80363941192627 -44.44786834716797 -167.82359313964844 output 1 7 9 5 2 10 6 8 4 3 indices -1 4 2 3 -1 1 3 4 2 1 -1 4 2 1 3 -1 2 1 3 4 2 1 3 4 2 1 3 4 2 1 3 4 2 1 3 4 2 1 3 4 value 10.0 0.0 0.0 0.0 0.0 0.0 0.0 0.0 0.0 0.0 0.0 0.0 0.0 0.0 0.0 0.0 0.0 0.0 0.0 0.0 0.0 0.0 0.0 0.0 0.0 0.0 0.0 0.0 0.0 0.0 0.0 0.0 0.0 0.0 0.0 0.0 0.0 0.0 0.0 0.0 
-0.5101890563964844 37.11973571777344 -132.90953063964844 221.1732635498047 102.45606994628906 -258.3055419921875 134.6878662109375 169.00308227539062 44.93524169921875 -432.0480041503906 -126.71831512451172 58.24722671508789 -181.7506866455078 -107.69286346435547 103.89640045166016 196.36077880859375 8.335514068603516 -6.167407035827637 47.577632904052734 122.30976104736328 output 4 3 5 2 7 6 9 1 10 8 indices 2 -1 3 4 -1 1 3 4 2 1 -1 4 2 1 3 -1 2 1 3 4 2 1 3 4 2 1 3 4 -1 3 1 2 2 1 3 4 2 1 3 4 value 0.0 0.0 0.0 0.0 0.0 0.0 0.0 0.0 0.0 0.0 0.0 0.0 0.0 0.0 0.0 0.0 0.0 0.0 0.0 0.0 0.0 0.0 0.0 0.0 0.0 0.0 0.0 0.0 10.0 0.0 0.0 0.0 0.0 0.0 0.0 0.0 0.0 0.0 0.0 0.0 
-93.49415588378906 -223.83560180664062 193.13690185546875 123.53955841064453 141.83132934570312 -239.16281127929688 -134.3041534423828 -39.31623077392578 -117.94873809814453 -35.2578125 -106.14473724365234 273.9309387207031 -99.95381927490234 135.91705322265625 172.88555908203125 297.8895263671875 1.5237287282943726 -273.1731262207031 42.46807861328125 -20.531482696533203 output 5 4 7 6 1 9 3 8 2 10 indices 2 -1 3 4 -1 1 3 4 2 1 -1 4 2 1 3 -1 2 1 3 4 2 1 3 4 2 1 3 4 -1 3 1 2 2 1 3 4 2 1 3 4 value 0.0 0.0 0.0 0.0 0.0 0.0 0.0 0.0 0.0 0.0 0.0 0.0 0.0 0.0 0.0 0.0 0.0 0.0 0.0 0.0 0.0 0.0 0.0 0.0 0.0 0.0 0.0 0.0 10.0 0.0 0.0 0.0 0.0 0.0 0.0 0.0 0.0 0.0 0.0 0.0 
-7.592309951782227 63.63329315185547 111.0016098022461 -364.0776062011719 -133.7860870361328 186.1251220703125 -19.81229019165039 186.51097106933594 -29.1710147857666 -246.47291564941406 137.7408905029297 -309.75994873046875 158.35581970214844 233.54908752441406 -182.46376037597656 322.7256774902344 64.96195983886719 270.1224060058594 -99.23480987548828 -342.3560791015625 output 1 4 9 2 7 6 5 10 8 3 indices 2 -1 3 4 -1 1 3 4 2 1 -1 4 2 1 3 -1 2 1 3 4 2 1 3 4 2 1 3 4 -1 3 1 2 2 1 3 4 2 1 3 4 value 0.0 0.0 0.0 0.0 0.0 0.0 0.0 0.0 0.0 0.0 0.0 0.0 0.0 0.0 0.0 0.0 0.0 0.0 0.0 0.0 0.0 0.0 0.0 0.0 0.0 0.0 0.0 0.0 10.0 0.0 0.0 0.0 0.0 0.0 0.0 0.0 0.0 0.0 0.0 0.0 
-161.45062255859375 -195.91200256347656 -44.3448371887207 -297.9990234375 45.54998016357422 -141.4085235595703 39.09046936035156 312.4522705078125 93.1103286743164 247.3424835205078 127.89900207519531 290.1981201171875 -19.276216506958008 -187.47772216796875 -189.62770080566406 -262.9363708496094 66.57196807861328 77.48237609863281 42.477630615234375 158.25836181640625 output 5 6 4 2 8 1 7 3 9 10 indices 2 -1 3 4 -1 1 3 4 2 1 -1 4 -1 3 1 2 2 1 3 4 2 1 3 4 2 1 3 4 2 1 3 4 2 1 3 4 2 1 3 4 value 0.0 0.0 0.0 0.0 0.0 0.0 0.0 0.0 0.0 0.0 0.0 0.0 10.0 0.0 0.0 0.0 0.0 0.0 0.0 0.0 0.0 0.0 0.0 0.0 0.0 0.0 0.0 0.0 0.0 0.0 0.0 0.0 0.0 0.0 0.0 0.0 0.0 0.0 0.0 0.0 
101.9514389038086 -39.588016510009766 119.54402160644531 162.24549865722656 147.17633056640625 -116.60151672363281 -167.54580688476562 -225.46998596191406 -47.66962814331055 192.73452758789062 127.07015991210938 -35.60722351074219 -82.36907196044922 -8.320510864257812 -30.255521774291992 208.66468811035156 -78.20767974853516 134.13394165039062 -89.6942367553711 -272.19140625 output 1 7 10 4 9 5 8 2 3 6 indices 2 -1 3 4 -1 1 3 4 2 1 -1 4 2 1 3 -1 2 1 3 4 2 1 3 4 2 1 3 4 -1 3 1 2 2 1 3 4 2 1 3 4 value 0.0 0.0 0.0 0.0 0.0 0.0 0.0 0.0 0.0 0.0 0.0 0.0 0.0 0.0 0.0 0.0 0.0 0.0 0.0 0.0 0.0 0.0 0.0 0.0 0.0 0.0 0.0 0.0 10.0 0.0 0.0 0.0 0.0 0.0 0.0 0.0 0.0 0.0 0.0 0.0 
70.328369140625 -43.492488861083984 -153.84963989257812 -66.6538314819336 62.806331634521484 208.43592834472656 -159.16055297851562 15.40674114227295 21.246606826782227 -204.3444061279297 27.92190170288086 348.0995178222656 159.160400390625 142.3955078125 -28.58261489868164 -160.20030212402344 82.60269927978516 -221.64442443847656 -82.47349548339844 -18.002248764038086 output 1 7 3 6 9 5 8 2 4 10 indices 2 -1 3 4 -1 1 3 4 2 1 -1 4 2 1 3 -1 2 1 3 4 -1 3 1 2 2 1 3 4 2 1 3 4 2 1 3 4 2 1 3 4 value 0.0 0.0 0.0 0.0 0.0 0.0 0.0 0.0 0.0 0.0 0.0 0.0 0.0 0.0 0.0 0.0 0.0 0.0 0.0 0.0 10.0 0.0 0.0 0.0 0.0 0.0 0.0 0.0 0.0 0.0 0.0 0.0 0.0 0.0 0.0 0.0 0.0 0.0 0.0 0.0 
18.359912872314453 167.2901153564453 -36.96643829345703 36.22072219848633 -27.95753288269043 248.8211212158203 122.5767593383789 -289.449951171875 -97.6402587890625 -189.03176879882812 -49.73514175415039 -173.38018798828125 19.15399169921875 205.02928161621094 -10.636557579040527 262.10137939453125 139.35409545898438 -23.34793472290039 -76.50883483886719 -244.2527618408203 output 1 7 8 3 5 10 6 4 9 2 indices 2 -1 3 4 -1 1 3 4 2 1 -1 4 2 1 3 -1 2 1 3 4 2 1 3 4 2 1 3 4 -1 3 1 2 2 1 3 4 2 1 3 4 value 0.0 0.0 0.0 0.0 0.0 0.0 0.0 0.0 0.0 0.0 0.0 0.0 0.0 0.0 0.0 0.0 0.0 0.0 0.0 0.0 0.0 0.0 0.0 0.0 0.0 0.0 0.0 0.0 10.0 0.0 0.0 0.0 0.0 0.0 0.0 0.0 0.0 0.0 0.0 0.0 
-106.08230590820312 10.493553161621094 142.40928649902344 44.618831634521484 -149.43382263183594 298.11181640625 -52.04575729370117 282.089111328125 -86.69815826416016 91.83306884765625 -5.96101713180542 -339.3112487792969 46.438961029052734 -166.60678100585938 39.448570251464844 171.5400390625 79.41321563720703 -43.862857818603516 92.51102447509766 -348.905517578125 output 1 5 8 2 9 7 10 6 4 3 indices 2 -1 3 4 -1 1 3 4 2 1 -1 4 -1 3 1 2 2 1 3 4 2 1 3 4 2 1 3 4 2 1 3 4 2 1 3 4 2 1 3 4 value 0.0 0.0 0.0 0.0 0.0 0.0 0.0 0.0 0.0 0.0 0.0 0.0 10.0 0.0 0.0 0.0 0.0 0.0 0.0 0.0 0.0 0.0 0.0 0.0 0.0 0.0 0.0 0.0 0.0 0.0 0.0 0.0 0.0 0.0 0.0 0.0 0.0 0.0 0.0 0.0 
-113.8250503540039 344.76226806640625 -93.94456481933594 -66.942626953125 -108.1733169555664 8.737470626831055 131.55938720703125 -124.16458129882812 191.1178741455078 199.09762573242188 -112.09814453125 -184.23458862304688 40.34354782104492 -183.59642028808594 -59.31026077270508 -183.34568786621094 52.087379455566406 103.29695892333984 72.2431411743164 86.38959503173828 output 9 10 5 4 7 8 6 1 3 2 indices -1 4 2 3 -1 1 3 4 2 1 -1 4 2 1 3 -1 2 1 3 4 2 1 3 4 2 1 3 4 2 1 3 4 2 1 3 4 2 1 3 4 value 10.0 0.0 0.0 0.0 0.0 0.0 0.0 0.0 0.0 0.0 0.0 0.0 0.0 0.0 0.0 0.0 0.0 0.0 0.0 0.0 0.0 0.0 0.0 0.0 0.0 0.0 0.0 0.0 0.0 0.0 0.0 0.0 0.0 0.0 0.0 0.0 0.0 0.0 0.0 0.0 
25.930051803588867 -89.41366577148438 -163.99794006347656 357.3501281738281 4.447240829467773 219.02401733398438 72.66964721679688 178.95089721679688 41.044166564941406 -124.20489501953125 -58.26746368408203 -287.4787292480469 9.677490234375 128.9226837158203 31.97699737548828 -294.8325500488281 21.4925594329834 -197.81591796875 15.027247428894043 109.4980239868164 output 1 5 9 8 6 2 3 4 7 10 indices 2 -1 3 4 -1 4 1 3 2 1 -1 4 2 1 3 -1 2 1 3 4 2 1 3 4 2 1 3 4 2 1 3 4 2 1 3 4 2 1 3 4 value 0.0 0.0 0.0 0.0 10.0 0.0 0.0 0.0 0.0 0.0 0.0 0.0 0.0 0.0 0.0 0.0 0.0 0.0 0.0 0.0 0.0 0.0 0.0 0.0 0.0 0.0 0.0 0.0 0.0 0.0 0.0 0.0 0.0 0.0 0.0 0.0 0.0 0.0 0.0 0.0 
-94.61869812011719 -189.74085998535156 -120.52084350585938 185.44073486328125 -53.25142288208008 -420.35235595703125 -132.45083618164062 102.63676452636719 110.5982894897461 -314.8783264160156 70.95781707763672 78.98687744140625 156.56126403808594 254.85670471191406 117.2378158569336 235.16334533691406 92.69827270507812 -174.75790405273438 -147.211669921875 242.64505004882812 output 1 10 4 2 3 6 8 7 5 9 indices 2 -1 3 4 -1 1 3 4 2 1 -1 4 2 1 3 -1 2 1 3 4 2 1 3 4 -1 3 1 2 2 1 3 4 2 1 3 4 2 1 3 4 value 0.0 0.0 0.0 0.0 0.0 0.0 0.0 0.0 0.0 0.0 0.0 0.0 0.0 0.0 0.0 0.0 0.0 0.0 0.0 0.0 0.0 0.0 0.0 0.0 10.0 0.0 0.0 0.0 0.0 0.0 0.0 0.0 0.0 0.0 0.0 0.0 0.0 0.0 0.0 0.0 
-129.0064239501953 221.9972686767578 -34.153106689453125 -23.313146591186523 -72.72157287597656 -106.13191986083984 31.79039764404297 73.5558090209961 -77.13043212890625 199.40890502929688 32.68898391723633 -83.26715850830078 86.17044067382812 -281.724609375 202.031982421875 241.10009765625 72.44204711914062 -170.61000061035156 -112.11231994628906 -71.01524353027344 output 9 6 2 3 10 1 5 4 8 7 indices 2 -1 3 4 -1 1 3 4 2 1 -1 4 2 1 3 -1 2 1 3 4 2 1 3 4 2 1 3 4 -1 3 1 2 2 1 3 4 2 1 3 4 value 0.0 0.0 0.0 0.0 0.0 0.0 0.0 0.0 0.0 0.0 0.0 0.0 0.0 0.0 0.0 0.0 0.0 0.0 0.0 0.0 0.0 0.0 0.0 0.0 0.0 0.0 0.0 0.0 10.0 0.0 0.0 0.0 0.0 0.0 0.0 0.0 0.0 0.0 0.0 0.0 
134.0768585205078 -231.65283203125 -7.098852157592773 117.93603515625 37.78413009643555 -41.1252555847168 -72.5348129272461 192.7349090576172 -15.542817115783691 81.21691131591797 62.147178649902344 183.90432739257812 38.83028793334961 -348.4619140625 147.73670959472656 168.9552764892578 -179.345703125 -207.38783264160156 -146.052978515625 83.88036346435547 output 1 8 6 7 9 10 4 2 5 3 indices 2 -1 3 4 -1 1 3 4 2 1 -1 4 2 1 3 -1 2 1 3 4 -1 3 1 2 2 1 3 4 2 1 3 4 2 1 3 4 2 1 3 4 value 0.0 0.0 0.0 0.0 0.0 0.0 0.0 0.0 0.0 0.0 0.0 0.0 0.0 0.0 0.0 0.0 0.0 0.0 0.0 0.0 10.0 0.0 0.0 0.0 0.0 0.0 0.0 0.0 0.0 0.0 0.0 0.0 0.0 0.0 0.0 0.0 0.0 0.0 0.0 0.0 
-75.13617706298828 231.0495147705078 177.26516723632812 -205.37652587890625 3.7610881328582764 -119.99961853027344 139.30825805664062 -286.9402160644531 -48.09861373901367 11.954158782958984 72.87437438964844 209.74774169921875 -110.9172592163086 77.6956558227539 -169.17018127441406 -132.61196899414062 62.00517272949219 231.15383911132812 -51.89183807373047 -16.672565460205078 output 1 8 7 5 10 3 4 2 6 9 indices 2 -1 3 4 -1 1 3 4 2 1 -1 4 2 1 3 -1 2 1 3 4 2 1 3 4 2 1 3 4 2 1 3 4 -1 3 1 2 2 1 3 4 value 0.0 0.0 0.0 0.0 0.0 0.0 0.0 0.0 0.0 0.0 0.0 0.0 0.0 0.0 0.0 0.0 0.0 0.0 0.0 0.0 0.0 0.0 0.0 0.0 0.0 0.0 0.0 0.0 0.0 0.0 0.0 0.0 10.0 0.0 0.0 0.0 0.0 0.0 0.0 0.0 
-64.42058563232422 55.07049560546875 39.24262619018555 -201.14398193359375 -152.19906616210938 -249.15045166015625 86.65853118896484 70.07917785644531 -101.02748107910156 128.50425720214844 188.9246063232422 306.54083251953125 67.49571228027344 -283.75 34.51137924194336 -254.15249633789062 -139.96173095703125 274.1370544433594 40.7759895324707 153.8651123046875 output 5 1 10 4 6 7 8 2 3 9 indices 2 -1 3 4 -1 1 3 4 2 1 -1 4 2 1 3 -1 2 1 3 4 -1 3 1 2 2 1 3 4 2 1 3 4 2 1 3 4 2 1 3 4 value 0.0 0.0 0.0 0.0 0.0 0.0 0.0 0.0 0.0 0.0 0.0 0.0 0.0 0.0 0.0 0.0 0.0 0.0 0.0 0.0 10.0 0.0 0.0 0.0 0.0 0.0 0.0 0.0 0.0 0.0 0.0 0.0 0.0 0.0 0.0 0.0 0.0 0.0 0.0 0.0 
-50.08342361450195 -258.1204833984375 -154.38003540039062 -13.416683197021484 129.88638305664062 155.37738037109375 -38.56399917602539 -138.932861328125 189.5596160888672 61.06119155883789 -102.86363983154297 135.88938903808594 48.32097625732422 -63.8656120300293 153.4932098388672 23.05814552307129 -106.65560150146484 55.755584716796875 -68.7134780883789 43.19395446777344 output 6 2 1 4 7 8 5 3 10 9 indices 2 -1 3 4 -1 1 3 4 -1 4 1 2 2 1 3 -1 2 1 3 4 2 1 3 4 2 1 3 4 2 1 3 4 2 1 3 4 2 1 3 4 value 0.0 0.0 0.0 0.0 0.0 0.0 0.0 0.0 10.0 0.0 0.0 0.0 0.0 0.0 0.0 0.0 0.0 0.0 0.0 0.0 0.0 0.0 0.0 0.0 0.0 0.0 0.0 0.0 0.0 0.0 0.0 0.0 0.0 0.0 0.0 0.0 0.0 0.0 0.0 0.0 
141.88882446289062 -216.5157012939453 140.28720092773438 -218.75462341308594 22.76656150817871 -279.62579345703125 -184.94667053222656 253.5847930908203 141.17724609375 67.28294372558594 -109.03956604003906 355.679931640625 -138.8668975830078 335.9549255371094 1.4362105131149292 -161.94473266601562 -51.742733001708984 -217.12933349609375 37.03982925415039 81.46757507324219 output 7 4 10 5 1 2 3 8 9 6 indices 2 -1 3 4 -1 1 3 4 2 1 -1 4 2 1 3 -1 2 1 3 4 -1 3 1 2 2 1 3 4 2 1 3 4 2 1 3 4 2 1 3 4 value 0.0 0.0 0.0 0.0 0.0 0.0 0.0 0.0 0.0 0.0 0.0 0.0 0.0 0.0 0.0 0.0 0.0 0.0 0.0 0.0 10.0 0.0 0.0 0.0 0.0 0.0 0.0 0.0 0.0 0.0 0.0 0.0 0.0 0.0 0.0 0.0 0.0 0.0 0.0 0.0 
21.99479103088379 248.92237854003906 -115.95555877685547 242.6409454345703 70.26029968261719 -153.12184143066406 111.63777923583984 128.86888122558594 -128.38076782226562 48.605316162109375 -23.124929428100586 -272.3123779296875 -109.82495880126953 -275.2932434082031 135.06253051757812 43.13790512084961 -57.81960678100586 -56.044525146484375 96.15042114257812 44.596561431884766 output 1 2 5 9 7 6 3 8 10 4 indices -1 4 2 3 -1 1 3 4 2 1 -1 4 2 1 3 -1 2 1 3 4 2 1 3 4 2 1 3 4 2 1 3 4 2 1 3 4 2 1 3 4 value 10.0 0.0 0.0 0.0 0.0 0.0 0.0 0.0 0.0 0.0 0.0 0.0 0.0 0.0 0.0 0.0 0.0 0.0 0.0 0.0 0.0 0.0 0.0 0.0 0.0 0.0 0.0 0.0 0.0 0.0 0.0 0.0 0.0 0.0 0.0 0.0 0.0 0.0 0.0 0.0 
44.669166564941406 -116.34191131591797 -114.15190887451172 -259.78277587890625 57.96525955200195 -196.77125549316406 143.73095703125 144.8378143310547 -65.84678649902344 285.197265625 80.64434814453125 143.78797912597656 -129.86126708984375 244.97970581054688 56.6474723815918 92.63738250732422 78.59658813476562 -57.718292236328125 -152.39382934570312 -280.825927734375 output 1 3 2 10 7 5 6 8 4 9 indices 2 -1 3 4 -1 1 3 4 2 1 -1 4 2 1 3 -1 -1 3 1 2 2 1 3 4 2 1 3 4 2 1 3 4 2 1 3 4 2 1 3 4 value 0.0 0.0 0.0 0.0 0.0 0.0 0.0 0.0 0.0 0.0 0.0 0.0 0.0 0.0 0.0 0.0 10.0 0.0 0.0 0.0 0.0 0.0 0.0 0.0 0.0 0.0 0.0 0.0 0.0 0.0 0.0 0.0 0.0 0.0 0.0 0.0 0.0 0.0 0.0 0.0 
-52.22142791748047 -347.7989196777344 -34.7087516784668 -78.90234375 -95.31781005859375 -45.64209747314453 174.39540100097656 -23.72576332092285 -18.782817840576172 314.7557678222656 -44.312564849853516 73.32635498046875 143.06236267089844 -188.5843505859375 -103.28579711914062 310.5025939941406 178.17974853515625 -329.1894226074219 -147.0083465576172 315.2581481933594 output 1 5 9 4 7 2 3 6 10 8 indices 2 -1 3 4 -1 1 3 4 2 1 -1 4 2 1 3 -1 -1 3 1 2 2 1 3 4 2 1 3 4 2 1 3 4 2 1 3 4 2 1 3 4 value 0.0 0.0 0.0 0.0 0.0 0.0 0.0 0.0 0.0 0.0 0.0 0.0 0.0 0.0 0.0 0.0 10.0 0.0 0.0 0.0 0.0 0.0 0.0 0.0 0.0 0.0 0.0 0.0 0.0 0.0 0.0 0.0 0.0 0.0 0.0 0.0 0.0 0.0 0.0 0.0 
-97.93158721923828 106.63676452636719 -104.3388671875 -111.06411743164062 -26.995338439941406 207.4246063232422 82.73301696777344 -153.5836639404297 87.78086853027344 170.64920043945312 -11.044697761535645 253.66848754882812 -72.03526306152344 -240.3574981689453 -22.87763786315918 -240.38377380371094 145.16761779785156 -24.271446228027344 19.541879653930664 31.281450271606445 output 2 1 3 6 5 10 9 4 8 7 indices 2 -1 3 4 -1 1 3 4 2 1 -1 4 2 1 3 -1 2 1 3 4 -1 3 1 2 2 1 3 4 2 1 3 4 2 1 3 4 2 1 3 4 value 0.0 0.0 0.0 0.0 0.0 0.0 0.0 0.0 0.0 0.0 0.0 0.0 0.0 0.0 0.0 0.0 0.0 0.0 0.0 0.0 10.0 0.0 0.0 0.0 0.0 0.0 0.0 0.0 0.0 0.0 0.0 0.0 0.0 0.0 0.0 0.0 0.0 0.0 0.0 0.0 
67.13159942626953 76.35528564453125 137.8005828857422 116.12042999267578 173.34408569335938 218.0062713623047 -85.81079864501953 286.5850524902344 2.6873950958251953 204.35244750976562 -165.97703552246094 -357.347412109375 -79.24005126953125 19.411582946777344 98.4855728149414 -364.5920104980469 -93.54829406738281 -123.0863265991211 -54.873069763183594 -75.80532836914062 output 6 9 10 7 1 2 3 8 5 4 indices 2 -1 3 4 -1 1 3 4 2 1 -1 4 -1 3 1 2 2 1 3 4 2 1 3 4 2 1 3 4 2 1 3 4 2 1 3 4 2 1 3 4 value 0.0 0.0 0.0 0.0 0.0 0.0 0.0 0.0 0.0 0.0 0.0 0.0 10.0 0.0 0.0 0.0 0.0 0.0 0.0 0.0 0.0 0.0 0.0 0.0 0.0 0.0 0.0 0.0 0.0 0.0 0.0 0.0 0.0 0.0 0.0 0.0 0.0 0.0 0.0 0.0 
-45.093868255615234 -53.39958190917969 20.066904067993164 -292.01055908203125 53.271724700927734 -157.47267150878906 143.95123291015625 -162.10626220703125 -136.9215087890625 -222.85177612304688 23.730670928955078 286.8705749511719 1.669384479522705 347.5721130371094 -126.64466857910156 340.62762451171875 -86.07714080810547 116.53858184814453 152.04727172851562 -203.76805114746094 output 3 4 10 2 7 6 8 5 9 1 indices 2 -1 3 4 -1 1 3 4 2 1 -1 4 2 1 3 -1 2 1 3 4 2 1 3 4 -1 3 1 2 2 1 3 4 2 1 3 4 2 1 3 4 value 0.0 0.0 0.0 0.0 0.0 0.0 0.0 0.0 0.0 0.0 0.0 0.0 0.0 0.0 0.0 0.0 0.0 0.0 0.0 0.0 0.0 0.0 0.0 0.0 10.0 0.0 0.0 0.0 0.0 0.0 0.0 0.0 0.0 0.0 0.0 0.0 0.0 0.0 0.0 0.0 
-52.93083572387695 -338.2027893066406 81.8485107421875 -160.43045043945312 85.00431823730469 244.34930419921875 1.2731784582138062 150.6913604736328 -128.6840362548828 -53.435546875 -188.85899353027344 68.79312896728516 93.34191131591797 164.28448486328125 84.09286499023438 -102.81908416748047 -10.117619514465332 -158.25392150878906 35.03068923950195 185.02354431152344 output 1 2 8 7 3 10 4 6 5 9 indices 2 -1 3 4 -1 1 3 4 -1 4 1 2 2 1 3 -1 2 1 3 4 2 1 3 4 2 1 3 4 2 1 3 4 2 1 3 4 2 1 3 4 value 0.0 0.0 0.0 0.0 0.0 0.0 0.0 0.0 10.0 0.0 0.0 0.0 0.0 0.0 0.0 0.0 0.0 0.0 0.0 0.0 0.0 0.0 0.0 0.0 0.0 0.0 0.0 0.0 0.0 0.0 0.0 0.0 0.0 0.0 0.0 0.0 0.0 0.0 0.0 0.0 
32.25715637207031 158.1835479736328 -80.18463897705078 162.34347534179688 67.6706771850586 201.4450225830078 -60.68761444091797 -350.61187744140625 107.87100982666016 111.21272277832031 -14.565372467041016 -5.921343803405762 68.2422866821289 -269.9542236328125 -35.30197525024414 -264.77825927734375 -122.148681640625 37.86227798461914 36.84716033935547 220.21865844726562 output 1 10 3 5 7 8 4 2 9 6 indices 2 -1 3 4 -1 1 3 4 2 1 -1 4 2 1 3 -1 2 1 3 4 2 1 3 4 2 1 3 4 2 1 3 4 2 1 3 4 -1 3 1 2 value 0.0 0.0 0.0 0.0 0.0 0.0 0.0 0.0 0.0 0.0 0.0 0.0 0.0 0.0 0.0 0.0 0.0 0.0 0.0 0.0 0.0 0.0 0.0 0.0 0.0 0.0 0.0 0.0 0.0 0.0 0.0 0.0 0.0 0.0 0.0 0.0 10.0 0.0 0.0 0.0 
82.2684326171875 -60.14144515991211 20.244762420654297 -23.38131332397461 -40.026023864746094 -242.4609375 -6.966119766235352 166.1998291015625 -154.05419921875 338.6711120605469 114.57443237304688 -152.2151641845703 -153.89859008789062 -254.18399047851562 46.7618293762207 190.7356414794922 -58.04397201538086 -82.47647094726562 149.13946533203125 119.25274658203125 output 2 1 6 10 8 4 5 7 3 9 indices 2 -1 3 4 -1 1 3 4 2 1 -1 4 2 1 3 -1 -1 3 1 2 2 1 3 4 2 1 3 4 2 1 3 4 2 1 3 4 2 1 3 4 value 0.0 0.0 0.0 0.0 0.0 0.0 0.0 0.0 0.0 0.0 0.0 0.0 0.0 0.0 0.0 0.0 10.0 0.0 0.0 0.0 0.0 0.0 0.0 0.0 0.0 0.0 0.0 0.0 0.0 0.0 0.0 0.0 0.0 0.0 0.0 0.0 0.0 0.0 0.0 0.0 
181.63845825195312 11.557538032531738 179.40142822265625 388.5374755859375 -74.29883575439453 140.8590087890625 -141.89610290527344 -203.01193237304688 -93.65933227539062 -43.63492202758789 -117.97232818603516 108.03730010986328 -80.54150390625 55.38601303100586 -115.37440490722656 -203.4256134033203 130.12591552734375 -74.88052368164062 132.57672119140625 -179.42434692382812 output 2 1 9 5 7 3 6 4 8 10 indices 2 -1 3 4 -1 4 1 3 2 1 -1 4 2 1 3 -1 2 1 3 4 2 1 3 4 2 1 3 4 2 1 3 4 2 1 3 4 2 1 3 4 value 0.0 0.0 0.0 0.0 10.0 0.0 0.0 0.0 0.0 0.0 0.0 0.0 0.0 0.0 0.0 0.0 0.0 0.0 0.0 0.0 0.0 0.0 0.0 0.0 0.0 0.0 0.0 0.0 0.0 0.0 0.0 0.0 0.0 0.0 0.0 0.0 0.0 0.0 0.0 0.0 
-16.83154296875 107.75789642333984 -13.382929801940918 -139.4474334716797 -7.839985370635986 137.65625 35.33403015136719 -216.91397094726562 -43.98125457763672 460.6130065917969 29.458499908447266 15.663501739501953 -5.15362548828125 -228.8852081298828 16.139617919921875 9.977813720703125 -76.17343139648438 -241.56307983398438 82.43061828613281 95.14122772216797 output 1 3 10 4 7 5 9 2 6 8 indices 2 -1 3 4 -1 1 3 4 2 1 -1 4 2 1 3 -1 -1 3 1 2 2 1 3 4 2 1 3 4 2 1 3 4 2 1 3 4 2 1 3 4 value 0.0 0.0 0.0 0.0 0.0 0.0 0.0 0.0 0.0 0.0 0.0 0.0 0.0 0.0 0.0 0.0 10.0 0.0 0.0 0.0 0.0 0.0 0.0 0.0 0.0 0.0 0.0 0.0 0.0 0.0 0.0 0.0 0.0 0.0 0.0 0.0 0.0 0.0 0.0 0.0 
-111.63465118408203 -28.470027923583984 -186.53530883789062 151.2293243408203 105.20272064208984 270.55535888671875 128.92942810058594 -366.4623718261719 80.7138671875 -124.26097869873047 157.90533447265625 -246.3021240234375 -50.65766906738281 -248.77847290039062 -99.05123901367188 194.98858642578125 -161.18289184570312 138.30078125 136.31040954589844 259.1999206542969 output 1 7 5 6 4 10 3 8 9 2 indices 2 -1 3 4 -1 1 3 4 -1 4 1 2 2 1 3 -1 2 1 3 4 2 1 3 4 2 1 3 4 2 1 3 4 2 1 3 4 2 1 3 4 value 0.0 0.0 0.0 0.0 0.0 0.0 0.0 0.0 10.0 0.0 0.0 0.0 0.0 0.0 0.0 0.0 0.0 0.0 0.0 0.0 0.0 0.0 0.0 0.0 0.0 0.0 0.0 0.0 0.0 0.0 0.0 0.0 0.0 0.0 0.0 0.0 0.0 0.0 0.0 0.0 
61.222293853759766 -101.49412536621094 -234.9475860595703 -103.61318969726562 5.026810646057129 186.692138671875 49.027767181396484 111.78217315673828 80.308837890625 -252.35702514648438 -19.57868003845215 -27.476125717163086 -24.339534759521484 25.674728393554688 88.49410247802734 199.28738403320312 -123.89624786376953 -125.61471557617188 118.6822280883789 87.11876678466797 output 1 7 6 9 2 3 4 8 10 5 indices 2 -1 3 4 -1 1 3 4 2 1 -1 4 2 1 3 -1 2 1 3 4 2 1 3 4 2 1 3 4 -1 3 1 2 2 1 3 4 2 1 3 4 value 0.0 0.0 0.0 0.0 0.0 0.0 0.0 0.0 0.0 0.0 0.0 0.0 0.0 0.0 0.0 0.0 0.0 0.0 0.0 0.0 0.0 0.0 0.0 0.0 0.0 0.0 0.0 0.0 10.0 0.0 0.0 0.0 0.0 0.0 0.0 0.0 0.0 0.0 0.0 0.0 
-108.23251342773438 -30.539426803588867 113.50790405273438 44.51490783691406 90.49929809570312 57.256622314453125 -10.601357460021973 -15.589229583740234 -203.0400848388672 -281.5189208984375 34.7374153137207 75.9818344116211 132.26199340820312 91.29315948486328 -19.104238510131836 -119.73930358886719 14.286152839660645 -149.8307647705078 -44.3145751953125 328.1711120605469 output 1 8 9 4 6 3 2 7 10 5 indices 2 -1 3 4 -1 1 3 4 2 1 -1 4 2 1 3 -1 2 1 3 4 2 1 3 4 2 1 3 4 2 1 3 4 2 1 3 4 -1 3 1 2 value 0.0 0.0 0.0 0.0 0.0 0.0 0.0 0.0 0.0 0.0 0.0 0.0 0.0 0.0 0.0 0.0 0.0 0.0 0.0 0.0 0.0 0.0 0.0 0.0 0.0 0.0 0.0 0.0 0.0 0.0 0.0 0.0 0.0 0.0 0.0 0.0 10.0 0.0 0.0 0.0 
-60.13371658325195 105.78643035888672 5.483859539031982 -90.74385833740234 -66.67747497558594 -74.51946258544922 10.623274803161621 240.8174285888672 -129.93692016601562 114.28731536865234 208.63644409179688 -212.12855529785156 132.95870971679688 -37.497283935546875 -77.26937866210938 135.61019897460938 -56.816280364990234 -40.190887451171875 33.13148498535156 -141.4213104248047 output 3 9 2 10 7 6 4 1 8 5 indices 2 -1 3 4 -1 1 3 4 2 1 -1 4 -1 3 1 2 2 1 3 4 2 1 3 4 2 1 3 4 2 1 3 4 2 1 3 4 2 1 3 4 value 0.0 0.0 0.0 0.0 0.0 0.0 0.0 0.0 0.0 0.0 0.0 0.0 10.0 0.0 0.0 0.0 0.0 0.0 0.0 0.0 0.0 0.0 0.0 0.0 0.0 0.0 0.0 0.0 0.0 0.0 0.0 0.0 0.0 0.0 0.0 0.0 0.0 0.0 0.0 0.0 
-98.7031478881836 223.74302673339844 -179.85397338867188 -30.58686637878418 -178.93870544433594 234.4587860107422 -92.93765258789062 213.63516235351562 137.2208709716797 77.0958480834961 -72.05792999267578 274.8671569824219 164.75485229492188 -296.2669372558594 -5.062644004821777 -224.57208251953125 174.70840454101562 -267.065185546875 150.86990356445312 -205.30892944335938 output 2 3 1 4 6 5 9 7 10 8 indices 2 -1 3 4 -1 1 3 4 2 1 -1 4 2 1 3 -1 2 1 3 4 -1 3 1 2 2 1 3 4 2 1 3 4 2 1 3 4 2 1 3 4 value 0.0 0.0 0.0 0.0 0.0 0.0 0.0 0.0 0.0 0.0 0.0 0.0 0.0 0.0 0.0 0.0 0.0 0.0 0.0 0.0 10.0 0.0 0.0 0.0 0.0 0.0 0.0 0.0 0.0 0.0 0.0 0.0 0.0 0.0 0.0 0.0 0.0 0.0 0.0 0.0 
-117.3951187133789 -52.73517990112305 140.68704223632812 -377.3721923828125 59.493038177490234 -208.06394958496094 28.29013442993164 177.29415893554688 -48.59343338012695 257.796630859375 -53.892677307128906 -23.809078216552734 -32.30571746826172 67.96915435791016 20.249860763549805 256.5755615234375 91.6615982055664 -254.69686889648438 -88.1947250366211 157.041748046875 output 3 9 2 4 8 5 10 7 6 1 indices 2 -1 3 4 -1 1 3 4 2 1 -1 4 2 1 3 -1 2 1 3 4 2 1 3 4 2 1 3 4 -1 3 1 2 2 1 3 4 2 1 3 4 value 0.0 0.0 0.0 0.0 0.0 0.0 0.0 0.0 0.0 0.0 0.0 0.0 0.0 0.0 0.0 0.0 0.0 0.0 0.0 0.0 0.0 0.0 0.0 0.0 0.0 0.0 0.0 0.0 10.0 0.0 0.0 0.0 0.0 0.0 0.0 0.0 0.0 0.0 0.0 0.0 
129.56634521484375 43.877471923828125 114.15019989013672 -134.46310424804688 -139.48858642578125 -78.70764923095703 7.785392761230469 -83.97161102294922 -114.45565795898438 21.20016098022461 -133.17153930664062 36.8179817199707 -29.168590545654297 335.77459716796875 99.7699203491211 -23.375864028930664 -86.74685668945312 -295.6031494140625 151.75936889648438 178.451171875 output 1 10 7 9 3 6 5 4 2 8 indices 2 -1 3 4 -1 1 3 4 2 1 -1 4 2 1 3 -1 2 1 3 4 2 1 3 4 -1 3 1 2 2 1 3 4 2 1 3 4 2 1 3 4 value 0.0 0.0 0.0 0.0 0.0 0.0 0.0 0.0 0.0 0.0 0.0 0.0 0.0 0.0 0.0 0.0 0.0 0.0 0.0 0.0 0.0 0.0 0.0 0.0 10.0 0.0 0.0 0.0 0.0 0.0 0.0 0.0 0.0 0.0 0.0 0.0 0.0 0.0 0.0 0.0 
78.8631362915039 -145.16526794433594 77.50105285644531 344.6679992675781 202.593505859375 -133.56834411621094 -149.13754272460938 -112.02507781982422 -56.30171585083008 264.2110595703125 -29.309066772460938 -77.98690032958984 35.734466552734375 223.86962890625 -149.83102416992188 -159.52572631835938 -136.06228637695312 -58.65959548950195 125.94947814941406 -145.8177947998047 output 2 3 10 1 6 9 4 8 5 7 indices 2 -1 3 4 -1 4 1 3 2 1 -1 4 2 1 3 -1 2 1 3 4 2 1 3 4 2 1 3 4 2 1 3 4 2 1 3 4 2 1 3 4 value 0.0 0.0 0.0 0.0 10.0 0.0 0.0 0.0 0.0 0.0 0.0 0.0 0.0 0.0 0.0 0.0 0.0 0.0 0.0 0.0 0.0 0.0 0.0 0.0 0.0 0.0 0.0 0.0 0.0 0.0 0.0 0.0 0.0 0.0 0.0 0.0 0.0 0.0 0.0 0.0 
-40.35153579711914 246.36407470703125 62.40032196044922 -139.6316680908203 -139.79495239257812 -223.3492889404297 -73.8897476196289 141.693359375 129.10850524902344 -194.53627014160156 76.68714904785156 -239.656982421875 -206.6378631591797 -83.42979431152344 67.5049057006836 241.4582977294922 130.04568481445312 -54.70489501953125 -5.072469234466553 305.79315185546875 output 3 7 4 1 10 8 9 5 6 2 indices 2 -1 3 4 -1 1 3 4 2 1 -1 4 2 1 3 -1 2 1 3 4 2 1 3 4 2 1 3 4 2 1 3 4 2 1 3 4 -1 3 1 2 value 0.0 0.0 0.0 0.0 0.0 0.0 0.0 0.0 0.0 0.0 0.0 0.0 0.0 0.0 0.0 0.0 0.0 0.0 0.0 0.0 0.0 0.0 0.0 0.0 0.0 0.0 0.0 0.0 0.0 0.0 0.0 0.0 0.0 0.0 0.0 0.0 10.0 0.0 0.0 0.0 
80.1335678100586 121.26676177978516 -120.42362976074219 -200.7427215576172 37.397857666015625 -124.15604400634766 -6.10066032409668 -260.603759765625 120.56455993652344 262.4981384277344 -172.77235412597656 -280.1813659667969 -21.31124496459961 144.8125762939453 19.718463897705078 -114.16446685791016 -86.29102325439453 240.1024169921875 149.08445739746094 211.16844177246094 output 10 5 1 7 9 6 2 4 8 3 indices 2 -1 3 4 -1 1 3 4 2 1 -1 4 2 1 3 -1 -1 3 1 2 2 1 3 4 2 1 3 4 2 1 3 4 2 1 3 4 2 1 3 4 value 0.0 0.0 0.0 0.0 0.0 0.0 0.0 0.0 0.0 0.0 0.0 0.0 0.0 0.0 0.0 0.0 10.0 0.0 0.0 0.0 0.0 0.0 0.0 0.0 0.0 0.0 0.0 0.0 0.0 0.0 0.0 0.0 0.0 0.0 0.0 0.0 0.0 0.0 0.0 0.0 
10.697953224182129 -239.38304138183594 37.79099655151367 -273.5074462890625 -108.85892486572266 158.0890655517578 -93.85311126708984 89.35485076904297 -59.900550842285156 144.4629364013672 125.70687103271484 301.6612548828125 -84.30963134765625 -113.61137390136719 141.8047637939453 -59.29307174682617 127.86649322509766 83.7540512084961 -96.94486236572266 -91.5272216796875 output 8 9 5 4 3 10 7 1 2 6 indices 2 -1 3 4 -1 1 3 4 2 1 -1 4 2 1 3 -1 2 1 3 4 -1 3 1 2 2 1 3 4 2 1 3 4 2 1 3 4 2 1 3 4 value 0.0 0.0 0.0 0.0 0.0 0.0 0.0 0.0 0.0 0.0 0.0 0.0 0.0 0.0 0.0 0.0 0.0 0.0 0.0 0.0 10.0 0.0 0.0 0.0 0.0 0.0 0.0 0.0 0.0 0.0 0.0 0.0 0.0 0.0 0.0 0.0 0.0 0.0 0.0 0.0 
103.28223419189453 315.4697570800781 135.75669860839844 239.44869995117188 -38.98396301269531 -230.9302520751953 -136.6660614013672 -155.6870574951172 11.520421981811523 -146.00213623046875 90.52902221679688 -122.65147399902344 -126.77025604248047 65.93152618408203 -17.04711151123047 305.8468322753906 14.409041404724121 16.056978225708008 -36.0300178527832 -287.4828796386719 output 9 7 4 3 10 8 1 2 6 5 indices -1 4 2 3 -1 1 3 4 2 1 -1 4 2 1 3 -1 2 1 3 4 2 1 3 4 2 1 3 4 2 1 3 4 2 1 3 4 2 1 3 4 value 10.0 0.0 0.0 0.0 0.0 0.0 0.0 0.0 0.0 0.0 0.0 0.0 0.0 0.0 0.0 0.0 0.0 0.0 0.0 0.0 0.0 0.0 0.0 0.0 0.0 0.0 0.0 0.0 0.0 0.0 0.0 0.0 0.0 0.0 0.0 0.0 0.0 0.0 0.0 0.0 
-70.01244354248047 -80.69959259033203 -15.391653060913086 -165.39666748046875 105.41590881347656 -148.67587280273438 -45.93471908569336 -187.31484985351562 62.02708435058594 330.8505859375 -31.17535400390625 -88.73955535888672 21.4935245513916 373.3191833496094 -33.155128479003906 38.45321273803711 114.73672485351562 72.88716888427734 -108.00394439697266 -144.68360900878906 output 4 2 6 1 10 8 9 3 5 7 indices 2 -1 3 4 -1 1 3 4 2 1 -1 4 2 1 3 -1 2 1 3 4 2 1 3 4 -1 3 1 2 2 1 3 4 2 1 3 4 2 1 3 4 value 0.0 0.0 0.0 0.0 0.0 0.0 0.0 0.0 0.0 0.0 0.0 0.0 0.0 0.0 0.0 0.0 0.0 0.0 0.0 0.0 0.0 0.0 0.0 0.0 10.0 0.0 0.0 0.0 0.0 0.0 0.0 0.0 0.0 0.0 0.0 0.0 0.0 0.0 0.0 0.0 
48.93350601196289 -323.0160827636719 35.76008987426758 -24.150341033935547 21.56061553955078 -232.24423217773438 -81.84749603271484 -180.5370635986328 -9.691731452941895 113.29602813720703 94.78474426269531 216.4421844482422 82.33642578125 -2.5305724143981934 -21.646408081054688 222.41705322265625 67.0805435180664 -0.051332470029592514 -237.27027893066406 210.37435913085938 output 5 8 10 4 3 1 6 7 9 2 indices 2 -1 3 4 -1 1 3 4 2 1 -1 4 2 1 3 -1 2 1 3 4 -1 3 1 2 2 1 3 4 2 1 3 4 2 1 3 4 2 1 3 4 value 0.0 0.0 0.0 0.0 0.0 0.0 0.0 0.0 0.0 0.0 0.0 0.0 0.0 0.0 0.0 0.0 0.0 0.0 0.0 0.0 10.0 0.0 0.0 0.0 0.0 0.0 0.0 0.0 0.0 0.0 0.0 0.0 0.0 0.0 0.0 0.0 0.0 0.0 0.0 0.0 
-113.2593765258789 -212.70423889160156 -104.8241195678711 216.53851318359375 53.003273010253906 -394.0210876464844 174.4635772705078 111.8092041015625 -50.48686218261719 137.91236877441406 -52.167762756347656 215.55734252929688 79.52749633789062 216.65907287597656 -125.536376953125 -8.390381813049316 156.0956268310547 -392.4053649902344 -16.815488815307617 109.04458618164062 output 1 8 5 10 7 4 9 3 6 2 indices 2 -1 3 4 -1 1 3 4 2 1 -1 4 2 1 3 -1 2 1 3 4 2 1 3 4 -1 3 1 2 2 1 3 4 2 1 3 4 2 1 3 4 value 0.0 0.0 0.0 0.0 0.0 0.0 0.0 0.0 0.0 0.0 0.0 0.0 0.0 0.0 0.0 0.0 0.0 0.0 0.0 0.0 0.0 0.0 0.0 0.0 10.0 0.0 0.0 0.0 0.0 0.0 0.0 0.0 0.0 0.0 0.0 0.0 0.0 0.0 0.0 0.0 
201.70697021484375 152.129638671875 -40.44974136352539 234.44338989257812 -9.349954605102539 -95.70433044433594 -41.443336486816406 -130.7657470703125 -11.280107498168945 37.130516052246094 130.34666442871094 -97.22907257080078 -58.1475830078125 -146.97824096679688 -27.16278648376465 20.87110137939453 -44.14930725097656 -257.02874755859375 -100.07080841064453 283.1314697265625 output 1 5 8 2 10 9 7 4 3 6 indices 2 -1 3 4 -1 1 3 4 2 1 -1 4 2 1 3 -1 2 1 3 4 2 1 3 4 2 1 3 4 2 1 3 4 2 1 3 4 -1 3 1 2 value 0.0 0.0 0.0 0.0 0.0 0.0 0.0 0.0 0.0 0.0 0.0 0.0 0.0 0.0 0.0 0.0 0.0 0.0 0.0 0.0 0.0 0.0 0.0 0.0 0.0 0.0 0.0 0.0 0.0 0.0 0.0 0.0 0.0 0.0 0.0 0.0 10.0 0.0 0.0 0.0 
-58.75590133666992 25.082685470581055 110.03523254394531 -174.47128295898438 -35.8663330078125 37.60987854003906 -91.4521713256836 -73.6769027709961 4.962093353271484 90.49369049072266 -169.61314392089844 -145.09146118164062 115.88802337646484 157.7760467529297 62.01056671142578 357.98883056640625 61.96303176879883 -165.26458740234375 0.8285940289497375 -110.4468994140625 output 1 3 5 7 8 2 9 10 4 6 indices 2 -1 3 4 -1 1 3 4 2 1 -1 4 2 1 3 -1 2 1 3 4 2 1 3 4 2 1 3 4 -1 3 1 2 2 1 3 4 2 1 3 4 value 0.0 0.0 0.0 0.0 0.0 0.0 0.0 0.0 0.0 0.0 0.0 0.0 0.0 0.0 0.0 0.0 0.0 0.0 0.0 0.0 0.0 0.0 0.0 0.0 0.0 0.0 0.0 0.0 10.0 0.0 0.0 0.0 0.0 0.0 0.0 0.0 0.0 0.0 0.0 0.0 
-162.77784729003906 121.95992279052734 -84.86762237548828 -70.71368408203125 -30.101877212524414 -249.31625366210938 129.73379516601562 -318.800537109375 149.8064727783203 -155.8118896484375 -133.19479370117188 205.27394104003906 113.89125061035156 317.8362121582031 43.69978332519531 -315.22686767578125 39.53115463256836 187.54708862304688 -65.7203140258789 277.2520751953125 output 8 5 4 7 9 10 6 1 2 3 indices 2 -1 3 4 -1 1 3 4 2 1 -1 4 2 1 3 -1 2 1 3 4 2 1 3 4 -1 3 1 2 2 1 3 4 2 1 3 4 2 1 3 4 value 0.0 0.0 0.0 0.0 0.0 0.0 0.0 0.0 0.0 0.0 0.0 0.0 0.0 0.0 0.0 0.0 0.0 0.0 0.0 0.0 0.0 0.0 0.0 0.0 10.0 0.0 0.0 0.0 0.0 0.0 0.0 0.0 0.0 0.0 0.0 0.0 0.0 0.0 0.0 0.0 
21.368743896484375 108.54975128173828 51.72403335571289 124.80029296875 -79.57903289794922 105.99566650390625 33.599693298339844 -279.1364440917969 123.99237060546875 -345.05853271484375 1.5562587976455688 -129.55677795410156 -137.1823272705078 89.01372528076172 -115.25703430175781 301.8011779785156 -58.91297149658203 -102.30902099609375 158.69027709960938 125.90016174316406 output 8 7 3 1 2 10 5 4 6 9 indices 2 -1 3 4 -1 1 3 4 2 1 -1 4 2 1 3 -1 2 1 3 4 2 1 3 4 2 1 3 4 -1 3 1 2 2 1 3 4 2 1 3 4 value 0.0 0.0 0.0 0.0 0.0 0.0 0.0 0.0 0.0 0.0 0.0 0.0 0.0 0.0 0.0 0.0 0.0 0.0 0.0 0.0 0.0 0.0 0.0 0.0 0.0 0.0 0.0 0.0 10.0 0.0 0.0 0.0 0.0 0.0 0.0 0.0 0.0 0.0 0.0 0.0 
-118.26335144042969 -162.85630798339844 7.624889850616455 -102.91699981689453 176.62025451660156 32.356414794921875 -43.38200759887695 -281.3612060546875 57.39094161987305 319.7914123535156 -111.95088958740234 143.91879272460938 0.06906478106975555 -37.9886589050293 -109.41439056396484 41.14333724975586 -3.4452061653137207 -136.59475708007812 144.7506866455078 184.50799560546875 output 9 2 7 8 6 1 4 5 10 3 indices 2 -1 3 4 -1 1 3 4 2 1 -1 4 2 1 3 -1 -1 3 1 2 2 1 3 4 2 1 3 4 2 1 3 4 2 1 3 4 2 1 3 4 value 0.0 0.0 0.0 0.0 0.0 0.0 0.0 0.0 0.0 0.0 0.0 0.0 0.0 0.0 0.0 0.0 10.0 0.0 0.0 0.0 0.0 0.0 0.0 0.0 0.0 0.0 0.0 0.0 0.0 0.0 0.0 0.0 0.0 0.0 0.0 0.0 0.0 0.0 0.0 0.0 
158.42408752441406 177.49058532714844 -6.127265930175781 -122.3575210571289 10.856341361999512 -84.99832916259766 -146.45748901367188 187.56956481933594 69.55583190917969 179.94163513183594 -70.81655883789062 -199.67576599121094 -34.632808685302734 139.6331787109375 -120.16000366210938 77.472900390625 49.95661163330078 -258.32012939453125 89.40125274658203 -96.75611877441406 output 1 9 10 3 2 6 4 8 7 5 indices -1 4 2 3 -1 1 3 4 2 1 -1 4 2 1 3 -1 2 1 3 4 2 1 3 4 2 1 3 4 2 1 3 4 2 1 3 4 2 1 3 4 value 10.0 0.0 0.0 0.0 0.0 0.0 0.0 0.0 0.0 0.0 0.0 0.0 0.0 0.0 0.0 0.0 0.0 0.0 0.0 0.0 0.0 0.0 0.0 0.0 0.0 0.0 0.0 0.0 0.0 0.0 0.0 0.0 0.0 0.0 0.0 0.0 0.0 0.0 0.0 0.0 
-23.768142700195312 97.87654876708984 -31.343727111816406 -218.3270263671875 133.63238525390625 -220.05044555664062 -75.2743148803711 338.6686096191406 -176.71067810058594 244.5813446044922 -88.01528930664062 -319.9564514160156 104.59098052978516 -268.37353515625 142.81224060058594 -205.47178649902344 -6.822822093963623 242.92176818847656 20.899362564086914 308.1309814453125 output 1 9 10 8 3 7 2 6 4 5 indices 2 -1 3 4 -1 1 3 4 2 1 -1 4 -1 3 1 2 2 1 3 4 2 1 3 4 2 1 3 4 2 1 3 4 2 1 3 4 2 1 3 4 value 0.0 0.0 0.0 0.0 0.0 0.0 0.0 0.0 0.0 0.0 0.0 0.0 10.0 0.0 0.0 0.0 0.0 0.0 0.0 0.0 0.0 0.0 0.0 0.0 0.0 0.0 0.0 0.0 0.0 0.0 0.0 0.0 0.0 0.0 0.0 0.0 0.0 0.0 0.0 0.0 
-42.363094329833984 69.16627502441406 -88.93192291259766 -290.8962707519531 -23.08373260498047 -116.53817749023438 242.3833465576172 224.93441772460938 29.338220596313477 50.16831970214844 -108.27576446533203 -254.6990966796875 148.77264404296875 81.40313720703125 -28.028282165527344 148.34295654296875 -63.97159194946289 -103.29167938232422 -65.83981323242188 191.41012573242188 output 5 1 8 10 6 2 9 3 4 7 indices 2 -1 3 4 -1 1 3 4 2 1 -1 4 -1 3 1 2 2 1 3 4 2 1 3 4 2 1 3 4 2 1 3 4 2 1 3 4 2 1 3 4 value 0.0 0.0 0.0 0.0 0.0 0.0 0.0 0.0 0.0 0.0 0.0 0.0 10.0 0.0 0.0 0.0 0.0 0.0 0.0 0.0 0.0 0.0 0.0 0.0 0.0 0.0 0.0 0.0 0.0 0.0 0.0 0.0 0.0 0.0 0.0 0.0 0.0 0.0 0.0 0.0 
-164.42169189453125 43.338165283203125 134.93862915039062 145.82859802246094 172.3504180908203 192.71315002441406 121.97320556640625 -335.36358642578125 -113.56037139892578 -210.30722045898438 163.12327575683594 78.69912719726562 -116.53668975830078 229.92010498046875 -156.56239318847656 324.1659851074219 -61.460716247558594 -125.2198486328125 20.15636444091797 -343.77447509765625 output 1 5 9 6 2 3 4 10 7 8 indices 2 -1 3 4 -1 1 3 4 2 1 -1 4 2 1 3 -1 2 1 3 4 2 1 3 4 2 1 3 4 -1 3 1 2 2 1 3 4 2 1 3 4 value 0.0 0.0 0.0 0.0 0.0 0.0 0.0 0.0 0.0 0.0 0.0 0.0 0.0 0.0 0.0 0.0 0.0 0.0 0.0 0.0 0.0 0.0 0.0 0.0 0.0 0.0 0.0 0.0 10.0 0.0 0.0 0.0 0.0 0.0 0.0 0.0 0.0 0.0 0.0 0.0 
-175.1298370361328 137.0369110107422 -156.60598754882812 -155.6641082763672 -163.26589965820312 69.88365173339844 90.66798400878906 -213.27442932128906 37.73930740356445 -154.460205078125 137.64837646484375 -197.27320861816406 -46.50233459472656 322.9538879394531 -0.07439149171113968 -133.19448852539062 172.17742919921875 88.44851684570312 103.3453369140625 235.54345703125 output 4 6 9 10 7 1 3 2 8 5 indices 2 -1 3 4 -1 1 3 4 2 1 -1 4 2 1 3 -1 2 1 3 4 2 1 3 4 -1 3 1 2 2 1 3 4 2 1 3 4 2 1 3 4 value 0.0 0.0 0.0 0.0 0.0 0.0 0.0 0.0 0.0 0.0 0.0 0.0 0.0 0.0 0.0 0.0 0.0 0.0 0.0 0.0 0.0 0.0 0.0 0.0 10.0 0.0 0.0 0.0 0.0 0.0 0.0 0.0 0.0 0.0 0.0 0.0 0.0 0.0 0.0 0.0 
-32.893917083740234 -227.4214324951172 20.936351776123047 158.882080078125 -134.40536499023438 -303.9792175292969 137.02769470214844 -176.5348663330078 112.82941436767578 75.16993713378906 -43.915218353271484 -199.90008544921875 -67.07797241210938 274.7650451660156 -64.7148666381836 311.62921142578125 2.048809289932251 -243.4306640625 70.16508483886719 330.8199768066406 output 7 8 3 6 1 9 10 4 5 2 indices 2 -1 3 4 -1 1 3 4 2 1 -1 4 2 1 3 -1 2 1 3 4 2 1 3 4 2 1 3 4 2 1 3 4 2 1 3 4 -1 3 1 2 value 0.0 0.0 0.0 0.0 0.0 0.0 0.0 0.0 0.0 0.0 0.0 0.0 0.0 0.0 0.0 0.0 0.0 0.0 0.0 0.0 0.0 0.0 0.0 0.0 0.0 0.0 0.0 0.0 0.0 0.0 0.0 0.0 0.0 0.0 0.0 0.0 10.0 0.0 0.0 0.0 
7.551523685455322 281.9727478027344 158.6334686279297 252.21852111816406 -92.59908294677734 -314.9765625 145.82745361328125 244.0568389892578 -123.11756134033203 125.40489959716797 34.71925735473633 -334.50506591796875 73.23795318603516 -344.8741760253906 -136.11497497558594 -231.32041931152344 -0.36475497484207153 140.96759033203125 -67.77330017089844 181.05560302734375 output 1 6 7 2 4 9 10 5 8 3 indices -1 4 2 3 -1 1 3 4 2 1 -1 4 2 1 3 -1 2 1 3 4 2 1 3 4 2 1 3 4 2 1 3 4 2 1 3 4 2 1 3 4 value 10.0 0.0 0.0 0.0 0.0 0.0 0.0 0.0 0.0 0.0 0.0 0.0 0.0 0.0 0.0 0.0 0.0 0.0 0.0 0.0 0.0 0.0 0.0 0.0 0.0 0.0 0.0 0.0 0.0 0.0 0.0 0.0 0.0 0.0 0.0 0.0 0.0 0.0 0.0 0.0 
-100.13379669189453 -100.35431671142578 29.328697204589844 -305.2408752441406 45.44552993774414 165.22000122070312 62.5609130859375 182.5970916748047 -152.9047393798828 217.38821411132812 25.68561363220215 -33.64886474609375 50.51905822753906 -289.6482849121094 50.82012176513672 264.57696533203125 -149.1673126220703 -260.40179443359375 137.84591674804688 159.5118408203125 output 5 9 2 7 8 4 3 10 6 1 indices 2 -1 3 4 -1 1 3 4 2 1 -1 4 2 1 3 -1 2 1 3 4 2 1 3 4 2 1 3 4 -1 3 1 2 2 1 3 4 2 1 3 4 value 0.0 0.0 0.0 0.0 0.0 0.0 0.0 0.0 0.0 0.0 0.0 0.0 0.0 0.0 0.0 0.0 0.0 0.0 0.0 0.0 0.0 0.0 0.0 0.0 0.0 0.0 0.0 0.0 10.0 0.0 0.0 0.0 0.0 0.0 0.0 0.0 0.0 0.0 0.0 0.0 
172.22157287597656 -35.2159538269043 23.66986083984375 323.1274108886719 -129.0004119873047 255.62225341796875 -54.591957092285156 -279.63763427734375 32.6039924621582 261.1384582519531 133.54965209960938 -9.570039749145508 -90.70286560058594 -313.5428771972656 -6.421924591064453 86.35604095458984 87.21260070800781 -358.76544189453125 -168.54051208496094 70.48778533935547 output 7 4 2 5 9 1 6 8 10 3 indices 2 -1 3 4 -1 4 1 3 2 1 -1 4 2 1 3 -1 2 1 3 4 2 1 3 4 2 1 3 4 2 1 3 4 2 1 3 4 2 1 3 4 value 0.0 0.0 0.0 0.0 10.0 0.0 0.0 0.0 0.0 0.0 0.0 0.0 0.0 0.0 0.0 0.0 0.0 0.0 0.0 0.0 0.0 0.0 0.0 0.0 0.0 0.0 0.0 0.0 0.0 0.0 0.0 0.0 0.0 0.0 0.0 0.0 0.0 0.0 0.0 0.0 
95.23094940185547 105.23784637451172 -188.84259033203125 -22.890417098999023 12.626401901245117 17.513294219970703 76.79263305664062 166.3282012939453 -19.12468910217285 249.70095825195312 89.6311264038086 162.39645385742188 -152.8258056640625 23.218351364135742 -82.59846496582031 -373.8844909667969 135.30296325683594 -286.8390197753906 33.80747985839844 -40.781166076660156 output 1 9 10 3 7 2 8 5 4 6 indices 2 -1 3 4 -1 1 3 4 2 1 -1 4 2 1 3 -1 -1 3 1 2 2 1 3 4 2 1 3 4 2 1 3 4 2 1 3 4 2 1 3 4 value 0.0 0.0 0.0 0.0 0.0 0.0 0.0 0.0 0.0 0.0 0.0 0.0 0.0 0.0 0.0 0.0 10.0 0.0 0.0 0.0 0.0 0.0 0.0 0.0 0.0 0.0 0.0 0.0 0.0 0.0 0.0 0.0 0.0 0.0 0.0 0.0 0.0 0.0 0.0 0.0 
29.842954635620117 218.53602600097656 -170.6965789794922 259.9142150878906 -135.41629028320312 -204.2001953125 96.07534790039062 -319.93206787109375 129.53480529785156 -138.45452880859375 28.087350845336914 93.64981079101562 28.381465911865234 201.1632080078125 40.4008903503418 27.862123489379883 -35.881229400634766 -256.79803466796875 -10.328718185424805 118.25943756103516 output 1 7 10 6 8 5 4 9 3 2 indices 2 -1 3 4 -1 4 1 3 2 1 -1 4 2 1 3 -1 2 1 3 4 2 1 3 4 2 1 3 4 2 1 3 4 2 1 3 4 2 1 3 4 value 0.0 0.0 0.0 0.0 10.0 0.0 0.0 0.0 0.0 0.0 0.0 0.0 0.0 0.0 0.0 0.0 0.0 0.0 0.0 0.0 0.0 0.0 0.0 0.0 0.0 0.0 0.0 0.0 0.0 0.0 0.0 0.0 0.0 0.0 0.0 0.0 0.0 0.0 0.0 0.0 
130.34339904785156 -18.78281021118164 -143.37478637695312 -196.9161376953125 -63.62935256958008 293.89825439453125 105.06656646728516 93.45866394042969 -34.37689971923828 -161.41476440429688 111.71472930908203 -183.54673767089844 -97.7188491821289 47.70568084716797 26.495487213134766 65.78951263427734 -76.34534454345703 127.21979522705078 41.82503890991211 -67.41145324707031 output 5 10 6 1 4 8 7 9 3 2 indices 2 -1 3 4 -1 1 3 4 -1 4 1 2 2 1 3 -1 2 1 3 4 2 1 3 4 2 1 3 4 2 1 3 4 2 1 3 4 2 1 3 4 value 0.0 0.0 0.0 0.0 0.0 0.0 0.0 0.0 10.0 0.0 0.0 0.0 0.0 0.0 0.0 0.0 0.0 0.0 0.0 0.0 0.0 0.0 0.0 0.0 0.0 0.0 0.0 0.0 0.0 0.0 0.0 0.0 0.0 0.0 0.0 0.0 0.0 0.0 0.0 0.0 
-114.16836547851562 -99.12698364257812 56.285400390625 156.95669555664062 22.78805160522461 123.06754302978516 23.220436096191406 -137.75390625 -126.5163803100586 -26.783451080322266 110.38202667236328 192.135009765625 101.64875030517578 111.27672576904297 -99.21639251708984 -84.1500473022461 119.25575256347656 -397.18359375 -93.67927551269531 161.56201171875 output 6 9 4 8 1 5 10 3 2 7 indices 2 -1 3 4 -1 1 3 4 2 1 -1 4 2 1 3 -1 2 1 3 4 -1 3 1 2 2 1 3 4 2 1 3 4 2 1 3 4 2 1 3 4 value 0.0 0.0 0.0 0.0 0.0 0.0 0.0 0.0 0.0 0.0 0.0 0.0 0.0 0.0 0.0 0.0 0.0 0.0 0.0 0.0 10.0 0.0 0.0 0.0 0.0 0.0 0.0 0.0 0.0 0.0 0.0 0.0 0.0 0.0 0.0 0.0 0.0 0.0 0.0 0.0 
-131.51031494140625 -213.86863708496094 117.22724914550781 -247.87649536132812 -119.60549926757812 382.1896667480469 -24.105815887451172 209.19119262695312 -121.7962646484375 188.08636474609375 -94.01016235351562 -74.6688003540039 127.8299331665039 19.080062866210938 108.57856750488281 -86.22123718261719 31.30253028869629 -232.86851501464844 106.08977508544922 56.9564094543457 output 1 6 9 2 8 7 10 4 5 3 indices 2 -1 3 4 -1 1 3 4 -1 4 1 2 2 1 3 -1 2 1 3 4 2 1 3 4 2 1 3 4 2 1 3 4 2 1 3 4 2 1 3 4 value 0.0 0.0 0.0 0.0 0.0 0.0 0.0 0.0 10.0 0.0 0.0 0.0 0.0 0.0 0.0 0.0 0.0 0.0 0.0 0.0 0.0 0.0 0.0 0.0 0.0 0.0 0.0 0.0 0.0 0.0 0.0 0.0 0.0 0.0 0.0 0.0 0.0 0.0 0.0 0.0 
97.76556396484375 -290.9727478027344 -30.441986083984375 59.728187561035156 -168.7791290283203 169.13401794433594 34.975685119628906 -40.35106658935547 23.91624641418457 284.38330078125 -19.51885986328125 -114.67060852050781 60.35963439941406 46.67235565185547 11.188752174377441 141.93069458007812 82.0787124633789 22.41949462890625 -91.54462432861328 -278.27362060546875 output 1 5 8 2 3 10 6 4 7 9 indices 2 -1 3 4 -1 1 3 4 2 1 -1 4 2 1 3 -1 -1 3 1 2 2 1 3 4 2 1 3 4 2 1 3 4 2 1 3 4 2 1 3 4 value 0.0 0.0 0.0 0.0 0.0 0.0 0.0 0.0 0.0 0.0 0.0 0.0 0.0 0.0 0.0 0.0 10.0 0.0 0.0 0.0 0.0 0.0 0.0 0.0 0.0 0.0 0.0 0.0 0.0 0.0 0.0 0.0 0.0 0.0 0.0 0.0 0.0 0.0 0.0 0.0 
82.59085083007812 -228.66397094726562 -91.64595031738281 189.18309020996094 41.53446960449219 194.92730712890625 -40.576934814453125 -70.25208282470703 -67.871826171875 -287.5839538574219 80.39165496826172 264.1064453125 14.919565200805664 -6.441794395446777 28.90792465209961 -73.02249145507812 -7.560628414154053 136.77096557617188 -40.689117431640625 -119.0235366821289 output 1 6 3 9 2 5 10 4 7 8 indices 2 -1 3 4 -1 1 3 4 2 1 -1 4 2 1 3 -1 2 1 3 4 -1 3 1 2 2 1 3 4 2 1 3 4 2 1 3 4 2 1 3 4 value 0.0 0.0 0.0 0.0 0.0 0.0 0.0 0.0 0.0 0.0 0.0 0.0 0.0 0.0 0.0 0.0 0.0 0.0 0.0 0.0 10.0 0.0 0.0 0.0 0.0 0.0 0.0 0.0 0.0 0.0 0.0 0.0 0.0 0.0 0.0 0.0 0.0 0.0 0.0 0.0 
-39.51779556274414 -342.5211181640625 -139.31161499023438 277.7198791503906 -139.61366271972656 -322.9692077636719 42.22016143798828 186.5629119873047 30.37468910217285 -254.32386779785156 63.43418502807617 370.5805969238281 -104.63829040527344 -266.7268981933594 112.82178497314453 64.8721923828125 162.06597900390625 -35.97568130493164 12.164543151855469 322.78118896484375 output 1 10 6 5 9 8 4 2 3 7 indices 2 -1 3 4 -1 1 3 4 2 1 -1 4 2 1 3 -1 2 1 3 4 -1 3 1 2 2 1 3 4 2 1 3 4 2 1 3 4 2 1 3 4 value 0.0 0.0 0.0 0.0 0.0 0.0 0.0 0.0 0.0 0.0 0.0 0.0 0.0 0.0 0.0 0.0 0.0 0.0 0.0 0.0 10.0 0.0 0.0 0.0 0.0 0.0 0.0 0.0 0.0 0.0 0.0 0.0 0.0 0.0 0.0 0.0 0.0 0.0 0.0 0.0 
2.766040563583374 -105.8011703491211 -71.35552978515625 199.44796752929688 221.59378051757812 285.7825012207031 -135.67779541015625 -126.91546630859375 -45.76548385620117 85.01184844970703 -41.32369613647461 62.43790817260742 202.4740447998047 -95.07462310791016 -115.37931060791016 58.063873291015625 -128.1409912109375 -24.349822998046875 110.80894470214844 -338.6029968261719 output 1 6 5 8 9 4 2 10 3 7 indices 2 -1 3 4 -1 1 3 4 -1 4 1 2 2 1 3 -1 2 1 3 4 2 1 3 4 2 1 3 4 2 1 3 4 2 1 3 4 2 1 3 4 value 0.0 0.0 0.0 0.0 0.0 0.0 0.0 0.0 10.0 0.0 0.0 0.0 0.0 0.0 0.0 0.0 0.0 0.0 0.0 0.0 0.0 0.0 0.0 0.0 0.0 0.0 0.0 0.0 0.0 0.0 0.0 0.0 0.0 0.0 0.0 0.0 0.0 0.0 0.0 0.0 
-43.76475143432617 -170.91981506347656 88.23776245117188 112.20303344726562 130.4821319580078 -2.6377148628234863 48.4210319519043 81.05644226074219 -42.92977523803711 -211.0662841796875 -10.12337589263916 456.23504638671875 -125.36869812011719 230.83934020996094 72.15184783935547 -139.28488159179688 29.420923233032227 -220.71568298339844 -146.527099609375 -135.70947265625 output 4 2 3 8 9 6 5 1 10 7 indices 2 -1 3 4 -1 1 3 4 2 1 -1 4 2 1 3 -1 2 1 3 4 -1 3 1 2 2 1 3 4 2 1 3 4 2 1 3 4 2 1 3 4 value 0.0 0.0 0.0 0.0 0.0 0.0 0.0 0.0 0.0 0.0 0.0 0.0 0.0 0.0 0.0 0.0 0.0 0.0 0.0 0.0 10.0 0.0 0.0 0.0 0.0 0.0 0.0 0.0 0.0 0.0 0.0 0.0 0.0 0.0 0.0 0.0 0.0 0.0 0.0 0.0 
166.28158569335938 -311.0843811035156 141.03248596191406 -236.52029418945312 -79.47542572021484 180.2705078125 109.04051971435547 61.15128707885742 -153.06890869140625 337.8252868652344 -67.84099578857422 -90.4189453125 32.32243347167969 -222.3672332763672 -98.7825698852539 -310.6888427734375 18.79840660095215 290.36187744140625 -68.30752563476562 301.47076416015625 output 1 2 7 6 8 5 3 10 9 4 indices 2 -1 3 4 -1 1 3 4 2 1 -1 4 2 1 3 -1 -1 3 1 2 2 1 3 4 2 1 3 4 2 1 3 4 2 1 3 4 2 1 3 4 value 0.0 0.0 0.0 0.0 0.0 0.0 0.0 0.0 0.0 0.0 0.0 0.0 0.0 0.0 0.0 0.0 10.0 0.0 0.0 0.0 0.0 0.0 0.0 0.0 0.0 0.0 0.0 0.0 0.0 0.0 0.0 0.0 0.0 0.0 0.0 0.0 0.0 0.0 0.0 0.0 
13.43128490447998 177.47415161132812 5.892472743988037 -164.57363891601562 141.85581970214844 -235.16647338867188 -142.28440856933594 -189.44483947753906 -75.9375 377.0653076171875 44.13040542602539 -272.8722839355469 -61.37900161743164 159.78309631347656 69.53515625 192.13827514648438 136.7081756591797 -2.516901969909668 -131.952392578125 -41.886722564697266 output 1 8 9 3 2 6 5 4 10 7 indices 2 -1 3 4 -1 1 3 4 2 1 -1 4 2 1 3 -1 -1 3 1 2 2 1 3 4 2 1 3 4 2 1 3 4 2 1 3 4 2 1 3 4 value 0.0 0.0 0.0 0.0 0.0 0.0 0.0 0.0 0.0 0.0 0.0 0.0 0.0 0.0 0.0 0.0 10.0 0.0 0.0 0.0 0.0 0.0 0.0 0.0 0.0 0.0 0.0 0.0 0.0 0.0 0.0 0.0 0.0 0.0 0.0 0.0 0.0 0.0 0.0 0.0 
-157.34300231933594 170.4351806640625 140.53857421875 -251.3155517578125 89.89336395263672 114.58799743652344 72.39849090576172 76.23536682128906 -153.56759643554688 -105.1042709350586 -167.63491821289062 134.1134033203125 -129.7791748046875 -221.5587158203125 125.88042449951172 431.1936950683594 82.94374084472656 -260.4103088378906 96.67010498046875 -88.17681121826172 output 1 4 3 10 2 8 9 7 5 6 indices 2 -1 3 4 -1 1 3 4 2 1 -1 4 2 1 3 -1 2 1 3 4 2 1 3 4 2 1 3 4 -1 3 1 2 2 1 3 4 2 1 3 4 value 0.0 0.0 0.0 0.0 0.0 0.0 0.0 0.0 0.0 0.0 0.0 0.0 0.0 0.0 0.0 0.0 0.0 0.0 0.0 0.0 0.0 0.0 0.0 0.0 0.0 0.0 0.0 0.0 10.0 0.0 0.0 0.0 0.0 0.0 0.0 0.0 0.0 0.0 0.0 0.0 
60.313716888427734 82.30941009521484 52.599327087402344 183.54209899902344 -116.94625091552734 -377.53387451171875 -64.1482162475586 174.34298706054688 -96.56211853027344 175.3796844482422 200.86024475097656 -105.4540786743164 -38.347721099853516 -94.80473327636719 159.3950653076172 -166.62835693359375 -83.56822204589844 176.99215698242188 -73.59583282470703 -48.145301818847656 output 5 9 4 2 1 6 8 7 10 3 indices 2 -1 3 4 -1 4 1 3 2 1 -1 4 2 1 3 -1 2 1 3 4 2 1 3 4 2 1 3 4 2 1 3 4 2 1 3 4 2 1 3 4 value 0.0 0.0 0.0 0.0 10.0 0.0 0.0 0.0 0.0 0.0 0.0 0.0 0.0 0.0 0.0 0.0 0.0 0.0 0.0 0.0 0.0 0.0 0.0 0.0 0.0 0.0 0.0 0.0 0.0 0.0 0.0 0.0 0.0 0.0 0.0 0.0 0.0 0.0 0.0 0.0 
-120.35787200927734 -154.94053649902344 -101.14726257324219 -251.61376953125 103.9940414428711 183.72462463378906 147.32200622558594 -119.41612243652344 -72.5428466796875 380.9879150390625 64.58898162841797 85.53678894042969 -32.39374923706055 -239.10316467285156 -102.14622497558594 138.02255249023438 -35.53813934326172 187.76422119140625 148.2210693359375 -210.96250915527344 output 9 8 1 2 5 7 10 4 6 3 indices 2 -1 3 4 -1 1 3 4 2 1 -1 4 2 1 3 -1 -1 3 1 2 2 1 3 4 2 1 3 4 2 1 3 4 2 1 3 4 2 1 3 4 value 0.0 0.0 0.0 0.0 0.0 0.0 0.0 0.0 0.0 0.0 0.0 0.0 0.0 0.0 0.0 0.0 10.0 0.0 0.0 0.0 0.0 0.0 0.0 0.0 0.0 0.0 0.0 0.0 0.0 0.0 0.0 0.0 0.0 0.0 0.0 0.0 0.0 0.0 0.0 0.0 
101.38294982910156 -172.4994354248047 -31.253211975097656 -130.5865020751953 136.53857421875 -12.016948699951172 -7.9507060050964355 265.61468505859375 -22.554574966430664 -203.67779541015625 -106.98686218261719 71.55815124511719 45.237831115722656 51.37601089477539 -3.0405871868133545 -288.2610168457031 -55.85249710083008 344.5456848144531 -55.52091598510742 73.94712829589844 output 1 3 7 10 6 4 9 8 5 2 indices 2 -1 3 4 -1 1 3 4 2 1 -1 4 2 1 3 -1 2 1 3 4 2 1 3 4 2 1 3 4 2 1 3 4 -1 3 1 2 2 1 3 4 value 0.0 0.0 0.0 0.0 0.0 0.0 0.0 0.0 0.0 0.0 0.0 0.0 0.0 0.0 0.0 0.0 0.0 0.0 0.0 0.0 0.0 0.0 0.0 0.0 0.0 0.0 0.0 0.0 0.0 0.0 0.0 0.0 10.0 0.0 0.0 0.0 0.0 0.0 0.0 0.0 
78.80340576171875 59.14637756347656 -76.15442657470703 -363.3970947265625 80.52032470703125 104.60650634765625 -71.03267669677734 -9.258012771606445 1.882867693901062 -91.81352233886719 22.11363410949707 -41.930389404296875 -98.0085678100586 142.5836944580078 74.13386535644531 34.705291748046875 -50.20174789428711 15.872841835021973 37.94332504272461 149.4842987060547 output 4 9 7 2 10 3 1 8 6 5 indices 2 -1 3 4 -1 1 3 4 2 1 -1 4 2 1 3 -1 2 1 3 4 2 1 3 4 2 1 3 4 2 1 3 4 2 1 3 4 -1 3 1 2 value 0.0 0.0 0.0 0.0 0.0 0.0 0.0 0.0 0.0 0.0 0.0 0.0 0.0 0.0 0.0 0.0 0.0 0.0 0.0 0.0 0.0 0.0 0.0 0.0 0.0 0.0 0.0 0.0 0.0 0.0 0.0 0.0 0.0 0.0 0.0 0.0 10.0 0.0 0.0 0.0 
5.4293718338012695 -271.17919921875 -21.517892837524414 174.77955627441406 -130.57473754882812 -132.88706970214844 -140.52969360351562 64.14368438720703 85.53756713867188 -54.58830261230469 1.5167882442474365 -272.7037048339844 45.273101806640625 124.48880004882812 -41.99824905395508 -112.3479232788086 129.89208984375 194.76319885253906 66.9716567993164 285.5309753417969 output 10 9 7 2 4 3 8 5 1 6 indices 2 -1 3 4 -1 1 3 4 2 1 -1 4 2 1 3 -1 2 1 3 4 2 1 3 4 2 1 3 4 2 1 3 4 2 1 3 4 -1 3 1 2 value 0.0 0.0 0.0 0.0 0.0 0.0 0.0 0.0 0.0 0.0 0.0 0.0 0.0 0.0 0.0 0.0 0.0 0.0 0.0 0.0 0.0 0.0 0.0 0.0 0.0 0.0 0.0 0.0 0.0 0.0 0.0 0.0 0.0 0.0 0.0 0.0 10.0 0.0 0.0 0.0 
20.795854568481445 -228.17129516601562 -161.48751831054688 57.063140869140625 68.6934814453125 41.97856140136719 -160.5523223876953 229.49205017089844 128.79623413085938 -153.64544677734375 125.30338287353516 34.616905212402344 30.147310256958008 99.76393127441406 84.05453491210938 -283.15167236328125 -15.871819496154785 -28.162572860717773 -119.8791275024414 230.21640014648438 output 9 2 4 10 1 8 5 6 3 7 indices 2 -1 3 4 -1 1 3 4 2 1 -1 4 2 1 3 -1 2 1 3 4 2 1 3 4 2 1 3 4 2 1 3 4 2 1 3 4 -1 3 1 2 value 0.0 0.0 0.0 0.0 0.0 0.0 0.0 0.0 0.0 0.0 0.0 0.0 0.0 0.0 0.0 0.0 0.0 0.0 0.0 0.0 0.0 0.0 0.0 0.0 0.0 0.0 0.0 0.0 0.0 0.0 0.0 0.0 0.0 0.0 0.0 0.0 10.0 0.0 0.0 0.0 
58.35929870605469 -276.07574462890625 -63.62461853027344 -62.016822814941406 106.37042236328125 298.95709228515625 108.39613342285156 -217.1570281982422 -60.174903869628906 -61.08481216430664 -103.36027526855469 -190.28244018554688 1.126417875289917 351.26116943359375 165.70217895507812 400.7630920410156 -94.42615509033203 -21.58603858947754 -118.3685073852539 -222.77845764160156 output 1 5 2 9 6 10 7 3 8 4 indices 2 -1 3 4 -1 1 3 4 2 1 -1 4 2 1 3 -1 2 1 3 4 2 1 3 4 2 1 3 4 -1 3 1 2 2 1 3 4 2 1 3 4 value 0.0 0.0 0.0 0.0 0.0 0.0 0.0 0.0 0.0 0.0 0.0 0.0 0.0 0.0 0.0 0.0 0.0 0.0 0.0 0.0 0.0 0.0 0.0 0.0 0.0 0.0 0.0 0.0 10.0 0.0 0.0 0.0 0.0 0.0 0.0 0.0 0.0 0.0 0.0 0.0 
72.94719696044922 -158.09352111816406 113.29672241210938 -34.0233039855957 -77.09471893310547 52.848228454589844 180.26649475097656 215.1582794189453 -174.78041076660156 81.35253143310547 -101.51700592041016 190.0089111328125 88.48416137695312 154.20220947265625 -16.345773696899414 180.57630920410156 3.459743022918701 -437.0977783203125 -88.71641540527344 -244.93186950683594 output 6 8 9 7 4 2 1 10 5 3 indices 2 -1 3 4 -1 1 3 4 2 1 -1 4 -1 3 1 2 2 1 3 4 2 1 3 4 2 1 3 4 2 1 3 4 2 1 3 4 2 1 3 4 value 0.0 0.0 0.0 0.0 0.0 0.0 0.0 0.0 0.0 0.0 0.0 0.0 10.0 0.0 0.0 0.0 0.0 0.0 0.0 0.0 0.0 0.0 0.0 0.0 0.0 0.0 0.0 0.0 0.0 0.0 0.0 0.0 0.0 0.0 0.0 0.0 0.0 0.0 0.0 0.0 
-9.626543045043945 378.0745544433594 29.008583068847656 234.24156188964844 96.07305145263672 267.22430419921875 52.942928314208984 30.390586853027344 -106.17151641845703 -219.9115753173828 33.87407684326172 -163.3059539794922 71.15846252441406 11.642439842224121 21.049907684326172 -186.25035095214844 -128.37164306640625 -247.4918212890625 -59.93730163574219 -104.61373901367188 output 6 8 10 5 9 1 2 3 4 7 indices -1 4 2 3 -1 1 3 4 2 1 -1 4 2 1 3 -1 2 1 3 4 2 1 3 4 2 1 3 4 2 1 3 4 2 1 3 4 2 1 3 4 value 10.0 0.0 0.0 0.0 0.0 0.0 0.0 0.0 0.0 0.0 0.0 0.0 0.0 0.0 0.0 0.0 0.0 0.0 0.0 0.0 0.0 0.0 0.0 0.0 0.0 0.0 0.0 0.0 0.0 0.0 0.0 0.0 0.0 0.0 0.0 0.0 0.0 0.0 0.0 0.0 
-162.0253448486328 -283.7756652832031 113.53959655761719 -21.574201583862305 15.365215301513672 -222.02589416503906 -9.952519416809082 200.1060333251953 110.85236358642578 -249.9597625732422 122.91106414794922 -366.66387939453125 54.56792449951172 164.6001739501953 -122.65880584716797 172.23989868164062 -119.41938018798828 323.4974670410156 -3.1801156997680664 283.55584716796875 output 1 3 5 6 2 7 4 10 8 9 indices 2 -1 3 4 -1 1 3 4 2 1 -1 4 2 1 3 -1 2 1 3 4 2 1 3 4 2 1 3 4 2 1 3 4 -1 3 1 2 2 1 3 4 value 0.0 0.0 0.0 0.0 0.0 0.0 0.0 0.0 0.0 0.0 0.0 0.0 0.0 0.0 0.0 0.0 0.0 0.0 0.0 0.0 0.0 0.0 0.0 0.0 0.0 0.0 0.0 0.0 0.0 0.0 0.0 0.0 10.0 0.0 0.0 0.0 0.0 0.0 0.0 0.0 
81.32611846923828 27.210115432739258 -147.95033264160156 195.30055236816406 -6.251835823059082 -64.94912719726562 -33.20655822753906 127.32828521728516 117.60783386230469 -289.2828063964844 -16.750503540039062 -297.3822937011719 -112.77904510498047 84.68885803222656 135.17959594726562 317.7571716308594 -53.32750701904297 260.34124755859375 36.1522216796875 -361.0119934082031 output 3 1 8 5 10 6 9 2 7 4 indices 2 -1 3 4 -1 1 3 4 2 1 -1 4 2 1 3 -1 2 1 3 4 2 1 3 4 2 1 3 4 -1 3 1 2 2 1 3 4 2 1 3 4 value 0.0 0.0 0.0 0.0 0.0 0.0 0.0 0.0 0.0 0.0 0.0 0.0 0.0 0.0 0.0 0.0 0.0 0.0 0.0 0.0 0.0 0.0 0.0 0.0 0.0 0.0 0.0 0.0 10.0 0.0 0.0 0.0 0.0 0.0 0.0 0.0 0.0 0.0 0.0 0.0 
-33.018104553222656 -119.39884948730469 44.26292037963867 -76.6059341430664 -135.8768310546875 180.8989715576172 -124.17243194580078 -172.4785919189453 71.20125579833984 -305.43572998046875 128.09117126464844 295.533203125 -43.33723068237305 162.86585998535156 -152.62939453125 -323.1601867675781 187.79893493652344 161.4746856689453 57.679718017578125 196.3065948486328 output 8 3 7 10 6 5 9 2 1 4 indices 2 -1 3 4 -1 1 3 4 2 1 -1 4 2 1 3 -1 2 1 3 4 -1 3 1 2 2 1 3 4 2 1 3 4 2 1 3 4 2 1 3 4 value 0.0 0.0 0.0 0.0 0.0 0.0 0.0 0.0 0.0 0.0 0.0 0.0 0.0 0.0 0.0 0.0 0.0 0.0 0.0 0.0 10.0 0.0 0.0 0.0 0.0 0.0 0.0 0.0 0.0 0.0 0.0 0.0 0.0 0.0 0.0 0.0 0.0 0.0 0.0 0.0 
-97.63834381103516 260.6512451171875 142.84165954589844 -98.9894027709961 36.653141021728516 -197.29400634765625 24.93532371520996 -113.7489013671875 -80.37944030761719 -135.86326599121094 -16.954830169677734 288.7251281738281 -111.3823013305664 174.18057250976562 -36.41266632080078 135.20526123046875 107.44481658935547 -39.46335220336914 30.89264678955078 -273.40325927734375 output 1 6 10 3 5 4 9 2 8 7 indices 2 -1 3 4 -1 1 3 4 2 1 -1 4 2 1 3 -1 2 1 3 4 -1 3 1 2 2 1 3 4 2 1 3 4 2 1 3 4 2 1 3 4 value 0.0 0.0 0.0 0.0 0.0 0.0 0.0 0.0 0.0 0.0 0.0 0.0 0.0 0.0 0.0 0.0 0.0 0.0 0.0 0.0 10.0 0.0 0.0 0.0 0.0 0.0 0.0 0.0 0.0 0.0 0.0 0.0 0.0 0.0 0.0 0.0 0.0 0.0 0.0 0.0 
40.08957290649414 208.90834045410156 -114.33972930908203 -106.60557556152344 20.99413299560547 111.6006088256836 122.94126892089844 -326.9833068847656 190.35781860351562 -115.35514068603516 -83.2555923461914 171.30227661132812 -64.99978637695312 -161.19105529785156 -64.59324645996094 24.159130096435547 -59.08194351196289 0.6362060904502869 11.887496948242188 193.52850341796875 output 1 10 3 9 8 6 2 7 5 4 indices -1 4 2 3 -1 1 3 4 2 1 -1 4 2 1 3 -1 2 1 3 4 2 1 3 4 2 1 3 4 2 1 3 4 2 1 3 4 2 1 3 4 value 10.0 0.0 0.0 0.0 0.0 0.0 0.0 0.0 0.0 0.0 0.0 0.0 0.0 0.0 0.0 0.0 0.0 0.0 0.0 0.0 0.0 0.0 0.0 0.0 0.0 0.0 0.0 0.0 0.0 0.0 0.0 0.0 0.0 0.0 0.0 0.0 0.0 0.0 0.0 0.0 
-127.16954040527344 337.3719787597656 108.66350555419922 -215.6232147216797 25.178314208984375 -65.23046112060547 -72.32200622558594 153.46524047851562 151.00372314453125 -250.92909240722656 35.766170501708984 -171.95021057128906 24.534183502197266 -73.22517395019531 -78.44166564941406 128.51748657226562 -80.658935546875 159.06661987304688 13.446244239807129 -1.4632123708724976 output 8 4 9 1 6 2 5 7 3 10 indices -1 4 2 3 -1 1 3 4 2 1 -1 4 2 1 3 -1 2 1 3 4 2 1 3 4 2 1 3 4 2 1 3 4 2 1 3 4 2 1 3 4 value 10.0 0.0 0.0 0.0 0.0 0.0 0.0 0.0 0.0 0.0 0.0 0.0 0.0 0.0 0.0 0.0 0.0 0.0 0.0 0.0 0.0 0.0 0.0 0.0 0.0 0.0 0.0 0.0 0.0 0.0 0.0 0.0 0.0 0.0 0.0 0.0 0.0 0.0 0.0 0.0 
61.676971435546875 149.64051818847656 3.441434860229492 -7.005697727203369 8.904987335205078 75.82805633544922 74.0147476196289 -198.0396728515625 61.758277893066406 -171.5721893310547 -176.4892578125 78.10442352294922 37.43464279174805 248.4699249267578 1.4218015670776367 177.0255584716797 70.84725952148438 -303.7812805175781 -143.0108642578125 -48.66964340209961 output 1 3 6 10 2 5 4 9 7 8 indices 2 -1 3 4 -1 1 3 4 2 1 -1 4 2 1 3 -1 2 1 3 4 2 1 3 4 -1 3 1 2 2 1 3 4 2 1 3 4 2 1 3 4 value 0.0 0.0 0.0 0.0 0.0 0.0 0.0 0.0 0.0 0.0 0.0 0.0 0.0 0.0 0.0 0.0 0.0 0.0 0.0 0.0 0.0 0.0 0.0 0.0 10.0 0.0 0.0 0.0 0.0 0.0 0.0 0.0 0.0 0.0 0.0 0.0 0.0 0.0 0.0 0.0 
-153.82522583007812 -22.47882080078125 -196.11886596679688 328.87567138671875 37.26300811767578 122.12446594238281 -9.70362377166748 -317.9423522949219 144.48814392089844 -332.947021484375 143.68299865722656 120.32831573486328 156.667236328125 183.01560974121094 -127.21907806396484 85.22755432128906 120.59226989746094 -198.51681518554688 -115.82686614990234 32.313377380371094 output 3 6 7 5 9 4 2 1 10 8 indices 2 -1 3 4 -1 4 1 3 2 1 -1 4 2 1 3 -1 2 1 3 4 2 1 3 4 2 1 3 4 2 1 3 4 2 1 3 4 2 1 3 4 value 0.0 0.0 0.0 0.0 10.0 0.0 0.0 0.0 0.0 0.0 0.0 0.0 0.0 0.0 0.0 0.0 0.0 0.0 0.0 0.0 0.0 0.0 0.0 0.0 0.0 0.0 0.0 0.0 0.0 0.0 0.0 0.0 0.0 0.0 0.0 0.0 0.0 0.0 0.0 0.0 
-133.98353576660156 -344.35809326171875 -131.7895050048828 205.6964569091797 80.98928833007812 294.8680419921875 141.90121459960938 228.144775390625 193.9860382080078 -243.28289794921875 -49.455810546875 112.51300048828125 -136.04310607910156 -381.813720703125 -42.848236083984375 -371.7391662597656 84.69351196289062 202.91693115234375 -7.449850559234619 297.0546875 output 5 4 9 6 2 7 1 8 10 3 indices 2 -1 3 4 -1 1 3 4 -1 4 1 2 2 1 3 -1 2 1 3 4 2 1 3 4 2 1 3 4 2 1 3 4 2 1 3 4 2 1 3 4 value 0.0 0.0 0.0 0.0 0.0 0.0 0.0 0.0 10.0 0.0 0.0 0.0 0.0 0.0 0.0 0.0 0.0 0.0 0.0 0.0 0.0 0.0 0.0 0.0 0.0 0.0 0.0 0.0 0.0 0.0 0.0 0.0 0.0 0.0 0.0 0.0 0.0 0.0 0.0 0.0 
-74.68693542480469 264.7720947265625 91.47856903076172 -293.1282958984375 -63.777793884277344 -109.19800567626953 -15.460558891296387 -254.17930603027344 -65.8718490600586 -88.80522155761719 -29.287832260131836 127.68682861328125 -57.05519104003906 149.54331970214844 59.73220443725586 205.431884765625 45.1439094543457 145.2080535888672 109.78546905517578 -147.3313446044922 output 1 7 6 9 8 2 10 5 3 4 indices -1 4 2 3 -1 1 3 4 2 1 -1 4 2 1 3 -1 2 1 3 4 2 1 3 4 2 1 3 4 2 1 3 4 2 1 3 4 2 1 3 4 value 10.0 0.0 0.0 0.0 0.0 0.0 0.0 0.0 0.0 0.0 0.0 0.0 0.0 0.0 0.0 0.0 0.0 0.0 0.0 0.0 0.0 0.0 0.0 0.0 0.0 0.0 0.0 0.0 0.0 0.0 0.0 0.0 0.0 0.0 0.0 0.0 0.0 0.0 0.0 0.0 
-102.25216674804688 108.96590423583984 16.843639373779297 240.13980102539062 74.11959838867188 -322.675537109375 126.13189697265625 29.89133644104004 -167.31935119628906 -98.00262451171875 97.81304931640625 285.5965576171875 150.53375244140625 -92.62863159179688 -166.78656005859375 64.9495849609375 -20.043458938598633 56.10491180419922 -9.040396690368652 -272.34130859375 output 3 2 6 7 4 9 1 8 5 10 indices 2 -1 3 4 -1 1 3 4 2 1 -1 4 2 1 3 -1 2 1 3 4 -1 3 1 2 2 1 3 4 2 1 3 4 2 1 3 4 2 1 3 4 value 0.0 0.0 0.0 0.0 0.0 0.0 0.0 0.0 0.0 0.0 0.0 0.0 0.0 0.0 0.0 0.0 0.0 0.0 0.0 0.0 10.0 0.0 0.0 0.0 0.0 0.0 0.0 0.0 0.0 0.0 0.0 0.0 0.0 0.0 0.0 0.0 0.0 0.0 0.0 0.0 
-138.6521759033203 -312.3385009765625 -123.99724578857422 -276.2132568359375 -14.406303405761719 152.44960021972656 -6.247900009155273 -35.387962341308594 95.304931640625 38.36949920654297 10.589831352233887 -318.2781066894531 -13.51867961883545 -184.59962463378906 118.37191009521484 321.4911804199219 62.1508903503418 290.1412353515625 10.40474796295166 324.365966796875 output 2 1 3 4 5 8 9 10 6 7 indices 2 -1 3 4 -1 1 3 4 2 1 -1 4 2 1 3 -1 2 1 3 4 2 1 3 4 2 1 3 4 -1 3 1 2 2 1 3 4 2 1 3 4 value 0.0 0.0 0.0 0.0 0.0 0.0 0.0 0.0 0.0 0.0 0.0 0.0 0.0 0.0 0.0 0.0 0.0 0.0 0.0 0.0 0.0 0.0 0.0 0.0 0.0 0.0 0.0 0.0 10.0 0.0 0.0 0.0 0.0 0.0 0.0 0.0 0.0 0.0 0.0 0.0 
-105.34913635253906 -90.56539916992188 -68.76421356201172 -188.04214477539062 161.03904724121094 -52.53434371948242 20.215457916259766 184.36439514160156 -33.51063537597656 187.56890869140625 21.97220802307129 315.3217468261719 14.335343360900879 121.16593170166016 -96.65467834472656 -188.42840576171875 179.59872436523438 -70.5245590209961 -92.88211822509766 -218.32614135742188 output 1 6 5 4 7 3 9 2 10 8 indices 2 -1 3 4 -1 1 3 4 2 1 -1 4 2 1 3 -1 2 1 3 4 -1 3 1 2 2 1 3 4 2 1 3 4 2 1 3 4 2 1 3 4 value 0.0 0.0 0.0 0.0 0.0 0.0 0.0 0.0 0.0 0.0 0.0 0.0 0.0 0.0 0.0 0.0 0.0 0.0 0.0 0.0 10.0 0.0 0.0 0.0 0.0 0.0 0.0 0.0 0.0 0.0 0.0 0.0 0.0 0.0 0.0 0.0 0.0 0.0 0.0 0.0 
98.35358428955078 2.789862871170044 85.87628173828125 -117.29056549072266 -63.079891204833984 108.60159301757812 -156.5167236328125 -245.69949340820312 84.40802001953125 -87.88140106201172 126.55664825439453 -149.0326690673828 122.91377258300781 210.25584411621094 -9.001747131347656 -48.625892639160156 -165.38601684570312 225.84585571289062 -124.1239242553711 101.036865234375 output 1 5 2 6 7 3 10 9 4 8 indices 2 -1 3 4 -1 1 3 4 2 1 -1 4 2 1 3 -1 2 1 3 4 2 1 3 4 -1 3 1 2 2 1 3 4 2 1 3 4 2 1 3 4 value 0.0 0.0 0.0 0.0 0.0 0.0 0.0 0.0 0.0 0.0 0.0 0.0 0.0 0.0 0.0 0.0 0.0 0.0 0.0 0.0 0.0 0.0 0.0 0.0 10.0 0.0 0.0 0.0 0.0 0.0 0.0 0.0 0.0 0.0 0.0 0.0 0.0 0.0 0.0 0.0 
-28.396493911743164 -56.26220703125 -35.67955780029297 -99.80127716064453 54.84748458862305 -214.8858184814453 -99.26793670654297 -56.585784912109375 -28.26485824584961 -193.9049835205078 -44.600101470947266 335.5931701660156 170.5948028564453 174.8948974609375 -117.4849853515625 -8.755956649780273 -4.956425189971924 101.41373443603516 133.2080841064453 18.294219970703125 output 1 4 8 6 9 10 7 3 5 2 indices 2 -1 3 4 -1 1 3 4 2 1 -1 4 2 1 3 -1 2 1 3 4 -1 3 1 2 2 1 3 4 2 1 3 4 2 1 3 4 2 1 3 4 value 0.0 0.0 0.0 0.0 0.0 0.0 0.0 0.0 0.0 0.0 0.0 0.0 0.0 0.0 0.0 0.0 0.0 0.0 0.0 0.0 10.0 0.0 0.0 0.0 0.0 0.0 0.0 0.0 0.0 0.0 0.0 0.0 0.0 0.0 0.0 0.0 0.0 0.0 0.0 0.0 
94.14794921875 -193.16737365722656 17.228940963745117 -151.028076171875 14.23836898803711 -12.027169227600098 40.06629180908203 254.72999572753906 -57.93960952758789 168.00985717773438 -78.5728530883789 -222.9806365966797 -66.70488739013672 -226.5355987548828 -18.094741821289062 22.556697845458984 -15.721439361572266 348.69000244140625 71.35197448730469 11.752300262451172 output 8 3 10 1 2 7 6 9 4 5 indices 2 -1 3 4 -1 1 3 4 2 1 -1 4 2 1 3 -1 2 1 3 4 2 1 3 4 2 1 3 4 2 1 3 4 -1 3 1 2 2 1 3 4 value 0.0 0.0 0.0 0.0 0.0 0.0 0.0 0.0 0.0 0.0 0.0 0.0 0.0 0.0 0.0 0.0 0.0 0.0 0.0 0.0 0.0 0.0 0.0 0.0 0.0 0.0 0.0 0.0 0.0 0.0 0.0 0.0 10.0 0.0 0.0 0.0 0.0 0.0 0.0 0.0 
-236.0720977783203 156.64686584472656 67.86361694335938 -226.0474853515625 -52.02873611450195 53.03852462768555 36.76459884643555 -205.63461303710938 61.469085693359375 22.213603973388672 -27.24875259399414 58.97728729248047 -13.064542770385742 316.8854675292969 100.17176055908203 -224.98117065429688 104.7552261352539 -147.1898956298828 -42.610164642333984 196.09141540527344 output 2 4 7 10 1 3 6 5 9 8 indices 2 -1 3 4 -1 1 3 4 2 1 -1 4 2 1 3 -1 2 1 3 4 2 1 3 4 -1 3 1 2 2 1 3 4 2 1 3 4 2 1 3 4 value 0.0 0.0 0.0 0.0 0.0 0.0 0.0 0.0 0.0 0.0 0.0 0.0 0.0 0.0 0.0 0.0 0.0 0.0 0.0 0.0 0.0 0.0 0.0 0.0 10.0 0.0 0.0 0.0 0.0 0.0 0.0 0.0 0.0 0.0 0.0 0.0 0.0 0.0 0.0 0.0 
-29.489042282104492 279.743896484375 36.274723052978516 -303.10394287109375 85.70317077636719 266.1148681640625 -180.64134216308594 -248.06346130371094 104.9697265625 172.10549926757812 -15.072400093078613 -134.88514709472656 93.89632415771484 -40.85355758666992 -186.18995666503906 -307.3259582519531 78.74667358398438 293.4302978515625 11.802129745483398 22.837512969970703 output 8 4 6 10 7 5 3 9 2 1 indices 2 -1 3 4 -1 1 3 4 2 1 -1 4 2 1 3 -1 2 1 3 4 2 1 3 4 2 1 3 4 2 1 3 4 -1 3 1 2 2 1 3 4 value 0.0 0.0 0.0 0.0 0.0 0.0 0.0 0.0 0.0 0.0 0.0 0.0 0.0 0.0 0.0 0.0 0.0 0.0 0.0 0.0 0.0 0.0 0.0 0.0 0.0 0.0 0.0 0.0 0.0 0.0 0.0 0.0 10.0 0.0 0.0 0.0 0.0 0.0 0.0 0.0 
-140.76861572265625 -330.3997802734375 -128.80728149414062 -126.54239654541016 170.20623779296875 66.01156616210938 -113.93960571289062 92.9364242553711 129.736083984375 153.0098114013672 18.689836502075195 -259.62396240234375 -84.23355102539062 168.33798217773438 50.33243179321289 -33.3709831237793 99.87113952636719 190.1781463623047 -1.0866739749908447 79.46317291259766 output 5 9 6 1 2 4 7 10 8 3 indices 2 -1 3 4 -1 1 3 4 2 1 -1 4 2 1 3 -1 2 1 3 4 2 1 3 4 2 1 3 4 2 1 3 4 -1 3 1 2 2 1 3 4 value 0.0 0.0 0.0 0.0 0.0 0.0 0.0 0.0 0.0 0.0 0.0 0.0 0.0 0.0 0.0 0.0 0.0 0.0 0.0 0.0 0.0 0.0 0.0 0.0 0.0 0.0 0.0 0.0 0.0 0.0 0.0 0.0 10.0 0.0 0.0 0.0 0.0 0.0 0.0 0.0 
-112.50396728515625 -274.1323547363281 -31.63223648071289 -222.244384765625 -113.11692810058594 115.01081085205078 161.02493286132812 -106.31446075439453 150.33999633789062 -253.37210083007812 141.40115356445312 264.57659912109375 104.9592056274414 -23.557083129882812 -134.85316467285156 275.1708679199219 -20.9172420501709 320.5964050292969 -144.70176696777344 -95.73430633544922 output 10 1 2 7 4 5 6 9 8 3 indices 2 -1 3 4 -1 1 3 4 2 1 -1 4 2 1 3 -1 2 1 3 4 2 1 3 4 2 1 3 4 2 1 3 4 -1 3 1 2 2 1 3 4 value 0.0 0.0 0.0 0.0 0.0 0.0 0.0 0.0 0.0 0.0 0.0 0.0 0.0 0.0 0.0 0.0 0.0 0.0 0.0 0.0 0.0 0.0 0.0 0.0 0.0 0.0 0.0 0.0 0.0 0.0 0.0 0.0 10.0 0.0 0.0 0.0 0.0 0.0 0.0 0.0 
-109.88803100585938 160.37969970703125 83.74420166015625 -81.52555847167969 72.7754898071289 -178.94346618652344 66.37367248535156 24.214929580688477 50.92426681518555 -165.98956298828125 74.53550720214844 -257.4034423828125 -247.39837646484375 62.51810073852539 62.23891830444336 137.7745819091797 14.563118934631348 221.5325927734375 -67.86875915527344 77.44212341308594 output 1 7 10 4 2 3 5 6 8 9 indices 2 -1 3 4 -1 1 3 4 2 1 -1 4 2 1 3 -1 2 1 3 4 2 1 3 4 2 1 3 4 2 1 3 4 -1 3 1 2 2 1 3 4 value 0.0 0.0 0.0 0.0 0.0 0.0 0.0 0.0 0.0 0.0 0.0 0.0 0.0 0.0 0.0 0.0 0.0 0.0 0.0 0.0 0.0 0.0 0.0 0.0 0.0 0.0 0.0 0.0 0.0 0.0 0.0 0.0 10.0 0.0 0.0 0.0 0.0 0.0 0.0 0.0 
6.7249555587768555 40.0390625 13.620293617248535 88.56977844238281 -183.05938720703125 -264.310546875 83.01042175292969 344.9085998535156 36.78153610229492 129.45330810546875 4.626612663269043 -224.75399780273438 81.85618591308594 281.4833068847656 -87.93614959716797 -87.69657897949219 145.7071990966797 -127.76513671875 -101.33165740966797 -179.9277801513672 output 1 2 5 9 7 4 6 10 3 8 indices 2 -1 3 4 -1 1 3 4 2 1 -1 4 -1 3 1 2 2 1 3 4 2 1 3 4 2 1 3 4 2 1 3 4 2 1 3 4 2 1 3 4 value 0.0 0.0 0.0 0.0 0.0 0.0 0.0 0.0 0.0 0.0 0.0 0.0 10.0 0.0 0.0 0.0 0.0 0.0 0.0 0.0 0.0 0.0 0.0 0.0 0.0 0.0 0.0 0.0 0.0 0.0 0.0 0.0 0.0 0.0 0.0 0.0 0.0 0.0 0.0 0.0 
224.20046997070312 -152.92921447753906 109.28589630126953 -145.19662475585938 151.2650604248047 -74.8421401977539 -85.1802978515625 54.26816940307617 -57.610679626464844 -39.67304611206055 -113.47281646728516 -235.72250366210938 51.32347106933594 -25.271936416625977 -86.69912719726562 264.2665100097656 -73.63583374023438 131.3040313720703 -119.47615051269531 223.79676818847656 output 1 2 6 10 8 9 4 5 7 3 indices 2 -1 3 4 -1 1 3 4 2 1 -1 4 2 1 3 -1 2 1 3 4 2 1 3 4 2 1 3 4 -1 3 1 2 2 1 3 4 2 1 3 4 value 0.0 0.0 0.0 0.0 0.0 0.0 0.0 0.0 0.0 0.0 0.0 0.0 0.0 0.0 0.0 0.0 0.0 0.0 0.0 0.0 0.0 0.0 0.0 0.0 0.0 0.0 0.0 0.0 10.0 0.0 0.0 0.0 0.0 0.0 0.0 0.0 0.0 0.0 0.0 0.0 
-44.939170837402344 327.1513977050781 96.517578125 -200.66241455078125 68.6992416381836 -149.8107147216797 -109.9060287475586 330.69158935546875 -45.88511657714844 36.87434005737305 -58.70292663574219 8.180438995361328 52.57075119018555 -238.0040283203125 93.18820190429688 -83.101806640625 79.9891586303711 226.87950134277344 -131.5316925048828 -258.1982727050781 output 7 2 3 8 5 6 10 4 1 9 indices -1 4 2 3 -1 1 3 4 2 1 -1 4 2 1 3 -1 2 1 3 4 2 1 3 4 2 1 3 4 2 1 3 4 2 1 3 4 2 1 3 4 value 10.0 0.0 0.0 0.0 0.0 0.0 0.0 0.0 0.0 0.0 0.0 0.0 0.0 0.0 0.0 0.0 0.0 0.0 0.0 0.0 0.0 0.0 0.0 0.0 0.0 0.0 0.0 0.0 0.0 0.0 0.0 0.0 0.0 0.0 0.0 0.0 0.0 0.0 0.0 0.0 
-141.06263732910156 -237.88722229003906 141.89178466796875 331.6009521484375 -53.25788497924805 -260.2705993652344 -37.0936279296875 74.94849395751953 -58.97218704223633 -270.55841064453125 80.77910614013672 -159.22703552246094 81.39608764648438 388.5996398925781 -6.881861209869385 -166.44290161132812 150.40164184570312 407.1966857910156 -157.20040893554688 -107.95957946777344 output 4 10 1 5 3 8 6 7 2 9 indices 2 -1 3 4 -1 1 3 4 2 1 -1 4 2 1 3 -1 2 1 3 4 2 1 3 4 2 1 3 4 2 1 3 4 -1 3 1 2 2 1 3 4 value 0.0 0.0 0.0 0.0 0.0 0.0 0.0 0.0 0.0 0.0 0.0 0.0 0.0 0.0 0.0 0.0 0.0 0.0 0.0 0.0 0.0 0.0 0.0 0.0 0.0 0.0 0.0 0.0 0.0 0.0 0.0 0.0 10.0 0.0 0.0 0.0 0.0 0.0 0.0 0.0 
-105.95653533935547 -69.39630889892578 -25.03146743774414 -103.00074005126953 -185.15457153320312 -156.28517150878906 22.081993103027344 -30.7681884765625 92.66792297363281 295.96429443359375 66.36377716064453 16.855945587158203 128.0265655517578 185.401123046875 -148.63633728027344 -213.51254272460938 105.338623046875 21.49111557006836 50.300025939941406 53.250484466552734 output 1 3 8 5 7 9 6 10 4 2 indices 2 -1 3 4 -1 1 3 4 2 1 -1 4 2 1 3 -1 -1 3 1 2 2 1 3 4 2 1 3 4 2 1 3 4 2 1 3 4 2 1 3 4 value 0.0 0.0 0.0 0.0 0.0 0.0 0.0 0.0 0.0 0.0 0.0 0.0 0.0 0.0 0.0 0.0 10.0 0.0 0.0 0.0 0.0 0.0 0.0 0.0 0.0 0.0 0.0 0.0 0.0 0.0 0.0 0.0 0.0 0.0 0.0 0.0 0.0 0.0 0.0 0.0 
-182.16668701171875 -132.6007080078125 52.46901321411133 -62.19878005981445 50.533504486083984 -154.456298828125 73.50370025634766 -3.7129886150360107 -162.43890380859375 -90.45093536376953 78.16287994384766 304.167236328125 123.16366577148438 27.95184326171875 -105.89375305175781 -68.13861846923828 -13.167211532592773 -39.72201919555664 85.83379364013672 219.1612548828125 output 1 5 8 9 3 2 4 7 10 6 indices 2 -1 3 4 -1 1 3 4 2 1 -1 4 2 1 3 -1 2 1 3 4 -1 3 1 2 2 1 3 4 2 1 3 4 2 1 3 4 2 1 3 4 value 0.0 0.0 0.0 0.0 0.0 0.0 0.0 0.0 0.0 0.0 0.0 0.0 0.0 0.0 0.0 0.0 0.0 0.0 0.0 0.0 10.0 0.0 0.0 0.0 0.0 0.0 0.0 0.0 0.0 0.0 0.0 0.0 0.0 0.0 0.0 0.0 0.0 0.0 0.0 0.0 
-17.611356735229492 -92.41567993164062 39.092288970947266 -44.98684310913086 -183.82020568847656 73.84491729736328 39.940486907958984 -80.32913208007812 164.314208984375 122.6021728515625 128.61349487304688 -190.08352661132812 -173.16165161132812 169.46902465820312 64.06486511230469 330.6224365234375 73.54398345947266 -163.50550842285156 -134.97610473632812 -125.21786499023438 output 2 4 9 6 5 8 7 3 10 1 indices 2 -1 3 4 -1 1 3 4 2 1 -1 4 2 1 3 -1 2 1 3 4 2 1 3 4 2 1 3 4 -1 3 1 2 2 1 3 4 2 1 3 4 value 0.0 0.0 0.0 0.0 0.0 0.0 0.0 0.0 0.0 0.0 0.0 0.0 0.0 0.0 0.0 0.0 0.0 0.0 0.0 0.0 0.0 0.0 0.0 0.0 0.0 0.0 0.0 0.0 10.0 0.0 0.0 0.0 0.0 0.0 0.0 0.0 0.0 0.0 0.0 0.0 
-14.020561218261719 -390.07037353515625 -89.74513244628906 111.70771026611328 -123.18527221679688 20.281553268432617 -103.92111206054688 236.24609375 -82.44367980957031 219.09747314453125 134.257568359375 -0.6575465798377991 210.11614990234375 -150.67654418945312 153.10255432128906 164.107177734375 -135.82369995117188 110.77583312988281 51.66319274902344 -320.8113708496094 output 10 1 5 4 9 3 2 6 8 7 indices 2 -1 3 4 -1 1 3 4 2 1 -1 4 -1 3 1 2 2 1 3 4 2 1 3 4 2 1 3 4 2 1 3 4 2 1 3 4 2 1 3 4 value 0.0 0.0 0.0 0.0 0.0 0.0 0.0 0.0 0.0 0.0 0.0 0.0 10.0 0.0 0.0 0.0 0.0 0.0 0.0 0.0 0.0 0.0 0.0 0.0 0.0 0.0 0.0 0.0 0.0 0.0 0.0 0.0 0.0 0.0 0.0 0.0 0.0 0.0 0.0 0.0 
-106.02696228027344 -107.17024993896484 -71.34371185302734 173.35707092285156 74.33686065673828 192.7891387939453 107.8342056274414 215.840576171875 8.898361206054688 -395.8327941894531 -7.7412543296813965 18.924274444580078 -34.85874557495117 -157.7887420654297 186.83338928222656 263.366943359375 -86.95150756835938 -391.6819763183594 -70.98064422607422 188.19573974609375 output 10 2 1 7 6 3 4 8 5 9 indices 2 -1 3 4 -1 1 3 4 2 1 -1 4 2 1 3 -1 2 1 3 4 2 1 3 4 2 1 3 4 -1 3 1 2 2 1 3 4 2 1 3 4 value 0.0 0.0 0.0 0.0 0.0 0.0 0.0 0.0 0.0 0.0 0.0 0.0 0.0 0.0 0.0 0.0 0.0 0.0 0.0 0.0 0.0 0.0 0.0 0.0 0.0 0.0 0.0 0.0 10.0 0.0 0.0 0.0 0.0 0.0 0.0 0.0 0.0 0.0 0.0 0.0 
-54.796173095703125 -287.59442138671875 -118.64154052734375 303.41107177734375 56.22940444946289 -261.5582580566406 104.78156280517578 284.64276123046875 49.0238151550293 -2.4077067375183105 -144.38893127441406 228.1132049560547 14.304292678833008 -269.84478759765625 96.61502075195312 -344.6471862792969 -133.21340942382812 212.11260986328125 130.0859375 137.7727508544922 output 7 3 8 4 10 5 9 6 2 1 indices 2 -1 3 4 -1 1 3 4 2 1 -1 4 -1 3 1 2 2 1 3 4 2 1 3 4 2 1 3 4 2 1 3 4 2 1 3 4 2 1 3 4 value 0.0 0.0 0.0 0.0 0.0 0.0 0.0 0.0 0.0 0.0 0.0 0.0 10.0 0.0 0.0 0.0 0.0 0.0 0.0 0.0 0.0 0.0 0.0 0.0 0.0 0.0 0.0 0.0 0.0 0.0 0.0 0.0 0.0 0.0 0.0 0.0 0.0 0.0 0.0 0.0 
-7.72544527053833 -57.2419548034668 76.07218933105469 84.1448745727539 -147.97975158691406 77.20954895019531 173.23977661132812 -195.2847137451172 -11.057624816894531 -223.88955688476562 -88.14409637451172 216.8023681640625 128.2887725830078 16.002607345581055 -25.202455520629883 -111.99691772460938 -9.47994613647461 185.7432861328125 -88.01142120361328 8.510466575622559 output 9 6 3 10 1 8 5 4 7 2 indices 2 -1 3 4 -1 1 3 4 2 1 -1 4 2 1 3 -1 2 1 3 4 -1 3 1 2 2 1 3 4 2 1 3 4 2 1 3 4 2 1 3 4 value 0.0 0.0 0.0 0.0 0.0 0.0 0.0 0.0 0.0 0.0 0.0 0.0 0.0 0.0 0.0 0.0 0.0 0.0 0.0 0.0 10.0 0.0 0.0 0.0 0.0 0.0 0.0 0.0 0.0 0.0 0.0 0.0 0.0 0.0 0.0 0.0 0.0 0.0 0.0 0.0 
75.52741241455078 -212.2274169921875 114.30950927734375 -270.12939453125 39.66872024536133 336.2225341796875 3.0221829414367676 -12.096318244934082 1.8068435192108154 -63.86392593383789 49.20285415649414 437.97003173828125 40.16255187988281 192.17608642578125 -201.1150665283203 -175.88388061523438 -104.31178283691406 -206.92481994628906 -18.27321434020996 -25.242874145507812 output 1 2 7 3 6 9 8 10 4 5 indices 2 -1 3 4 -1 1 3 4 2 1 -1 4 2 1 3 -1 2 1 3 4 -1 3 1 2 2 1 3 4 2 1 3 4 2 1 3 4 2 1 3 4 value 0.0 0.0 0.0 0.0 0.0 0.0 0.0 0.0 0.0 0.0 0.0 0.0 0.0 0.0 0.0 0.0 0.0 0.0 0.0 0.0 10.0 0.0 0.0 0.0 0.0 0.0 0.0 0.0 0.0 0.0 0.0 0.0 0.0 0.0 0.0 0.0 0.0 0.0 0.0 0.0 
92.2125244140625 -111.39727020263672 68.13634490966797 -91.73821258544922 28.120126724243164 262.1733093261719 174.7679901123047 -166.21144104003906 -75.79036712646484 -22.19457244873047 -31.683794021606445 -213.5732879638672 1.4948210716247559 254.22824096679688 -75.37252807617188 155.4958038330078 -76.47913360595703 106.23936462402344 -105.4059829711914 -173.02191162109375 output 7 3 4 1 2 6 10 5 9 8 indices 2 -1 3 4 -1 1 3 4 -1 4 1 2 2 1 3 -1 2 1 3 4 2 1 3 4 2 1 3 4 2 1 3 4 2 1 3 4 2 1 3 4 value 0.0 0.0 0.0 0.0 0.0 0.0 0.0 0.0 10.0 0.0 0.0 0.0 0.0 0.0 0.0 0.0 0.0 0.0 0.0 0.0 0.0 0.0 0.0 0.0 0.0 0.0 0.0 0.0 0.0 0.0 0.0 0.0 0.0 0.0 0.0 0.0 0.0 0.0 0.0 0.0 
56.39023971557617 280.3855895996094 85.11249542236328 159.9755096435547 95.40096282958984 -76.88432312011719 -37.20573043823242 262.2857666015625 114.61713409423828 -106.39170837402344 -40.72872543334961 -125.50798797607422 -114.91153717041016 -209.63414001464844 -49.12465286254883 -150.90432739257812 35.048274993896484 -224.01046752929688 -144.59844970703125 190.6860809326172 output 5 3 2 1 4 10 7 8 6 9 indices -1 4 2 3 -1 1 3 4 2 1 -1 4 2 1 3 -1 2 1 3 4 2 1 3 4 2 1 3 4 2 1 3 4 2 1 3 4 2 1 3 4 value 10.0 0.0 0.0 0.0 0.0 0.0 0.0 0.0 0.0 0.0 0.0 0.0 0.0 0.0 0.0 0.0 0.0 0.0 0.0 0.0 0.0 0.0 0.0 0.0 0.0 0.0 0.0 0.0 0.0 0.0 0.0 0.0 0.0 0.0 0.0 0.0 0.0 0.0 0.0 0.0 
38.34294509887695 -337.7456970214844 45.58778381347656 135.07017517089844 38.346065521240234 243.757080078125 -130.66326904296875 -191.18922424316406 -37.49425506591797 219.44349670410156 -133.40533447265625 -247.9393310546875 -73.99494934082031 241.4485321044922 99.25840759277344 -439.87603759765625 -15.043793678283691 191.69923400878906 169.06639099121094 185.33175659179688 output 1 3 8 10 2 9 5 7 6 4 indices 2 -1 3 4 -1 1 3 4 -1 4 1 2 2 1 3 -1 2 1 3 4 2 1 3 4 2 1 3 4 2 1 3 4 2 1 3 4 2 1 3 4 value 0.0 0.0 0.0 0.0 0.0 0.0 0.0 0.0 10.0 0.0 0.0 0.0 0.0 0.0 0.0 0.0 0.0 0.0 0.0 0.0 0.0 0.0 0.0 0.0 0.0 0.0 0.0 0.0 0.0 0.0 0.0 0.0 0.0 0.0 0.0 0.0 0.0 0.0 0.0 0.0 
-145.3744659423828 159.4062957763672 113.00927734375 56.1419677734375 -73.68708801269531 -109.83547973632812 2.7430222034454346 -13.223562240600586 102.9005355834961 -125.88245391845703 99.83226776123047 6.429665565490723 29.609962463378906 16.082347869873047 -118.2158432006836 -60.99351501464844 -34.533695220947266 -107.00902557373047 23.716020584106445 178.88377380371094 output 1 10 2 6 5 7 4 9 3 8 indices 2 -1 3 4 -1 1 3 4 2 1 -1 4 2 1 3 -1 2 1 3 4 2 1 3 4 2 1 3 4 2 1 3 4 2 1 3 4 -1 3 1 2 value 0.0 0.0 0.0 0.0 0.0 0.0 0.0 0.0 0.0 0.0 0.0 0.0 0.0 0.0 0.0 0.0 0.0 0.0 0.0 0.0 0.0 0.0 0.0 0.0 0.0 0.0 0.0 0.0 0.0 0.0 0.0 0.0 0.0 0.0 0.0 0.0 10.0 0.0 0.0 0.0 
-128.01954650878906 -134.7063446044922 44.53609085083008 127.69901275634766 16.567848205566406 24.54615020751953 38.339534759521484 -169.5 50.19125747680664 12.474101066589355 -66.80696105957031 -111.27482604980469 138.90582275390625 -185.0760955810547 -126.25627899169922 92.19940948486328 -13.163007736206055 87.85942077636719 45.70524597167969 255.77915954589844 output 5 3 9 2 10 1 8 6 4 7 indices 2 -1 3 4 -1 1 3 4 2 1 -1 4 2 1 3 -1 2 1 3 4 2 1 3 4 2 1 3 4 2 1 3 4 2 1 3 4 -1 3 1 2 value 0.0 0.0 0.0 0.0 0.0 0.0 0.0 0.0 0.0 0.0 0.0 0.0 0.0 0.0 0.0 0.0 0.0 0.0 0.0 0.0 0.0 0.0 0.0 0.0 0.0 0.0 0.0 0.0 0.0 0.0 0.0 0.0 0.0 0.0 0.0 0.0 10.0 0.0 0.0 0.0 
-96.83358764648438 197.4138641357422 128.31796264648438 52.03976821899414 -74.21492767333984 176.54356384277344 -137.70809936523438 -23.244178771972656 204.0734100341797 190.0307159423828 139.30201721191406 172.87066650390625 -64.58167266845703 -83.07937622070312 -93.42356872558594 -291.60223388671875 58.68142318725586 -70.73075103759766 -63.612953186035156 -320.2420349121094 output 1 10 8 4 7 9 2 5 6 3 indices 2 -1 3 4 -1 1 3 4 2 1 -1 4 2 1 3 -1 -1 3 1 2 2 1 3 4 2 1 3 4 2 1 3 4 2 1 3 4 2 1 3 4 value 0.0 0.0 0.0 0.0 0.0 0.0 0.0 0.0 0.0 0.0 0.0 0.0 0.0 0.0 0.0 0.0 10.0 0.0 0.0 0.0 0.0 0.0 0.0 0.0 0.0 0.0 0.0 0.0 0.0 0.0 0.0 0.0 0.0 0.0 0.0 0.0 0.0 0.0 0.0 0.0 
166.2508544921875 -207.7545623779297 173.5791015625 8.8933687210083 -69.58179473876953 249.78944396972656 -75.5027847290039 198.1668243408203 -100.45962524414062 192.95486450195312 -171.7111358642578 9.947474479675293 -28.72393226623535 54.9166374206543 32.58852767944336 -291.9282531738281 61.53355407714844 -277.3231506347656 12.027246475219727 62.33735656738281 output 1 2 10 7 6 5 4 3 8 9 indices 2 -1 3 4 -1 1 3 4 -1 4 1 2 2 1 3 -1 2 1 3 4 2 1 3 4 2 1 3 4 2 1 3 4 2 1 3 4 2 1 3 4 value 0.0 0.0 0.0 0.0 0.0 0.0 0.0 0.0 10.0 0.0 0.0 0.0 0.0 0.0 0.0 0.0 0.0 0.0 0.0 0.0 0.0 0.0 0.0 0.0 0.0 0.0 0.0 0.0 0.0 0.0 0.0 0.0 0.0 0.0 0.0 0.0 0.0 0.0 0.0 0.0 
96.53874969482422 16.816572189331055 -34.49259948730469 17.047760009765625 -177.93214416503906 -381.30218505859375 99.05427551269531 -308.90179443359375 -65.75603485107422 -293.91619873046875 -131.1991729736328 260.25054931640625 119.7373046875 251.381103515625 70.25764465332031 180.416259765625 89.12632751464844 -31.021982192993164 -65.33436584472656 289.22991943359375 output 3 6 10 5 4 7 8 1 9 2 indices 2 -1 3 4 -1 1 3 4 2 1 -1 4 2 1 3 -1 2 1 3 4 2 1 3 4 2 1 3 4 2 1 3 4 2 1 3 4 -1 3 1 2 value 0.0 0.0 0.0 0.0 0.0 0.0 0.0 0.0 0.0 0.0 0.0 0.0 0.0 0.0 0.0 0.0 0.0 0.0 0.0 0.0 0.0 0.0 0.0 0.0 0.0 0.0 0.0 0.0 0.0 0.0 0.0 0.0 0.0 0.0 0.0 0.0 10.0 0.0 0.0 0.0 
-110.57527160644531 -265.34722900390625 -70.14106750488281 -71.36360931396484 -55.99734115600586 312.614990234375 40.10707473754883 -21.959701538085938 66.83451843261719 57.89815139770508 -85.71839141845703 -214.18429565429688 47.35116958618164 198.77549743652344 157.3014373779297 106.46829986572266 -16.057308197021484 -305.3508605957031 26.89518165588379 202.44876098632812 output 1 2 4 5 8 7 10 3 9 6 indices 2 -1 3 4 -1 1 3 4 -1 4 1 2 2 1 3 -1 2 1 3 4 2 1 3 4 2 1 3 4 2 1 3 4 2 1 3 4 2 1 3 4 value 0.0 0.0 0.0 0.0 0.0 0.0 0.0 0.0 10.0 0.0 0.0 0.0 0.0 0.0 0.0 0.0 0.0 0.0 0.0 0.0 0.0 0.0 0.0 0.0 0.0 0.0 0.0 0.0 0.0 0.0 0.0 0.0 0.0 0.0 0.0 0.0 0.0 0.0 0.0 0.0 
176.80320739746094 264.30108642578125 -100.23165130615234 110.74934387207031 102.15486145019531 64.46134185791016 48.05204772949219 -122.02662658691406 26.164833068847656 -353.8368835449219 12.260744094848633 -94.75249481201172 -65.11282348632812 179.28521728515625 36.91758346557617 269.0689392089844 -90.98365020751953 -126.09310150146484 -146.025146484375 -191.15684509277344 output 8 5 1 3 4 6 9 10 2 7 indices -1 4 2 3 -1 1 3 4 2 1 -1 4 2 1 3 -1 2 1 3 4 2 1 3 4 2 1 3 4 2 1 3 4 2 1 3 4 2 1 3 4 value 10.0 0.0 0.0 0.0 0.0 0.0 0.0 0.0 0.0 0.0 0.0 0.0 0.0 0.0 0.0 0.0 0.0 0.0 0.0 0.0 0.0 0.0 0.0 0.0 0.0 0.0 0.0 0.0 0.0 0.0 0.0 0.0 0.0 0.0 0.0 0.0 0.0 0.0 0.0 0.0 
9.867902755737305 185.30322265625 49.5417366027832 -119.99980926513672 -65.29560852050781 -259.4262390136719 -29.7633056640625 -310.2375793457031 24.3679141998291 316.0833435058594 72.70634460449219 -88.7369155883789 -175.1178741455078 -0.8892802000045776 172.7360382080078 75.63211059570312 -63.816410064697266 7.945550918579102 4.773265361785889 194.3256072998047 output 8 6 2 9 7 3 4 5 10 1 indices 2 -1 3 4 -1 1 3 4 2 1 -1 4 2 1 3 -1 -1 3 1 2 2 1 3 4 2 1 3 4 2 1 3 4 2 1 3 4 2 1 3 4 value 0.0 0.0 0.0 0.0 0.0 0.0 0.0 0.0 0.0 0.0 0.0 0.0 0.0 0.0 0.0 0.0 10.0 0.0 0.0 0.0 0.0 0.0 0.0 0.0 0.0 0.0 0.0 0.0 0.0 0.0 0.0 0.0 0.0 0.0 0.0 0.0 0.0 0.0 0.0 0.0 
-182.4826202392578 227.76263427734375 -94.13928985595703 223.5999298095703 132.84503173828125 74.12921905517578 90.04257202148438 106.57205963134766 7.555723667144775 -203.05587768554688 52.110843658447266 -259.4765930175781 -97.03905487060547 -148.44639587402344 -15.718657493591309 -121.91157531738281 2.255986213684082 102.16157531738281 104.5694580078125 -1.3349465131759644 output 6 5 8 7 1 2 9 4 10 3 indices 2 -1 3 4 -1 4 1 3 2 1 -1 4 2 1 3 -1 2 1 3 4 2 1 3 4 2 1 3 4 2 1 3 4 2 1 3 4 2 1 3 4 value 0.0 0.0 0.0 0.0 10.0 0.0 0.0 0.0 0.0 0.0 0.0 0.0 0.0 0.0 0.0 0.0 0.0 0.0 0.0 0.0 0.0 0.0 0.0 0.0 0.0 0.0 0.0 0.0 0.0 0.0 0.0 0.0 0.0 0.0 0.0 0.0 0.0 0.0 0.0 0.0 
46.01740264892578 -163.4657745361328 -72.25062561035156 29.56227684020996 -27.565587997436523 -51.445552825927734 -119.58663940429688 -303.43731689453125 -125.53050994873047 87.63761901855469 109.73230743408203 -123.92948913574219 -44.85382080078125 -86.38235473632812 -30.319664001464844 209.59332275390625 99.441162109375 66.83780670166016 164.9159698486328 335.02947998046875 output 3 7 1 6 10 9 8 4 5 2 indices 2 -1 3 4 -1 1 3 4 2 1 -1 4 2 1 3 -1 2 1 3 4 2 1 3 4 2 1 3 4 2 1 3 4 2 1 3 4 -1 3 1 2 value 0.0 0.0 0.0 0.0 0.0 0.0 0.0 0.0 0.0 0.0 0.0 0.0 0.0 0.0 0.0 0.0 0.0 0.0 0.0 0.0 0.0 0.0 0.0 0.0 0.0 0.0 0.0 0.0 0.0 0.0 0.0 0.0 0.0 0.0 0.0 0.0 10.0 0.0 0.0 0.0 
-163.78460693359375 -212.2187042236328 -62.12748718261719 -312.77386474609375 122.74014282226562 390.58038330078125 58.6297721862793 -198.5468292236328 -58.845672607421875 -54.83619689941406 -3.989269495010376 154.92263793945312 78.28172302246094 323.4952087402344 149.4178009033203 -119.7734603881836 61.89085388183594 163.94891357421875 -182.2132568359375 -134.79808044433594 output 3 7 9 6 5 10 1 2 4 8 indices 2 -1 3 4 -1 1 3 4 -1 4 1 2 2 1 3 -1 2 1 3 4 2 1 3 4 2 1 3 4 2 1 3 4 2 1 3 4 2 1 3 4 value 0.0 0.0 0.0 0.0 0.0 0.0 0.0 0.0 10.0 0.0 0.0 0.0 0.0 0.0 0.0 0.0 0.0 0.0 0.0 0.0 0.0 0.0 0.0 0.0 0.0 0.0 0.0 0.0 0.0 0.0 0.0 0.0 0.0 0.0 0.0 0.0 0.0 0.0 0.0 0.0 
73.0738754272461 21.26996612548828 160.61798095703125 191.36009216308594 -38.986663818359375 223.69110107421875 26.588035583496094 -7.136037349700928 68.39606475830078 280.12933349609375 -132.51058959960938 128.02484130859375 36.33639907836914 -281.96392822265625 -114.8909683227539 -258.2081298828125 -102.3323974609375 -112.70944213867188 23.708253860473633 -184.45779418945312 output 6 9 8 7 10 4 1 2 5 3 indices 2 -1 3 4 -1 1 3 4 2 1 -1 4 2 1 3 -1 -1 3 1 2 2 1 3 4 2 1 3 4 2 1 3 4 2 1 3 4 2 1 3 4 value 0.0 0.0 0.0 0.0 0.0 0.0 0.0 0.0 0.0 0.0 0.0 0.0 0.0 0.0 0.0 0.0 10.0 0.0 0.0 0.0 0.0 0.0 0.0 0.0 0.0 0.0 0.0 0.0 0.0 0.0 0.0 0.0 0.0 0.0 0.0 0.0 0.0 0.0 0.0 0.0 
57.93793487548828 -121.2660140991211 -95.76304626464844 -90.19009399414062 99.25055694580078 -182.05831909179688 119.83147430419922 -243.19168090820312 -68.2899169921875 207.75148010253906 17.306039810180664 74.43021392822266 107.20795440673828 -246.3645782470703 -81.48920440673828 204.61239624023438 -129.64315795898438 157.03379821777344 -26.34864616394043 239.24276733398438 output 1 3 7 4 6 10 5 8 9 2 indices 2 -1 3 4 -1 1 3 4 2 1 -1 4 2 1 3 -1 2 1 3 4 2 1 3 4 2 1 3 4 2 1 3 4 2 1 3 4 -1 3 1 2 value 0.0 0.0 0.0 0.0 0.0 0.0 0.0 0.0 0.0 0.0 0.0 0.0 0.0 0.0 0.0 0.0 0.0 0.0 0.0 0.0 0.0 0.0 0.0 0.0 0.0 0.0 0.0 0.0 0.0 0.0 0.0 0.0 0.0 0.0 0.0 0.0 10.0 0.0 0.0 0.0 
-72.39644622802734 399.0353088378906 -72.6400375366211 -33.78015899658203 169.1834259033203 60.96443557739258 -0.44973552227020264 -51.98898696899414 163.1428985595703 -215.88333129882812 -131.0610809326172 -221.6811981201172 -70.9987564086914 235.61038208007812 -98.58451080322266 -28.02267074584961 25.138198852539062 -218.1863555908203 88.66604614257812 73.93257904052734 output 3 5 9 1 7 6 8 2 4 10 indices -1 4 2 3 -1 1 3 4 2 1 -1 4 2 1 3 -1 2 1 3 4 2 1 3 4 2 1 3 4 2 1 3 4 2 1 3 4 2 1 3 4 value 10.0 0.0 0.0 0.0 0.0 0.0 0.0 0.0 0.0 0.0 0.0 0.0 0.0 0.0 0.0 0.0 0.0 0.0 0.0 0.0 0.0 0.0 0.0 0.0 0.0 0.0 0.0 0.0 0.0 0.0 0.0 0.0 0.0 0.0 0.0 0.0 0.0 0.0 0.0 0.0 
95.96991729736328 242.4206085205078 107.19544982910156 39.932456970214844 48.840972900390625 88.97391510009766 122.60404205322266 24.41046905517578 96.6467514038086 -128.02113342285156 -128.20404052734375 197.33181762695312 -210.30422973632812 -134.10409545898438 -123.3132553100586 -9.502999305725098 98.08609771728516 -42.43714904785156 -107.5217056274414 -279.0038757324219 output 1 4 2 9 5 10 7 8 6 3 indices -1 4 2 3 -1 1 3 4 2 1 -1 4 2 1 3 -1 2 1 3 4 2 1 3 4 2 1 3 4 2 1 3 4 2 1 3 4 2 1 3 4 value 10.0 0.0 0.0 0.0 0.0 0.0 0.0 0.0 0.0 0.0 0.0 0.0 0.0 0.0 0.0 0.0 0.0 0.0 0.0 0.0 0.0 0.0 0.0 0.0 0.0 0.0 0.0 0.0 0.0 0.0 0.0 0.0 0.0 0.0 0.0 0.0 0.0 0.0 0.0 0.0 
-109.18373107910156 346.0758361816406 -84.07289123535156 -114.80533599853516 56.25068283081055 -152.9396209716797 156.06976318359375 -144.25921630859375 44.742427825927734 -176.30308532714844 -131.22935485839844 355.0505676269531 -44.12480163574219 -136.40313720703125 23.998544692993164 272.57843017578125 125.009765625 -191.30075073242188 -37.46039962768555 -57.693702697753906 output 2 10 7 5 3 9 4 8 1 6 indices 2 -1 3 4 -1 1 3 4 2 1 -1 4 2 1 3 -1 2 1 3 4 -1 3 1 2 2 1 3 4 2 1 3 4 2 1 3 4 2 1 3 4 value 0.0 0.0 0.0 0.0 0.0 0.0 0.0 0.0 0.0 0.0 0.0 0.0 0.0 0.0 0.0 0.0 0.0 0.0 0.0 0.0 10.0 0.0 0.0 0.0 0.0 0.0 0.0 0.0 0.0 0.0 0.0 0.0 0.0 0.0 0.0 0.0 0.0 0.0 0.0 0.0 
-44.251590728759766 73.1497802734375 69.58785247802734 -42.99777603149414 -30.07649040222168 -39.894962310791016 -61.64746856689453 -220.96080017089844 -19.921873092651367 1.9453654289245605 113.52764892578125 349.6995849609375 31.71463394165039 -48.65236282348633 56.471187591552734 -187.9963836669922 33.54084014892578 -226.06198120117188 -148.9447479248047 341.76953125 output 1 10 4 9 8 6 2 7 3 5 indices 2 -1 3 4 -1 1 3 4 2 1 -1 4 2 1 3 -1 2 1 3 4 -1 3 1 2 2 1 3 4 2 1 3 4 2 1 3 4 2 1 3 4 value 0.0 0.0 0.0 0.0 0.0 0.0 0.0 0.0 0.0 0.0 0.0 0.0 0.0 0.0 0.0 0.0 0.0 0.0 0.0 0.0 10.0 0.0 0.0 0.0 0.0 0.0 0.0 0.0 0.0 0.0 0.0 0.0 0.0 0.0 0.0 0.0 0.0 0.0 0.0 0.0 
-54.756744384765625 -270.5799560546875 120.29899597167969 -180.33082580566406 53.883018493652344 -2.7249765396118164 103.34956359863281 -131.26971435546875 -36.97588348388672 298.4906311035156 -42.183929443359375 -34.87681198120117 -137.5985870361328 91.21995544433594 -158.05783081054688 -171.21192932128906 4.601963043212891 110.2706527709961 147.43943786621094 291.0129699707031 output 10 5 1 8 7 6 9 3 4 2 indices 2 -1 3 4 -1 1 3 4 2 1 -1 4 2 1 3 -1 2 1 3 4 2 1 3 4 2 1 3 4 2 1 3 4 2 1 3 4 -1 3 1 2 value 0.0 0.0 0.0 0.0 0.0 0.0 0.0 0.0 0.0 0.0 0.0 0.0 0.0 0.0 0.0 0.0 0.0 0.0 0.0 0.0 0.0 0.0 0.0 0.0 0.0 0.0 0.0 0.0 0.0 0.0 0.0 0.0 0.0 0.0 0.0 0.0 10.0 0.0 0.0 0.0 
-9.62722396850586 -11.815878868103027 -148.79396057128906 292.6230773925781 57.411354064941406 -295.13287353515625 -123.12805938720703 237.8473358154297 49.346900939941406 306.21026611328125 149.89569091796875 297.3494873046875 -127.50748443603516 -48.59801483154297 -106.18262481689453 -359.5391540527344 125.6957778930664 -46.205177307128906 132.88961791992188 -372.7390441894531 output 5 8 4 2 7 1 9 6 10 3 indices 2 -1 3 4 -1 1 3 4 2 1 -1 4 2 1 3 -1 2 1 3 4 -1 3 1 2 2 1 3 4 2 1 3 4 2 1 3 4 2 1 3 4 value 0.0 0.0 0.0 0.0 0.0 0.0 0.0 0.0 0.0 0.0 0.0 0.0 0.0 0.0 0.0 0.0 0.0 0.0 0.0 0.0 10.0 0.0 0.0 0.0 0.0 0.0 0.0 0.0 0.0 0.0 0.0 0.0 0.0 0.0 0.0 0.0 0.0 0.0 0.0 0.0 
-174.67872619628906 -28.182405471801758 -28.480661392211914 150.33375549316406 3.0424680709838867 -234.75059509277344 -44.202510833740234 282.749755859375 160.70899963378906 -302.1758117675781 138.85935974121094 -216.27627563476562 105.21356964111328 239.1300048828125 -103.77986907958984 276.5625915527344 -155.22781372070312 23.439634323120117 98.54517364501953 -190.83065795898438 output 10 6 5 7 2 4 8 9 1 3 indices 2 -1 3 4 -1 1 3 4 2 1 -1 4 -1 3 1 2 2 1 3 4 2 1 3 4 2 1 3 4 2 1 3 4 2 1 3 4 2 1 3 4 value 0.0 0.0 0.0 0.0 0.0 0.0 0.0 0.0 0.0 0.0 0.0 0.0 10.0 0.0 0.0 0.0 0.0 0.0 0.0 0.0 0.0 0.0 0.0 0.0 0.0 0.0 0.0 0.0 0.0 0.0 0.0 0.0 0.0 0.0 0.0 0.0 0.0 0.0 0.0 0.0 
75.14915466308594 -182.4195098876953 59.99454116821289 204.0530242919922 21.14069175720215 -191.57015991210938 -139.75990295410156 114.0152359008789 -36.86448669433594 293.7848205566406 29.474796295166016 -85.54347229003906 128.70458984375 253.00709533691406 -107.57455444335938 -133.3358154296875 -33.140316009521484 -240.94287109375 2.8754959106445312 -31.048355102539062 output 1 6 10 7 2 5 4 8 9 3 indices 2 -1 3 4 -1 1 3 4 2 1 -1 4 2 1 3 -1 -1 3 1 2 2 1 3 4 2 1 3 4 2 1 3 4 2 1 3 4 2 1 3 4 value 0.0 0.0 0.0 0.0 0.0 0.0 0.0 0.0 0.0 0.0 0.0 0.0 0.0 0.0 0.0 0.0 10.0 0.0 0.0 0.0 0.0 0.0 0.0 0.0 0.0 0.0 0.0 0.0 0.0 0.0 0.0 0.0 0.0 0.0 0.0 0.0 0.0 0.0 0.0 0.0 
-3.04309344291687 274.96551513671875 190.98345947265625 171.96221923828125 162.06088256835938 133.4593963623047 -126.6189193725586 -391.7675476074219 -78.11608123779297 165.8565673828125 -93.63204193115234 115.4540786743164 84.30776977539062 -223.8170166015625 -137.05575561523438 -201.9363555908203 -88.78271484375 -123.79679107666016 89.89649963378906 79.61991882324219 output 2 3 10 1 5 6 4 8 9 7 indices -1 4 2 3 -1 1 3 4 2 1 -1 4 2 1 3 -1 2 1 3 4 2 1 3 4 2 1 3 4 2 1 3 4 2 1 3 4 2 1 3 4 value 10.0 0.0 0.0 0.0 0.0 0.0 0.0 0.0 0.0 0.0 0.0 0.0 0.0 0.0 0.0 0.0 0.0 0.0 0.0 0.0 0.0 0.0 0.0 0.0 0.0 0.0 0.0 0.0 0.0 0.0 0.0 0.0 0.0 0.0 0.0 0.0 0.0 0.0 0.0 0.0 
93.09872436523438 -326.08612060546875 67.7605972290039 151.6766357421875 27.48296546936035 119.83226776123047 -108.29186248779297 -52.416507720947266 175.656005859375 195.20188903808594 0.4717397689819336 -375.3097839355469 -109.04573822021484 240.44139099121094 10.590215682983398 127.94207000732422 -73.10542297363281 -339.3810729980469 -84.61721801757812 258.0992431640625 output 9 10 7 4 8 3 2 5 1 6 indices 2 -1 3 4 -1 1 3 4 2 1 -1 4 2 1 3 -1 2 1 3 4 2 1 3 4 2 1 3 4 2 1 3 4 2 1 3 4 -1 3 1 2 value 0.0 0.0 0.0 0.0 0.0 0.0 0.0 0.0 0.0 0.0 0.0 0.0 0.0 0.0 0.0 0.0 0.0 0.0 0.0 0.0 0.0 0.0 0.0 0.0 0.0 0.0 0.0 0.0 0.0 0.0 0.0 0.0 0.0 0.0 0.0 0.0 10.0 0.0 0.0 0.0 
-64.4853286743164 -227.91331481933594 -115.12120819091797 1.0555206537246704 119.19889068603516 151.6430206298828 -41.773216247558594 144.54183959960938 197.67222595214844 250.6348876953125 -140.49534606933594 -227.0020751953125 191.14955139160156 88.15397644042969 -114.20475769042969 -161.53768920898438 -97.34415435791016 -168.3533935546875 65.40335083007812 148.77725219726562 output 7 5 1 9 8 6 2 4 10 3 indices 2 -1 3 4 -1 1 3 4 2 1 -1 4 2 1 3 -1 -1 3 1 2 2 1 3 4 2 1 3 4 2 1 3 4 2 1 3 4 2 1 3 4 value 0.0 0.0 0.0 0.0 0.0 0.0 0.0 0.0 0.0 0.0 0.0 0.0 0.0 0.0 0.0 0.0 10.0 0.0 0.0 0.0 0.0 0.0 0.0 0.0 0.0 0.0 0.0 0.0 0.0 0.0 0.0 0.0 0.0 0.0 0.0 0.0 0.0 0.0 0.0 0.0 
20.269813537597656 -284.4450378417969 -56.2814826965332 -247.7062530517578 169.50054931640625 72.4212875366211 116.65729522705078 81.08226776123047 -98.6148452758789 -65.65283203125 -114.43698120117188 375.23565673828125 -10.452966690063477 241.53823852539062 30.87200927734375 307.9359130859375 83.75763702392578 -235.31378173828125 -141.27102661132812 -245.09548950195312 output 10 6 7 8 4 3 9 1 2 5 indices 2 -1 3 4 -1 1 3 4 2 1 -1 4 2 1 3 -1 2 1 3 4 -1 3 1 2 2 1 3 4 2 1 3 4 2 1 3 4 2 1 3 4 value 0.0 0.0 0.0 0.0 0.0 0.0 0.0 0.0 0.0 0.0 0.0 0.0 0.0 0.0 0.0 0.0 0.0 0.0 0.0 0.0 10.0 0.0 0.0 0.0 0.0 0.0 0.0 0.0 0.0 0.0 0.0 0.0 0.0 0.0 0.0 0.0 0.0 0.0 0.0 0.0 
-15.438667297363281 125.97360229492188 -101.35628509521484 348.568115234375 -43.14299392700195 -90.93750762939453 89.66598510742188 -118.21995544433594 75.72225189208984 -49.56340026855469 -79.92587280273438 -232.43833923339844 -89.60816955566406 249.1271209716797 39.24396896362305 -47.09313201904297 -51.19894790649414 -53.54840087890625 176.0387420654297 -131.8681182861328 output 1 10 4 5 8 9 3 6 2 7 indices 2 -1 3 4 -1 4 1 3 2 1 -1 4 2 1 3 -1 2 1 3 4 2 1 3 4 2 1 3 4 2 1 3 4 2 1 3 4 2 1 3 4 value 0.0 0.0 0.0 0.0 10.0 0.0 0.0 0.0 0.0 0.0 0.0 0.0 0.0 0.0 0.0 0.0 0.0 0.0 0.0 0.0 0.0 0.0 0.0 0.0 0.0 0.0 0.0 0.0 0.0 0.0 0.0 0.0 0.0 0.0 0.0 0.0 0.0 0.0 0.0 0.0 
-30.432518005371094 202.41168212890625 13.765823364257812 -126.16754150390625 155.07431030273438 23.113554000854492 -151.36721801757812 221.94833374023438 33.6126594543457 -242.7100067138672 10.07599925994873 -213.29165649414062 144.6161651611328 34.727882385253906 -148.31982421875 -97.64820861816406 65.38579559326172 254.15597534179688 -92.41120147705078 -56.54002380371094 output 7 3 5 6 2 10 8 4 1 9 indices 2 -1 3 4 -1 1 3 4 2 1 -1 4 2 1 3 -1 2 1 3 4 2 1 3 4 2 1 3 4 2 1 3 4 -1 3 1 2 2 1 3 4 value 0.0 0.0 0.0 0.0 0.0 0.0 0.0 0.0 0.0 0.0 0.0 0.0 0.0 0.0 0.0 0.0 0.0 0.0 0.0 0.0 0.0 0.0 0.0 0.0 0.0 0.0 0.0 0.0 0.0 0.0 0.0 0.0 10.0 0.0 0.0 0.0 0.0 0.0 0.0 0.0 
20.4711971282959 145.13339233398438 -147.19940185546875 225.0145263671875 -105.32612609863281 163.49215698242188 113.29383087158203 -61.690303802490234 -84.26647186279297 -343.6416931152344 -137.8201904296875 161.01275634765625 23.20224952697754 -234.72341918945312 162.9875030517578 -459.2727966308594 115.98065185546875 230.63949584960938 38.67675018310547 174.035888671875 output 2 6 3 1 10 9 8 4 7 5 indices 2 -1 3 4 -1 1 3 4 2 1 -1 4 2 1 3 -1 2 1 3 4 2 1 3 4 2 1 3 4 2 1 3 4 -1 3 1 2 2 1 3 4 value 0.0 0.0 0.0 0.0 0.0 0.0 0.0 0.0 0.0 0.0 0.0 0.0 0.0 0.0 0.0 0.0 0.0 0.0 0.0 0.0 0.0 0.0 0.0 0.0 0.0 0.0 0.0 0.0 0.0 0.0 0.0 0.0 10.0 0.0 0.0 0.0 0.0 0.0 0.0 0.0 
-35.401519775390625 -56.60027313232422 -77.9396743774414 95.67912292480469 185.7410430908203 230.78436279296875 -54.46247100830078 -145.2758026123047 -119.75320434570312 249.2910614013672 36.07740783691406 -198.58187866210938 117.84130096435547 -196.86878967285156 77.2895736694336 -81.23738861083984 -107.25493621826172 260.9733581542969 -22.137521743774414 -158.1637725830078 output 1 2 9 5 4 10 6 7 3 8 indices 2 -1 3 4 -1 1 3 4 -1 4 1 2 2 1 3 -1 2 1 3 4 2 1 3 4 2 1 3 4 2 1 3 4 2 1 3 4 2 1 3 4 value 0.0 0.0 0.0 0.0 0.0 0.0 0.0 0.0 10.0 0.0 0.0 0.0 0.0 0.0 0.0 0.0 0.0 0.0 0.0 0.0 0.0 0.0 0.0 0.0 0.0 0.0 0.0 0.0 0.0 0.0 0.0 0.0 0.0 0.0 0.0 0.0 0.0 0.0 0.0 0.0 
65.47834014892578 23.414146423339844 86.4614028930664 -219.1803436279297 13.918110847473145 136.15150451660156 -10.938555717468262 112.31455993652344 69.05596160888672 -175.8746795654297 65.5818099975586 -97.06390380859375 -156.7973175048828 231.5477752685547 -11.947548866271973 111.45408630371094 93.95731353759766 226.58042907714844 -214.76951599121094 -349.3435974121094 output 1 3 4 8 10 7 9 2 5 6 indices 2 -1 3 4 -1 1 3 4 2 1 -1 4 2 1 3 -1 2 1 3 4 2 1 3 4 2 1 3 4 2 1 3 4 -1 3 1 2 2 1 3 4 value 0.0 0.0 0.0 0.0 0.0 0.0 0.0 0.0 0.0 0.0 0.0 0.0 0.0 0.0 0.0 0.0 0.0 0.0 0.0 0.0 0.0 0.0 0.0 0.0 0.0 0.0 0.0 0.0 0.0 0.0 0.0 0.0 10.0 0.0 0.0 0.0 0.0 0.0 0.0 0.0 
7.9020161628723145 -303.263916015625 -31.454273223876953 -61.69365692138672 -133.13778686523438 -127.50269317626953 66.99177551269531 55.23353576660156 14.881433486938477 109.36357116699219 86.55182647705078 176.08401489257812 -159.74757385253906 218.36404418945312 25.697418212890625 42.3736457824707 150.22116088867188 -203.75830078125 -27.90599250793457 94.79977416992188 output 1 9 6 4 8 5 10 2 3 7 indices 2 -1 3 4 -1 1 3 4 2 1 -1 4 2 1 3 -1 2 1 3 4 -1 3 1 2 2 1 3 4 2 1 3 4 2 1 3 4 2 1 3 4 value 0.0 0.0 0.0 0.0 0.0 0.0 0.0 0.0 0.0 0.0 0.0 0.0 0.0 0.0 0.0 0.0 0.0 0.0 0.0 0.0 10.0 0.0 0.0 0.0 0.0 0.0 0.0 0.0 0.0 0.0 0.0 0.0 0.0 0.0 0.0 0.0 0.0 0.0 0.0 0.0 
104.88654327392578 81.0427474975586 -43.45856857299805 32.176910400390625 -6.24276876449585 55.0270881652832 122.82352447509766 -382.9722900390625 -19.393007278442383 -188.90870666503906 -66.00086212158203 197.38711547851562 19.52532196044922 204.84573364257812 -180.6098175048828 -64.36170959472656 -97.02455139160156 178.98533630371094 165.4941864013672 -113.22223663330078 output 5 8 9 6 7 4 10 1 3 2 indices 2 -1 3 4 -1 1 3 4 2 1 -1 4 2 1 3 -1 2 1 3 4 2 1 3 4 -1 3 1 2 2 1 3 4 2 1 3 4 2 1 3 4 value 0.0 0.0 0.0 0.0 0.0 0.0 0.0 0.0 0.0 0.0 0.0 0.0 0.0 0.0 0.0 0.0 0.0 0.0 0.0 0.0 0.0 0.0 0.0 0.0 10.0 0.0 0.0 0.0 0.0 0.0 0.0 0.0 0.0 0.0 0.0 0.0 0.0 0.0 0.0 0.0 
57.56381607055664 12.426228523254395 -58.86109161376953 183.45486450195312 27.260452270507812 236.81077575683594 -67.71643829345703 88.40360260009766 117.60276794433594 -389.62286376953125 -169.7391815185547 1.7548847198486328 -43.313453674316406 121.40812683105469 91.4139404296875 -83.41559600830078 108.6246566772461 -13.302024841308594 -62.83547592163086 -157.91799926757812 output 5 9 1 8 10 6 4 7 2 3 indices 2 -1 3 4 -1 1 3 4 -1 4 1 2 2 1 3 -1 2 1 3 4 2 1 3 4 2 1 3 4 2 1 3 4 2 1 3 4 2 1 3 4 value 0.0 0.0 0.0 0.0 0.0 0.0 0.0 0.0 10.0 0.0 0.0 0.0 0.0 0.0 0.0 0.0 0.0 0.0 0.0 0.0 0.0 0.0 0.0 0.0 0.0 0.0 0.0 0.0 0.0 0.0 0.0 0.0 0.0 0.0 0.0 0.0 0.0 0.0 0.0 0.0 
-81.15066528320312 12.14985466003418 -125.1580581665039 -244.87420654296875 -20.3597412109375 -131.94691467285156 -87.99766540527344 -219.82058715820312 15.253046989440918 179.78111267089844 85.51025390625 -129.83547973632812 48.15032196044922 155.2231903076172 -48.47537612915039 250.3119354248047 110.3986587524414 94.58438110351562 103.8292236328125 34.42670822143555 output 3 4 2 1 8 5 7 9 10 6 indices 2 -1 3 4 -1 1 3 4 2 1 -1 4 2 1 3 -1 2 1 3 4 2 1 3 4 2 1 3 4 -1 3 1 2 2 1 3 4 2 1 3 4 value 0.0 0.0 0.0 0.0 0.0 0.0 0.0 0.0 0.0 0.0 0.0 0.0 0.0 0.0 0.0 0.0 0.0 0.0 0.0 0.0 0.0 0.0 0.0 0.0 0.0 0.0 0.0 0.0 10.0 0.0 0.0 0.0 0.0 0.0 0.0 0.0 0.0 0.0 0.0 0.0 
-89.56060028076172 104.64888763427734 -139.91384887695312 -5.388110160827637 116.39983367919922 -212.6163787841797 117.69720458984375 -127.88336944580078 53.01290512084961 251.0033416748047 -148.75262451171875 100.27481842041016 -164.5474853515625 89.88285064697266 123.27017211914062 -234.47264099121094 132.3139190673828 -69.71188354492188 0.08052336424589157 104.26250457763672 output 3 8 9 5 10 1 6 7 2 4 indices 2 -1 3 4 -1 1 3 4 2 1 -1 4 2 1 3 -1 -1 3 1 2 2 1 3 4 2 1 3 4 2 1 3 4 2 1 3 4 2 1 3 4 value 0.0 0.0 0.0 0.0 0.0 0.0 0.0 0.0 0.0 0.0 0.0 0.0 0.0 0.0 0.0 0.0 10.0 0.0 0.0 0.0 0.0 0.0 0.0 0.0 0.0 0.0 0.0 0.0 0.0 0.0 0.0 0.0 0.0 0.0 0.0 0.0 0.0 0.0 0.0 0.0 
-22.299503326416016 -186.33543395996094 130.9730987548828 141.70335388183594 -39.98869323730469 -251.35179138183594 -7.815985202789307 -298.783935546875 49.974525451660156 -135.10787963867188 -36.33561325073242 -171.3001251220703 -129.96774291992188 177.9860382080078 -29.21011734008789 185.97625732421875 -64.52086639404297 326.0714416503906 149.19090270996094 211.14207458496094 output 10 2 8 7 9 4 3 1 6 5 indices 2 -1 3 4 -1 1 3 4 2 1 -1 4 2 1 3 -1 2 1 3 4 2 1 3 4 2 1 3 4 2 1 3 4 -1 3 1 2 2 1 3 4 value 0.0 0.0 0.0 0.0 0.0 0.0 0.0 0.0 0.0 0.0 0.0 0.0 0.0 0.0 0.0 0.0 0.0 0.0 0.0 0.0 0.0 0.0 0.0 0.0 0.0 0.0 0.0 0.0 0.0 0.0 0.0 0.0 10.0 0.0 0.0 0.0 0.0 0.0 0.0 0.0 
-92.87507629394531 -300.82763671875 -23.64655303955078 32.960453033447266 -119.48878479003906 55.08053970336914 96.6593017578125 -244.98423767089844 -35.30117416381836 -300.95458984375 76.05724334716797 220.12493896484375 103.35101318359375 208.8111572265625 -154.74734497070312 -28.55811309814453 168.39810180664062 -17.40463638305664 -18.406723022460938 375.75213623046875 output 9 7 6 2 3 8 1 5 10 4 indices 2 -1 3 4 -1 1 3 4 2 1 -1 4 2 1 3 -1 2 1 3 4 2 1 3 4 2 1 3 4 2 1 3 4 2 1 3 4 -1 3 1 2 value 0.0 0.0 0.0 0.0 0.0 0.0 0.0 0.0 0.0 0.0 0.0 0.0 0.0 0.0 0.0 0.0 0.0 0.0 0.0 0.0 0.0 0.0 0.0 0.0 0.0 0.0 0.0 0.0 0.0 0.0 0.0 0.0 0.0 0.0 0.0 0.0 10.0 0.0 0.0 0.0 
-152.7378387451172 227.19927978515625 128.7273406982422 121.24635314941406 46.517234802246094 -389.6531982421875 -5.91413688659668 -399.3405456542969 132.1199188232422 71.06394958496094 -125.36543273925781 -402.1156921386719 14.800126075744629 140.8480224609375 -153.3296661376953 299.5665588378906 -50.424949645996094 230.2625732421875 165.60739135742188 100.92264556884766 output 5 2 7 9 1 8 6 4 3 10 indices 2 -1 3 4 -1 1 3 4 2 1 -1 4 2 1 3 -1 2 1 3 4 2 1 3 4 2 1 3 4 -1 3 1 2 2 1 3 4 2 1 3 4 value 0.0 0.0 0.0 0.0 0.0 0.0 0.0 0.0 0.0 0.0 0.0 0.0 0.0 0.0 0.0 0.0 0.0 0.0 0.0 0.0 0.0 0.0 0.0 0.0 0.0 0.0 0.0 0.0 10.0 0.0 0.0 0.0 0.0 0.0 0.0 0.0 0.0 0.0 0.0 0.0 
-27.416805267333984 203.06454467773438 80.33479309082031 -4.704827785491943 -165.78915405273438 239.47860717773438 72.340576171875 -293.5192565917969 -58.245513916015625 56.05340576171875 61.97661209106445 -17.62150001525879 0.9587528705596924 -127.99396514892578 17.158061981201172 8.531798362731934 -35.331459045410156 -270.0179748535156 54.01414489746094 206.72915649414062 output 2 6 8 5 3 1 10 4 9 7 indices 2 -1 3 4 -1 1 3 4 2 1 -1 4 2 1 3 -1 2 1 3 4 2 1 3 4 2 1 3 4 2 1 3 4 2 1 3 4 -1 3 1 2 value 0.0 0.0 0.0 0.0 0.0 0.0 0.0 0.0 0.0 0.0 0.0 0.0 0.0 0.0 0.0 0.0 0.0 0.0 0.0 0.0 0.0 0.0 0.0 0.0 0.0 0.0 0.0 0.0 0.0 0.0 0.0 0.0 0.0 0.0 0.0 0.0 10.0 0.0 0.0 0.0 
-34.02342224121094 165.11004638671875 17.27259063720703 245.80084228515625 -111.53225708007812 6.563638210296631 117.79058837890625 159.88221740722656 133.02996826171875 -198.2183380126953 3.5814926624298096 -325.3244323730469 44.374210357666016 187.89707946777344 -103.42237854003906 -155.62879943847656 -139.9860382080078 -135.85520935058594 72.91525268554688 49.77295684814453 output 5 6 8 9 3 1 2 7 4 10 indices 2 -1 3 4 -1 4 1 3 2 1 -1 4 2 1 3 -1 2 1 3 4 2 1 3 4 2 1 3 4 2 1 3 4 2 1 3 4 2 1 3 4 value 0.0 0.0 0.0 0.0 10.0 0.0 0.0 0.0 0.0 0.0 0.0 0.0 0.0 0.0 0.0 0.0 0.0 0.0 0.0 0.0 0.0 0.0 0.0 0.0 0.0 0.0 0.0 0.0 0.0 0.0 0.0 0.0 0.0 0.0 0.0 0.0 0.0 0.0 0.0 0.0 
-32.53086853027344 -80.04840087890625 132.5040283203125 -184.48800659179688 -103.67748260498047 244.34657287597656 -26.38847541809082 -187.21734619140625 -158.5836639404297 117.02265167236328 187.991943359375 45.88850402832031 122.65172576904297 412.3389587402344 -120.65478515625 -67.36365509033203 49.33981704711914 -174.16929626464844 -50.65224838256836 -126.30998229980469 output 9 4 10 1 8 5 3 7 6 2 indices 2 -1 3 4 -1 1 3 4 2 1 -1 4 2 1 3 -1 2 1 3 4 2 1 3 4 -1 3 1 2 2 1 3 4 2 1 3 4 2 1 3 4 value 0.0 0.0 0.0 0.0 0.0 0.0 0.0 0.0 0.0 0.0 0.0 0.0 0.0 0.0 0.0 0.0 0.0 0.0 0.0 0.0 0.0 0.0 0.0 0.0 10.0 0.0 0.0 0.0 0.0 0.0 0.0 0.0 0.0 0.0 0.0 0.0 0.0 0.0 0.0 0.0 
89.17595672607422 -53.46331787109375 110.08515167236328 -133.2218017578125 66.36627197265625 -319.73046875 -56.930118560791016 178.09414672851562 -158.7733612060547 177.88717651367188 113.21764373779297 157.91868591308594 -207.57431030273438 -194.95997619628906 85.27481079101562 182.01719665527344 -40.87512969970703 109.24497985839844 0.03307870775461197 -103.78661346435547 output 1 2 3 6 8 9 4 5 7 10 indices 2 -1 3 4 -1 1 3 4 2 1 -1 4 2 1 3 -1 2 1 3 4 2 1 3 4 2 1 3 4 -1 3 1 2 2 1 3 4 2 1 3 4 value 0.0 0.0 0.0 0.0 0.0 0.0 0.0 0.0 0.0 0.0 0.0 0.0 0.0 0.0 0.0 0.0 0.0 0.0 0.0 0.0 0.0 0.0 0.0 0.0 0.0 0.0 0.0 0.0 10.0 0.0 0.0 0.0 0.0 0.0 0.0 0.0 0.0 0.0 0.0 0.0 
27.224184036254883 -217.63803100585938 116.47492980957031 214.591796875 144.87586975097656 -7.612175941467285 -179.071533203125 -309.4122619628906 25.655054092407227 -270.77655029296875 37.963134765625 10.068613052368164 -48.57351303100586 51.86769104003906 133.42137145996094 268.07861328125 -143.32916259765625 273.7776794433594 -114.64035034179688 -12.945365905761719 output 6 7 10 4 9 5 1 3 8 2 indices 2 -1 3 4 -1 1 3 4 2 1 -1 4 2 1 3 -1 2 1 3 4 2 1 3 4 2 1 3 4 -1 3 1 2 2 1 3 4 2 1 3 4 value 0.0 0.0 0.0 0.0 0.0 0.0 0.0 0.0 0.0 0.0 0.0 0.0 0.0 0.0 0.0 0.0 0.0 0.0 0.0 0.0 0.0 0.0 0.0 0.0 0.0 0.0 0.0 0.0 10.0 0.0 0.0 0.0 0.0 0.0 0.0 0.0 0.0 0.0 0.0 0.0 
-53.135684967041016 -158.44378662109375 105.26847839355469 -58.99668884277344 -114.60505676269531 137.55520629882812 18.8546199798584 -29.88157081604004 -84.60992431640625 227.90093994140625 151.88818359375 -297.6636657714844 65.56279754638672 -348.8929138183594 25.47182846069336 85.70323181152344 -95.09404754638672 185.64389038085938 -19.601200103759766 257.0753173828125 output 5 10 7 6 2 8 4 1 3 9 indices 2 -1 3 4 -1 1 3 4 2 1 -1 4 2 1 3 -1 2 1 3 4 2 1 3 4 2 1 3 4 2 1 3 4 2 1 3 4 -1 3 1 2 value 0.0 0.0 0.0 0.0 0.0 0.0 0.0 0.0 0.0 0.0 0.0 0.0 0.0 0.0 0.0 0.0 0.0 0.0 0.0 0.0 0.0 0.0 0.0 0.0 0.0 0.0 0.0 0.0 0.0 0.0 0.0 0.0 0.0 0.0 0.0 0.0 10.0 0.0 0.0 0.0 
-34.17857360839844 293.2896423339844 188.85255432128906 -16.72753143310547 178.9125213623047 150.73321533203125 53.13945007324219 -193.9617919921875 115.86907958984375 0.40279826521873474 -153.67379760742188 -104.94208526611328 -61.798072814941406 -228.32952880859375 -89.61917114257812 -248.84286499023438 -47.31350326538086 292.1108093261719 -150.1905059814453 56.267337799072266 output 2 3 1 9 10 6 8 7 4 5 indices -1 4 2 3 -1 1 3 4 2 1 -1 4 2 1 3 -1 2 1 3 4 2 1 3 4 2 1 3 4 2 1 3 4 2 1 3 4 2 1 3 4 value 10.0 0.0 0.0 0.0 0.0 0.0 0.0 0.0 0.0 0.0 0.0 0.0 0.0 0.0 0.0 0.0 0.0 0.0 0.0 0.0 0.0 0.0 0.0 0.0 0.0 0.0 0.0 0.0 0.0 0.0 0.0 0.0 0.0 0.0 0.0 0.0 0.0 0.0 0.0 0.0 
32.71119689941406 -80.65755462646484 -162.718017578125 -285.5167236328125 111.08975982666016 290.33837890625 -159.83924865722656 -325.0124816894531 9.825927734375 382.47821044921875 13.570171356201172 308.13409423828125 153.11647033691406 -66.97021484375 2.2851855754852295 208.50588989257812 0.04178721830248833 -132.67066955566406 -0.08322738856077194 -298.62890625 output 2 4 10 5 6 8 3 7 1 9 indices 2 -1 3 4 -1 1 3 4 2 1 -1 4 2 1 3 -1 -1 3 1 2 2 1 3 4 2 1 3 4 2 1 3 4 2 1 3 4 2 1 3 4 value 0.0 0.0 0.0 0.0 0.0 0.0 0.0 0.0 0.0 0.0 0.0 0.0 0.0 0.0 0.0 0.0 10.0 0.0 0.0 0.0 0.0 0.0 0.0 0.0 0.0 0.0 0.0 0.0 0.0 0.0 0.0 0.0 0.0 0.0 0.0 0.0 0.0 0.0 0.0 0.0 
-184.9275360107422 -6.345154762268066 86.37913513183594 131.22128295898438 -7.450578212738037 -34.086551666259766 26.882442474365234 71.6718978881836 -124.34925842285156 98.70319366455078 -73.5268325805664 115.28278350830078 -27.38649559020996 -64.36138153076172 144.6545867919922 -97.3108901977539 85.55047607421875 -88.61985778808594 74.17405700683594 -126.15531921386719 output 7 1 5 6 4 2 8 9 10 3 indices 2 -1 3 4 -1 4 1 3 2 1 -1 4 2 1 3 -1 2 1 3 4 2 1 3 4 2 1 3 4 2 1 3 4 2 1 3 4 2 1 3 4 value 0.0 0.0 0.0 0.0 10.0 0.0 0.0 0.0 0.0 0.0 0.0 0.0 0.0 0.0 0.0 0.0 0.0 0.0 0.0 0.0 0.0 0.0 0.0 0.0 0.0 0.0 0.0 0.0 0.0 0.0 0.0 0.0 0.0 0.0 0.0 0.0 0.0 0.0 0.0 0.0 
74.78271484375 -307.2376403808594 152.9368438720703 84.70991516113281 21.644775390625 67.5180435180664 39.78434371948242 9.518133163452148 -150.93655395507812 177.89601135253906 -181.6111297607422 -157.10264587402344 -149.11904907226562 207.3628387451172 -2.503220558166504 -115.33573913574219 73.2496337890625 65.71797180175781 121.77165222167969 -33.0468864440918 output 6 7 5 3 4 9 10 2 1 8 indices 2 -1 3 4 -1 1 3 4 2 1 -1 4 2 1 3 -1 2 1 3 4 2 1 3 4 -1 3 1 2 2 1 3 4 2 1 3 4 2 1 3 4 value 0.0 0.0 0.0 0.0 0.0 0.0 0.0 0.0 0.0 0.0 0.0 0.0 0.0 0.0 0.0 0.0 0.0 0.0 0.0 0.0 0.0 0.0 0.0 0.0 10.0 0.0 0.0 0.0 0.0 0.0 0.0 0.0 0.0 0.0 0.0 0.0 0.0 0.0 0.0 0.0 
-79.88118743896484 -163.74380493164062 96.09687042236328 -227.36489868164062 140.5704345703125 -265.61456298828125 -58.99968338012695 202.9291534423828 79.90577697753906 -177.74911499023438 -28.283416748046875 167.2425537109375 128.43971252441406 209.65155029296875 -190.73947143554688 83.93775177001953 67.79590606689453 26.126182556152344 -154.90493774414062 144.58517456054688 output 7 3 2 5 1 8 10 4 6 9 indices 2 -1 3 4 -1 1 3 4 2 1 -1 4 2 1 3 -1 2 1 3 4 2 1 3 4 -1 3 1 2 2 1 3 4 2 1 3 4 2 1 3 4 value 0.0 0.0 0.0 0.0 0.0 0.0 0.0 0.0 0.0 0.0 0.0 0.0 0.0 0.0 0.0 0.0 0.0 0.0 0.0 0.0 0.0 0.0 0.0 0.0 10.0 0.0 0.0 0.0 0.0 0.0 0.0 0.0 0.0 0.0 0.0 0.0 0.0 0.0 0.0 0.0 
61.104068756103516 22.564891815185547 -63.88922882080078 -280.4494934082031 40.36410903930664 314.24920654296875 132.6304168701172 375.6103820800781 -31.759132385253906 -223.26950073242188 -29.60127830505371 -320.00701904296875 -61.02223587036133 315.9956359863281 -149.34828186035156 -146.0681915283203 82.01219177246094 -151.26893615722656 19.509361267089844 92.64298248291016 output 5 2 6 7 3 4 9 1 10 8 indices 2 -1 3 4 -1 1 3 4 2 1 -1 4 -1 3 1 2 2 1 3 4 2 1 3 4 2 1 3 4 2 1 3 4 2 1 3 4 2 1 3 4 value 0.0 0.0 0.0 0.0 0.0 0.0 0.0 0.0 0.0 0.0 0.0 0.0 10.0 0.0 0.0 0.0 0.0 0.0 0.0 0.0 0.0 0.0 0.0 0.0 0.0 0.0 0.0 0.0 0.0 0.0 0.0 0.0 0.0 0.0 0.0 0.0 0.0 0.0 0.0 0.0 
-42.62744140625 10.253870010375977 -120.03926849365234 -79.05977630615234 -20.79533576965332 77.660400390625 141.48178100585938 -28.54844856262207 -43.9928092956543 -58.61423873901367 132.2487030029297 123.74335479736328 -112.75775146484375 -43.09016036987305 -90.07740783691406 41.641578674316406 104.1865005493164 -298.5191955566406 52.37303161621094 254.53262329101562 output 1 3 10 9 6 4 5 2 7 8 indices 2 -1 3 4 -1 1 3 4 2 1 -1 4 2 1 3 -1 2 1 3 4 2 1 3 4 2 1 3 4 2 1 3 4 2 1 3 4 -1 3 1 2 value 0.0 0.0 0.0 0.0 0.0 0.0 0.0 0.0 0.0 0.0 0.0 0.0 0.0 0.0 0.0 0.0 0.0 0.0 0.0 0.0 0.0 0.0 0.0 0.0 0.0 0.0 0.0 0.0 0.0 0.0 0.0 0.0 0.0 0.0 0.0 0.0 10.0 0.0 0.0 0.0 
-2.3382818698883057 178.30361938476562 -26.229623794555664 50.697364807128906 57.27691650390625 111.83802032470703 107.54548645019531 13.47614860534668 -213.49386596679688 -128.7969512939453 -201.64816284179688 255.70101928710938 60.427772521972656 -15.680716514587402 113.67061614990234 -305.0041809082031 18.36884117126465 -165.799072265625 86.42030334472656 5.264766693115234 output 1 6 5 9 8 4 10 7 2 3 indices 2 -1 3 4 -1 1 3 4 2 1 -1 4 2 1 3 -1 2 1 3 4 -1 3 1 2 2 1 3 4 2 1 3 4 2 1 3 4 2 1 3 4 value 0.0 0.0 0.0 0.0 0.0 0.0 0.0 0.0 0.0 0.0 0.0 0.0 0.0 0.0 0.0 0.0 0.0 0.0 0.0 0.0 10.0 0.0 0.0 0.0 0.0 0.0 0.0 0.0 0.0 0.0 0.0 0.0 0.0 0.0 0.0 0.0 0.0 0.0 0.0 0.0 
84.29448699951172 -321.8387451171875 76.56202697753906 -332.0926208496094 -86.47699737548828 -29.82869529724121 139.32003784179688 174.3612060546875 93.97518157958984 75.96092987060547 -181.1720733642578 169.28463745117188 -53.58355712890625 135.2632293701172 75.07575225830078 -58.112342834472656 -102.9694595336914 265.25244140625 -45.0254020690918 -78.25004577636719 output 4 5 7 9 6 3 10 8 1 2 indices 2 -1 3 4 -1 1 3 4 2 1 -1 4 2 1 3 -1 2 1 3 4 2 1 3 4 2 1 3 4 2 1 3 4 -1 3 1 2 2 1 3 4 value 0.0 0.0 0.0 0.0 0.0 0.0 0.0 0.0 0.0 0.0 0.0 0.0 0.0 0.0 0.0 0.0 0.0 0.0 0.0 0.0 0.0 0.0 0.0 0.0 0.0 0.0 0.0 0.0 0.0 0.0 0.0 0.0 10.0 0.0 0.0 0.0 0.0 0.0 0.0 0.0 
-105.52222442626953 -278.07952880859375 64.68207550048828 49.04113006591797 -165.1151885986328 -303.5267333984375 102.8747329711914 -229.37872314453125 66.44038391113281 135.92137145996094 135.34237670898438 240.09185791015625 -66.09012603759766 247.47134399414062 95.9899673461914 53.78750991821289 -92.94007873535156 -117.75131225585938 -35.66191864013672 202.42311096191406 output 10 7 3 1 9 4 6 8 2 5 indices 2 -1 3 4 -1 1 3 4 2 1 -1 4 2 1 3 -1 2 1 3 4 -1 3 1 2 2 1 3 4 2 1 3 4 2 1 3 4 2 1 3 4 value 0.0 0.0 0.0 0.0 0.0 0.0 0.0 0.0 0.0 0.0 0.0 0.0 0.0 0.0 0.0 0.0 0.0 0.0 0.0 0.0 10.0 0.0 0.0 0.0 0.0 0.0 0.0 0.0 0.0 0.0 0.0 0.0 0.0 0.0 0.0 0.0 0.0 0.0 0.0 0.0 
-63.466915130615234 -399.8252868652344 29.37517738342285 119.49024200439453 12.010804176330566 -3.40533709526062 -48.206512451171875 131.9722137451172 -53.62176513671875 -398.578857421875 -31.195011138916016 72.68327331542969 -40.801429748535156 235.43304443359375 150.47950744628906 12.820964813232422 -127.49114227294922 268.22235107421875 172.9172821044922 -38.812625885009766 output 1 9 4 6 3 10 8 2 7 5 indices 2 -1 3 4 -1 1 3 4 2 1 -1 4 2 1 3 -1 2 1 3 4 2 1 3 4 2 1 3 4 2 1 3 4 -1 3 1 2 2 1 3 4 value 0.0 0.0 0.0 0.0 0.0 0.0 0.0 0.0 0.0 0.0 0.0 0.0 0.0 0.0 0.0 0.0 0.0 0.0 0.0 0.0 0.0 0.0 0.0 0.0 0.0 0.0 0.0 0.0 0.0 0.0 0.0 0.0 10.0 0.0 0.0 0.0 0.0 0.0 0.0 0.0 
70.81523895263672 215.64141845703125 123.1296157836914 -335.77435302734375 34.65229797363281 -370.03546142578125 -57.86652755737305 291.0888671875 40.92265319824219 219.11190795898438 -83.0972671508789 70.81686401367188 -18.284507751464844 1.742682695388794 -88.66678619384766 -293.4418029785156 -113.08181762695312 105.2815170288086 91.47710418701172 95.56838989257812 output 7 10 5 1 2 3 4 8 9 6 indices 2 -1 3 4 -1 1 3 4 2 1 -1 4 -1 3 1 2 2 1 3 4 2 1 3 4 2 1 3 4 2 1 3 4 2 1 3 4 2 1 3 4 value 0.0 0.0 0.0 0.0 0.0 0.0 0.0 0.0 0.0 0.0 0.0 0.0 10.0 0.0 0.0 0.0 0.0 0.0 0.0 0.0 0.0 0.0 0.0 0.0 0.0 0.0 0.0 0.0 0.0 0.0 0.0 0.0 0.0 0.0 0.0 0.0 0.0 0.0 0.0 0.0 
-67.69940948486328 183.39263916015625 -113.19731903076172 231.5232696533203 -70.00370788574219 -187.75338745117188 -63.21209716796875 86.57797241210938 181.30465698242188 -64.1237564086914 159.78184509277344 51.29362869262695 -104.80748748779297 -375.8317565917969 117.20291900634766 220.8502197265625 -56.244651794433594 -97.52911376953125 16.875242233276367 -48.39972686767578 output 5 6 8 1 4 2 7 3 9 10 indices 2 -1 3 4 -1 1 3 4 2 1 -1 4 2 1 3 -1 2 1 3 4 2 1 3 4 2 1 3 4 -1 3 1 2 2 1 3 4 2 1 3 4 value 0.0 0.0 0.0 0.0 0.0 0.0 0.0 0.0 0.0 0.0 0.0 0.0 0.0 0.0 0.0 0.0 0.0 0.0 0.0 0.0 0.0 0.0 0.0 0.0 0.0 0.0 0.0 0.0 10.0 0.0 0.0 0.0 0.0 0.0 0.0 0.0 0.0 0.0 0.0 0.0 
11.1806001663208 -247.78900146484375 136.26931762695312 217.3461456298828 119.67377471923828 381.167236328125 -49.44252014160156 -71.40589141845703 -100.87517547607422 -139.2083282470703 -78.29883575439453 -223.211181640625 -6.561236381530762 -73.025146484375 71.35028839111328 412.49169921875 -172.65899658203125 -65.2786865234375 69.36277770996094 -191.08682250976562 output 5 4 7 10 2 3 8 1 6 9 indices 2 -1 3 4 -1 1 3 4 2 1 -1 4 2 1 3 -1 2 1 3 4 2 1 3 4 2 1 3 4 -1 3 1 2 2 1 3 4 2 1 3 4 value 0.0 0.0 0.0 0.0 0.0 0.0 0.0 0.0 0.0 0.0 0.0 0.0 0.0 0.0 0.0 0.0 0.0 0.0 0.0 0.0 0.0 0.0 0.0 0.0 0.0 0.0 0.0 0.0 10.0 0.0 0.0 0.0 0.0 0.0 0.0 0.0 0.0 0.0 0.0 0.0 
-107.38189697265625 -354.1213073730469 46.83806228637695 206.89236450195312 103.146240234375 22.727012634277344 -83.66290283203125 166.66201782226562 103.14429473876953 276.7653503417969 95.87749481201172 -1.699967622756958 -134.41526794433594 -75.31420135498047 -39.637107849121094 -306.9957580566406 13.292691230773926 6.0968217849731445 2.798391103744507 58.98763656616211 output 1 4 2 5 3 6 10 9 7 8 indices 2 -1 3 4 -1 1 3 4 2 1 -1 4 2 1 3 -1 -1 3 1 2 2 1 3 4 2 1 3 4 2 1 3 4 2 1 3 4 2 1 3 4 value 0.0 0.0 0.0 0.0 0.0 0.0 0.0 0.0 0.0 0.0 0.0 0.0 0.0 0.0 0.0 0.0 10.0 0.0 0.0 0.0 0.0 0.0 0.0 0.0 0.0 0.0 0.0 0.0 0.0 0.0 0.0 0.0 0.0 0.0 0.0 0.0 0.0 0.0 0.0 0.0 
-0.18328164517879486 -31.959884643554688 9.791166305541992 9.532523155212402 133.30270385742188 -327.5452880859375 -74.74029541015625 -422.95452880859375 -122.61727905273438 1.5021777153015137 -90.50831604003906 113.60708618164062 33.5122184753418 -1.0015455484390259 131.17730712890625 205.3453369140625 74.06185913085938 180.31195068359375 -93.79608154296875 273.1622009277344 output 7 2 1 5 6 10 4 9 8 3 indices 2 -1 3 4 -1 1 3 4 2 1 -1 4 2 1 3 -1 2 1 3 4 2 1 3 4 2 1 3 4 2 1 3 4 2 1 3 4 -1 3 1 2 value 0.0 0.0 0.0 0.0 0.0 0.0 0.0 0.0 0.0 0.0 0.0 0.0 0.0 0.0 0.0 0.0 0.0 0.0 0.0 0.0 0.0 0.0 0.0 0.0 0.0 0.0 0.0 0.0 0.0 0.0 0.0 0.0 0.0 0.0 0.0 0.0 10.0 0.0 0.0 0.0 
39.37089157104492 -288.6280822753906 14.243877410888672 -163.44419860839844 105.22901916503906 172.63343811035156 -130.44329833984375 -329.1695861816406 137.12554931640625 188.89564514160156 0.5184378027915955 192.88987731933594 -162.97824096679688 -261.82818603515625 -135.32577514648438 18.121841430664062 -0.9887794852256775 265.2268371582031 133.24832153320312 205.30238342285156 output 5 10 1 2 8 7 4 9 6 3 indices 2 -1 3 4 -1 1 3 4 2 1 -1 4 2 1 3 -1 2 1 3 4 2 1 3 4 2 1 3 4 2 1 3 4 -1 3 1 2 2 1 3 4 value 0.0 0.0 0.0 0.0 0.0 0.0 0.0 0.0 0.0 0.0 0.0 0.0 0.0 0.0 0.0 0.0 0.0 0.0 0.0 0.0 0.0 0.0 0.0 0.0 0.0 0.0 0.0 0.0 0.0 0.0 0.0 0.0 10.0 0.0 0.0 0.0 0.0 0.0 0.0 0.0 
130.09107971191406 30.190088272094727 12.632463455200195 14.865071296691895 11.441713333129883 -47.63741683959961 -20.783334732055664 -183.11537170410156 -31.21082305908203 -238.48992919921875 -32.93062973022461 -165.8944091796875 116.05197143554688 49.649169921875 59.06756591796875 195.604248046875 -112.07190704345703 376.0699768066406 -132.28810119628906 -31.2414493560791 output 2 3 10 6 4 5 9 8 1 7 indices 2 -1 3 4 -1 1 3 4 2 1 -1 4 2 1 3 -1 2 1 3 4 2 1 3 4 2 1 3 4 2 1 3 4 -1 3 1 2 2 1 3 4 value 0.0 0.0 0.0 0.0 0.0 0.0 0.0 0.0 0.0 0.0 0.0 0.0 0.0 0.0 0.0 0.0 0.0 0.0 0.0 0.0 0.0 0.0 0.0 0.0 0.0 0.0 0.0 0.0 0.0 0.0 0.0 0.0 10.0 0.0 0.0 0.0 0.0 0.0 0.0 0.0 
160.52975463867188 -268.05499267578125 -124.39672088623047 433.5246276855469 61.002384185791016 -138.71226501464844 -132.3391571044922 -214.22695922851562 -72.57286071777344 209.6011962890625 113.62222290039062 352.53533935546875 137.88333129882812 -82.80342102050781 -120.86659240722656 -246.02305603027344 -180.64678955078125 -151.18121337890625 157.784423828125 105.34074401855469 output 1 10 7 3 4 8 2 9 5 6 indices 2 -1 3 4 -1 4 1 3 2 1 -1 4 2 1 3 -1 2 1 3 4 2 1 3 4 2 1 3 4 2 1 3 4 2 1 3 4 2 1 3 4 value 0.0 0.0 0.0 0.0 10.0 0.0 0.0 0.0 0.0 0.0 0.0 0.0 0.0 0.0 0.0 0.0 0.0 0.0 0.0 0.0 0.0 0.0 0.0 0.0 0.0 0.0 0.0 0.0 0.0 0.0 0.0 0.0 0.0 0.0 0.0 0.0 0.0 0.0 0.0 0.0 
69.68196105957031 -249.13697814941406 -129.7617645263672 -37.0445556640625 35.885650634765625 15.525157928466797 114.9335708618164 21.422714233398438 -179.6857452392578 214.8992462158203 -19.91475486755371 169.55905151367188 18.351064682006836 -309.1014709472656 -108.92436981201172 118.08171081542969 138.21339416503906 -313.2159729003906 61.221004486083984 369.0110778808594 output 1 9 4 3 2 5 8 6 10 7 indices 2 -1 3 4 -1 1 3 4 2 1 -1 4 2 1 3 -1 2 1 3 4 2 1 3 4 2 1 3 4 2 1 3 4 2 1 3 4 -1 3 1 2 value 0.0 0.0 0.0 0.0 0.0 0.0 0.0 0.0 0.0 0.0 0.0 0.0 0.0 0.0 0.0 0.0 0.0 0.0 0.0 0.0 0.0 0.0 0.0 0.0 0.0 0.0 0.0 0.0 0.0 0.0 0.0 0.0 0.0 0.0 0.0 0.0 10.0 0.0 0.0 0.0 
-110.52169036865234 -44.209903717041016 -16.86670684814453 -55.713478088378906 -69.692626953125 122.36644744873047 104.73200225830078 -165.92608642578125 -95.91584777832031 -127.25650024414062 110.38236999511719 102.92154693603516 -147.2215576171875 101.61254119873047 76.19033813476562 205.2132568359375 171.02796936035156 -207.86227416992188 -22.114248275756836 68.85445404052734 output 9 4 2 5 1 7 3 10 8 6 indices 2 -1 3 4 -1 1 3 4 2 1 -1 4 2 1 3 -1 2 1 3 4 2 1 3 4 2 1 3 4 -1 3 1 2 2 1 3 4 2 1 3 4 value 0.0 0.0 0.0 0.0 0.0 0.0 0.0 0.0 0.0 0.0 0.0 0.0 0.0 0.0 0.0 0.0 0.0 0.0 0.0 0.0 0.0 0.0 0.0 0.0 0.0 0.0 0.0 0.0 10.0 0.0 0.0 0.0 0.0 0.0 0.0 0.0 0.0 0.0 0.0 0.0 
49.12500762939453 176.42486572265625 23.29254913330078 -256.03240966796875 -60.232364654541016 -119.8210678100586 -224.39981079101562 -273.09649658203125 114.46142578125 41.39395523071289 -12.654960632324219 -206.21932983398438 29.907230377197266 -199.05047607421875 89.55567169189453 264.9815673828125 -41.70298767089844 358.9994201660156 32.648231506347656 212.4199981689453 output 1 10 9 4 3 6 7 2 5 8 indices 2 -1 3 4 -1 1 3 4 2 1 -1 4 2 1 3 -1 2 1 3 4 2 1 3 4 2 1 3 4 2 1 3 4 -1 3 1 2 2 1 3 4 value 0.0 0.0 0.0 0.0 0.0 0.0 0.0 0.0 0.0 0.0 0.0 0.0 0.0 0.0 0.0 0.0 0.0 0.0 0.0 0.0 0.0 0.0 0.0 0.0 0.0 0.0 0.0 0.0 0.0 0.0 0.0 0.0 10.0 0.0 0.0 0.0 0.0 0.0 0.0 0.0 
-80.69542694091797 284.43463134765625 -57.979549407958984 -331.2210693359375 -88.514404296875 -23.37400245666504 -62.75058364868164 -335.60113525390625 179.6181640625 -38.61196517944336 134.3031005859375 -15.761517524719238 89.19122314453125 -250.71080017089844 -51.70155715942383 308.13226318359375 60.79090118408203 43.069915771484375 -122.2618637084961 359.6437072753906 output 6 5 7 2 4 8 1 10 3 9 indices 2 -1 3 4 -1 1 3 4 2 1 -1 4 2 1 3 -1 2 1 3 4 2 1 3 4 2 1 3 4 2 1 3 4 2 1 3 4 -1 3 1 2 value 0.0 0.0 0.0 0.0 0.0 0.0 0.0 0.0 0.0 0.0 0.0 0.0 0.0 0.0 0.0 0.0 0.0 0.0 0.0 0.0 0.0 0.0 0.0 0.0 0.0 0.0 0.0 0.0 0.0 0.0 0.0 0.0 0.0 0.0 0.0 0.0 10.0 0.0 0.0 0.0 
59.216060638427734 71.38729095458984 -25.104331970214844 -140.7080841064453 161.16976928710938 -181.7093048095703 -106.45207977294922 134.68145751953125 128.91006469726562 255.24293518066406 -168.9246826171875 226.98641967773438 -133.94483947753906 -358.1494140625 -31.711336135864258 41.35906982421875 111.79891967773438 256.11273193359375 5.042445659637451 -305.2030944824219 output 1 3 5 9 10 2 7 6 4 8 indices 2 -1 3 4 -1 1 3 4 2 1 -1 4 2 1 3 -1 -1 3 1 2 2 1 3 4 2 1 3 4 2 1 3 4 2 1 3 4 2 1 3 4 value 0.0 0.0 0.0 0.0 0.0 0.0 0.0 0.0 0.0 0.0 0.0 0.0 0.0 0.0 0.0 0.0 10.0 0.0 0.0 0.0 0.0 0.0 0.0 0.0 0.0 0.0 0.0 0.0 0.0 0.0 0.0 0.0 0.0 0.0 0.0 0.0 0.0 0.0 0.0 0.0 
50.56494903564453 -161.79676818847656 116.20537567138672 -56.14473342895508 -62.28535461425781 -265.8399658203125 -62.22954177856445 98.99560546875 118.52507019042969 -123.17222595214844 -20.171968460083008 68.47484588623047 -132.70729064941406 -197.84083557128906 -188.40252685546875 84.21768951416016 59.071044921875 177.8732452392578 121.43023681640625 375.2331237792969 output 9 10 5 2 1 3 7 8 4 6 indices 2 -1 3 4 -1 1 3 4 2 1 -1 4 2 1 3 -1 2 1 3 4 2 1 3 4 2 1 3 4 2 1 3 4 2 1 3 4 -1 3 1 2 value 0.0 0.0 0.0 0.0 0.0 0.0 0.0 0.0 0.0 0.0 0.0 0.0 0.0 0.0 0.0 0.0 0.0 0.0 0.0 0.0 0.0 0.0 0.0 0.0 0.0 0.0 0.0 0.0 0.0 0.0 0.0 0.0 0.0 0.0 0.0 0.0 10.0 0.0 0.0 0.0 
-85.64290618896484 189.6207275390625 -80.37361907958984 222.61688232421875 -17.862323760986328 123.23146057128906 35.349639892578125 -36.56474304199219 -76.33271026611328 200.43167114257812 145.91571044921875 -6.118780136108398 -77.855224609375 -385.4151306152344 34.97416687011719 -178.51173400878906 58.85688781738281 265.9116516113281 62.970375061035156 -395.2019958496094 output 8 6 9 10 7 2 5 1 3 4 indices 2 -1 3 4 -1 1 3 4 2 1 -1 4 2 1 3 -1 2 1 3 4 2 1 3 4 2 1 3 4 2 1 3 4 -1 3 1 2 2 1 3 4 value 0.0 0.0 0.0 0.0 0.0 0.0 0.0 0.0 0.0 0.0 0.0 0.0 0.0 0.0 0.0 0.0 0.0 0.0 0.0 0.0 0.0 0.0 0.0 0.0 0.0 0.0 0.0 0.0 0.0 0.0 0.0 0.0 10.0 0.0 0.0 0.0 0.0 0.0 0.0 0.0 
91.02531433105469 -54.975433349609375 -13.553567886352539 157.384521484375 -114.5091781616211 68.04601287841797 56.92221450805664 27.390331268310547 47.64504623413086 -252.46435546875 -57.8294563293457 158.232177734375 -68.48599243164062 -98.31831359863281 103.28912353515625 -265.0833740234375 -122.34146118164062 291.5776062011719 77.83795928955078 -31.78916358947754 output 7 3 9 6 2 4 10 1 8 5 indices 2 -1 3 4 -1 1 3 4 2 1 -1 4 2 1 3 -1 2 1 3 4 2 1 3 4 2 1 3 4 2 1 3 4 -1 3 1 2 2 1 3 4 value 0.0 0.0 0.0 0.0 0.0 0.0 0.0 0.0 0.0 0.0 0.0 0.0 0.0 0.0 0.0 0.0 0.0 0.0 0.0 0.0 0.0 0.0 0.0 0.0 0.0 0.0 0.0 0.0 0.0 0.0 0.0 0.0 10.0 0.0 0.0 0.0 0.0 0.0 0.0 0.0 
102.98434448242188 -266.408203125 -82.41870880126953 203.5096435546875 42.82780456542969 328.1951904296875 -11.291239738464355 -199.4812469482422 -171.27462768554688 -194.57635498046875 30.563411712646484 367.6898193359375 126.74809265136719 -72.9205093383789 -114.99038696289062 -168.56607055664062 25.217172622680664 332.96954345703125 51.6341552734375 -330.41180419921875 output 6 10 1 7 4 8 5 2 9 3 indices 2 -1 3 4 -1 1 3 4 2 1 -1 4 2 1 3 -1 2 1 3 4 -1 3 1 2 2 1 3 4 2 1 3 4 2 1 3 4 2 1 3 4 value 0.0 0.0 0.0 0.0 0.0 0.0 0.0 0.0 0.0 0.0 0.0 0.0 0.0 0.0 0.0 0.0 0.0 0.0 0.0 0.0 10.0 0.0 0.0 0.0 0.0 0.0 0.0 0.0 0.0 0.0 0.0 0.0 0.0 0.0 0.0 0.0 0.0 0.0 0.0 0.0 
-141.15798950195312 -160.8420867919922 -61.89740753173828 138.78292846679688 55.919979095458984 15.309367179870605 38.08373260498047 -103.91313934326172 125.98588562011719 57.49334716796875 -179.71302795410156 45.88346862792969 79.80365753173828 -20.609264373779297 15.161600112915039 263.75030517578125 78.97401428222656 91.76457977294922 -11.16043472290039 -327.6195068359375 output 1 4 7 3 9 5 10 8 2 6 indices 2 -1 3 4 -1 1 3 4 2 1 -1 4 2 1 3 -1 2 1 3 4 2 1 3 4 2 1 3 4 -1 3 1 2 2 1 3 4 2 1 3 4 value 0.0 0.0 0.0 0.0 0.0 0.0 0.0 0.0 0.0 0.0 0.0 0.0 0.0 0.0 0.0 0.0 0.0 0.0 0.0 0.0 0.0 0.0 0.0 0.0 0.0 0.0 0.0 0.0 10.0 0.0 0.0 0.0 0.0 0.0 0.0 0.0 0.0 0.0 0.0 0.0 
181.66790771484375 -89.7757339477539 -6.6539530754089355 -247.45982360839844 -32.07250213623047 292.8476257324219 -22.9227237701416 -96.63784790039062 -46.06245040893555 -138.67723083496094 53.574398040771484 -23.39920997619629 -30.43425750732422 367.360595703125 -103.7291259765625 -243.5793914794922 162.14700317382812 261.57275390625 -155.51429748535156 -82.25174713134766 output 3 7 2 8 10 5 4 6 1 9 indices 2 -1 3 4 -1 1 3 4 2 1 -1 4 2 1 3 -1 2 1 3 4 2 1 3 4 -1 3 1 2 2 1 3 4 2 1 3 4 2 1 3 4 value 0.0 0.0 0.0 0.0 0.0 0.0 0.0 0.0 0.0 0.0 0.0 0.0 0.0 0.0 0.0 0.0 0.0 0.0 0.0 0.0 0.0 0.0 0.0 0.0 10.0 0.0 0.0 0.0 0.0 0.0 0.0 0.0 0.0 0.0 0.0 0.0 0.0 0.0 0.0 0.0 
36.612308502197266 -68.22574615478516 -40.89928436279297 -251.19366455078125 -43.27238845825195 107.12503814697266 80.39751434326172 170.10873413085938 -50.860992431640625 -119.98492431640625 -23.152164459228516 -83.11224365234375 -102.54016876220703 136.30760192871094 133.35670471191406 107.65870666503906 44.15138626098633 65.30613708496094 -33.79290771484375 -63.9896240234375 output 4 8 1 10 6 5 2 7 3 9 indices 2 -1 3 4 -1 1 3 4 2 1 -1 4 -1 3 1 2 2 1 3 4 2 1 3 4 2 1 3 4 2 1 3 4 2 1 3 4 2 1 3 4 value 0.0 0.0 0.0 0.0 0.0 0.0 0.0 0.0 0.0 0.0 0.0 0.0 10.0 0.0 0.0 0.0 0.0 0.0 0.0 0.0 0.0 0.0 0.0 0.0 0.0 0.0 0.0 0.0 0.0 0.0 0.0 0.0 0.0 0.0 0.0 0.0 0.0 0.0 0.0 0.0 
-41.484619140625 -12.701207160949707 28.203340530395508 -359.7778625488281 -39.4240837097168 167.19720458984375 130.6844940185547 21.971904754638672 -19.22298812866211 129.83749389648438 -112.70442962646484 338.1026611328125 51.802528381347656 189.97386169433594 57.68650817871094 -152.5387725830078 40.52912521362305 -288.14007568359375 -96.06986999511719 -33.925209045410156 output 1 5 3 7 4 8 9 2 6 10 indices 2 -1 3 4 -1 1 3 4 2 1 -1 4 2 1 3 -1 2 1 3 4 -1 3 1 2 2 1 3 4 2 1 3 4 2 1 3 4 2 1 3 4 value 0.0 0.0 0.0 0.0 0.0 0.0 0.0 0.0 0.0 0.0 0.0 0.0 0.0 0.0 0.0 0.0 0.0 0.0 0.0 0.0 10.0 0.0 0.0 0.0 0.0 0.0 0.0 0.0 0.0 0.0 0.0 0.0 0.0 0.0 0.0 0.0 0.0 0.0 0.0 0.0 
153.28480529785156 -65.68045043945312 -36.356597900390625 72.14128875732422 -85.17638397216797 -101.30879974365234 -8.361699104309082 -97.82693481445312 -46.257564544677734 211.42420959472656 -167.0650177001953 -224.71237182617188 49.5875358581543 281.15350341796875 144.08087158203125 -261.6510009765625 -115.55912780761719 352.7219543457031 111.82315826416016 -166.26138305664062 output 1 10 4 3 6 9 2 5 7 8 indices 2 -1 3 4 -1 1 3 4 2 1 -1 4 2 1 3 -1 2 1 3 4 2 1 3 4 2 1 3 4 2 1 3 4 -1 3 1 2 2 1 3 4 value 0.0 0.0 0.0 0.0 0.0 0.0 0.0 0.0 0.0 0.0 0.0 0.0 0.0 0.0 0.0 0.0 0.0 0.0 0.0 0.0 0.0 0.0 0.0 0.0 0.0 0.0 0.0 0.0 0.0 0.0 0.0 0.0 10.0 0.0 0.0 0.0 0.0 0.0 0.0 0.0 
158.00965881347656 297.1014404296875 81.91114044189453 290.8712463378906 -31.483348846435547 -139.34840393066406 -189.29359436035156 -271.64556884765625 17.82329750061035 78.94470977783203 116.36299896240234 -264.6474609375 -46.45073318481445 -76.48014831542969 -179.65740966796875 -63.967647552490234 153.54534912109375 364.89654541015625 -80.76737213134766 -215.72471618652344 output 1 2 5 7 8 4 10 3 6 9 indices 2 -1 3 4 -1 1 3 4 2 1 -1 4 2 1 3 -1 2 1 3 4 2 1 3 4 2 1 3 4 2 1 3 4 -1 3 1 2 2 1 3 4 value 0.0 0.0 0.0 0.0 0.0 0.0 0.0 0.0 0.0 0.0 0.0 0.0 0.0 0.0 0.0 0.0 0.0 0.0 0.0 0.0 0.0 0.0 0.0 0.0 0.0 0.0 0.0 0.0 0.0 0.0 0.0 0.0 10.0 0.0 0.0 0.0 0.0 0.0 0.0 0.0 
12.380471229553223 -252.19700622558594 -124.98977661132812 -168.0084228515625 57.74146270751953 135.9742889404297 33.65492248535156 20.656902313232422 54.507999420166016 -29.048595428466797 94.39945983886719 -59.64897155761719 35.497535705566406 -246.0331268310547 44.37220764160156 105.42467498779297 -204.04185485839844 267.30291748046875 -3.5224297046661377 225.57733154296875 output 1 7 6 5 4 8 3 10 9 2 indices 2 -1 3 4 -1 1 3 4 2 1 -1 4 2 1 3 -1 2 1 3 4 2 1 3 4 2 1 3 4 2 1 3 4 2 1 3 4 -1 3 1 2 value 0.0 0.0 0.0 0.0 0.0 0.0 0.0 0.0 0.0 0.0 0.0 0.0 0.0 0.0 0.0 0.0 0.0 0.0 0.0 0.0 0.0 0.0 0.0 0.0 0.0 0.0 0.0 0.0 0.0 0.0 0.0 0.0 0.0 0.0 0.0 0.0 10.0 0.0 0.0 0.0 
-107.62689208984375 -350.7375793457031 68.93698120117188 -91.14814758300781 65.03243255615234 59.741214752197266 137.99522399902344 -185.03794860839844 -104.59807586669922 320.2897033691406 -102.54249572753906 -153.57443237304688 117.77204895019531 -245.0534210205078 84.23352813720703 42.16478729248047 -167.88453674316406 323.4226989746094 8.68178939819336 279.9331359863281 output 5 1 9 6 2 3 8 4 7 10 indices 2 -1 3 4 -1 1 3 4 2 1 -1 4 2 1 3 -1 -1 3 1 2 2 1 3 4 2 1 3 4 2 1 3 4 2 1 3 4 2 1 3 4 value 0.0 0.0 0.0 0.0 0.0 0.0 0.0 0.0 0.0 0.0 0.0 0.0 0.0 0.0 0.0 0.0 10.0 0.0 0.0 0.0 0.0 0.0 0.0 0.0 0.0 0.0 0.0 0.0 0.0 0.0 0.0 0.0 0.0 0.0 0.0 0.0 0.0 0.0 0.0 0.0 
69.07096099853516 168.02565002441406 10.646697998046875 -405.9271240234375 65.86341094970703 -131.47105407714844 130.74386596679688 -99.15975952148438 95.9943618774414 152.2205047607422 -139.94189453125 228.1552276611328 113.10547637939453 126.5420913696289 -138.67434692382812 -223.26956176757812 -90.72803497314453 90.08828735351562 -116.08049774169922 94.7957534790039 output 2 1 5 7 4 3 8 10 9 6 indices 2 -1 3 4 -1 1 3 4 2 1 -1 4 2 1 3 -1 2 1 3 4 -1 3 1 2 2 1 3 4 2 1 3 4 2 1 3 4 2 1 3 4 value 0.0 0.0 0.0 0.0 0.0 0.0 0.0 0.0 0.0 0.0 0.0 0.0 0.0 0.0 0.0 0.0 0.0 0.0 0.0 0.0 10.0 0.0 0.0 0.0 0.0 0.0 0.0 0.0 0.0 0.0 0.0 0.0 0.0 0.0 0.0 0.0 0.0 0.0 0.0 0.0 
118.6926040649414 -272.71197509765625 37.08836364746094 369.7843017578125 70.2608413696289 -219.22784423828125 38.98822784423828 -103.91803741455078 -211.08004760742188 18.74616241455078 42.65073776245117 287.3238220214844 -150.40081787109375 17.669038772583008 -9.583552360534668 44.16201400756836 -71.41851043701172 -109.92726135253906 134.8021697998047 -31.90021514892578 output 1 6 2 3 4 9 5 7 8 10 indices 2 -1 3 4 -1 4 1 3 2 1 -1 4 2 1 3 -1 2 1 3 4 2 1 3 4 2 1 3 4 2 1 3 4 2 1 3 4 2 1 3 4 value 0.0 0.0 0.0 0.0 10.0 0.0 0.0 0.0 0.0 0.0 0.0 0.0 0.0 0.0 0.0 0.0 0.0 0.0 0.0 0.0 0.0 0.0 0.0 0.0 0.0 0.0 0.0 0.0 0.0 0.0 0.0 0.0 0.0 0.0 0.0 0.0 0.0 0.0 0.0 0.0 
181.48861694335938 276.6768493652344 81.49620819091797 -409.7265930175781 17.573110580444336 83.70771789550781 -71.40526580810547 206.66061401367188 -20.22198486328125 211.10443115234375 -3.084041118621826 -330.0215148925781 34.654823303222656 102.33578491210938 -147.1014404296875 -145.68826293945312 -85.42011260986328 58.53578186035156 12.0200777053833 -53.58478927612305 output 1 2 6 5 4 8 9 10 3 7 indices -1 4 2 3 -1 1 3 4 2 1 -1 4 2 1 3 -1 2 1 3 4 2 1 3 4 2 1 3 4 2 1 3 4 2 1 3 4 2 1 3 4 value 10.0 0.0 0.0 0.0 0.0 0.0 0.0 0.0 0.0 0.0 0.0 0.0 0.0 0.0 0.0 0.0 0.0 0.0 0.0 0.0 0.0 0.0 0.0 0.0 0.0 0.0 0.0 0.0 0.0 0.0 0.0 0.0 0.0 0.0 0.0 0.0 0.0 0.0 0.0 0.0 
161.510009765625 -51.72517395019531 18.538185119628906 -209.8985595703125 132.48880004882812 102.19857788085938 97.81619262695312 200.90440368652344 -132.26947021484375 169.7782745361328 -66.34086608886719 -26.054279327392578 -85.20306396484375 36.916988372802734 -177.00296020507812 -370.60888671875 60.00791549682617 220.74575805664062 -9.544743537902832 -72.2571029663086 output 7 6 10 2 1 3 4 9 5 8 indices 2 -1 3 4 -1 1 3 4 2 1 -1 4 2 1 3 -1 2 1 3 4 2 1 3 4 2 1 3 4 2 1 3 4 -1 3 1 2 2 1 3 4 value 0.0 0.0 0.0 0.0 0.0 0.0 0.0 0.0 0.0 0.0 0.0 0.0 0.0 0.0 0.0 0.0 0.0 0.0 0.0 0.0 0.0 0.0 0.0 0.0 0.0 0.0 0.0 0.0 0.0 0.0 0.0 0.0 10.0 0.0 0.0 0.0 0.0 0.0 0.0 0.0 
14.536384582519531 -4.052002429962158 2.4336609840393066 -315.81109619140625 -41.90315246582031 -268.75958251953125 -62.41952133178711 -195.2275390625 -65.92115783691406 72.21607208251953 -92.4346923828125 -148.3067169189453 13.242530822753906 342.36016845703125 203.46975708007812 366.02789306640625 -76.37608337402344 -97.59510803222656 105.37228393554688 249.14791870117188 output 7 2 3 4 6 9 5 1 8 10 indices 2 -1 3 4 -1 1 3 4 2 1 -1 4 2 1 3 -1 2 1 3 4 2 1 3 4 2 1 3 4 -1 3 1 2 2 1 3 4 2 1 3 4 value 0.0 0.0 0.0 0.0 0.0 0.0 0.0 0.0 0.0 0.0 0.0 0.0 0.0 0.0 0.0 0.0 0.0 0.0 0.0 0.0 0.0 0.0 0.0 0.0 0.0 0.0 0.0 0.0 10.0 0.0 0.0 0.0 0.0 0.0 0.0 0.0 0.0 0.0 0.0 0.0 
-90.60942840576172 107.75370788574219 108.78316497802734 112.05426025390625 -57.13542938232422 211.60557556152344 -32.541587829589844 101.65950012207031 85.50992584228516 234.18370056152344 -49.303504943847656 -157.4466552734375 97.70243835449219 -186.41343688964844 64.81687927246094 -271.9983215332031 -71.7921371459961 -6.121018886566162 -55.43032455444336 -145.2772979736328 output 2 5 8 7 6 10 9 1 3 4 indices 2 -1 3 4 -1 1 3 4 2 1 -1 4 2 1 3 -1 -1 3 1 2 2 1 3 4 2 1 3 4 2 1 3 4 2 1 3 4 2 1 3 4 value 0.0 0.0 0.0 0.0 0.0 0.0 0.0 0.0 0.0 0.0 0.0 0.0 0.0 0.0 0.0 0.0 10.0 0.0 0.0 0.0 0.0 0.0 0.0 0.0 0.0 0.0 0.0 0.0 0.0 0.0 0.0 0.0 0.0 0.0 0.0 0.0 0.0 0.0 0.0 0.0 
-174.02333068847656 -173.2971649169922 119.66462707519531 10.031188011169434 -32.30613327026367 -311.4446105957031 -17.554874420166016 167.72640991210938 -51.380950927734375 -280.68804931640625 -92.44972229003906 -259.652587890625 108.75237274169922 282.8812561035156 117.46758270263672 -132.76527404785156 62.4526252746582 328.2863464355469 -40.622196197509766 368.9224853515625 output 3 10 9 7 8 2 4 1 6 5 indices 2 -1 3 4 -1 1 3 4 2 1 -1 4 2 1 3 -1 2 1 3 4 2 1 3 4 2 1 3 4 2 1 3 4 2 1 3 4 -1 3 1 2 value 0.0 0.0 0.0 0.0 0.0 0.0 0.0 0.0 0.0 0.0 0.0 0.0 0.0 0.0 0.0 0.0 0.0 0.0 0.0 0.0 0.0 0.0 0.0 0.0 0.0 0.0 0.0 0.0 0.0 0.0 0.0 0.0 0.0 0.0 0.0 0.0 10.0 0.0 0.0 0.0 
-89.67822265625 52.91473388671875 40.9478645324707 -109.23648834228516 108.20231628417969 -332.9030456542969 100.72383117675781 -11.381839752197266 -114.5821304321289 213.52639770507812 122.4688491821289 151.07723999023438 -121.52305603027344 -252.4954376220703 63.71377182006836 222.72312927246094 3.4500765800476074 -19.890666961669922 -113.72330474853516 85.66597747802734 output 1 10 5 7 3 8 6 4 2 9 indices 2 -1 3 4 -1 1 3 4 2 1 -1 4 2 1 3 -1 2 1 3 4 2 1 3 4 2 1 3 4 -1 3 1 2 2 1 3 4 2 1 3 4 value 0.0 0.0 0.0 0.0 0.0 0.0 0.0 0.0 0.0 0.0 0.0 0.0 0.0 0.0 0.0 0.0 0.0 0.0 0.0 0.0 0.0 0.0 0.0 0.0 0.0 0.0 0.0 0.0 10.0 0.0 0.0 0.0 0.0 0.0 0.0 0.0 0.0 0.0 0.0 0.0 
-69.67686462402344 -175.36685180664062 16.73491859436035 -287.2958068847656 -70.51315307617188 292.71044921875 75.9841537475586 -29.889986038208008 63.263092041015625 -279.4518127441406 149.44593811035156 -140.54946899414062 -108.53946685791016 346.38543701171875 -3.5620853900909424 409.0090026855469 -73.14842987060547 -192.80165100097656 20.011905670166016 57.25065994262695 output 8 2 5 6 4 10 1 9 7 3 indices 2 -1 3 4 -1 1 3 4 2 1 -1 4 2 1 3 -1 2 1 3 4 2 1 3 4 2 1 3 4 -1 3 1 2 2 1 3 4 2 1 3 4 value 0.0 0.0 0.0 0.0 0.0 0.0 0.0 0.0 0.0 0.0 0.0 0.0 0.0 0.0 0.0 0.0 0.0 0.0 0.0 0.0 0.0 0.0 0.0 0.0 0.0 0.0 0.0 0.0 10.0 0.0 0.0 0.0 0.0 0.0 0.0 0.0 0.0 0.0 0.0 0.0 
-157.58103942871094 211.43833923339844 23.7781925201416 29.06498908996582 137.50277709960938 114.51930236816406 21.140525817871094 -63.098331451416016 116.2634048461914 -75.2796630859375 15.614055633544922 295.806884765625 -40.41312026977539 -25.333032608032227 -112.5048599243164 -301.2707214355469 -82.46785736083984 98.55876922607422 78.66791534423828 -284.40655517578125 output 8 1 9 2 7 4 5 3 10 6 indices 2 -1 3 4 -1 1 3 4 2 1 -1 4 2 1 3 -1 2 1 3 4 -1 3 1 2 2 1 3 4 2 1 3 4 2 1 3 4 2 1 3 4 value 0.0 0.0 0.0 0.0 0.0 0.0 0.0 0.0 0.0 0.0 0.0 0.0 0.0 0.0 0.0 0.0 0.0 0.0 0.0 0.0 10.0 0.0 0.0 0.0 0.0 0.0 0.0 0.0 0.0 0.0 0.0 0.0 0.0 0.0 0.0 0.0 0.0 0.0 0.0 0.0 
26.829435348510742 -239.49310302734375 -55.350406646728516 -161.35043334960938 22.86100959777832 264.4203796386719 153.71644592285156 208.643310546875 -122.54586029052734 224.18836975097656 -71.8294677734375 -205.1250457763672 11.486614227294922 -247.4962158203125 1.0887776613235474 390.0597839355469 71.81305694580078 22.696664810180664 -38.069610595703125 -256.5437316894531 output 4 9 2 6 10 7 1 8 5 3 indices 2 -1 3 4 -1 1 3 4 2 1 -1 4 2 1 3 -1 2 1 3 4 2 1 3 4 2 1 3 4 -1 3 1 2 2 1 3 4 2 1 3 4 value 0.0 0.0 0.0 0.0 0.0 0.0 0.0 0.0 0.0 0.0 0.0 0.0 0.0 0.0 0.0 0.0 0.0 0.0 0.0 0.0 0.0 0.0 0.0 0.0 0.0 0.0 0.0 0.0 10.0 0.0 0.0 0.0 0.0 0.0 0.0 0.0 0.0 0.0 0.0 0.0 
-28.93927764892578 -245.17726135253906 -120.6725845336914 13.926802635192871 -34.02347183227539 61.933773040771484 -31.77631950378418 -11.597959518432617 -77.82907104492188 122.21056365966797 -114.00253295898438 116.92681884765625 70.77413177490234 72.88533020019531 137.5126495361328 -198.9993438720703 200.50315856933594 56.48923873901367 -1.5466934442520142 11.402024269104004 output 1 2 6 5 3 4 10 7 9 8 indices 2 -1 3 4 -1 1 3 4 2 1 -1 4 2 1 3 -1 -1 3 1 2 2 1 3 4 2 1 3 4 2 1 3 4 2 1 3 4 2 1 3 4 value 0.0 0.0 0.0 0.0 0.0 0.0 0.0 0.0 0.0 0.0 0.0 0.0 0.0 0.0 0.0 0.0 10.0 0.0 0.0 0.0 0.0 0.0 0.0 0.0 0.0 0.0 0.0 0.0 0.0 0.0 0.0 0.0 0.0 0.0 0.0 0.0 0.0 0.0 0.0 0.0 
-62.27479553222656 106.28514099121094 -204.19825744628906 176.0098114013672 -9.649423599243164 300.2902526855469 114.16230773925781 146.93592834472656 119.53024291992188 6.065987586975098 -33.5894889831543 -339.1744689941406 143.07769775390625 31.242294311523438 -35.93193054199219 -256.80804443359375 -108.54219055175781 -35.84230041503906 77.41583251953125 -135.00460815429688 output 1 9 2 3 6 8 10 5 7 4 indices 2 -1 3 4 -1 1 3 4 -1 4 1 2 2 1 3 -1 2 1 3 4 2 1 3 4 2 1 3 4 2 1 3 4 2 1 3 4 2 1 3 4 value 0.0 0.0 0.0 0.0 0.0 0.0 0.0 0.0 10.0 0.0 0.0 0.0 0.0 0.0 0.0 0.0 0.0 0.0 0.0 0.0 0.0 0.0 0.0 0.0 0.0 0.0 0.0 0.0 0.0 0.0 0.0 0.0 0.0 0.0 0.0 0.0 0.0 0.0 0.0 0.0 
-38.6324348449707 -129.6551055908203 40.23789978027344 -116.41414642333984 -81.2713623046875 288.87786865234375 47.039039611816406 -6.8475470542907715 159.05718994140625 24.829696655273438 -114.73592376708984 -114.3192367553711 -147.79896545410156 -265.7660827636719 98.15145111083984 -211.5289306640625 -97.4482421875 166.29959106445312 135.40135192871094 364.5238952636719 output 1 2 8 10 5 4 9 3 7 6 indices 2 -1 3 4 -1 1 3 4 2 1 -1 4 2 1 3 -1 2 1 3 4 2 1 3 4 2 1 3 4 2 1 3 4 2 1 3 4 -1 3 1 2 value 0.0 0.0 0.0 0.0 0.0 0.0 0.0 0.0 0.0 0.0 0.0 0.0 0.0 0.0 0.0 0.0 0.0 0.0 0.0 0.0 0.0 0.0 0.0 0.0 0.0 0.0 0.0 0.0 0.0 0.0 0.0 0.0 0.0 0.0 0.0 0.0 10.0 0.0 0.0 0.0 
-3.6813066005706787 136.17535400390625 -85.77836608886719 -89.51114654541016 -108.64028930664062 -120.88774871826172 -147.10073852539062 149.53956604003906 6.055938720703125 209.72299194335938 189.964599609375 -212.07203674316406 -4.898440837860107 85.15487670898438 -99.54219055175781 177.28118896484375 171.22503662109375 23.65247917175293 82.39575958251953 -359.0555114746094 output 1 9 6 10 5 8 4 3 2 7 indices 2 -1 3 4 -1 1 3 4 2 1 -1 4 2 1 3 -1 -1 3 1 2 2 1 3 4 2 1 3 4 2 1 3 4 2 1 3 4 2 1 3 4 value 0.0 0.0 0.0 0.0 0.0 0.0 0.0 0.0 0.0 0.0 0.0 0.0 0.0 0.0 0.0 0.0 10.0 0.0 0.0 0.0 0.0 0.0 0.0 0.0 0.0 0.0 0.0 0.0 0.0 0.0 0.0 0.0 0.0 0.0 0.0 0.0 0.0 0.0 0.0 0.0 
-141.62123107910156 -413.9235534667969 -84.64500427246094 126.77496337890625 171.11460876464844 -39.477745056152344 144.98609924316406 206.41107177734375 -72.72118377685547 -312.8615417480469 5.092270851135254 -16.361814498901367 137.7564239501953 -163.25416564941406 -66.13478088378906 242.56739807128906 -4.0954813957214355 233.58229064941406 -89.73170471191406 136.54310607910156 output 2 10 1 5 8 9 4 3 7 6 indices 2 -1 3 4 -1 1 3 4 2 1 -1 4 2 1 3 -1 2 1 3 4 2 1 3 4 2 1 3 4 2 1 3 4 -1 3 1 2 2 1 3 4 value 0.0 0.0 0.0 0.0 0.0 0.0 0.0 0.0 0.0 0.0 0.0 0.0 0.0 0.0 0.0 0.0 0.0 0.0 0.0 0.0 0.0 0.0 0.0 0.0 0.0 0.0 0.0 0.0 0.0 0.0 0.0 0.0 10.0 0.0 0.0 0.0 0.0 0.0 0.0 0.0 
-40.92205047607422 -183.43431091308594 72.77730560302734 -334.3250427246094 -77.5133285522461 -86.70189666748047 41.974571228027344 229.82394409179688 124.11334991455078 296.0575866699219 -117.88933563232422 110.22669219970703 136.59994506835938 53.378944396972656 -86.2125244140625 0.29388949275016785 -18.242855072021484 237.775146484375 -34.68508529663086 -323.094970703125 output 9 6 8 3 1 10 2 5 7 4 indices 2 -1 3 4 -1 1 3 4 2 1 -1 4 2 1 3 -1 -1 3 1 2 2 1 3 4 2 1 3 4 2 1 3 4 2 1 3 4 2 1 3 4 value 0.0 0.0 0.0 0.0 0.0 0.0 0.0 0.0 0.0 0.0 0.0 0.0 0.0 0.0 0.0 0.0 10.0 0.0 0.0 0.0 0.0 0.0 0.0 0.0 0.0 0.0 0.0 0.0 0.0 0.0 0.0 0.0 0.0 0.0 0.0 0.0 0.0 0.0 0.0 0.0 
-16.255271911621094 -355.74383544921875 -7.458683013916016 -225.7436981201172 139.64146423339844 -20.516056060791016 -77.97979736328125 353.6458740234375 -12.815080642700195 74.62921905517578 -42.764244079589844 -25.691768646240234 48.0991325378418 26.518360137939453 -44.267879486083984 195.48886108398438 48.12626266479492 -130.97552490234375 -34.325904846191406 108.3885726928711 output 7 3 9 2 1 4 8 10 5 6 indices 2 -1 3 4 -1 1 3 4 2 1 -1 4 -1 3 1 2 2 1 3 4 2 1 3 4 2 1 3 4 2 1 3 4 2 1 3 4 2 1 3 4 value 0.0 0.0 0.0 0.0 0.0 0.0 0.0 0.0 0.0 0.0 0.0 0.0 10.0 0.0 0.0 0.0 0.0 0.0 0.0 0.0 0.0 0.0 0.0 0.0 0.0 0.0 0.0 0.0 0.0 0.0 0.0 0.0 0.0 0.0 0.0 0.0 0.0 0.0 0.0 0.0 
-42.17145538330078 243.6405792236328 111.07315826416016 -302.8164978027344 -26.801015853881836 -216.94651794433594 -63.611114501953125 -54.86924743652344 -86.05213928222656 219.28781127929688 -18.280315399169922 208.6710662841797 -53.59282684326172 308.6260681152344 147.64381408691406 -89.17377471923828 -104.81710052490234 -308.89373779296875 136.60897827148438 -7.5257463455200195 output 1 5 7 9 3 4 10 8 2 6 indices 2 -1 3 4 -1 1 3 4 2 1 -1 4 2 1 3 -1 2 1 3 4 2 1 3 4 -1 3 1 2 2 1 3 4 2 1 3 4 2 1 3 4 value 0.0 0.0 0.0 0.0 0.0 0.0 0.0 0.0 0.0 0.0 0.0 0.0 0.0 0.0 0.0 0.0 0.0 0.0 0.0 0.0 0.0 0.0 0.0 0.0 10.0 0.0 0.0 0.0 0.0 0.0 0.0 0.0 0.0 0.0 0.0 0.0 0.0 0.0 0.0 0.0 
129.52166748046875 -274.100830078125 -198.83859252929688 -33.35454559326172 97.52303314208984 4.517709732055664 125.18424987792969 -56.12490463256836 -11.463717460632324 196.56103515625 -27.093225479125977 99.91764831542969 51.75242614746094 328.1646423339844 -124.01533508300781 161.0606689453125 -127.71563720703125 -229.22042846679688 85.1451416015625 -197.42103576660156 output 6 5 7 1 4 3 10 9 2 8 indices 2 -1 3 4 -1 1 3 4 2 1 -1 4 2 1 3 -1 2 1 3 4 2 1 3 4 -1 3 1 2 2 1 3 4 2 1 3 4 2 1 3 4 value 0.0 0.0 0.0 0.0 0.0 0.0 0.0 0.0 0.0 0.0 0.0 0.0 0.0 0.0 0.0 0.0 0.0 0.0 0.0 0.0 0.0 0.0 0.0 0.0 10.0 0.0 0.0 0.0 0.0 0.0 0.0 0.0 0.0 0.0 0.0 0.0 0.0 0.0 0.0 0.0 
-163.8836212158203 39.56287384033203 -35.76190185546875 -286.9017333984375 9.913317680358887 -79.0780029296875 92.97293090820312 -117.94631958007812 22.424903869628906 -187.74005126953125 60.73588562011719 -3.269036054611206 54.01004409790039 274.334228515625 47.26505661010742 283.13372802734375 -169.0861053466797 -221.51182556152344 81.40948486328125 299.4161376953125 output 1 9 2 5 3 6 4 10 7 8 indices 2 -1 3 4 -1 1 3 4 2 1 -1 4 2 1 3 -1 2 1 3 4 2 1 3 4 2 1 3 4 2 1 3 4 2 1 3 4 -1 3 1 2 value 0.0 0.0 0.0 0.0 0.0 0.0 0.0 0.0 0.0 0.0 0.0 0.0 0.0 0.0 0.0 0.0 0.0 0.0 0.0 0.0 0.0 0.0 0.0 0.0 0.0 0.0 0.0 0.0 0.0 0.0 0.0 0.0 0.0 0.0 0.0 0.0 10.0 0.0 0.0 0.0 
-94.51858520507812 151.33587646484375 137.90321350097656 -122.42855072021484 -115.5426254272461 60.40324401855469 65.62987518310547 317.9633483886719 -12.250743865966797 -176.26837158203125 119.51512908935547 -1.047181487083435 30.4073543548584 -165.76853942871094 -13.229142189025879 -265.8115234375 -48.702938079833984 78.25679779052734 -69.21154022216797 123.36491394042969 output 1 4 8 5 7 2 6 9 10 3 indices 2 -1 3 4 -1 1 3 4 2 1 -1 4 -1 3 1 2 2 1 3 4 2 1 3 4 2 1 3 4 2 1 3 4 2 1 3 4 2 1 3 4 value 0.0 0.0 0.0 0.0 0.0 0.0 0.0 0.0 0.0 0.0 0.0 0.0 10.0 0.0 0.0 0.0 0.0 0.0 0.0 0.0 0.0 0.0 0.0 0.0 0.0 0.0 0.0 0.0 0.0 0.0 0.0 0.0 0.0 0.0 0.0 0.0 0.0 0.0 0.0 0.0 
-78.5532455444336 -46.51854705810547 -34.436222076416016 87.22503662109375 115.9365234375 60.38069534301758 -51.30398941040039 -11.579216003417969 -110.26749420166016 -162.0004425048828 108.26277923583984 136.48428344726562 -81.83261108398438 -118.18399047851562 47.79491424560547 -95.77812194824219 166.91854858398438 149.7590789794922 -82.51921081542969 0.21122059226036072 output 1 7 5 10 2 6 9 3 8 4 indices 2 -1 3 4 -1 1 3 4 2 1 -1 4 2 1 3 -1 2 1 3 4 2 1 3 4 2 1 3 4 2 1 3 4 -1 3 1 2 2 1 3 4 value 0.0 0.0 0.0 0.0 0.0 0.0 0.0 0.0 0.0 0.0 0.0 0.0 0.0 0.0 0.0 0.0 0.0 0.0 0.0 0.0 0.0 0.0 0.0 0.0 0.0 0.0 0.0 0.0 0.0 0.0 0.0 0.0 10.0 0.0 0.0 0.0 0.0 0.0 0.0 0.0 
40.48048782348633 54.05452346801758 108.43656921386719 -104.13301086425781 -103.7219009399414 -80.27017974853516 -127.64360809326172 -137.60906982421875 6.300050735473633 -125.64425659179688 -77.60368347167969 77.87564086914062 124.2094955444336 -228.51959228515625 -129.3005828857422 375.9301452636719 113.20733642578125 209.4741668701172 45.63582992553711 -41.158348083496094 output 5 3 4 8 6 1 9 7 2 10 indices 2 -1 3 4 -1 1 3 4 2 1 -1 4 2 1 3 -1 2 1 3 4 2 1 3 4 2 1 3 4 -1 3 1 2 2 1 3 4 2 1 3 4 value 0.0 0.0 0.0 0.0 0.0 0.0 0.0 0.0 0.0 0.0 0.0 0.0 0.0 0.0 0.0 0.0 0.0 0.0 0.0 0.0 0.0 0.0 0.0 0.0 0.0 0.0 0.0 0.0 10.0 0.0 0.0 0.0 0.0 0.0 0.0 0.0 0.0 0.0 0.0 0.0 
199.9519805908203 65.06940460205078 -19.51465606689453 181.57920837402344 -36.451377868652344 150.27894592285156 -75.29670715332031 -325.912841796875 -59.08544158935547 -364.91302490234375 -53.43904113769531 194.30178833007812 -11.160582542419434 192.05975341796875 -33.2451286315918 90.55653381347656 -6.862126350402832 194.10281372070312 95.10308074951172 -377.1225891113281 output 4 5 10 1 8 3 2 7 9 6 indices 2 -1 3 4 -1 1 3 4 2 1 -1 4 2 1 3 -1 2 1 3 4 2 1 3 4 2 1 3 4 2 1 3 4 -1 3 1 2 2 1 3 4 value 0.0 0.0 0.0 0.0 0.0 0.0 0.0 0.0 0.0 0.0 0.0 0.0 0.0 0.0 0.0 0.0 0.0 0.0 0.0 0.0 0.0 0.0 0.0 0.0 0.0 0.0 0.0 0.0 0.0 0.0 0.0 0.0 10.0 0.0 0.0 0.0 0.0 0.0 0.0 0.0 
4.390989780426025 -254.77850341796875 -124.68846893310547 230.8978729248047 111.73104095458984 188.94491577148438 23.099058151245117 189.9554443359375 -3.9574036598205566 131.9434814453125 31.221410751342773 -224.46250915527344 113.5600814819336 -25.58646011352539 -25.258346557617188 -225.98745727539062 -9.387715339660645 212.161865234375 -120.71064758300781 -223.0886688232422 output 10 8 1 6 7 3 5 4 9 2 indices 2 -1 3 4 -1 1 3 4 2 1 -1 4 2 1 3 -1 2 1 3 4 2 1 3 4 2 1 3 4 2 1 3 4 -1 3 1 2 2 1 3 4 value 0.0 0.0 0.0 0.0 0.0 0.0 0.0 0.0 0.0 0.0 0.0 0.0 0.0 0.0 0.0 0.0 0.0 0.0 0.0 0.0 0.0 0.0 0.0 0.0 0.0 0.0 0.0 0.0 0.0 0.0 0.0 0.0 10.0 0.0 0.0 0.0 0.0 0.0 0.0 0.0 
58.72863006591797 -81.46580505371094 117.87777709960938 164.37158203125 -124.262451171875 250.9274444580078 -15.12667179107666 -248.30462646484375 176.14540100097656 257.09820556640625 -137.350830078125 -109.2887954711914 41.31132507324219 -333.0557556152344 -48.53794479370117 105.10990905761719 -148.79946899414062 151.11685180664062 80.01422119140625 -156.509033203125 output 10 1 5 2 8 3 9 6 4 7 indices 2 -1 3 4 -1 1 3 4 2 1 -1 4 2 1 3 -1 -1 3 1 2 2 1 3 4 2 1 3 4 2 1 3 4 2 1 3 4 2 1 3 4 value 0.0 0.0 0.0 0.0 0.0 0.0 0.0 0.0 0.0 0.0 0.0 0.0 0.0 0.0 0.0 0.0 10.0 0.0 0.0 0.0 0.0 0.0 0.0 0.0 0.0 0.0 0.0 0.0 0.0 0.0 0.0 0.0 0.0 0.0 0.0 0.0 0.0 0.0 0.0 0.0 
-40.547630310058594 -271.2803955078125 99.85446166992188 -123.20294189453125 137.8896484375 40.25752258300781 145.4657440185547 132.78219604492188 -7.505662441253662 -215.03399658203125 -118.06024169921875 131.75096130371094 -131.2530975341797 90.56836700439453 -93.07098388671875 -86.24383544921875 -128.80856323242188 301.2072448730469 136.03631591796875 -0.8051484823226929 output 5 1 9 6 7 8 2 10 3 4 indices 2 -1 3 4 -1 1 3 4 2 1 -1 4 2 1 3 -1 2 1 3 4 2 1 3 4 2 1 3 4 2 1 3 4 -1 3 1 2 2 1 3 4 value 0.0 0.0 0.0 0.0 0.0 0.0 0.0 0.0 0.0 0.0 0.0 0.0 0.0 0.0 0.0 0.0 0.0 0.0 0.0 0.0 0.0 0.0 0.0 0.0 0.0 0.0 0.0 0.0 0.0 0.0 0.0 0.0 10.0 0.0 0.0 0.0 0.0 0.0 0.0 0.0 
67.8862075805664 -96.47937774658203 -98.29458618164062 336.91204833984375 -22.787023544311523 138.78378295898438 -63.182762145996094 -302.8819885253906 104.59103393554688 -157.9855499267578 156.6680145263672 91.32911682128906 -32.05150604248047 17.351842880249023 66.53478240966797 -239.537109375 -37.01167297363281 2.7525413036346436 -142.3524932861328 209.7546844482422 output 7 9 10 2 4 8 5 1 6 3 indices 2 -1 3 4 -1 4 1 3 2 1 -1 4 2 1 3 -1 2 1 3 4 2 1 3 4 2 1 3 4 2 1 3 4 2 1 3 4 2 1 3 4 value 0.0 0.0 0.0 0.0 10.0 0.0 0.0 0.0 0.0 0.0 0.0 0.0 0.0 0.0 0.0 0.0 0.0 0.0 0.0 0.0 0.0 0.0 0.0 0.0 0.0 0.0 0.0 0.0 0.0 0.0 0.0 0.0 0.0 0.0 0.0 0.0 0.0 0.0 0.0 0.0 
52.23997497558594 277.4016418457031 -25.7380428314209 53.76408004760742 -43.426212310791016 -66.04581451416016 -27.950185775756836 -39.366939544677734 121.17920684814453 -323.4399719238281 -5.050320148468018 -88.7444839477539 5.12888240814209 174.66229248046875 -13.676541328430176 169.7509002685547 -71.20523834228516 -1.890891432762146 8.498473167419434 -156.09080505371094 output 9 2 8 7 1 5 10 6 4 3 indices -1 4 2 3 -1 1 3 4 2 1 -1 4 2 1 3 -1 2 1 3 4 2 1 3 4 2 1 3 4 2 1 3 4 2 1 3 4 2 1 3 4 value 10.0 0.0 0.0 0.0 0.0 0.0 0.0 0.0 0.0 0.0 0.0 0.0 0.0 0.0 0.0 0.0 0.0 0.0 0.0 0.0 0.0 0.0 0.0 0.0 0.0 0.0 0.0 0.0 0.0 0.0 0.0 0.0 0.0 0.0 0.0 0.0 0.0 0.0 0.0 0.0 
-104.11978912353516 -177.5672149658203 -81.13825988769531 -81.83007049560547 66.00843048095703 279.2410583496094 94.35282897949219 -344.3894958496094 133.64422607421875 290.0940856933594 2.34224271774292 277.3487548828125 -135.16986083984375 72.06785583496094 -57.3569221496582 -241.1474151611328 51.15675354003906 235.28526306152344 30.28034019470215 -309.10284423828125 output 10 8 1 2 7 6 9 3 5 4 indices 2 -1 3 4 -1 1 3 4 2 1 -1 4 2 1 3 -1 -1 3 1 2 2 1 3 4 2 1 3 4 2 1 3 4 2 1 3 4 2 1 3 4 value 0.0 0.0 0.0 0.0 0.0 0.0 0.0 0.0 0.0 0.0 0.0 0.0 0.0 0.0 0.0 0.0 10.0 0.0 0.0 0.0 0.0 0.0 0.0 0.0 0.0 0.0 0.0 0.0 0.0 0.0 0.0 0.0 0.0 0.0 0.0 0.0 0.0 0.0 0.0 0.0 
-11.069040298461914 69.15902709960938 92.38263702392578 -341.2344665527344 -40.254234313964844 -20.597017288208008 -65.27996826171875 250.36175537109375 8.4464693069458 -222.78155517578125 -73.25797271728516 -208.56723022460938 60.12284851074219 -111.67086029052734 113.57369232177734 -24.042261123657227 -28.375286102294922 348.5892028808594 -56.289154052734375 260.7834167480469 output 1 3 6 4 10 9 2 5 7 8 indices 2 -1 3 4 -1 1 3 4 2 1 -1 4 2 1 3 -1 2 1 3 4 2 1 3 4 2 1 3 4 2 1 3 4 -1 3 1 2 2 1 3 4 value 0.0 0.0 0.0 0.0 0.0 0.0 0.0 0.0 0.0 0.0 0.0 0.0 0.0 0.0 0.0 0.0 0.0 0.0 0.0 0.0 0.0 0.0 0.0 0.0 0.0 0.0 0.0 0.0 0.0 0.0 0.0 0.0 10.0 0.0 0.0 0.0 0.0 0.0 0.0 0.0 
-10.695013999938965 5.702345848083496 68.96903228759766 -231.68739318847656 137.2499237060547 235.02902221679688 -135.18484497070312 180.102294921875 143.35653686523438 295.8193664550781 -67.37032318115234 106.34956359863281 -99.29817199707031 68.4926986694336 -39.18235778808594 -284.0763854980469 11.523245811462402 -288.9148864746094 -9.368036270141602 -86.8166275024414 output 4 7 6 1 10 3 5 2 9 8 indices 2 -1 3 4 -1 1 3 4 2 1 -1 4 2 1 3 -1 -1 3 1 2 2 1 3 4 2 1 3 4 2 1 3 4 2 1 3 4 2 1 3 4 value 0.0 0.0 0.0 0.0 0.0 0.0 0.0 0.0 0.0 0.0 0.0 0.0 0.0 0.0 0.0 0.0 10.0 0.0 0.0 0.0 0.0 0.0 0.0 0.0 0.0 0.0 0.0 0.0 0.0 0.0 0.0 0.0 0.0 0.0 0.0 0.0 0.0 0.0 0.0 0.0 
-62.46403121948242 34.13562774658203 -180.4656219482422 -132.14671325683594 -15.649124145507812 193.51353454589844 77.20270538330078 174.9963836669922 -158.27703857421875 -318.46759033203125 146.75015258789062 151.4770050048828 6.37285852432251 -155.27658081054688 32.53765106201172 205.7436065673828 -14.790607452392578 18.26772117614746 168.78305053710938 -172.2429962158203 output 8 3 5 2 1 9 7 10 6 4 indices 2 -1 3 4 -1 1 3 4 2 1 -1 4 2 1 3 -1 2 1 3 4 2 1 3 4 2 1 3 4 -1 3 1 2 2 1 3 4 2 1 3 4 value 0.0 0.0 0.0 0.0 0.0 0.0 0.0 0.0 0.0 0.0 0.0 0.0 0.0 0.0 0.0 0.0 0.0 0.0 0.0 0.0 0.0 0.0 0.0 0.0 0.0 0.0 0.0 0.0 10.0 0.0 0.0 0.0 0.0 0.0 0.0 0.0 0.0 0.0 0.0 0.0 
-138.76708984375 260.69451904296875 -60.18111801147461 -194.1614532470703 -78.45459747314453 323.0177307128906 -14.904825210571289 -143.24658203125 170.3261260986328 -147.55996704101562 23.673412322998047 -164.3878631591797 -42.431026458740234 217.62747192382812 21.396190643310547 -247.5588836669922 155.54823303222656 -76.33099365234375 -36.2053108215332 171.906005859375 output 2 4 6 8 5 9 10 7 3 1 indices 2 -1 3 4 -1 1 3 4 -1 4 1 2 2 1 3 -1 2 1 3 4 2 1 3 4 2 1 3 4 2 1 3 4 2 1 3 4 2 1 3 4 value 0.0 0.0 0.0 0.0 0.0 0.0 0.0 0.0 10.0 0.0 0.0 0.0 0.0 0.0 0.0 0.0 0.0 0.0 0.0 0.0 0.0 0.0 0.0 0.0 0.0 0.0 0.0 0.0 0.0 0.0 0.0 0.0 0.0 0.0 0.0 0.0 0.0 0.0 0.0 0.0 
210.39886474609375 194.0965118408203 -1.2391268014907837 -156.98484802246094 -113.87846374511719 -206.18215942382812 -106.23359680175781 -201.39466857910156 144.33753967285156 -88.65473937988281 -31.870161056518555 115.32745361328125 -56.16706085205078 -262.5325622558594 -146.04127502441406 226.9435577392578 24.706735610961914 166.91329956054688 75.98653411865234 212.46815490722656 output 9 6 8 3 4 7 2 5 1 10 indices 10 3 -1 2 -1 1 3 4 2 1 -1 4 2 1 3 -1 2 1 3 4 2 1 3 4 2 1 3 4 2 1 3 4 2 1 3 4 -1 1 2 3 value 2.5667431665741606e-31 0.0 0.0 0.0 0.0 0.0 0.0 0.0 0.0 0.0 0.0 0.0 0.0 0.0 0.0 0.0 0.0 0.0 0.0 0.0 0.0 0.0 0.0 0.0 0.0 0.0 0.0 0.0 0.0 0.0 0.0 0.0 0.0 0.0 0.0 0.0 10.0 2.5667431665741606e-31 0.0 0.0 
15.225749969482422 230.60595703125 1.7221699953079224 -259.01385498046875 -39.68450927734375 319.1036682128906 68.79576110839844 192.5272979736328 59.84110641479492 -135.45265197753906 -102.97237396240234 -302.7320861816406 -34.584224700927734 -106.81946563720703 14.256800651550293 -154.6530303955078 -17.111989974975586 17.915918350219727 34.511512756347656 198.5182342529297 output 2 5 8 7 9 4 10 1 3 6 indices 2 -1 3 4 -1 1 3 4 -1 4 1 2 2 1 3 -1 2 1 3 4 2 1 3 4 2 1 3 4 2 1 3 4 2 1 3 4 2 1 3 4 value 0.0 0.0 0.0 0.0 0.0 0.0 0.0 0.0 10.0 0.0 0.0 0.0 0.0 0.0 0.0 0.0 0.0 0.0 0.0 0.0 0.0 0.0 0.0 0.0 0.0 0.0 0.0 0.0 0.0 0.0 0.0 0.0 0.0 0.0 0.0 0.0 0.0 0.0 0.0 0.0 
137.5130157470703 296.6439514160156 82.9786376953125 -235.3376922607422 183.8523712158203 -61.798709869384766 -124.26905059814453 -92.55640411376953 -2.678496837615967 -216.4771270751953 -68.91233825683594 -134.04408264160156 -105.47698974609375 -166.904296875 141.95762634277344 328.77001953125 -156.19700622558594 -61.28424835205078 -88.76777648925781 342.98858642578125 output 8 1 10 9 4 7 6 5 2 3 indices 2 -1 3 4 -1 1 3 4 2 1 -1 4 2 1 3 -1 2 1 3 4 2 1 3 4 2 1 3 4 -1 3 1 2 2 1 3 4 2 1 3 4 value 0.0 0.0 0.0 0.0 0.0 0.0 0.0 0.0 0.0 0.0 0.0 0.0 0.0 0.0 0.0 0.0 0.0 0.0 0.0 0.0 0.0 0.0 0.0 0.0 0.0 0.0 0.0 0.0 10.0 0.0 0.0 0.0 0.0 0.0 0.0 0.0 0.0 0.0 0.0 0.0 
-166.47434997558594 89.4884033203125 -135.23358154296875 104.02716827392578 -104.93917846679688 -106.11090850830078 -32.35466384887695 220.6728973388672 -81.28307342529297 -239.61585998535156 -65.50732421875 -112.40170288085938 138.67413330078125 -154.51158142089844 118.8799057006836 89.7513198852539 187.90072631835938 56.424217224121094 140.33740234375 52.27604293823242 output 8 10 9 7 6 3 5 1 2 4 indices 2 -1 3 4 -1 1 3 4 2 1 -1 4 -1 3 1 2 2 1 3 4 2 1 3 4 2 1 3 4 2 1 3 4 2 1 3 4 2 1 3 4 value 0.0 0.0 0.0 0.0 0.0 0.0 0.0 0.0 0.0 0.0 0.0 0.0 10.0 0.0 0.0 0.0 0.0 0.0 0.0 0.0 0.0 0.0 0.0 0.0 0.0 0.0 0.0 0.0 0.0 0.0 0.0 0.0 0.0 0.0 0.0 0.0 0.0 0.0 0.0 0.0 
7.574156761169434 -204.73696899414062 -92.31625366210938 293.2039794921875 39.12961196899414 319.85809326171875 0.4983145296573639 -243.46331787109375 76.6324234008789 -286.1788024902344 -0.9995579123497009 112.95117950439453 -8.28774642944336 -5.937872886657715 -22.42133331298828 217.83111572265625 -156.39634704589844 5.510745048522949 156.58673095703125 -209.03817749023438 output 1 10 5 3 8 6 7 9 2 4 indices 2 -1 3 4 -1 1 3 4 -1 4 1 2 2 1 3 -1 2 1 3 4 2 1 3 4 2 1 3 4 2 1 3 4 2 1 3 4 2 1 3 4 value 0.0 0.0 0.0 0.0 0.0 0.0 0.0 0.0 10.0 0.0 0.0 0.0 0.0 0.0 0.0 0.0 0.0 0.0 0.0 0.0 0.0 0.0 0.0 0.0 0.0 0.0 0.0 0.0 0.0 0.0 0.0 0.0 0.0 0.0 0.0 0.0 0.0 0.0 0.0 0.0 
-7.785462856292725 128.49388122558594 48.9535026550293 -96.8596420288086 -104.94416809082031 -38.876155853271484 25.92696189880371 -118.13507843017578 -73.12361907958984 382.81591796875 95.36283111572266 -71.83789825439453 11.586641311645508 -229.5445556640625 -72.27774810791016 8.598264694213867 13.112661361694336 -6.565595626831055 63.188392639160156 41.91086196899414 output 6 10 1 8 3 9 2 4 7 5 indices 2 -1 3 4 -1 1 3 4 2 1 -1 4 2 1 3 -1 -1 3 1 2 2 1 3 4 2 1 3 4 2 1 3 4 2 1 3 4 2 1 3 4 value 0.0 0.0 0.0 0.0 0.0 0.0 0.0 0.0 0.0 0.0 0.0 0.0 0.0 0.0 0.0 0.0 10.0 0.0 0.0 0.0 0.0 0.0 0.0 0.0 0.0 0.0 0.0 0.0 0.0 0.0 0.0 0.0 0.0 0.0 0.0 0.0 0.0 0.0 0.0 0.0 
12.549885749816895 33.89350891113281 -14.016839981079102 -121.03276824951172 99.8147201538086 -217.88992309570312 -22.951719284057617 -62.91322326660156 -51.29479217529297 -194.1053466796875 -47.707366943359375 -123.62425231933594 -65.66390991210938 322.2118225097656 -0.7623705863952637 291.04986572265625 -87.19374084472656 67.1606674194336 177.22613525390625 5.2496466636657715 output 1 9 7 8 10 3 5 6 2 4 indices 2 -1 3 4 -1 1 3 4 2 1 -1 4 2 1 3 -1 2 1 3 4 2 1 3 4 -1 3 1 2 2 1 3 4 2 1 3 4 2 1 3 4 value 0.0 0.0 0.0 0.0 0.0 0.0 0.0 0.0 0.0 0.0 0.0 0.0 0.0 0.0 0.0 0.0 0.0 0.0 0.0 0.0 0.0 0.0 0.0 0.0 10.0 0.0 0.0 0.0 0.0 0.0 0.0 0.0 0.0 0.0 0.0 0.0 0.0 0.0 0.0 0.0 
61.616668701171875 -21.064138412475586 97.97074127197266 -123.79776763916016 -128.690185546875 -10.276562690734863 -100.41899871826172 211.65982055664062 -176.3744354248047 23.256864547729492 111.79093170166016 79.33984375 -2.6685283184051514 -42.45806121826172 34.079078674316406 132.36582946777344 19.427614212036133 -110.10121154785156 83.2671127319336 -138.92462158203125 output 1 6 8 4 5 3 7 9 10 2 indices 2 -1 3 4 -1 1 3 4 2 1 -1 4 -1 3 1 2 2 1 3 4 2 1 3 4 2 1 3 4 2 1 3 4 2 1 3 4 2 1 3 4 value 0.0 0.0 0.0 0.0 0.0 0.0 0.0 0.0 0.0 0.0 0.0 0.0 10.0 0.0 0.0 0.0 0.0 0.0 0.0 0.0 0.0 0.0 0.0 0.0 0.0 0.0 0.0 0.0 0.0 0.0 0.0 0.0 0.0 0.0 0.0 0.0 0.0 0.0 0.0 0.0 
32.01333999633789 -77.15129089355469 -0.6104774475097656 -363.3609619140625 91.06591796875 323.65985107421875 -91.5265884399414 210.4205322265625 106.63014221191406 242.4125518798828 1.6466262340545654 -354.7748718261719 -39.48854064941406 142.29551696777344 -86.44900512695312 55.073036193847656 -39.04505920410156 13.14627456665039 25.763647079467773 -191.7206573486328 output 1 9 8 4 7 5 3 2 6 10 indices 2 -1 3 4 -1 1 3 4 -1 4 1 2 2 1 3 -1 2 1 3 4 2 1 3 4 2 1 3 4 2 1 3 4 2 1 3 4 2 1 3 4 value 0.0 0.0 0.0 0.0 0.0 0.0 0.0 0.0 10.0 0.0 0.0 0.0 0.0 0.0 0.0 0.0 0.0 0.0 0.0 0.0 0.0 0.0 0.0 0.0 0.0 0.0 0.0 0.0 0.0 0.0 0.0 0.0 0.0 0.0 0.0 0.0 0.0 0.0 0.0 0.0 
106.32688903808594 -99.24186706542969 41.57772445678711 -222.7238311767578 -113.6054458618164 143.26246643066406 175.4373779296875 -89.03530883789062 22.943052291870117 255.37506103515625 -175.99069213867188 98.15087127685547 -146.07196044921875 -170.17982482910156 18.22425651550293 264.1477355957031 -10.965188026428223 -429.43603515625 82.12399291992188 249.6807403564453 output 2 1 4 10 5 8 9 3 6 7 indices 2 -1 3 4 -1 1 3 4 2 1 -1 4 2 1 3 -1 2 1 3 4 2 1 3 4 2 1 3 4 -1 3 1 2 2 1 3 4 2 1 3 4 value 0.0 0.0 0.0 0.0 0.0 0.0 0.0 0.0 0.0 0.0 0.0 0.0 0.0 0.0 0.0 0.0 0.0 0.0 0.0 0.0 0.0 0.0 0.0 0.0 0.0 0.0 0.0 0.0 10.0 0.0 0.0 0.0 0.0 0.0 0.0 0.0 0.0 0.0 0.0 0.0 
37.787994384765625 217.974609375 -46.297611236572266 86.82858276367188 63.786865234375 58.025333404541016 91.25569152832031 229.32012939453125 -22.176654815673828 -58.01586151123047 -119.09059143066406 -394.66571044921875 134.84893798828125 218.9554443359375 -106.3620376586914 160.44859313964844 95.40615844726562 -188.45394897460938 -129.1587371826172 -330.41717529296875 output 1 4 7 9 5 10 6 8 2 3 indices 2 -1 3 4 -1 1 3 4 2 1 -1 4 -1 3 1 2 2 1 3 4 2 1 3 4 2 1 3 4 2 1 3 4 2 1 3 4 2 1 3 4 value 0.0 0.0 0.0 0.0 0.0 0.0 0.0 0.0 0.0 0.0 0.0 0.0 10.0 0.0 0.0 0.0 0.0 0.0 0.0 0.0 0.0 0.0 0.0 0.0 0.0 0.0 0.0 0.0 0.0 0.0 0.0 0.0 0.0 0.0 0.0 0.0 0.0 0.0 0.0 0.0 
-58.89146423339844 -30.000274658203125 26.056167602539062 30.773740768432617 -125.6780014038086 220.1027374267578 -42.106483459472656 246.7996826171875 159.2038116455078 -242.80026245117188 -121.73041534423828 68.3738784790039 175.77926635742188 -220.1265869140625 55.2784309387207 262.07342529296875 40.6619873046875 -180.9665069580078 -108.57330322265625 -154.2298126220703 output 3 6 10 1 2 9 5 7 8 4 indices 2 -1 3 4 -1 1 3 4 2 1 -1 4 2 1 3 -1 2 1 3 4 2 1 3 4 2 1 3 4 -1 3 1 2 2 1 3 4 2 1 3 4 value 0.0 0.0 0.0 0.0 0.0 0.0 0.0 0.0 0.0 0.0 0.0 0.0 0.0 0.0 0.0 0.0 0.0 0.0 0.0 0.0 0.0 0.0 0.0 0.0 0.0 0.0 0.0 0.0 10.0 0.0 0.0 0.0 0.0 0.0 0.0 0.0 0.0 0.0 0.0 0.0 
54.303646087646484 367.8973693847656 -92.90298461914062 44.641239166259766 78.33151245117188 -239.7152862548828 -12.810589790344238 -300.7213134765625 -76.40792083740234 -4.928081512451172 207.8031005859375 -256.77374267578125 -67.15806579589844 290.5902404785156 -20.048715591430664 -86.23533630371094 -69.91857147216797 189.5366973876953 -1.1914023160934448 -4.291804790496826 output 1 4 7 9 2 5 10 8 3 6 indices -1 4 2 3 -1 1 3 4 2 1 -1 4 2 1 3 -1 2 1 3 4 2 1 3 4 2 1 3 4 2 1 3 4 2 1 3 4 2 1 3 4 value 10.0 0.0 0.0 0.0 0.0 0.0 0.0 0.0 0.0 0.0 0.0 0.0 0.0 0.0 0.0 0.0 0.0 0.0 0.0 0.0 0.0 0.0 0.0 0.0 0.0 0.0 0.0 0.0 0.0 0.0 0.0 0.0 0.0 0.0 0.0 0.0 0.0 0.0 0.0 0.0 
-22.872133255004883 220.77493286132812 99.68836975097656 -127.41475677490234 22.36430549621582 -89.95197296142578 53.81619644165039 93.9508056640625 57.814453125 225.29779052734375 -46.21165084838867 45.58567428588867 -232.20968627929688 159.6400146484375 -121.599853515625 -348.2359619140625 88.88011169433594 147.13124084472656 100.32988739013672 -326.77777099609375 output 1 5 4 9 10 2 3 6 7 8 indices 2 -1 3 4 -1 1 3 4 2 1 -1 4 2 1 3 -1 -1 3 1 2 2 1 3 4 2 1 3 4 2 1 3 4 2 1 3 4 2 1 3 4 value 0.0 0.0 0.0 0.0 0.0 0.0 0.0 0.0 0.0 0.0 0.0 0.0 0.0 0.0 0.0 0.0 10.0 0.0 0.0 0.0 0.0 0.0 0.0 0.0 0.0 0.0 0.0 0.0 0.0 0.0 0.0 0.0 0.0 0.0 0.0 0.0 0.0 0.0 0.0 0.0 
123.17838287353516 168.49176025390625 51.9176025390625 -147.6858367919922 21.613502502441406 -45.58509063720703 49.307777404785156 201.4286346435547 75.28630828857422 -16.717161178588867 -54.50205993652344 436.16143798828125 -106.15619659423828 -103.70881652832031 -112.52171325683594 -252.55372619628906 65.25149536132812 -217.93310546875 -113.37509155273438 -21.898094177246094 output 3 5 1 4 10 7 8 6 9 2 indices 2 -1 3 4 -1 1 3 4 2 1 -1 4 2 1 3 -1 2 1 3 4 -1 3 1 2 2 1 3 4 2 1 3 4 2 1 3 4 2 1 3 4 value 0.0 0.0 0.0 0.0 0.0 0.0 0.0 0.0 0.0 0.0 0.0 0.0 0.0 0.0 0.0 0.0 0.0 0.0 0.0 0.0 10.0 0.0 0.0 0.0 0.0 0.0 0.0 0.0 0.0 0.0 0.0 0.0 0.0 0.0 0.0 0.0 0.0 0.0 0.0 0.0 
-180.64889526367188 -8.241962432861328 75.75997161865234 -18.37734603881836 23.042226791381836 -42.28627014160156 -138.28138732910156 -69.56560516357422 32.854576110839844 137.68099975585938 69.94966125488281 206.14602661132812 70.09614562988281 -75.6875 -29.35983657836914 -84.35565185546875 -33.645530700683594 -280.3371887207031 110.23306274414062 235.02447509765625 output 3 8 4 1 9 10 6 5 2 7 indices 2 -1 3 4 -1 1 3 4 2 1 -1 4 2 1 3 -1 2 1 3 4 2 1 3 4 2 1 3 4 2 1 3 4 2 1 3 4 -1 3 1 2 value 0.0 0.0 0.0 0.0 0.0 0.0 0.0 0.0 0.0 0.0 0.0 0.0 0.0 0.0 0.0 0.0 0.0 0.0 0.0 0.0 0.0 0.0 0.0 0.0 0.0 0.0 0.0 0.0 0.0 0.0 0.0 0.0 0.0 0.0 0.0 0.0 10.0 0.0 0.0 0.0 
-161.989990234375 -344.5103454589844 -117.38079833984375 129.75558471679688 -96.3492202758789 149.66934204101562 135.56959533691406 -333.85028076171875 30.012065887451172 87.94810485839844 120.07359313964844 285.0777893066406 63.97391128540039 -29.370332717895508 -68.97095489501953 204.19692993164062 -24.952545166015625 -104.38633728027344 120.01433563232422 -44.530433654785156 output 8 3 2 1 9 7 10 4 6 5 indices 2 -1 3 4 -1 1 3 4 2 1 -1 4 2 1 3 -1 2 1 3 4 -1 3 1 2 2 1 3 4 2 1 3 4 2 1 3 4 2 1 3 4 value 0.0 0.0 0.0 0.0 0.0 0.0 0.0 0.0 0.0 0.0 0.0 0.0 0.0 0.0 0.0 0.0 0.0 0.0 0.0 0.0 10.0 0.0 0.0 0.0 0.0 0.0 0.0 0.0 0.0 0.0 0.0 0.0 0.0 0.0 0.0 0.0 0.0 0.0 0.0 0.0 
-95.07159423828125 -149.2734375 39.33936309814453 263.4104919433594 -26.89034652709961 -333.03643798828125 101.44195556640625 121.29141235351562 95.75362396240234 135.16940307617188 -166.062744140625 66.21871948242188 30.281782150268555 -233.43386840820312 -46.99221420288086 -90.01719665527344 98.81459045410156 -46.84382629394531 -30.614404678344727 266.5147399902344 output 6 1 7 3 10 2 5 4 9 8 indices 2 -1 3 4 -1 4 1 3 2 1 -1 4 2 1 3 -1 2 1 3 4 2 1 3 4 2 1 3 4 2 1 3 4 2 1 3 4 2 1 3 4 value 0.0 0.0 0.0 0.0 10.0 0.0 0.0 0.0 0.0 0.0 0.0 0.0 0.0 0.0 0.0 0.0 0.0 0.0 0.0 0.0 0.0 0.0 0.0 0.0 0.0 0.0 0.0 0.0 0.0 0.0 0.0 0.0 0.0 0.0 0.0 0.0 0.0 0.0 0.0 0.0 
110.62760162353516 267.33416748046875 53.74833679199219 -59.05470275878906 149.33322143554688 -57.68535232543945 -165.76026916503906 -298.3669128417969 9.619123458862305 382.7162170410156 -135.97068786621094 -99.41243743896484 -125.3065185546875 -5.865233898162842 70.73806762695312 369.282958984375 -83.12030029296875 -273.7593994140625 116.09142303466797 -225.1893310546875 output 4 9 5 8 1 10 3 2 7 6 indices 2 -1 3 4 -1 1 3 4 2 1 -1 4 2 1 3 -1 -1 3 1 2 2 1 3 4 2 1 3 4 2 1 3 4 2 1 3 4 2 1 3 4 value 0.0 0.0 0.0 0.0 0.0 0.0 0.0 0.0 0.0 0.0 0.0 0.0 0.0 0.0 0.0 0.0 10.0 0.0 0.0 0.0 0.0 0.0 0.0 0.0 0.0 0.0 0.0 0.0 0.0 0.0 0.0 0.0 0.0 0.0 0.0 0.0 0.0 0.0 0.0 0.0 
79.31322479248047 -210.77171325683594 -90.02462768554688 -102.7222671508789 11.371816635131836 -271.32684326171875 -125.69944763183594 -96.6551513671875 10.482139587402344 -318.19464111328125 -8.919576644897461 318.7699890136719 105.2964096069336 109.0583267211914 -23.65313720703125 173.7930450439453 -65.11404418945312 199.32150268554688 106.94723510742188 198.72772216796875 output 1 10 7 8 9 6 5 3 4 2 indices 2 -1 3 4 -1 1 3 4 2 1 -1 4 2 1 3 -1 2 1 3 4 -1 3 1 2 2 1 3 4 2 1 3 4 2 1 3 4 2 1 3 4 value 0.0 0.0 0.0 0.0 0.0 0.0 0.0 0.0 0.0 0.0 0.0 0.0 0.0 0.0 0.0 0.0 0.0 0.0 0.0 0.0 10.0 0.0 0.0 0.0 0.0 0.0 0.0 0.0 0.0 0.0 0.0 0.0 0.0 0.0 0.0 0.0 0.0 0.0 0.0 0.0 
-40.13216018676758 55.611717224121094 -115.30864715576172 -370.54656982421875 82.73360443115234 253.27517700195312 -3.458244562149048 243.533203125 -77.81867218017578 85.09239196777344 1.128725528717041 -215.237060546875 23.010135650634766 227.16319274902344 -11.298327445983887 56.68703842163086 104.14593505859375 -59.189640045166016 36.997657775878906 -276.3894348144531 output 1 8 9 6 10 3 7 4 2 5 indices 2 -1 3 4 -1 1 3 4 -1 4 1 2 2 1 3 -1 2 1 3 4 2 1 3 4 2 1 3 4 2 1 3 4 2 1 3 4 2 1 3 4 value 0.0 0.0 0.0 0.0 0.0 0.0 0.0 0.0 10.0 0.0 0.0 0.0 0.0 0.0 0.0 0.0 0.0 0.0 0.0 0.0 0.0 0.0 0.0 0.0 0.0 0.0 0.0 0.0 0.0 0.0 0.0 0.0 0.0 0.0 0.0 0.0 0.0 0.0 0.0 0.0 
9.432302474975586 -291.3360900878906 141.2650909423828 314.74884033203125 -17.526369094848633 -335.4502868652344 -88.35059356689453 49.421485900878906 102.15716552734375 67.27945709228516 104.24766540527344 -259.2967529296875 -27.897737503051758 273.2059326171875 -6.263983249664307 83.57305908203125 -42.230079650878906 -217.01107788085938 -174.83346557617188 314.8654479980469 output 6 2 5 8 4 10 7 3 1 9 indices 2 -1 3 4 -1 4 1 3 2 1 -1 4 2 1 3 -1 2 1 3 4 2 1 3 4 2 1 3 4 2 1 3 4 2 1 3 4 2 1 3 4 value 0.0 0.0 0.0 0.0 10.0 0.0 0.0 0.0 0.0 0.0 0.0 0.0 0.0 0.0 0.0 0.0 0.0 0.0 0.0 0.0 0.0 0.0 0.0 0.0 0.0 0.0 0.0 0.0 0.0 0.0 0.0 0.0 0.0 0.0 0.0 0.0 0.0 0.0 0.0 0.0 
102.68583679199219 14.603218078613281 -26.18244171142578 -319.09649658203125 41.837257385253906 225.28955078125 -120.77542114257812 164.4912567138672 -91.12217712402344 189.57492065429688 -16.017229080200195 175.87948608398438 7.160002708435059 -275.346435546875 68.61537170410156 135.46934509277344 -140.79246520996094 14.868788719177246 174.5912628173828 -325.7336730957031 output 3 6 5 4 9 2 7 10 1 8 indices 2 -1 3 4 -1 1 3 4 -1 4 1 2 2 1 3 -1 2 1 3 4 2 1 3 4 2 1 3 4 2 1 3 4 2 1 3 4 2 1 3 4 value 0.0 0.0 0.0 0.0 0.0 0.0 0.0 0.0 10.0 0.0 0.0 0.0 0.0 0.0 0.0 0.0 0.0 0.0 0.0 0.0 0.0 0.0 0.0 0.0 0.0 0.0 0.0 0.0 0.0 0.0 0.0 0.0 0.0 0.0 0.0 0.0 0.0 0.0 0.0 0.0 
-115.0844955444336 -192.55184936523438 -150.46945190429688 316.8292541503906 -0.9799914956092834 -127.27542877197266 47.93048095703125 178.59503173828125 118.90225219726562 -239.09921264648438 116.52681732177734 165.66246032714844 -26.546144485473633 233.0330352783203 -54.74353790283203 217.03662109375 -93.77067565917969 -206.7738037109375 158.2347412109375 -345.45611572265625 output 5 10 6 4 7 8 2 1 9 3 indices 2 -1 3 4 -1 4 1 3 2 1 -1 4 2 1 3 -1 2 1 3 4 2 1 3 4 2 1 3 4 2 1 3 4 2 1 3 4 2 1 3 4 value 0.0 0.0 0.0 0.0 10.0 0.0 0.0 0.0 0.0 0.0 0.0 0.0 0.0 0.0 0.0 0.0 0.0 0.0 0.0 0.0 0.0 0.0 0.0 0.0 0.0 0.0 0.0 0.0 0.0 0.0 0.0 0.0 0.0 0.0 0.0 0.0 0.0 0.0 0.0 0.0 
-6.985489845275879 205.4050750732422 113.65512084960938 91.83572387695312 -126.3841323852539 285.0945129394531 42.26059341430664 -338.1330871582031 -136.97869873046875 31.20507049560547 82.802978515625 -233.34848022460938 204.8270721435547 98.62200164794922 -23.282791137695312 -413.35247802734375 -18.8266544342041 171.64483642578125 -131.08799743652344 101.02682495117188 output 9 1 2 7 6 4 8 3 5 10 indices 2 -1 3 4 -1 1 3 4 -1 4 1 2 2 1 3 -1 2 1 3 4 2 1 3 4 2 1 3 4 2 1 3 4 2 1 3 4 2 1 3 4 value 0.0 0.0 0.0 0.0 0.0 0.0 0.0 0.0 10.0 0.0 0.0 0.0 0.0 0.0 0.0 0.0 0.0 0.0 0.0 0.0 0.0 0.0 0.0 0.0 0.0 0.0 0.0 0.0 0.0 0.0 0.0 0.0 0.0 0.0 0.0 0.0 0.0 0.0 0.0 0.0 
125.61394500732422 -201.96560668945312 50.109825134277344 178.070068359375 84.9301528930664 178.66395568847656 -68.15328216552734 -241.05348205566406 19.807992935180664 -54.77544403076172 26.51274299621582 65.00591278076172 2.520613670349121 8.554234504699707 -104.86752319335938 260.3487548828125 -99.1483154296875 -156.7186279296875 -37.3261604309082 -36.12974548339844 output 1 5 10 7 6 3 2 8 9 4 indices 2 -1 3 4 -1 1 3 4 2 1 -1 4 2 1 3 -1 2 1 3 4 2 1 3 4 2 1 3 4 -1 3 1 2 2 1 3 4 2 1 3 4 value 0.0 0.0 0.0 0.0 0.0 0.0 0.0 0.0 0.0 0.0 0.0 0.0 0.0 0.0 0.0 0.0 0.0 0.0 0.0 0.0 0.0 0.0 0.0 0.0 0.0 0.0 0.0 0.0 10.0 0.0 0.0 0.0 0.0 0.0 0.0 0.0 0.0 0.0 0.0 0.0 
-135.76649475097656 -173.5350341796875 -86.75212097167969 292.2253112792969 -152.3753204345703 -123.39539337158203 171.45108032226562 -89.13472747802734 134.50428771972656 -43.92570114135742 62.9172248840332 -63.97629928588867 -87.9774169921875 203.5986328125 103.32281494140625 -89.41736602783203 -63.15658187866211 -75.4588394165039 53.832523345947266 163.0194091796875 output 4 5 8 6 9 1 3 2 7 10 indices 2 -1 3 4 -1 4 1 3 2 1 -1 4 2 1 3 -1 2 1 3 4 2 1 3 4 2 1 3 4 2 1 3 4 2 1 3 4 2 1 3 4 value 0.0 0.0 0.0 0.0 10.0 0.0 0.0 0.0 0.0 0.0 0.0 0.0 0.0 0.0 0.0 0.0 0.0 0.0 0.0 0.0 0.0 0.0 0.0 0.0 0.0 0.0 0.0 0.0 0.0 0.0 0.0 0.0 0.0 0.0 0.0 0.0 0.0 0.0 0.0 0.0 
-23.89742088317871 134.54087829589844 -164.65562438964844 -88.52190399169922 -23.484149932861328 189.64077758789062 -153.19619750976562 -103.82777404785156 98.41454315185547 -328.866943359375 45.29405975341797 -273.1608581542969 121.76410675048828 106.50605010986328 -166.04127502441406 275.6769104003906 131.5828399658203 217.7398223876953 134.2191162109375 -129.72695922851562 output 4 2 8 3 1 7 9 10 5 6 indices 2 -1 3 4 -1 1 3 4 2 1 -1 4 2 1 3 -1 2 1 3 4 2 1 3 4 2 1 3 4 -1 3 1 2 2 1 3 4 2 1 3 4 value 0.0 0.0 0.0 0.0 0.0 0.0 0.0 0.0 0.0 0.0 0.0 0.0 0.0 0.0 0.0 0.0 0.0 0.0 0.0 0.0 0.0 0.0 0.0 0.0 0.0 0.0 0.0 0.0 10.0 0.0 0.0 0.0 0.0 0.0 0.0 0.0 0.0 0.0 0.0 0.0 
-62.765316009521484 265.4924621582031 -150.57327270507812 -180.26492309570312 89.7459487915039 -161.8290557861328 -77.1326904296875 -262.1673278808594 -70.67481231689453 -101.31636047363281 45.25370407104492 -60.927040100097656 101.80255126953125 130.35336303710938 -25.958328247070312 145.47630310058594 163.18002319335938 -98.1491928100586 -12.877820014953613 323.331787109375 output 2 4 10 1 8 7 9 3 6 5 indices 2 -1 3 4 -1 1 3 4 2 1 -1 4 2 1 3 -1 2 1 3 4 2 1 3 4 2 1 3 4 2 1 3 4 2 1 3 4 -1 3 1 2 value 0.0 0.0 0.0 0.0 0.0 0.0 0.0 0.0 0.0 0.0 0.0 0.0 0.0 0.0 0.0 0.0 0.0 0.0 0.0 0.0 0.0 0.0 0.0 0.0 0.0 0.0 0.0 0.0 0.0 0.0 0.0 0.0 0.0 0.0 0.0 0.0 10.0 0.0 0.0 0.0 
26.06960678100586 262.1227111816406 -108.18782043457031 177.42095947265625 -193.67611694335938 -123.04409790039062 112.5798110961914 -257.09765625 -86.8921127319336 -409.64093017578125 132.55982971191406 160.2699737548828 -60.265987396240234 -6.466268539428711 144.56324768066406 111.49246978759766 -121.16138458251953 230.86541748046875 154.4109344482422 -145.92259216308594 output 3 2 9 5 1 4 10 8 6 7 indices -1 4 2 3 -1 1 3 4 2 1 -1 4 2 1 3 -1 2 1 3 4 2 1 3 4 2 1 3 4 2 1 3 4 2 1 3 4 2 1 3 4 value 10.0 0.0 0.0 0.0 0.0 0.0 0.0 0.0 0.0 0.0 0.0 0.0 0.0 0.0 0.0 0.0 0.0 0.0 0.0 0.0 0.0 0.0 0.0 0.0 0.0 0.0 0.0 0.0 0.0 0.0 0.0 0.0 0.0 0.0 0.0 0.0 0.0 0.0 0.0 0.0 
122.43116760253906 244.26809692382812 -221.2980194091797 47.53849792480469 123.4927978515625 -356.163330078125 73.4693832397461 169.18600463867188 -50.61635208129883 -65.78823852539062 119.69285583496094 71.68352508544922 106.1594009399414 124.10816955566406 -44.217594146728516 69.64728546142578 -183.4282989501953 -421.8395080566406 -45.685333251953125 117.3595199584961 output 9 2 5 3 1 6 7 4 8 10 indices -1 4 2 3 -1 1 3 4 2 1 -1 4 2 1 3 -1 2 1 3 4 2 1 3 4 2 1 3 4 2 1 3 4 2 1 3 4 2 1 3 4 value 10.0 0.0 0.0 0.0 0.0 0.0 0.0 0.0 0.0 0.0 0.0 0.0 0.0 0.0 0.0 0.0 0.0 0.0 0.0 0.0 0.0 0.0 0.0 0.0 0.0 0.0 0.0 0.0 0.0 0.0 0.0 0.0 0.0 0.0 0.0 0.0 0.0 0.0 0.0 0.0 
47.596195220947266 -120.00312805175781 -16.746065139770508 7.801167964935303 -11.878900527954102 40.47040557861328 -56.59524917602539 434.0821228027344 -98.37137603759766 -224.0867156982422 -13.490862846374512 -113.96080017089844 52.98825454711914 261.2375183105469 15.13019847869873 -87.84413146972656 191.72251892089844 -70.43943786621094 -110.3547134399414 -127.25699615478516 output 1 9 7 4 5 10 3 2 6 8 indices 2 -1 3 4 -1 1 3 4 2 1 -1 4 -1 3 1 2 2 1 3 4 2 1 3 4 2 1 3 4 2 1 3 4 2 1 3 4 2 1 3 4 value 0.0 0.0 0.0 0.0 0.0 0.0 0.0 0.0 0.0 0.0 0.0 0.0 10.0 0.0 0.0 0.0 0.0 0.0 0.0 0.0 0.0 0.0 0.0 0.0 0.0 0.0 0.0 0.0 0.0 0.0 0.0 0.0 0.0 0.0 0.0 0.0 0.0 0.0 0.0 0.0 
0.9963924288749695 133.9345245361328 162.16807556152344 230.58778381347656 -55.64362335205078 -329.61407470703125 -136.19775390625 152.4738311767578 44.48724365234375 340.66033935546875 -100.23666381835938 -112.18090057373047 -48.34734344482422 221.67349243164062 -31.64179039001465 -324.7768249511719 13.130532264709473 -70.7748031616211 151.28492736816406 -241.98336791992188 output 1 4 6 9 10 2 5 8 3 7 indices 2 -1 3 4 -1 1 3 4 2 1 -1 4 2 1 3 -1 -1 3 1 2 2 1 3 4 2 1 3 4 2 1 3 4 2 1 3 4 2 1 3 4 value 0.0 0.0 0.0 0.0 0.0 0.0 0.0 0.0 0.0 0.0 0.0 0.0 0.0 0.0 0.0 0.0 10.0 0.0 0.0 0.0 0.0 0.0 0.0 0.0 0.0 0.0 0.0 0.0 0.0 0.0 0.0 0.0 0.0 0.0 0.0 0.0 0.0 0.0 0.0 0.0 
101.80393981933594 -216.9289093017578 45.17061996459961 233.73548889160156 -90.79383850097656 -102.89994049072266 -152.89105224609375 -13.73650074005127 -46.32707977294922 -308.850830078125 16.584999084472656 315.1635437011719 72.43543243408203 -264.36846923828125 -19.021976470947266 -33.94132614135742 -27.45723533630371 52.059913635253906 100.4961929321289 339.76702880859375 output 1 7 10 2 6 5 3 4 9 8 indices 2 -1 3 4 -1 1 3 4 2 1 -1 4 2 1 3 -1 2 1 3 4 2 1 3 4 2 1 3 4 2 1 3 4 2 1 3 4 -1 3 1 2 value 0.0 0.0 0.0 0.0 0.0 0.0 0.0 0.0 0.0 0.0 0.0 0.0 0.0 0.0 0.0 0.0 0.0 0.0 0.0 0.0 0.0 0.0 0.0 0.0 0.0 0.0 0.0 0.0 0.0 0.0 0.0 0.0 0.0 0.0 0.0 0.0 10.0 0.0 0.0 0.0 
-149.72738647460938 -245.1338348388672 10.45203685760498 -94.70265197753906 -41.25752258300781 31.94757652282715 2.5789501667022705 179.93771362304688 -119.14163208007812 104.6095962524414 177.99974060058594 80.96080017089844 152.59597778320312 138.84571838378906 -21.2663631439209 -341.2072448730469 -58.58047866821289 -182.34848022460938 46.34666442871094 327.0908203125 output 1 9 2 3 5 4 7 6 10 8 indices 2 -1 3 4 -1 1 3 4 2 1 -1 4 2 1 3 -1 2 1 3 4 2 1 3 4 2 1 3 4 2 1 3 4 2 1 3 4 -1 3 1 2 value 0.0 0.0 0.0 0.0 0.0 0.0 0.0 0.0 0.0 0.0 0.0 0.0 0.0 0.0 0.0 0.0 0.0 0.0 0.0 0.0 0.0 0.0 0.0 0.0 0.0 0.0 0.0 0.0 0.0 0.0 0.0 0.0 0.0 0.0 0.0 0.0 10.0 0.0 0.0 0.0 
48.8222541809082 -179.3768768310547 -185.85382080078125 -251.60716247558594 -85.32392120361328 83.70408630371094 154.58999633789062 -59.956321716308594 97.35655975341797 80.39695739746094 -169.36883544921875 215.8634033203125 -111.9486312866211 246.15255737304688 168.69158935546875 -20.38324546813965 148.70404052734375 -46.81924819946289 -65.66923522949219 -67.97415161132812 output 9 4 8 5 3 7 6 2 10 1 indices 2 -1 3 4 -1 1 3 4 2 1 -1 4 2 1 3 -1 2 1 3 4 2 1 3 4 -1 3 1 2 2 1 3 4 2 1 3 4 2 1 3 4 value 0.0 0.0 0.0 0.0 0.0 0.0 0.0 0.0 0.0 0.0 0.0 0.0 0.0 0.0 0.0 0.0 0.0 0.0 0.0 0.0 0.0 0.0 0.0 0.0 10.0 0.0 0.0 0.0 0.0 0.0 0.0 0.0 0.0 0.0 0.0 0.0 0.0 0.0 0.0 0.0 
148.5340118408203 140.02664184570312 -195.69570922851562 151.6710205078125 123.0014877319336 -92.07939910888672 -62.45713806152344 261.1546630859375 84.10784149169922 178.2642059326172 -64.64178466796875 -300.515380859375 108.5488510131836 -79.74873352050781 -54.98037338256836 -15.33637523651123 -40.238746643066406 68.68218231201172 -46.178436279296875 -312.11883544921875 output 1 5 4 10 6 2 9 8 7 3 indices 2 -1 3 4 -1 1 3 4 2 1 -1 4 -1 3 1 2 2 1 3 4 2 1 3 4 2 1 3 4 2 1 3 4 2 1 3 4 2 1 3 4 value 0.0 0.0 0.0 0.0 0.0 0.0 0.0 0.0 0.0 0.0 0.0 0.0 10.0 0.0 0.0 0.0 0.0 0.0 0.0 0.0 0.0 0.0 0.0 0.0 0.0 0.0 0.0 0.0 0.0 0.0 0.0 0.0 0.0 0.0 0.0 0.0 0.0 0.0 0.0 0.0 
-9.775588989257812 -167.929443359375 -171.64463806152344 182.7096710205078 -10.009815216064453 47.1496467590332 80.5596923828125 124.95917510986328 -117.64613342285156 -187.95977783203125 48.07735824584961 152.0816192626953 173.89669799804688 -123.34307098388672 -6.713810920715332 -382.8521423339844 -125.87139129638672 37.82264709472656 139.1276397705078 317.3616943359375 output 10 7 4 6 3 9 2 5 1 8 indices 2 -1 3 4 -1 1 3 4 2 1 -1 4 2 1 3 -1 2 1 3 4 2 1 3 4 2 1 3 4 2 1 3 4 2 1 3 4 -1 3 1 2 value 0.0 0.0 0.0 0.0 0.0 0.0 0.0 0.0 0.0 0.0 0.0 0.0 0.0 0.0 0.0 0.0 0.0 0.0 0.0 0.0 0.0 0.0 0.0 0.0 0.0 0.0 0.0 0.0 0.0 0.0 0.0 0.0 0.0 0.0 0.0 0.0 10.0 0.0 0.0 0.0 
149.79212951660156 -17.983856201171875 -99.16616821289062 321.2226867675781 68.98734283447266 -253.5535125732422 160.71807861328125 -160.3451690673828 -60.49689483642578 238.3925323486328 -157.2120819091797 321.2239074707031 92.09566497802734 -167.48828125 43.92264175415039 -28.94575309753418 -10.291563987731934 -249.04443359375 -188.34913635253906 -3.478106737136841 output 1 8 10 6 5 2 9 3 7 4 indices 2 -1 3 4 -1 4 1 3 2 1 -1 4 2 1 3 -1 2 1 3 4 2 1 3 4 2 1 3 4 2 1 3 4 2 1 3 4 2 1 3 4 value 0.0 0.0 0.0 0.0 10.0 0.0 0.0 0.0 0.0 0.0 0.0 0.0 0.0 0.0 0.0 0.0 0.0 0.0 0.0 0.0 0.0 0.0 0.0 0.0 0.0 0.0 0.0 0.0 0.0 0.0 0.0 0.0 0.0 0.0 0.0 0.0 0.0 0.0 0.0 0.0 
17.693355560302734 -226.13925170898438 -77.5855941772461 368.10540771484375 54.64533615112305 -249.5515594482422 80.89889526367188 68.08998107910156 83.19867706298828 302.1973571777344 29.383317947387695 209.49349975585938 -121.26166534423828 -299.544921875 -104.44527435302734 18.122499465942383 -57.8194465637207 -93.99956512451172 95.29239654541016 -96.77342224121094 output 1 3 5 6 4 10 9 8 7 2 indices 2 -1 3 4 -1 4 1 3 2 1 -1 4 2 1 3 -1 2 1 3 4 2 1 3 4 2 1 3 4 2 1 3 4 2 1 3 4 2 1 3 4 value 0.0 0.0 0.0 0.0 10.0 0.0 0.0 0.0 0.0 0.0 0.0 0.0 0.0 0.0 0.0 0.0 0.0 0.0 0.0 0.0 0.0 0.0 0.0 0.0 0.0 0.0 0.0 0.0 0.0 0.0 0.0 0.0 0.0 0.0 0.0 0.0 0.0 0.0 0.0 0.0 
12.181529998779297 188.42945861816406 172.1931915283203 -176.4846954345703 140.97564697265625 -171.40769958496094 -110.5798110961914 -329.251220703125 -169.74752807617188 178.3282012939453 139.63218688964844 227.13380432128906 -162.5889434814453 -130.6134796142578 -126.5663070678711 179.76651000976562 -16.40082359313965 101.58004760742188 120.90084838867188 -67.48091888427734 output 1 6 2 10 3 4 7 5 8 9 indices 2 -1 3 4 -1 1 3 4 2 1 -1 4 2 1 3 -1 2 1 3 4 -1 3 1 2 2 1 3 4 2 1 3 4 2 1 3 4 2 1 3 4 value 0.0 0.0 0.0 0.0 0.0 0.0 0.0 0.0 0.0 0.0 0.0 0.0 0.0 0.0 0.0 0.0 0.0 0.0 0.0 0.0 10.0 0.0 0.0 0.0 0.0 0.0 0.0 0.0 0.0 0.0 0.0 0.0 0.0 0.0 0.0 0.0 0.0 0.0 0.0 0.0 
201.15496826171875 -95.03997039794922 -89.51498413085938 240.32310485839844 -142.50970458984375 -221.62953186035156 -104.21585083007812 180.1727294921875 -4.71506929397583 20.510644912719727 60.660404205322266 -368.778564453125 185.96630859375 51.54413604736328 -94.09675598144531 -246.96348571777344 -131.1235809326172 257.7421875 118.39424896240234 182.11875915527344 output 9 3 8 6 1 7 10 5 4 2 indices 2 -1 3 4 -1 1 3 4 2 1 -1 4 2 1 3 -1 2 1 3 4 2 1 3 4 2 1 3 4 2 1 3 4 -1 3 1 2 2 1 3 4 value 0.0 0.0 0.0 0.0 0.0 0.0 0.0 0.0 0.0 0.0 0.0 0.0 0.0 0.0 0.0 0.0 0.0 0.0 0.0 0.0 0.0 0.0 0.0 0.0 0.0 0.0 0.0 0.0 0.0 0.0 0.0 0.0 10.0 0.0 0.0 0.0 0.0 0.0 0.0 0.0 
9.320054054260254 58.36991500854492 -190.01516723632812 263.6445617675781 -108.8506851196289 -155.04873657226562 -131.0760498046875 -165.2941436767578 127.98932647705078 73.78886413574219 -0.5939671993255615 -229.431396484375 106.83880615234375 10.545207023620605 114.80045318603516 -42.669368743896484 25.55195426940918 115.0090560913086 46.03528594970703 71.08605194091797 output 9 1 10 7 8 5 6 3 4 2 indices 2 -1 3 4 -1 4 1 3 2 1 -1 4 2 1 3 -1 2 1 3 4 2 1 3 4 2 1 3 4 2 1 3 4 2 1 3 4 2 1 3 4 value 0.0 0.0 0.0 0.0 10.0 0.0 0.0 0.0 0.0 0.0 0.0 0.0 0.0 0.0 0.0 0.0 0.0 0.0 0.0 0.0 0.0 0.0 0.0 0.0 0.0 0.0 0.0 0.0 0.0 0.0 0.0 0.0 0.0 0.0 0.0 0.0 0.0 0.0 0.0 0.0 
-29.31165885925293 -318.2791442871094 -43.0784797668457 62.86977005004883 134.04531860351562 -115.9574203491211 -217.4671173095703 114.47380828857422 -37.917144775390625 -257.2677001953125 18.149761199951172 -246.9781494140625 -7.434014320373535 65.49274444580078 -7.204411506652832 286.8957824707031 113.26447296142578 246.9679412841797 76.95327758789062 161.78237915039062 output 1 5 6 3 9 10 7 2 4 8 indices 2 -1 3 4 -1 1 3 4 2 1 -1 4 2 1 3 -1 2 1 3 4 2 1 3 4 2 1 3 4 -1 3 1 2 2 1 3 4 2 1 3 4 value 0.0 0.0 0.0 0.0 0.0 0.0 0.0 0.0 0.0 0.0 0.0 0.0 0.0 0.0 0.0 0.0 0.0 0.0 0.0 0.0 0.0 0.0 0.0 0.0 0.0 0.0 0.0 0.0 10.0 0.0 0.0 0.0 0.0 0.0 0.0 0.0 0.0 0.0 0.0 0.0 
107.97415161132812 165.46168518066406 9.09574031829834 -5.264671802520752 -14.848214149475098 58.98122787475586 -109.40251922607422 49.588096618652344 135.3352813720703 -84.05823516845703 -34.555389404296875 -390.2945251464844 -105.28152465820312 1.2330615520477295 64.50688934326172 -154.75021362304688 -30.724031448364258 46.17239761352539 -22.100383758544922 312.9311828613281 output 2 8 5 1 10 6 4 7 9 3 indices 2 -1 3 4 -1 1 3 4 2 1 -1 4 2 1 3 -1 2 1 3 4 2 1 3 4 2 1 3 4 2 1 3 4 2 1 3 4 -1 3 1 2 value 0.0 0.0 0.0 0.0 0.0 0.0 0.0 0.0 0.0 0.0 0.0 0.0 0.0 0.0 0.0 0.0 0.0 0.0 0.0 0.0 0.0 0.0 0.0 0.0 0.0 0.0 0.0 0.0 0.0 0.0 0.0 0.0 0.0 0.0 0.0 0.0 10.0 0.0 0.0 0.0 
-39.32072448730469 -92.96331787109375 115.3087158203125 -303.8215026855469 -137.57484436035156 348.6947326660156 -23.76007652282715 134.8007354736328 -111.1319580078125 319.8341369628906 -89.42008209228516 -233.65817260742188 119.60172271728516 -29.28266716003418 164.4720458984375 74.98313903808594 -119.30638885498047 -79.79235076904297 121.131591796875 -138.7947235107422 output 7 10 2 8 4 5 3 6 9 1 indices 2 -1 3 4 -1 1 3 4 -1 4 1 2 2 1 3 -1 2 1 3 4 2 1 3 4 2 1 3 4 2 1 3 4 2 1 3 4 2 1 3 4 value 0.0 0.0 0.0 0.0 0.0 0.0 0.0 0.0 10.0 0.0 0.0 0.0 0.0 0.0 0.0 0.0 0.0 0.0 0.0 0.0 0.0 0.0 0.0 0.0 0.0 0.0 0.0 0.0 0.0 0.0 0.0 0.0 0.0 0.0 0.0 0.0 0.0 0.0 0.0 0.0 
112.01581573486328 -58.442501068115234 36.544437408447266 199.0550537109375 -72.36601257324219 302.9770812988281 -37.069358825683594 179.47314453125 -70.2171401977539 -224.9330596923828 170.89498901367188 237.3190460205078 -66.43302917480469 11.927858352661133 36.6224365234375 -277.482421875 -43.38631820678711 -188.36434936523438 -66.6058120727539 -181.5298309326172 output 8 9 10 5 3 7 4 2 6 1 indices 2 -1 3 4 -1 1 3 4 -1 4 1 2 2 1 3 -1 2 1 3 4 2 1 3 4 2 1 3 4 2 1 3 4 2 1 3 4 2 1 3 4 value 0.0 0.0 0.0 0.0 0.0 0.0 0.0 0.0 10.0 0.0 0.0 0.0 0.0 0.0 0.0 0.0 0.0 0.0 0.0 0.0 0.0 0.0 0.0 0.0 0.0 0.0 0.0 0.0 0.0 0.0 0.0 0.0 0.0 0.0 0.0 0.0 0.0 0.0 0.0 0.0 
54.70564270019531 -78.39898681640625 -28.787063598632812 -181.71847534179688 -74.51805114746094 182.27944946289062 -144.70230102539062 -218.97576904296875 146.74021911621094 94.35843658447266 -157.81201171875 114.29878234863281 97.17233276367188 165.5718536376953 -76.62556457519531 64.63214874267578 79.07889556884766 223.34124755859375 104.74790954589844 -365.3887023925781 output 1 2 4 6 8 3 7 9 10 5 indices 2 -1 3 4 -1 1 3 4 2 1 -1 4 2 1 3 -1 2 1 3 4 2 1 3 4 2 1 3 4 2 1 3 4 -1 3 1 2 2 1 3 4 value 0.0 0.0 0.0 0.0 0.0 0.0 0.0 0.0 0.0 0.0 0.0 0.0 0.0 0.0 0.0 0.0 0.0 0.0 0.0 0.0 0.0 0.0 0.0 0.0 0.0 0.0 0.0 0.0 0.0 0.0 0.0 0.0 10.0 0.0 0.0 0.0 0.0 0.0 0.0 0.0 
-130.2530059814453 -378.8861999511719 -37.2700309753418 -134.3337860107422 -49.87000274658203 97.6734848022461 23.342147827148438 188.03182983398438 -9.569416999816895 252.8893280029297 90.681396484375 79.39180755615234 185.96766662597656 -125.46735382080078 130.51316833496094 82.75802612304688 -89.5634994506836 -255.44126892089844 -113.9784164428711 193.38412475585938 output 1 10 3 5 4 6 8 7 2 9 indices 2 -1 3 4 -1 1 3 4 2 1 -1 4 2 1 3 -1 -1 3 1 2 2 1 3 4 2 1 3 4 2 1 3 4 2 1 3 4 2 1 3 4 value 0.0 0.0 0.0 0.0 0.0 0.0 0.0 0.0 0.0 0.0 0.0 0.0 0.0 0.0 0.0 0.0 10.0 0.0 0.0 0.0 0.0 0.0 0.0 0.0 0.0 0.0 0.0 0.0 0.0 0.0 0.0 0.0 0.0 0.0 0.0 0.0 0.0 0.0 0.0 0.0 
119.44440460205078 -133.57684326171875 79.35667419433594 245.59129333496094 -92.94579315185547 188.3698272705078 133.1739501953125 64.21266174316406 -7.936285018920898 79.27059173583984 -73.5645523071289 76.08678436279297 -45.31210708618164 -60.22385787963867 -123.44205474853516 -16.28504180908203 -81.6497573852539 -268.3092041015625 92.8755111694336 -175.13619995117188 output 10 1 4 2 5 6 3 9 8 7 indices 2 -1 3 4 -1 4 1 3 2 1 -1 4 2 1 3 -1 2 1 3 4 2 1 3 4 2 1 3 4 2 1 3 4 2 1 3 4 2 1 3 4 value 0.0 0.0 0.0 0.0 10.0 0.0 0.0 0.0 0.0 0.0 0.0 0.0 0.0 0.0 0.0 0.0 0.0 0.0 0.0 0.0 0.0 0.0 0.0 0.0 0.0 0.0 0.0 0.0 0.0 0.0 0.0 0.0 0.0 0.0 0.0 0.0 0.0 0.0 0.0 0.0 
60.90985870361328 25.607744216918945 189.81382751464844 -196.4019317626953 188.28575134277344 -85.44588470458984 134.865478515625 277.5015869140625 34.444332122802734 68.80156707763672 -127.77208709716797 231.9683837890625 -164.0621795654297 -35.77316665649414 -121.21822357177734 -113.11065673828125 -39.60403823852539 -8.983052253723145 -155.6627197265625 -164.1645965576172 output 10 8 9 5 1 3 2 4 6 7 indices 2 -1 3 4 -1 1 3 4 2 1 -1 4 -1 3 1 2 2 1 3 4 2 1 3 4 2 1 3 4 2 1 3 4 2 1 3 4 2 1 3 4 value 0.0 0.0 0.0 0.0 0.0 0.0 0.0 0.0 0.0 0.0 0.0 0.0 10.0 0.0 0.0 0.0 0.0 0.0 0.0 0.0 0.0 0.0 0.0 0.0 0.0 0.0 0.0 0.0 0.0 0.0 0.0 0.0 0.0 0.0 0.0 0.0 0.0 0.0 0.0 0.0 
58.12647247314453 -188.91102600097656 -57.83316421508789 156.06845092773438 85.53510284423828 -227.48931884765625 -143.52980041503906 -87.03988647460938 -137.08731079101562 147.3330841064453 27.71195411682129 -149.05101013183594 206.11203002929688 -231.67825317382812 -3.0423030853271484 321.0979309082031 108.00704956054688 -124.28982543945312 -144.00003051757812 383.9598693847656 output 7 9 3 1 6 4 10 5 2 8 indices 2 -1 3 4 -1 1 3 4 2 1 -1 4 2 1 3 -1 2 1 3 4 2 1 3 4 2 1 3 4 2 1 3 4 2 1 3 4 -1 3 1 2 value 0.0 0.0 0.0 0.0 0.0 0.0 0.0 0.0 0.0 0.0 0.0 0.0 0.0 0.0 0.0 0.0 0.0 0.0 0.0 0.0 0.0 0.0 0.0 0.0 0.0 0.0 0.0 0.0 0.0 0.0 0.0 0.0 0.0 0.0 0.0 0.0 10.0 0.0 0.0 0.0 
110.31919860839844 -119.91879272460938 84.24935150146484 -158.16455078125 -146.35214233398438 82.96307373046875 75.13555145263672 -40.45528793334961 32.78364944458008 182.59970092773438 -116.19631958007812 -185.0887451171875 61.206932067871094 73.07276916503906 -77.44906616210938 -30.26655387878418 -163.44931030273438 265.9498291015625 139.7521514892578 -70.69144439697266 output 6 8 4 2 1 10 7 5 3 9 indices 2 -1 3 4 -1 1 3 4 2 1 -1 4 2 1 3 -1 2 1 3 4 2 1 3 4 2 1 3 4 2 1 3 4 -1 3 1 2 2 1 3 4 value 0.0 0.0 0.0 0.0 0.0 0.0 0.0 0.0 0.0 0.0 0.0 0.0 0.0 0.0 0.0 0.0 0.0 0.0 0.0 0.0 0.0 0.0 0.0 0.0 0.0 0.0 0.0 0.0 0.0 0.0 0.0 0.0 10.0 0.0 0.0 0.0 0.0 0.0 0.0 0.0 
161.8790740966797 -66.83780670166016 -61.295738220214844 -237.45849609375 162.86061096191406 319.362060546875 4.6702351570129395 354.2025451660156 41.8901252746582 -101.25543975830078 -96.03974151611328 -2.0444765090942383 -156.19313049316406 -310.7575378417969 -171.71665954589844 -167.47824096679688 30.645597457885742 159.17958068847656 83.29961395263672 53.087799072265625 output 4 2 7 8 6 5 1 3 10 9 indices 2 -1 3 4 -1 1 3 4 2 1 -1 4 -1 3 1 2 2 1 3 4 2 1 3 4 2 1 3 4 2 1 3 4 2 1 3 4 2 1 3 4 value 0.0 0.0 0.0 0.0 0.0 0.0 0.0 0.0 0.0 0.0 0.0 0.0 10.0 0.0 0.0 0.0 0.0 0.0 0.0 0.0 0.0 0.0 0.0 0.0 0.0 0.0 0.0 0.0 0.0 0.0 0.0 0.0 0.0 0.0 0.0 0.0 0.0 0.0 0.0 0.0 
-100.19039154052734 9.598267555236816 -147.2547149658203 272.1466979980469 -35.82069778442383 16.480308532714844 119.73303985595703 -293.3333435058594 86.31041717529297 -25.33570671081543 127.32548522949219 197.44378662109375 7.833162307739258 138.2252197265625 24.467220306396484 -104.1690673828125 -120.83275604248047 96.5736312866211 38.42923355102539 -307.6297912597656 output 1 9 2 7 6 4 10 8 5 3 indices 2 -1 3 4 -1 4 1 3 2 1 -1 4 2 1 3 -1 2 1 3 4 2 1 3 4 2 1 3 4 2 1 3 4 2 1 3 4 2 1 3 4 value 0.0 0.0 0.0 0.0 10.0 0.0 0.0 0.0 0.0 0.0 0.0 0.0 0.0 0.0 0.0 0.0 0.0 0.0 0.0 0.0 0.0 0.0 0.0 0.0 0.0 0.0 0.0 0.0 0.0 0.0 0.0 0.0 0.0 0.0 0.0 0.0 0.0 0.0 0.0 0.0 
-49.68118667602539 237.4656219482422 125.26994323730469 -334.1375732421875 55.723548889160156 -297.7625732421875 -101.96881866455078 336.0455627441406 84.90380859375 -279.686279296875 138.5179901123047 -15.64612102508545 -135.07080078125 -202.3845977783203 -54.291202545166016 281.0296630859375 -106.40071868896484 -66.39847564697266 42.9974250793457 341.47479248046875 output 8 1 4 7 9 6 2 5 3 10 indices 2 -1 3 4 -1 1 3 4 2 1 -1 4 2 1 3 -1 2 1 3 4 2 1 3 4 2 1 3 4 2 1 3 4 2 1 3 4 -1 3 1 2 value 0.0 0.0 0.0 0.0 0.0 0.0 0.0 0.0 0.0 0.0 0.0 0.0 0.0 0.0 0.0 0.0 0.0 0.0 0.0 0.0 0.0 0.0 0.0 0.0 0.0 0.0 0.0 0.0 0.0 0.0 0.0 0.0 0.0 0.0 0.0 0.0 10.0 0.0 0.0 0.0 
134.42295837402344 -128.74716186523438 35.48070526123047 238.1686248779297 -141.1099395751953 -17.537065505981445 60.819847106933594 -8.116767883300781 147.7472381591797 245.22389221191406 -96.60287475585938 -28.94585609436035 11.083779335021973 -139.25538635253906 -59.084678649902344 -286.2464904785156 16.23883819580078 -15.666549682617188 -108.99588775634766 141.12274169921875 output 1 5 2 10 3 6 8 7 9 4 indices 2 -1 3 4 -1 1 3 4 2 1 -1 4 2 1 3 -1 -1 3 1 2 2 1 3 4 2 1 3 4 2 1 3 4 2 1 3 4 2 1 3 4 value 0.0 0.0 0.0 0.0 0.0 0.0 0.0 0.0 0.0 0.0 0.0 0.0 0.0 0.0 0.0 0.0 10.0 0.0 0.0 0.0 0.0 0.0 0.0 0.0 0.0 0.0 0.0 0.0 0.0 0.0 0.0 0.0 0.0 0.0 0.0 0.0 0.0 0.0 0.0 0.0 
-147.10557556152344 -215.95445251464844 95.99199676513672 247.3316192626953 0.8300369381904602 -91.3565673828125 -7.863767147064209 -286.3818664550781 118.8362045288086 -11.357524871826172 136.03076171875 -236.88031005859375 -150.14468383789062 210.2635498046875 3.4170424938201904 -98.81059265136719 74.43546295166016 241.03994750976562 -124.42747497558594 242.106201171875 output 1 7 10 9 2 6 5 3 8 4 indices 2 -1 3 4 -1 4 1 3 2 1 -1 4 2 1 3 -1 2 1 3 4 2 1 3 4 2 1 3 4 2 1 3 4 2 1 3 4 2 1 3 4 value 0.0 0.0 0.0 0.0 10.0 0.0 0.0 0.0 0.0 0.0 0.0 0.0 0.0 0.0 0.0 0.0 0.0 0.0 0.0 0.0 0.0 0.0 0.0 0.0 0.0 0.0 0.0 0.0 0.0 0.0 0.0 0.0 0.0 0.0 0.0 0.0 0.0 0.0 0.0 0.0 
120.65569305419922 -379.2001037597656 148.59426879882812 -359.92266845703125 138.868408203125 165.32955932617188 -50.42733383178711 -168.5508575439453 36.02735900878906 -107.92742156982422 -108.65281677246094 102.19335174560547 -151.09738159179688 258.2447204589844 72.30042266845703 246.8700408935547 -178.91612243652344 44.4418830871582 -27.352487564086914 198.5215301513672 output 3 2 1 8 10 6 7 9 4 5 indices 2 -1 3 4 -1 1 3 4 2 1 -1 4 2 1 3 -1 2 1 3 4 2 1 3 4 2 1 3 4 -1 3 1 2 2 1 3 4 2 1 3 4 value 0.0 0.0 0.0 0.0 0.0 0.0 0.0 0.0 0.0 0.0 0.0 0.0 0.0 0.0 0.0 0.0 0.0 0.0 0.0 0.0 0.0 0.0 0.0 0.0 0.0 0.0 0.0 0.0 10.0 0.0 0.0 0.0 0.0 0.0 0.0 0.0 0.0 0.0 0.0 0.0 
127.10393524169922 -93.45195770263672 -85.97943115234375 88.68315124511719 -175.3887176513672 18.127655029296875 8.979907035827637 125.66600799560547 131.79872131347656 -252.2516632080078 123.78987884521484 -8.704572677612305 -179.27061462402344 300.5956726074219 89.10847473144531 -271.4732360839844 67.68513488769531 -129.3899688720703 -107.82728576660156 222.1989288330078 output 1 6 4 2 10 7 3 9 8 5 indices 2 -1 3 4 -1 1 3 4 2 1 -1 4 2 1 3 -1 2 1 3 4 2 1 3 4 -1 3 1 2 2 1 3 4 2 1 3 4 2 1 3 4 value 0.0 0.0 0.0 0.0 0.0 0.0 0.0 0.0 0.0 0.0 0.0 0.0 0.0 0.0 0.0 0.0 0.0 0.0 0.0 0.0 0.0 0.0 0.0 0.0 10.0 0.0 0.0 0.0 0.0 0.0 0.0 0.0 0.0 0.0 0.0 0.0 0.0 0.0 0.0 0.0 
131.00604248046875 -75.6483383178711 101.37162017822266 -227.13717651367188 113.4942626953125 16.825923919677734 35.51325988769531 -18.09876823425293 -118.17290496826172 228.6223907470703 -81.40558624267578 -121.70633697509766 -63.80610275268555 131.63381958007812 -84.43378448486328 91.18244171142578 31.30333709716797 -185.73114013671875 -64.87013244628906 160.05718994140625 output 1 3 4 8 7 10 5 6 9 2 indices 2 -1 3 4 -1 1 3 4 2 1 -1 4 2 1 3 -1 -1 3 1 2 2 1 3 4 2 1 3 4 2 1 3 4 2 1 3 4 2 1 3 4 value 0.0 0.0 0.0 0.0 0.0 0.0 0.0 0.0 0.0 0.0 0.0 0.0 0.0 0.0 0.0 0.0 10.0 0.0 0.0 0.0 0.0 0.0 0.0 0.0 0.0 0.0 0.0 0.0 0.0 0.0 0.0 0.0 0.0 0.0 0.0 0.0 0.0 0.0 0.0 0.0 
65.56147003173828 -35.20918655395508 19.249252319335938 195.18838500976562 1.9614495038986206 -140.94290161132812 -99.5362777709961 -251.03689575195312 -161.2211151123047 293.25067138671875 131.70303344726562 106.31124877929688 -160.15240478515625 -138.420654296875 77.76334381103516 -163.6431121826172 95.52960205078125 -235.79693603515625 29.141647338867188 370.2994079589844 output 1 3 8 9 10 4 7 5 2 6 indices 2 -1 3 4 -1 1 3 4 2 1 -1 4 2 1 3 -1 2 1 3 4 2 1 3 4 2 1 3 4 2 1 3 4 2 1 3 4 -1 3 1 2 value 0.0 0.0 0.0 0.0 0.0 0.0 0.0 0.0 0.0 0.0 0.0 0.0 0.0 0.0 0.0 0.0 0.0 0.0 0.0 0.0 0.0 0.0 0.0 0.0 0.0 0.0 0.0 0.0 0.0 0.0 0.0 0.0 0.0 0.0 0.0 0.0 10.0 0.0 0.0 0.0 
-109.34086608886719 210.35939025878906 -57.23514175415039 -173.1114044189453 -71.7784194946289 142.14208984375 132.88619995117188 185.0292205810547 -5.628488540649414 -231.4681396484375 -5.304422855377197 -66.19465637207031 46.5048828125 -101.45388793945312 -110.52100372314453 199.37657165527344 113.36566925048828 -220.41078186035156 67.05158996582031 55.731605529785156 output 5 2 6 7 9 4 10 3 8 1 indices 2 -1 3 4 -1 1 3 4 2 1 -1 4 -1 3 1 2 2 1 3 4 2 1 3 4 2 1 3 4 2 1 3 4 2 1 3 4 2 1 3 4 value 0.0 0.0 0.0 0.0 0.0 0.0 0.0 0.0 0.0 0.0 0.0 0.0 10.0 0.0 0.0 0.0 0.0 0.0 0.0 0.0 0.0 0.0 0.0 0.0 0.0 0.0 0.0 0.0 0.0 0.0 0.0 0.0 0.0 0.0 0.0 0.0 0.0 0.0 0.0 0.0 
103.6971664428711 -268.6097106933594 48.52145004272461 315.73919677734375 83.14778137207031 136.06820678710938 -57.69624328613281 -313.51220703125 -48.05230712890625 62.45661544799805 -120.7121353149414 31.02999496459961 76.0289306640625 99.79483032226562 65.19009399414062 -279.96771240234375 26.709871292114258 -106.4457778930664 -176.83460998535156 323.44659423828125 output 1 9 3 7 5 6 10 4 2 8 indices 2 -1 3 4 -1 4 1 3 2 1 -1 4 2 1 3 -1 2 1 3 4 2 1 3 4 2 1 3 4 2 1 3 4 2 1 3 4 2 1 3 4 value 0.0 0.0 0.0 0.0 10.0 0.0 0.0 0.0 0.0 0.0 0.0 0.0 0.0 0.0 0.0 0.0 0.0 0.0 0.0 0.0 0.0 0.0 0.0 0.0 0.0 0.0 0.0 0.0 0.0 0.0 0.0 0.0 0.0 0.0 0.0 0.0 0.0 0.0 0.0 0.0 
-53.41703796386719 348.8615417480469 -43.97242736816406 -161.31732177734375 -38.092491149902344 -13.482799530029297 103.60152435302734 -123.9364013671875 -162.86260986328125 -49.44319152832031 140.722412109375 -237.53533935546875 -118.042236328125 181.7749481201172 100.90522003173828 -296.9732971191406 -88.0490493774414 367.9306640625 159.2067108154297 -15.87879753112793 output 2 4 10 6 8 1 9 5 7 3 indices 2 -1 3 4 -1 1 3 4 2 1 -1 4 2 1 3 -1 2 1 3 4 2 1 3 4 2 1 3 4 2 1 3 4 -1 3 1 2 2 1 3 4 value 0.0 0.0 0.0 0.0 0.0 0.0 0.0 0.0 0.0 0.0 0.0 0.0 0.0 0.0 0.0 0.0 0.0 0.0 0.0 0.0 0.0 0.0 0.0 0.0 0.0 0.0 0.0 0.0 0.0 0.0 0.0 0.0 10.0 0.0 0.0 0.0 0.0 0.0 0.0 0.0 
-1.8366589546203613 101.07052612304688 -7.487904071807861 -247.5314483642578 -125.20008087158203 -342.17926025390625 41.04827880859375 26.878215789794922 -99.21224212646484 242.06015014648438 -135.655517578125 273.7745361328125 99.96733856201172 -69.29883575439453 143.7576446533203 51.97575378417969 -79.3338394165039 98.10244750976562 163.95298767089844 -134.85206604003906 output 1 9 5 6 3 2 10 8 7 4 indices 2 -1 3 4 -1 1 3 4 2 1 -1 4 2 1 3 -1 2 1 3 4 -1 3 1 2 2 1 3 4 2 1 3 4 2 1 3 4 2 1 3 4 value 0.0 0.0 0.0 0.0 0.0 0.0 0.0 0.0 0.0 0.0 0.0 0.0 0.0 0.0 0.0 0.0 0.0 0.0 0.0 0.0 10.0 0.0 0.0 0.0 0.0 0.0 0.0 0.0 0.0 0.0 0.0 0.0 0.0 0.0 0.0 0.0 0.0 0.0 0.0 0.0 
-26.951799392700195 347.4941711425781 -17.344507217407227 -20.18918228149414 125.4594497680664 -231.48123168945312 54.6615104675293 -43.567222595214844 22.903423309326172 305.0268249511719 -42.53959274291992 -230.1887969970703 9.42134952545166 -59.59473419189453 72.83230590820312 -10.493439674377441 -67.37311553955078 -281.5773620605469 -131.06903076171875 224.5709991455078 output 7 2 10 6 9 1 5 3 8 4 indices -1 4 2 3 -1 1 3 4 2 1 -1 4 2 1 3 -1 2 1 3 4 2 1 3 4 2 1 3 4 2 1 3 4 2 1 3 4 2 1 3 4 value 10.0 0.0 0.0 0.0 0.0 0.0 0.0 0.0 0.0 0.0 0.0 0.0 0.0 0.0 0.0 0.0 0.0 0.0 0.0 0.0 0.0 0.0 0.0 0.0 0.0 0.0 0.0 0.0 0.0 0.0 0.0 0.0 0.0 0.0 0.0 0.0 0.0 0.0 0.0 0.0 
30.750553131103516 -43.20125198364258 42.30125045776367 -20.175918579101562 -82.70841217041016 88.98007202148438 -147.24380493164062 -201.9144287109375 175.32949829101562 71.57550048828125 182.94143676757812 -185.25189208984375 -17.765518188476562 142.57545471191406 109.72466278076172 142.14181518554688 -148.13409423828125 -295.6778259277344 -145.195556640625 300.9484558105469 output 7 3 10 9 4 1 2 6 5 8 indices 2 -1 3 4 -1 1 3 4 2 1 -1 4 2 1 3 -1 2 1 3 4 2 1 3 4 2 1 3 4 2 1 3 4 2 1 3 4 -1 3 1 2 value 0.0 0.0 0.0 0.0 0.0 0.0 0.0 0.0 0.0 0.0 0.0 0.0 0.0 0.0 0.0 0.0 0.0 0.0 0.0 0.0 0.0 0.0 0.0 0.0 0.0 0.0 0.0 0.0 0.0 0.0 0.0 0.0 0.0 0.0 0.0 0.0 10.0 0.0 0.0 0.0 
-108.8285903930664 292.5826110839844 -101.50080871582031 -253.73670959472656 92.42655181884766 -112.70103454589844 -111.29129028320312 -146.76651000976562 -23.01809310913086 147.36883544921875 -13.119735717773438 157.5155792236328 20.588157653808594 -20.73299217224121 152.96600341796875 -103.61009216308594 -83.38233947753906 -118.86245727539062 175.16014099121094 158.94277954101562 output 1 2 4 9 7 3 8 10 6 5 indices -1 4 2 3 -1 1 3 4 2 1 -1 4 2 1 3 -1 2 1 3 4 2 1 3 4 2 1 3 4 2 1 3 4 2 1 3 4 2 1 3 4 value 10.0 0.0 0.0 0.0 0.0 0.0 0.0 0.0 0.0 0.0 0.0 0.0 0.0 0.0 0.0 0.0 0.0 0.0 0.0 0.0 0.0 0.0 0.0 0.0 0.0 0.0 0.0 0.0 0.0 0.0 0.0 0.0 0.0 0.0 0.0 0.0 0.0 0.0 0.0 0.0 
-183.4265594482422 144.2577667236328 101.4072265625 127.32624816894531 126.48129272460938 -217.28692626953125 168.4954376220703 -73.8939437866211 -171.08740234375 52.06632614135742 -3.880613327026367 291.3046875 165.02114868164062 -138.0626983642578 -117.0975112915039 -281.3247375488281 -169.8633270263672 -96.54485321044922 83.95032501220703 192.15811157226562 output 6 10 2 4 7 3 8 9 5 1 indices 2 -1 3 4 -1 1 3 4 2 1 -1 4 2 1 3 -1 2 1 3 4 -1 3 1 2 2 1 3 4 2 1 3 4 2 1 3 4 2 1 3 4 value 0.0 0.0 0.0 0.0 0.0 0.0 0.0 0.0 0.0 0.0 0.0 0.0 0.0 0.0 0.0 0.0 0.0 0.0 0.0 0.0 10.0 0.0 0.0 0.0 0.0 0.0 0.0 0.0 0.0 0.0 0.0 0.0 0.0 0.0 0.0 0.0 0.0 0.0 0.0 0.0 
160.42153930664062 216.55462646484375 -196.62167358398438 -186.83592224121094 81.12235260009766 213.69558715820312 -87.67801666259766 -89.5372085571289 -107.53182220458984 -388.7343444824219 74.55679321289062 9.350899696350098 77.02713775634766 37.80906295776367 -180.07228088378906 -297.7561950683594 117.16301727294922 287.49102783203125 61.612945556640625 197.96249389648438 output 9 3 10 5 8 2 4 6 7 1 indices 2 -1 3 4 -1 1 3 4 2 1 -1 4 2 1 3 -1 2 1 3 4 2 1 3 4 2 1 3 4 2 1 3 4 -1 3 1 2 2 1 3 4 value 0.0 0.0 0.0 0.0 0.0 0.0 0.0 0.0 0.0 0.0 0.0 0.0 0.0 0.0 0.0 0.0 0.0 0.0 0.0 0.0 0.0 0.0 0.0 0.0 0.0 0.0 0.0 0.0 0.0 0.0 0.0 0.0 10.0 0.0 0.0 0.0 0.0 0.0 0.0 0.0 
172.1678924560547 90.4010238647461 -129.99658203125 184.87786865234375 72.6178970336914 -172.22552490234375 105.7663345336914 17.862972259521484 120.10083770751953 13.279436111450195 -108.86854553222656 85.56156921386719 -124.13591766357422 -108.36154174804688 49.265045166015625 29.88103675842285 -49.40708541870117 -120.39798736572266 -107.50987243652344 -20.878856658935547 output 3 9 7 10 2 6 8 4 5 1 indices 2 -1 3 4 -1 4 1 3 2 1 -1 4 2 1 3 -1 2 1 3 4 2 1 3 4 2 1 3 4 2 1 3 4 2 1 3 4 2 1 3 4 value 0.0 0.0 0.0 0.0 10.0 0.0 0.0 0.0 0.0 0.0 0.0 0.0 0.0 0.0 0.0 0.0 0.0 0.0 0.0 0.0 0.0 0.0 0.0 0.0 0.0 0.0 0.0 0.0 0.0 0.0 0.0 0.0 0.0 0.0 0.0 0.0 0.0 0.0 0.0 0.0 
24.09446907043457 34.0255012512207 -40.45693588256836 -270.22125244140625 -112.49724578857422 312.63818359375 -168.07437133789062 -160.2010955810547 -50.310508728027344 26.370128631591797 -0.3821559548377991 -145.38604736328125 157.47337341308594 300.0292663574219 37.564964294433594 -24.04498291015625 127.95758819580078 131.08615112304688 24.63081932067871 -204.29588317871094 output 9 7 6 10 2 3 4 5 1 8 indices 2 -1 3 4 -1 1 3 4 2 1 -1 4 2 1 3 -1 2 1 3 4 2 1 3 4 -1 3 1 2 2 1 3 4 2 1 3 4 2 1 3 4 value 0.0 0.0 0.0 0.0 0.0 0.0 0.0 0.0 0.0 0.0 0.0 0.0 0.0 0.0 0.0 0.0 0.0 0.0 0.0 0.0 0.0 0.0 0.0 0.0 10.0 0.0 0.0 0.0 0.0 0.0 0.0 0.0 0.0 0.0 0.0 0.0 0.0 0.0 0.0 0.0 
-70.51660919189453 64.56444549560547 143.19244384765625 -157.97769165039062 -48.457244873046875 -205.3528594970703 8.328376770019531 78.6041259765625 24.681427001953125 -304.88067626953125 38.549095153808594 -54.84259796142578 36.186973571777344 157.02285766601562 115.22920227050781 217.48602294921875 -86.27326202392578 75.44132995605469 -160.92039489746094 129.93504333496094 output 1 9 10 3 5 6 2 8 7 4 indices 2 -1 3 4 -1 1 3 4 2 1 -1 4 2 1 3 -1 2 1 3 4 2 1 3 4 2 1 3 4 -1 3 1 2 2 1 3 4 2 1 3 4 value 0.0 0.0 0.0 0.0 0.0 0.0 0.0 0.0 0.0 0.0 0.0 0.0 0.0 0.0 0.0 0.0 0.0 0.0 0.0 0.0 0.0 0.0 0.0 0.0 0.0 0.0 0.0 0.0 10.0 0.0 0.0 0.0 0.0 0.0 0.0 0.0 0.0 0.0 0.0 0.0 
12.59727954864502 156.1292266845703 -75.13594818115234 113.57699584960938 10.160465240478516 158.26846313476562 37.19013214111328 263.7243347167969 52.79971694946289 -36.516357421875 -95.64271545410156 -169.2434844970703 146.49740600585938 -370.6051330566406 -50.266441345214844 -394.6959228515625 -0.1982739269733429 106.25753784179688 -38.00162887573242 173.10430908203125 output 1 3 10 2 6 8 4 7 5 9 indices 2 -1 3 4 -1 1 3 4 2 1 -1 4 -1 3 1 2 2 1 3 4 2 1 3 4 2 1 3 4 2 1 3 4 2 1 3 4 2 1 3 4 value 0.0 0.0 0.0 0.0 0.0 0.0 0.0 0.0 0.0 0.0 0.0 0.0 10.0 0.0 0.0 0.0 0.0 0.0 0.0 0.0 0.0 0.0 0.0 0.0 0.0 0.0 0.0 0.0 0.0 0.0 0.0 0.0 0.0 0.0 0.0 0.0 0.0 0.0 0.0 0.0 
-59.89236068725586 -120.97016906738281 61.083351135253906 320.8498229980469 -148.69227600097656 -64.47435760498047 -23.867904663085938 -177.41287231445312 155.48191833496094 -249.88510131835938 -116.28325653076172 213.15960693359375 -20.183603286743164 -280.535888671875 180.6832733154297 235.0807342529297 -63.612831115722656 229.05787658691406 35.283687591552734 -104.86963653564453 output 1 4 7 3 6 9 2 8 5 10 indices 2 -1 3 4 -1 4 1 3 2 1 -1 4 2 1 3 -1 2 1 3 4 2 1 3 4 2 1 3 4 2 1 3 4 2 1 3 4 2 1 3 4 value 0.0 0.0 0.0 0.0 10.0 0.0 0.0 0.0 0.0 0.0 0.0 0.0 0.0 0.0 0.0 0.0 0.0 0.0 0.0 0.0 0.0 0.0 0.0 0.0 0.0 0.0 0.0 0.0 0.0 0.0 0.0 0.0 0.0 0.0 0.0 0.0 0.0 0.0 0.0 0.0 
-22.024188995361328 -35.88175964355469 -54.63277053833008 335.1299743652344 -155.80360412597656 201.38461303710938 119.85789489746094 9.605310440063477 -191.25241088867188 -23.87037467956543 -59.28630065917969 232.9128875732422 135.33059692382812 -98.48168182373047 91.89911651611328 -39.92994689941406 90.57022094726562 -289.6507263183594 45.3414421081543 -291.2182922363281 output 9 10 2 6 3 5 1 8 4 7 indices 2 -1 3 4 -1 4 1 3 2 1 -1 4 2 1 3 -1 2 1 3 4 2 1 3 4 2 1 3 4 2 1 3 4 2 1 3 4 2 1 3 4 value 0.0 0.0 0.0 0.0 10.0 0.0 0.0 0.0 0.0 0.0 0.0 0.0 0.0 0.0 0.0 0.0 0.0 0.0 0.0 0.0 0.0 0.0 0.0 0.0 0.0 0.0 0.0 0.0 0.0 0.0 0.0 0.0 0.0 0.0 0.0 0.0 0.0 0.0 0.0 0.0 
-59.74518966674805 342.1171875 -17.41786766052246 -251.07376098632812 92.7196273803711 -38.05757141113281 -217.71490478515625 -179.16465759277344 102.14857482910156 -138.0191650390625 -77.17654418945312 -224.22059631347656 -42.35684585571289 303.6526794433594 99.69796752929688 -157.9438934326172 52.82726287841797 115.9438247680664 67.01790618896484 226.7659454345703 output 2 6 4 1 7 10 9 3 5 8 indices -1 4 2 3 -1 1 3 4 2 1 -1 4 2 1 3 -1 2 1 3 4 2 1 3 4 2 1 3 4 2 1 3 4 2 1 3 4 2 1 3 4 value 10.0 0.0 0.0 0.0 0.0 0.0 0.0 0.0 0.0 0.0 0.0 0.0 0.0 0.0 0.0 0.0 0.0 0.0 0.0 0.0 0.0 0.0 0.0 0.0 0.0 0.0 0.0 0.0 0.0 0.0 0.0 0.0 0.0 0.0 0.0 0.0 0.0 0.0 0.0 0.0 
-116.37725830078125 -165.50279235839844 -83.31731414794922 93.20198822021484 -111.57708740234375 300.04437255859375 82.75550842285156 -286.48126220703125 60.81836700439453 -101.45077514648438 -107.3506088256836 38.01082992553711 44.68780517578125 -72.29259490966797 109.15453338623047 343.529052734375 -27.759244918823242 -107.29940795898438 148.9652862548828 -41.7593994140625 output 2 6 1 9 7 5 10 8 4 3 indices 2 -1 3 4 -1 1 3 4 2 1 -1 4 2 1 3 -1 2 1 3 4 2 1 3 4 2 1 3 4 -1 3 1 2 2 1 3 4 2 1 3 4 value 0.0 0.0 0.0 0.0 0.0 0.0 0.0 0.0 0.0 0.0 0.0 0.0 0.0 0.0 0.0 0.0 0.0 0.0 0.0 0.0 0.0 0.0 0.0 0.0 0.0 0.0 0.0 0.0 10.0 0.0 0.0 0.0 0.0 0.0 0.0 0.0 0.0 0.0 0.0 0.0 
-78.32977294921875 15.03553295135498 97.80252075195312 139.20205688476562 26.975873947143555 -110.68492889404297 35.44224548339844 148.46392822265625 162.233154296875 -63.82548904418945 123.61267852783203 101.69500732421875 -124.5512466430664 106.83666229248047 -126.25826263427734 107.33919525146484 -100.04915618896484 -430.2510070800781 -16.8780460357666 -13.810941696166992 output 6 5 3 10 1 7 8 9 4 2 indices 2 -1 3 4 4 3 1 -1 2 1 -1 4 -1 2 1 3 2 1 3 4 2 1 3 4 2 1 3 4 2 1 3 4 2 1 3 4 2 1 3 4 value 0.0 0.0 0.0 0.0 4.1762524545098775e-28 0.0 0.0 0.0 0.0 0.0 0.0 0.0 10.0 4.1762524545098775e-28 0.0 0.0 0.0 0.0 0.0 0.0 0.0 0.0 0.0 0.0 0.0 0.0 0.0 0.0 0.0 0.0 0.0 0.0 0.0 0.0 0.0 0.0 0.0 0.0 0.0 0.0 
51.5920295715332 15.328433990478516 -160.37384033203125 -99.26214599609375 28.359750747680664 -21.74537467956543 5.332454681396484 233.7464599609375 10.366632461547852 177.7943878173828 -51.94150924682617 -165.43988037109375 -45.52827072143555 -368.7043151855469 0.8498427867889404 -178.61106872558594 18.728591918945312 218.89349365234375 142.6143341064453 188.00001525878906 output 1 3 8 6 2 7 4 9 5 10 indices 2 -1 3 4 -1 1 3 4 2 1 -1 4 -1 3 1 2 2 1 3 4 2 1 3 4 2 1 3 4 2 1 3 4 2 1 3 4 2 1 3 4 value 0.0 0.0 0.0 0.0 0.0 0.0 0.0 0.0 0.0 0.0 0.0 0.0 10.0 0.0 0.0 0.0 0.0 0.0 0.0 0.0 0.0 0.0 0.0 0.0 0.0 0.0 0.0 0.0 0.0 0.0 0.0 0.0 0.0 0.0 0.0 0.0 0.0 0.0 0.0 0.0 
17.054750442504883 -46.251075744628906 150.9653778076172 -176.928955078125 131.7418212890625 -44.65699768066406 -164.02516174316406 71.1809310913086 2.3312366008758545 -162.47427368164062 154.12229919433594 204.75128173828125 19.013721466064453 292.7870178222656 -47.27555465698242 -109.73297882080078 -102.55323028564453 -177.16241455078125 -161.375244140625 148.48744201660156 output 9 8 5 1 3 2 6 7 10 4 indices 2 -1 3 4 -1 1 3 4 2 1 -1 4 2 1 3 -1 2 1 3 4 2 1 3 4 -1 3 1 2 2 1 3 4 2 1 3 4 2 1 3 4 value 0.0 0.0 0.0 0.0 0.0 0.0 0.0 0.0 0.0 0.0 0.0 0.0 0.0 0.0 0.0 0.0 0.0 0.0 0.0 0.0 0.0 0.0 0.0 0.0 10.0 0.0 0.0 0.0 0.0 0.0 0.0 0.0 0.0 0.0 0.0 0.0 0.0 0.0 0.0 0.0 
-65.83528137207031 -297.132080078125 -10.011129379272461 -123.66065979003906 84.5802230834961 170.95309448242188 -68.84632110595703 123.74071502685547 13.195228576660156 -251.87564086914062 8.974420547485352 109.00664520263672 27.478343963623047 279.6343994140625 28.765302658081055 -282.241943359375 96.8519287109375 -35.489356994628906 -115.15272521972656 307.0648498535156 output 1 10 4 6 7 3 9 2 5 8 indices 2 -1 3 4 -1 1 3 4 2 1 -1 4 2 1 3 -1 2 1 3 4 2 1 3 4 2 1 3 4 2 1 3 4 2 1 3 4 -1 3 1 2 value 0.0 0.0 0.0 0.0 0.0 0.0 0.0 0.0 0.0 0.0 0.0 0.0 0.0 0.0 0.0 0.0 0.0 0.0 0.0 0.0 0.0 0.0 0.0 0.0 0.0 0.0 0.0 0.0 0.0 0.0 0.0 0.0 0.0 0.0 0.0 0.0 10.0 0.0 0.0 0.0 
180.27371215820312 80.75190734863281 42.559757232666016 -24.00203514099121 -89.74590301513672 -101.28736877441406 26.165481567382812 203.1688995361328 -3.671114444732666 107.43165588378906 -74.31465148925781 -4.448666572570801 -38.09138870239258 90.74076843261719 3.392345666885376 136.51614379882812 9.27817440032959 -432.2391662597656 -55.846405029296875 -56.63215255737305 output 6 7 5 8 4 9 1 2 10 3 indices 2 -1 3 4 -1 1 3 4 2 1 -1 4 -1 3 1 2 2 1 3 4 2 1 3 4 2 1 3 4 2 1 3 4 2 1 3 4 2 1 3 4 value 0.0 0.0 0.0 0.0 0.0 0.0 0.0 0.0 0.0 0.0 0.0 0.0 10.0 0.0 0.0 0.0 0.0 0.0 0.0 0.0 0.0 0.0 0.0 0.0 0.0 0.0 0.0 0.0 0.0 0.0 0.0 0.0 0.0 0.0 0.0 0.0 0.0 0.0 0.0 0.0 
34.479942321777344 -46.6275749206543 -103.7779769897461 399.0368957519531 -7.4685378074646 -125.86062622070312 -68.63067626953125 250.93492126464844 -12.520855903625488 8.924359321594238 21.05300521850586 -209.21469116210938 -112.84173583984375 90.01908111572266 211.2615203857422 -224.9600372314453 -124.96471405029297 -100.2040786743164 163.4100341796875 -42.04825210571289 output 1 5 7 4 2 9 3 6 8 10 indices 2 -1 3 4 -1 4 1 3 2 1 -1 4 2 1 3 -1 2 1 3 4 2 1 3 4 2 1 3 4 2 1 3 4 2 1 3 4 2 1 3 4 value 0.0 0.0 0.0 0.0 10.0 0.0 0.0 0.0 0.0 0.0 0.0 0.0 0.0 0.0 0.0 0.0 0.0 0.0 0.0 0.0 0.0 0.0 0.0 0.0 0.0 0.0 0.0 0.0 0.0 0.0 0.0 0.0 0.0 0.0 0.0 0.0 0.0 0.0 0.0 0.0 
109.3722915649414 105.58499908447266 -79.55015563964844 -213.43600463867188 -12.0672025680542 -69.38047790527344 -127.83118438720703 -22.88909149169922 -130.52725219726562 -73.65766143798828 128.49815368652344 -218.12501525878906 -97.39720916748047 -112.56175994873047 172.98428344726562 -212.95997619628906 -64.11390686035156 415.0994567871094 100.63218688964844 402.3255310058594 output 8 1 3 4 5 7 2 9 10 6 indices 2 -1 3 4 -1 1 3 4 2 1 -1 4 2 1 3 -1 2 1 3 4 2 1 3 4 2 1 3 4 2 1 3 4 2 1 3 4 -1 3 1 2 value 0.0 0.0 0.0 0.0 0.0 0.0 0.0 0.0 0.0 0.0 0.0 0.0 0.0 0.0 0.0 0.0 0.0 0.0 0.0 0.0 0.0 0.0 0.0 0.0 0.0 0.0 0.0 0.0 0.0 0.0 0.0 0.0 0.0 0.0 0.0 0.0 10.0 0.0 0.0 0.0 
-0.1386122852563858 91.6959457397461 -131.13743591308594 -343.5694274902344 -129.35064697265625 -253.39910888671875 -10.856561660766602 1.6941920518875122 105.95016479492188 60.72026824951172 44.19169616699219 322.05169677734375 155.10269165039062 188.5799560546875 -21.145780563354492 -96.1985855102539 -1.5478248596191406 -7.348829746246338 -11.067691802978516 35.77391815185547 output 2 3 8 9 4 10 1 5 7 6 indices 2 -1 3 4 -1 1 3 4 2 1 -1 4 2 1 3 -1 2 1 3 4 -1 3 1 2 2 1 3 4 2 1 3 4 2 1 3 4 2 1 3 4 value 0.0 0.0 0.0 0.0 0.0 0.0 0.0 0.0 0.0 0.0 0.0 0.0 0.0 0.0 0.0 0.0 0.0 0.0 0.0 0.0 10.0 0.0 0.0 0.0 0.0 0.0 0.0 0.0 0.0 0.0 0.0 0.0 0.0 0.0 0.0 0.0 0.0 0.0 0.0 0.0 
-115.73735809326172 38.64141845703125 151.75042724609375 -290.848388671875 -74.34872436523438 -352.6212158203125 -93.6736068725586 126.85285186767578 57.90739822387695 155.74012756347656 103.47783660888672 -182.31048583984375 -107.59896850585938 222.9081573486328 -8.989655494689941 298.0089416503906 43.3015251159668 -22.958213806152344 43.911136627197266 6.586799144744873 output 10 9 6 2 8 3 7 1 4 5 indices 2 -1 3 4 -1 1 3 4 2 1 -1 4 2 1 3 -1 2 1 3 4 2 1 3 4 2 1 3 4 -1 3 1 2 2 1 3 4 2 1 3 4 value 0.0 0.0 0.0 0.0 0.0 0.0 0.0 0.0 0.0 0.0 0.0 0.0 0.0 0.0 0.0 0.0 0.0 0.0 0.0 0.0 0.0 0.0 0.0 0.0 0.0 0.0 0.0 0.0 10.0 0.0 0.0 0.0 0.0 0.0 0.0 0.0 0.0 0.0 0.0 0.0 
-20.810731887817383 -381.43719482421875 127.94751739501953 214.2613067626953 -48.59684371948242 88.7711181640625 -79.01679992675781 -227.12030029296875 -72.60299682617188 25.016246795654297 -60.01423263549805 121.15906524658203 119.77177429199219 247.65386962890625 -105.64973449707031 -62.02016067504883 31.854751586914062 148.76268005371094 107.11727905273438 -175.04664611816406 output 1 4 8 5 3 6 9 2 7 10 indices 2 -1 3 4 -1 1 3 4 2 1 -1 4 2 1 3 -1 2 1 3 4 2 1 3 4 -1 3 1 2 2 1 3 4 2 1 3 4 2 1 3 4 value 0.0 0.0 0.0 0.0 0.0 0.0 0.0 0.0 0.0 0.0 0.0 0.0 0.0 0.0 0.0 0.0 0.0 0.0 0.0 0.0 0.0 0.0 0.0 0.0 10.0 0.0 0.0 0.0 0.0 0.0 0.0 0.0 0.0 0.0 0.0 0.0 0.0 0.0 0.0 0.0 
88.01171112060547 184.6998291015625 -145.2561798095703 143.8483123779297 -193.27769470214844 139.4955291748047 138.60061645507812 -254.6741180419922 108.16439056396484 -149.8360595703125 -41.94962692260742 -218.2296905517578 -5.737958908081055 -228.69761657714844 5.211935520172119 273.8621520996094 -28.97224235534668 -36.917964935302734 75.20504760742188 146.4496307373047 output 7 6 9 3 2 8 10 1 4 5 indices 2 -1 3 4 -1 1 3 4 2 1 -1 4 2 1 3 -1 2 1 3 4 2 1 3 4 2 1 3 4 -1 3 1 2 2 1 3 4 2 1 3 4 value 0.0 0.0 0.0 0.0 0.0 0.0 0.0 0.0 0.0 0.0 0.0 0.0 0.0 0.0 0.0 0.0 0.0 0.0 0.0 0.0 0.0 0.0 0.0 0.0 0.0 0.0 0.0 0.0 10.0 0.0 0.0 0.0 0.0 0.0 0.0 0.0 0.0 0.0 0.0 0.0 
-130.9481658935547 -30.63339614868164 115.31989288330078 -29.19037628173828 -154.99351501464844 -65.94953918457031 -130.98123168945312 139.0901641845703 126.24256134033203 302.05291748046875 115.28809356689453 -87.40864562988281 78.56065368652344 -322.0444641113281 4.678250789642334 -21.65288543701172 -25.32318115234375 -82.62379455566406 2.1566357612609863 198.36001586914062 output 4 3 1 9 8 2 6 7 5 10 indices 2 -1 3 4 -1 1 3 4 2 1 -1 4 2 1 3 -1 -1 3 1 2 2 1 3 4 2 1 3 4 2 1 3 4 2 1 3 4 2 1 3 4 value 0.0 0.0 0.0 0.0 0.0 0.0 0.0 0.0 0.0 0.0 0.0 0.0 0.0 0.0 0.0 0.0 10.0 0.0 0.0 0.0 0.0 0.0 0.0 0.0 0.0 0.0 0.0 0.0 0.0 0.0 0.0 0.0 0.0 0.0 0.0 0.0 0.0 0.0 0.0 0.0 
-43.1600341796875 363.3411865234375 -65.7484130859375 -127.21308898925781 57.971946716308594 185.14462280273438 79.09280395507812 126.83609771728516 -15.007698059082031 -347.748046875 55.88905334472656 50.4815788269043 4.660935878753662 -10.843667030334473 22.562061309814453 -176.0934295654297 -57.900787353515625 191.0122833251953 -38.359867095947266 -254.9175567626953 output 9 3 4 6 7 2 8 10 5 1 indices -1 4 2 3 -1 1 3 4 2 1 -1 4 2 1 3 -1 2 1 3 4 2 1 3 4 2 1 3 4 2 1 3 4 2 1 3 4 2 1 3 4 value 10.0 0.0 0.0 0.0 0.0 0.0 0.0 0.0 0.0 0.0 0.0 0.0 0.0 0.0 0.0 0.0 0.0 0.0 0.0 0.0 0.0 0.0 0.0 0.0 0.0 0.0 0.0 0.0 0.0 0.0 0.0 0.0 0.0 0.0 0.0 0.0 0.0 0.0 0.0 0.0 
-165.8017120361328 117.29118347167969 -45.70766067504883 -189.56211853027344 117.60782623291016 296.3858337402344 -1.0075860023498535 -20.305143356323242 -139.49075317382812 -215.73277282714844 130.68736267089844 -209.86782836914062 148.72767639160156 154.4552764892578 -44.16227722167969 41.5810546875 -100.5727767944336 85.79347229003906 99.71989440917969 -60.03895568847656 output 8 9 1 5 2 6 3 7 10 4 indices 2 -1 3 4 -1 1 3 4 -1 4 1 2 2 1 3 -1 2 1 3 4 2 1 3 4 2 1 3 4 2 1 3 4 2 1 3 4 2 1 3 4 value 0.0 0.0 0.0 0.0 0.0 0.0 0.0 0.0 10.0 0.0 0.0 0.0 0.0 0.0 0.0 0.0 0.0 0.0 0.0 0.0 0.0 0.0 0.0 0.0 0.0 0.0 0.0 0.0 0.0 0.0 0.0 0.0 0.0 0.0 0.0 0.0 0.0 0.0 0.0 0.0 
84.91375732421875 -297.4823913574219 2.9961671829223633 128.79783630371094 139.9993438720703 -299.6856994628906 120.86398315429688 131.7721710205078 -76.21726989746094 -98.91963958740234 132.48150634765625 54.39310073852539 -118.27285766601562 31.79503631591797 -34.141929626464844 -140.43443298339844 -129.13502502441406 388.8648986816406 -123.48767852783203 100.89913940429688 output 1 3 6 4 2 7 10 9 5 8 indices 2 -1 3 4 -1 1 3 4 2 1 -1 4 2 1 3 -1 2 1 3 4 2 1 3 4 2 1 3 4 2 1 3 4 -1 3 1 2 2 1 3 4 value 0.0 0.0 0.0 0.0 0.0 0.0 0.0 0.0 0.0 0.0 0.0 0.0 0.0 0.0 0.0 0.0 0.0 0.0 0.0 0.0 0.0 0.0 0.0 0.0 0.0 0.0 0.0 0.0 0.0 0.0 0.0 0.0 10.0 0.0 0.0 0.0 0.0 0.0 0.0 0.0 
129.3242950439453 101.47040557861328 -67.51220703125 226.0712432861328 154.7191162109375 95.89385223388672 61.75645446777344 -36.06951904296875 10.860451698303223 149.34219360351562 -159.21401977539062 -177.20892333984375 -53.61225509643555 178.0730743408203 -10.06862735748291 -8.548930168151855 106.52678680419922 -257.130615234375 -172.77999877929688 -271.8927917480469 output 4 8 6 10 2 7 5 1 3 9 indices 2 -1 3 4 -1 4 1 3 2 1 -1 4 2 1 3 -1 2 1 3 4 2 1 3 4 2 1 3 4 2 1 3 4 2 1 3 4 2 1 3 4 value 0.0 0.0 0.0 0.0 10.0 0.0 0.0 0.0 0.0 0.0 0.0 0.0 0.0 0.0 0.0 0.0 0.0 0.0 0.0 0.0 0.0 0.0 0.0 0.0 0.0 0.0 0.0 0.0 0.0 0.0 0.0 0.0 0.0 0.0 0.0 0.0 0.0 0.0 0.0 0.0 
42.614349365234375 269.7126770019531 -89.904541015625 -107.88330841064453 20.9484920501709 -239.83615112304688 -141.54098510742188 -64.4917984008789 118.0748291015625 304.6147155761719 11.573651313781738 -32.13800048828125 122.97509002685547 -49.72764587402344 -3.5061492919921875 -197.81321716308594 108.35313415527344 -194.90403747558594 -189.58786010742188 312.4667663574219 output 1 5 9 7 6 2 4 10 8 3 indices 2 -1 3 4 -1 1 3 4 2 1 -1 4 2 1 3 -1 -1 3 1 2 2 1 3 4 2 1 3 4 2 1 3 4 2 1 3 4 2 1 3 4 value 0.0 0.0 0.0 0.0 0.0 0.0 0.0 0.0 0.0 0.0 0.0 0.0 0.0 0.0 0.0 0.0 10.0 0.0 0.0 0.0 0.0 0.0 0.0 0.0 0.0 0.0 0.0 0.0 0.0 0.0 0.0 0.0 0.0 0.0 0.0 0.0 0.0 0.0 0.0 0.0 
110.44868469238281 45.46407699584961 -196.9196319580078 45.57122039794922 23.279441833496094 -162.84722900390625 -126.3722152709961 -86.61295318603516 -64.75667572021484 331.6615905761719 37.42144012451172 -139.0254364013672 -9.854960441589355 -177.21609497070312 109.27428436279297 -194.9709930419922 50.513614654541016 -109.27371978759766 66.96602630615234 447.2495422363281 output 7 3 6 9 1 8 10 5 2 4 indices 2 -1 3 4 -1 1 3 4 2 1 -1 4 2 1 3 -1 2 1 3 4 2 1 3 4 2 1 3 4 2 1 3 4 2 1 3 4 -1 3 1 2 value 0.0 0.0 0.0 0.0 0.0 0.0 0.0 0.0 0.0 0.0 0.0 0.0 0.0 0.0 0.0 0.0 0.0 0.0 0.0 0.0 0.0 0.0 0.0 0.0 0.0 0.0 0.0 0.0 0.0 0.0 0.0 0.0 0.0 0.0 0.0 0.0 10.0 0.0 0.0 0.0 
118.46947479248047 -21.846649169921875 -48.58148956298828 -298.9071350097656 173.77816772460938 -7.083588600158691 12.206840515136719 -74.22369384765625 -47.62810134887695 220.62713623046875 -93.64832305908203 137.79344177246094 -5.352460861206055 -36.193946838378906 -173.1778106689453 162.74818420410156 2.9683120250701904 -73.29956817626953 60.96540451049805 -9.614174842834473 output 1 3 5 6 8 2 9 4 7 10 indices 2 -1 3 4 -1 1 3 4 2 1 -1 4 2 1 3 -1 -1 3 1 2 2 1 3 4 2 1 3 4 2 1 3 4 2 1 3 4 2 1 3 4 value 0.0 0.0 0.0 0.0 0.0 0.0 0.0 0.0 0.0 0.0 0.0 0.0 0.0 0.0 0.0 0.0 10.0 0.0 0.0 0.0 0.0 0.0 0.0 0.0 0.0 0.0 0.0 0.0 0.0 0.0 0.0 0.0 0.0 0.0 0.0 0.0 0.0 0.0 0.0 0.0 
-150.20033264160156 -133.52027893066406 -136.1053924560547 -158.19862365722656 174.53456115722656 -250.41746520996094 -93.64524841308594 381.0890197753906 123.24095153808594 -201.96011352539062 27.19133758544922 -13.491254806518555 138.81155395507812 80.79092407226562 -83.05110168457031 195.21051025390625 30.350955963134766 -181.23780822753906 -31.127286911010742 281.735107421875 output 1 8 10 4 9 5 3 7 6 2 indices 2 -1 3 4 -1 1 3 4 2 1 -1 4 -1 3 1 2 2 1 3 4 2 1 3 4 2 1 3 4 2 1 3 4 2 1 3 4 2 1 3 4 value 0.0 0.0 0.0 0.0 0.0 0.0 0.0 0.0 0.0 0.0 0.0 0.0 10.0 0.0 0.0 0.0 0.0 0.0 0.0 0.0 0.0 0.0 0.0 0.0 0.0 0.0 0.0 0.0 0.0 0.0 0.0 0.0 0.0 0.0 0.0 0.0 0.0 0.0 0.0 0.0 
84.17491912841797 126.45693969726562 160.9733428955078 167.86534118652344 -49.52510452270508 -309.4338684082031 131.3101043701172 -80.07453155517578 34.75654983520508 -325.0765686035156 -114.45913696289062 302.4228210449219 111.23974609375 -0.2554393708705902 -163.43740844726562 -120.29387664794922 -65.1640396118164 -71.65995025634766 -129.8689727783203 310.04913330078125 output 1 2 5 3 6 10 8 9 4 7 indices 2 -1 3 4 -1 1 3 4 2 1 -1 4 2 1 3 -1 2 1 3 4 2 1 3 4 2 1 3 4 2 1 3 4 2 1 3 4 -1 3 1 2 value 0.0 0.0 0.0 0.0 0.0 0.0 0.0 0.0 0.0 0.0 0.0 0.0 0.0 0.0 0.0 0.0 0.0 0.0 0.0 0.0 0.0 0.0 0.0 0.0 0.0 0.0 0.0 0.0 0.0 0.0 0.0 0.0 0.0 0.0 0.0 0.0 10.0 0.0 0.0 0.0 
-105.66492462158203 191.18389892578125 149.39541625976562 -246.039306640625 108.39540100097656 214.61654663085938 34.79667663574219 -328.80853271484375 -126.98863220214844 -67.52399444580078 38.63655471801758 -253.75262451171875 -134.65521240234375 302.785400390625 -46.67435836791992 125.64096069335938 66.6593246459961 -146.64984130859375 16.099750518798828 208.54747009277344 output 1 8 10 3 2 4 6 9 5 7 indices 2 -1 3 4 -1 1 3 4 2 1 -1 4 2 1 3 -1 2 1 3 4 2 1 3 4 -1 3 1 2 2 1 3 4 2 1 3 4 2 1 3 4 value 0.0 0.0 0.0 0.0 0.0 0.0 0.0 0.0 0.0 0.0 0.0 0.0 0.0 0.0 0.0 0.0 0.0 0.0 0.0 0.0 0.0 0.0 0.0 0.0 10.0 0.0 0.0 0.0 0.0 0.0 0.0 0.0 0.0 0.0 0.0 0.0 0.0 0.0 0.0 0.0 
-137.9373016357422 -139.26502990722656 64.30467987060547 -256.9088134765625 26.16073989868164 294.93914794921875 140.8572235107422 38.57844161987305 153.09547424316406 -36.19562530517578 -94.7408447265625 -10.428080558776855 -180.05084228515625 120.35599517822266 116.51763916015625 -253.65992736816406 -16.1182861328125 -18.407081604003906 -72.0885009765625 260.9909973144531 output 1 7 10 3 2 8 5 4 9 6 indices 2 -1 3 4 -1 1 3 4 -1 4 1 2 2 1 3 -1 2 1 3 4 2 1 3 4 2 1 3 4 2 1 3 4 2 1 3 4 2 1 3 4 value 0.0 0.0 0.0 0.0 0.0 0.0 0.0 0.0 10.0 0.0 0.0 0.0 0.0 0.0 0.0 0.0 0.0 0.0 0.0 0.0 0.0 0.0 0.0 0.0 0.0 0.0 0.0 0.0 0.0 0.0 0.0 0.0 0.0 0.0 0.0 0.0 0.0 0.0 0.0 0.0 
4.267578125 -73.76751708984375 125.52310180664062 61.40808868408203 75.40475463867188 227.60208129882812 -18.869964599609375 -139.5363311767578 57.125301361083984 107.86980438232422 -93.24085235595703 137.27903747558594 -11.643755912780762 -412.9199523925781 -62.499961853027344 175.43228149414062 8.57327938079834 -279.1770324707031 -84.63948059082031 195.80953979492188 output 1 2 5 3 7 8 10 6 9 4 indices 2 -1 3 4 -1 1 3 4 -1 4 1 2 2 1 3 -1 2 1 3 4 2 1 3 4 2 1 3 4 2 1 3 4 2 1 3 4 2 1 3 4 value 0.0 0.0 0.0 0.0 0.0 0.0 0.0 0.0 10.0 0.0 0.0 0.0 0.0 0.0 0.0 0.0 0.0 0.0 0.0 0.0 0.0 0.0 0.0 0.0 0.0 0.0 0.0 0.0 0.0 0.0 0.0 0.0 0.0 0.0 0.0 0.0 0.0 0.0 0.0 0.0 
194.76953125 335.065673828125 118.6880874633789 261.8475341796875 -60.63909149169922 274.4547424316406 -143.40130615234375 114.00489044189453 -7.225793838500977 -296.2906188964844 -105.29048919677734 -35.960025787353516 -92.91547393798828 -244.81594848632812 67.63663482666016 -136.47911071777344 65.6181640625 -346.7812805175781 -37.240264892578125 74.95413208007812 output 1 8 10 6 4 3 7 5 9 2 indices -1 4 2 3 -1 1 3 4 2 1 -1 4 2 1 3 -1 2 1 3 4 2 1 3 4 2 1 3 4 2 1 3 4 2 1 3 4 2 1 3 4 value 10.0 0.0 0.0 0.0 0.0 0.0 0.0 0.0 0.0 0.0 0.0 0.0 0.0 0.0 0.0 0.0 0.0 0.0 0.0 0.0 0.0 0.0 0.0 0.0 0.0 0.0 0.0 0.0 0.0 0.0 0.0 0.0 0.0 0.0 0.0 0.0 0.0 0.0 0.0 0.0 
183.55142211914062 266.8204345703125 -127.43378448486328 -222.66075134277344 8.518533706665039 178.2638397216797 112.74673461914062 226.33087158203125 -147.2970733642578 32.4721794128418 -62.47002410888672 -71.53530883789062 -61.73839569091797 -121.94144439697266 -77.32089233398438 -11.354098320007324 201.05056762695312 -100.47857666015625 -29.607093811035156 -175.91714477539062 output 1 9 10 7 6 8 2 5 3 4 indices -1 4 2 3 -1 1 3 4 2 1 -1 4 2 1 3 -1 2 1 3 4 2 1 3 4 2 1 3 4 2 1 3 4 2 1 3 4 2 1 3 4 value 10.0 0.0 0.0 0.0 0.0 0.0 0.0 0.0 0.0 0.0 0.0 0.0 0.0 0.0 0.0 0.0 0.0 0.0 0.0 0.0 0.0 0.0 0.0 0.0 0.0 0.0 0.0 0.0 0.0 0.0 0.0 0.0 0.0 0.0 0.0 0.0 0.0 0.0 0.0 0.0 
73.31703186035156 -113.62126922607422 -149.90676879882812 215.49392700195312 36.58533477783203 0.842630922794342 -52.070369720458984 -8.910013198852539 129.15228271484375 115.99192810058594 -43.53334045410156 95.53079223632812 11.888321876525879 -54.03183364868164 115.88260650634766 -53.16890335083008 -23.43475341796875 -78.82613372802734 -97.88035583496094 -119.30113220214844 output 1 8 5 3 4 6 2 10 9 7 indices 2 -1 3 4 -1 4 1 3 2 1 -1 4 2 1 3 -1 2 1 3 4 2 1 3 4 2 1 3 4 2 1 3 4 2 1 3 4 2 1 3 4 value 0.0 0.0 0.0 0.0 10.0 0.0 0.0 0.0 0.0 0.0 0.0 0.0 0.0 0.0 0.0 0.0 0.0 0.0 0.0 0.0 0.0 0.0 0.0 0.0 0.0 0.0 0.0 0.0 0.0 0.0 0.0 0.0 0.0 0.0 0.0 0.0 0.0 0.0 0.0 0.0 
-20.025806427001953 157.2196044921875 1.9450894594192505 190.5364532470703 109.59590148925781 -311.145751953125 89.23970031738281 -81.02108001708984 -187.96841430664062 187.66714477539062 -56.86159896850586 -143.59144592285156 93.08055877685547 156.75035095214844 118.59654235839844 -201.79933166503906 -46.41792678833008 -263.1991882324219 -101.18404388427734 308.583251953125 output 1 2 7 3 8 4 6 9 10 5 indices 2 -1 3 4 -1 1 3 4 2 1 -1 4 2 1 3 -1 2 1 3 4 2 1 3 4 2 1 3 4 2 1 3 4 2 1 3 4 -1 3 1 2 value 0.0 0.0 0.0 0.0 0.0 0.0 0.0 0.0 0.0 0.0 0.0 0.0 0.0 0.0 0.0 0.0 0.0 0.0 0.0 0.0 0.0 0.0 0.0 0.0 0.0 0.0 0.0 0.0 0.0 0.0 0.0 0.0 0.0 0.0 0.0 0.0 10.0 0.0 0.0 0.0 
75.88581848144531 273.7171936035156 -54.885337829589844 253.0236053466797 -18.80626678466797 -355.9311218261719 53.57754898071289 -269.2658996582031 -92.93130493164062 -321.3471374511719 158.725830078125 -62.33403015136719 -54.888126373291016 62.947994232177734 -36.038490295410156 285.679443359375 77.58023834228516 234.96347045898438 -108.21990203857422 -101.45354461669922 output 1 9 6 4 3 5 10 7 2 8 indices -1 4 2 3 -1 1 3 4 2 1 -1 4 2 1 3 -1 2 1 3 4 2 1 3 4 2 1 3 4 2 1 3 4 2 1 3 4 2 1 3 4 value 10.0 0.0 0.0 0.0 0.0 0.0 0.0 0.0 0.0 0.0 0.0 0.0 0.0 0.0 0.0 0.0 0.0 0.0 0.0 0.0 0.0 0.0 0.0 0.0 0.0 0.0 0.0 0.0 0.0 0.0 0.0 0.0 0.0 0.0 0.0 0.0 0.0 0.0 0.0 0.0 
-74.59622192382812 -227.3757781982422 81.09904479980469 3.6601412296295166 -159.58738708496094 -31.500696182250977 -117.60089874267578 -163.15713500976562 14.020380020141602 108.11785125732422 70.19332122802734 245.45578002929688 -125.2035903930664 248.4356689453125 130.57797241210938 116.47955322265625 124.16105651855469 111.86486053466797 56.936317443847656 -411.980224609375 output 10 6 8 9 2 5 7 3 4 1 indices 2 -1 3 4 -1 1 3 4 2 1 -1 4 2 1 3 -1 2 1 3 4 -1 3 1 2 2 1 3 4 2 1 3 4 2 1 3 4 2 1 3 4 value 0.0 0.0 0.0 0.0 0.0 0.0 0.0 0.0 0.0 0.0 0.0 0.0 0.0 0.0 0.0 0.0 0.0 0.0 0.0 0.0 10.0 0.0 0.0 0.0 0.0 0.0 0.0 0.0 0.0 0.0 0.0 0.0 0.0 0.0 0.0 0.0 0.0 0.0 0.0 0.0 
14.581592559814453 -152.6149444580078 -63.076759338378906 -219.81837463378906 47.33333206176758 -43.45924758911133 48.5637092590332 34.94831085205078 92.37789154052734 -137.60121154785156 16.478710174560547 -83.11459350585938 -124.79436492919922 198.4816436767578 -90.4156723022461 262.0811462402344 -46.31142807006836 -225.78318786621094 105.26299285888672 366.8804626464844 output 8 7 2 9 1 6 3 4 5 10 indices 2 -1 3 4 -1 1 3 4 2 1 -1 4 2 1 3 -1 2 1 3 4 2 1 3 4 2 1 3 4 2 1 3 4 2 1 3 4 -1 3 1 2 value 0.0 0.0 0.0 0.0 0.0 0.0 0.0 0.0 0.0 0.0 0.0 0.0 0.0 0.0 0.0 0.0 0.0 0.0 0.0 0.0 0.0 0.0 0.0 0.0 0.0 0.0 0.0 0.0 0.0 0.0 0.0 0.0 0.0 0.0 0.0 0.0 10.0 0.0 0.0 0.0 
184.21995544433594 -140.2232208251953 -89.87781524658203 75.76624298095703 -114.80157470703125 89.43466186523438 56.01817321777344 23.413179397583008 -169.10243225097656 -205.21128845214844 154.81866455078125 -184.6769561767578 -22.74007225036621 -10.226781845092773 129.4981231689453 190.09693908691406 -26.649660110473633 58.53388977050781 -101.38336944580078 103.09332275390625 output 9 8 1 6 4 7 5 3 10 2 indices 2 -1 3 4 -1 1 3 4 2 1 -1 4 2 1 3 -1 2 1 3 4 2 1 3 4 2 1 3 4 -1 3 1 2 2 1 3 4 2 1 3 4 value 0.0 0.0 0.0 0.0 0.0 0.0 0.0 0.0 0.0 0.0 0.0 0.0 0.0 0.0 0.0 0.0 0.0 0.0 0.0 0.0 0.0 0.0 0.0 0.0 0.0 0.0 0.0 0.0 10.0 0.0 0.0 0.0 0.0 0.0 0.0 0.0 0.0 0.0 0.0 0.0 
-72.92874908447266 -33.80529022216797 -107.82168579101562 -133.40478515625 -142.89675903320312 136.64321899414062 145.4568634033203 119.74829864501953 -48.119110107421875 0.2658274173736572 167.3358917236328 -165.4093780517578 80.61768341064453 -187.84161376953125 38.244285583496094 266.5644226074219 -94.20516967773438 -114.5946273803711 34.316749572753906 111.83393859863281 output 2 3 1 5 10 8 4 6 7 9 indices 2 -1 3 4 -1 1 3 4 2 1 -1 4 2 1 3 -1 2 1 3 4 2 1 3 4 2 1 3 4 -1 3 1 2 2 1 3 4 2 1 3 4 value 0.0 0.0 0.0 0.0 0.0 0.0 0.0 0.0 0.0 0.0 0.0 0.0 0.0 0.0 0.0 0.0 0.0 0.0 0.0 0.0 0.0 0.0 0.0 0.0 0.0 0.0 0.0 0.0 10.0 0.0 0.0 0.0 0.0 0.0 0.0 0.0 0.0 0.0 0.0 0.0 
77.13902282714844 338.98211669921875 -146.1284942626953 -159.78009033203125 -51.930728912353516 -110.52279663085938 -2.275601387023926 -145.5128631591797 115.06218719482422 -201.27099609375 3.3030636310577393 -110.1876220703125 -178.60585021972656 -179.3277130126953 151.81248474121094 303.6062927246094 -108.83045196533203 -40.21167755126953 140.45436096191406 304.225341796875 output 1 10 8 5 4 6 3 9 2 7 indices -1 4 2 3 -1 1 3 4 2 1 -1 4 2 1 3 -1 2 1 3 4 2 1 3 4 2 1 3 4 2 1 3 4 2 1 3 4 2 1 3 4 value 10.0 0.0 0.0 0.0 0.0 0.0 0.0 0.0 0.0 0.0 0.0 0.0 0.0 0.0 0.0 0.0 0.0 0.0 0.0 0.0 0.0 0.0 0.0 0.0 0.0 0.0 0.0 0.0 0.0 0.0 0.0 0.0 0.0 0.0 0.0 0.0 0.0 0.0 0.0 0.0 
-76.07327270507812 125.8118896484375 -74.25221252441406 249.98036193847656 88.85575866699219 -33.18879318237305 -7.681003570556641 -417.4901123046875 172.9561004638672 -212.2798614501953 -67.68571472167969 290.9088439941406 49.18244552612305 48.32118606567383 -88.62222290039062 128.66937255859375 -57.85331726074219 4.96771240234375 61.17344665527344 -185.70059204101562 output 3 7 9 1 8 2 6 4 10 5 indices 2 -1 3 4 -1 1 3 4 2 1 -1 4 2 1 3 -1 2 1 3 4 -1 3 1 2 2 1 3 4 2 1 3 4 2 1 3 4 2 1 3 4 value 0.0 0.0 0.0 0.0 0.0 0.0 0.0 0.0 0.0 0.0 0.0 0.0 0.0 0.0 0.0 0.0 0.0 0.0 0.0 0.0 10.0 0.0 0.0 0.0 0.0 0.0 0.0 0.0 0.0 0.0 0.0 0.0 0.0 0.0 0.0 0.0 0.0 0.0 0.0 0.0 
-160.40318298339844 -127.01446533203125 -27.654464721679688 41.574127197265625 55.64578628540039 -86.85208129882812 113.84369659423828 -75.33647155761719 110.92691040039062 5.787541389465332 -185.59266662597656 -348.7257080078125 -29.51092529296875 184.82070922851562 114.46681213378906 238.48159790039062 16.04953956604004 64.29557037353516 -7.771511077880859 102.96916961669922 output 1 6 7 10 2 9 8 5 4 3 indices 2 -1 3 4 -1 1 3 4 2 1 -1 4 2 1 3 -1 2 1 3 4 2 1 3 4 2 1 3 4 -1 3 1 2 2 1 3 4 2 1 3 4 value 0.0 0.0 0.0 0.0 0.0 0.0 0.0 0.0 0.0 0.0 0.0 0.0 0.0 0.0 0.0 0.0 0.0 0.0 0.0 0.0 0.0 0.0 0.0 0.0 0.0 0.0 0.0 0.0 10.0 0.0 0.0 0.0 0.0 0.0 0.0 0.0 0.0 0.0 0.0 0.0 
-101.6710433959961 188.88934326171875 33.40338134765625 148.34646606445312 -81.67918395996094 84.51451873779297 -0.9410483241081238 -184.66319274902344 -52.32830047607422 242.5347900390625 -115.0351791381836 165.8091583251953 37.07815170288086 -172.69677734375 138.1824188232422 -208.81063842773438 -6.000634670257568 -118.94390869140625 148.99143981933594 -144.97976684570312 output 9 4 7 8 10 2 5 1 6 3 indices 2 -1 3 4 -1 1 3 4 2 1 -1 4 2 1 3 -1 -1 3 1 2 2 1 3 4 2 1 3 4 2 1 3 4 2 1 3 4 2 1 3 4 value 0.0 0.0 0.0 0.0 0.0 0.0 0.0 0.0 0.0 0.0 0.0 0.0 0.0 0.0 0.0 0.0 10.0 0.0 0.0 0.0 0.0 0.0 0.0 0.0 0.0 0.0 0.0 0.0 0.0 0.0 0.0 0.0 0.0 0.0 0.0 0.0 0.0 0.0 0.0 0.0 
-89.29219055175781 388.66839599609375 -168.36676025390625 36.98611068725586 100.19448852539062 -176.865966796875 -3.0892176628112793 -138.2501220703125 -98.80242156982422 -29.17567253112793 142.6427764892578 -44.497867584228516 12.680963516235352 122.90045166015625 -73.26484680175781 -232.76206970214844 115.27446746826172 -151.9356231689453 62.02273178100586 224.93235778808594 output 1 8 4 3 9 6 10 7 5 2 indices -1 4 2 3 -1 1 3 4 2 1 -1 4 2 1 3 -1 2 1 3 4 2 1 3 4 2 1 3 4 2 1 3 4 2 1 3 4 2 1 3 4 value 10.0 0.0 0.0 0.0 0.0 0.0 0.0 0.0 0.0 0.0 0.0 0.0 0.0 0.0 0.0 0.0 0.0 0.0 0.0 0.0 0.0 0.0 0.0 0.0 0.0 0.0 0.0 0.0 0.0 0.0 0.0 0.0 0.0 0.0 0.0 0.0 0.0 0.0 0.0 0.0 
119.30196380615234 -137.6458740234375 63.62345886230469 49.3594856262207 -26.28032112121582 -6.1713762283325195 -137.6598358154297 54.678768157958984 -55.40291976928711 50.591007232666016 -75.12336730957031 119.98622131347656 -68.6997299194336 25.6583194732666 96.25270080566406 -107.83277130126953 83.991943359375 -161.7206573486328 -0.003913122229278088 113.09688568115234 output 9 8 3 7 5 4 6 10 2 1 indices 2 -1 3 4 -1 1 3 4 2 1 -1 4 2 1 3 -1 2 1 3 4 2 1 3 4 2 1 3 4 2 1 3 4 2 1 3 4 -1 3 1 2 value 0.0 0.0 0.0 0.0 0.0 0.0 0.0 0.0 0.0 0.0 0.0 0.0 0.0 0.0 0.0 0.0 0.0 0.0 0.0 0.0 0.0 0.0 0.0 0.0 0.0 0.0 0.0 0.0 0.0 0.0 0.0 0.0 0.0 0.0 0.0 0.0 10.0 0.0 0.0 0.0 
-82.48007202148438 11.274029731750488 -100.7745590209961 22.23418426513672 -43.746917724609375 168.6566162109375 72.14928436279297 5.694187164306641 52.46047592163086 199.91998291015625 108.68290710449219 0.4309006631374359 -132.9139404296875 -65.39088439941406 7.4365458488464355 59.335174560546875 67.87311553955078 -71.78063201904297 51.31316375732422 -330.3735656738281 output 10 6 9 4 8 1 7 2 3 5 indices 2 -1 3 4 -1 1 3 4 2 1 -1 4 2 1 3 -1 -1 3 1 2 2 1 3 4 2 1 3 4 2 1 3 4 2 1 3 4 2 1 3 4 value 0.0 0.0 0.0 0.0 0.0 0.0 0.0 0.0 0.0 0.0 0.0 0.0 0.0 0.0 0.0 0.0 10.0 0.0 0.0 0.0 0.0 0.0 0.0 0.0 0.0 0.0 0.0 0.0 0.0 0.0 0.0 0.0 0.0 0.0 0.0 0.0 0.0 0.0 0.0 0.0 
-72.6557388305664 247.01422119140625 -40.19047927856445 136.13035583496094 -99.79158020019531 -383.33184814453125 -159.31150817871094 -13.966160774230957 156.5117645263672 188.84767150878906 124.68984985351562 -50.324405670166016 87.38053131103516 105.11094665527344 -24.987476348876953 -200.948974609375 79.29901123046875 185.8677978515625 -50.94437789916992 -214.3996124267578 output 6 5 7 9 2 1 3 4 10 8 indices -1 4 2 3 -1 1 3 4 2 1 -1 4 2 1 3 -1 2 1 3 4 2 1 3 4 2 1 3 4 2 1 3 4 2 1 3 4 2 1 3 4 value 10.0 0.0 0.0 0.0 0.0 0.0 0.0 0.0 0.0 0.0 0.0 0.0 0.0 0.0 0.0 0.0 0.0 0.0 0.0 0.0 0.0 0.0 0.0 0.0 0.0 0.0 0.0 0.0 0.0 0.0 0.0 0.0 0.0 0.0 0.0 0.0 0.0 0.0 0.0 0.0 
42.703914642333984 -157.64059448242188 -86.9569320678711 -201.2191619873047 48.23046875 247.03868103027344 82.31243896484375 197.7872772216797 194.31393432617188 135.3909454345703 -104.59626770019531 -298.8019104003906 -28.27378273010254 302.9156188964844 -27.69230842590332 -264.77734375 -78.18275451660156 225.66856384277344 -41.858707427978516 -186.36204528808594 output 1 10 8 2 6 9 7 3 4 5 indices 2 -1 3 4 -1 1 3 4 2 1 -1 4 2 1 3 -1 2 1 3 4 2 1 3 4 -1 3 1 2 2 1 3 4 2 1 3 4 2 1 3 4 value 0.0 0.0 0.0 0.0 0.0 0.0 0.0 0.0 0.0 0.0 0.0 0.0 0.0 0.0 0.0 0.0 0.0 0.0 0.0 0.0 0.0 0.0 0.0 0.0 10.0 0.0 0.0 0.0 0.0 0.0 0.0 0.0 0.0 0.0 0.0 0.0 0.0 0.0 0.0 0.0 
148.47042846679688 465.21038818359375 113.41807556152344 4.29247522354126 -37.204612731933594 -83.34426879882812 -119.52405548095703 -184.29983520507812 115.05062866210938 -193.36561584472656 132.35780334472656 392.3042297363281 -165.8076171875 166.45974731445312 -27.867292404174805 -190.02584838867188 -86.71427917480469 -232.0182647705078 -72.17908477783203 -145.2130126953125 output 1 6 5 8 9 7 4 10 3 2 indices -1 4 2 3 -1 1 3 4 2 1 -1 4 2 1 3 -1 2 1 3 4 2 1 3 4 2 1 3 4 2 1 3 4 2 1 3 4 2 1 3 4 value 10.0 0.0 0.0 0.0 0.0 0.0 0.0 0.0 0.0 0.0 0.0 0.0 0.0 0.0 0.0 0.0 0.0 0.0 0.0 0.0 0.0 0.0 0.0 0.0 0.0 0.0 0.0 0.0 0.0 0.0 0.0 0.0 0.0 0.0 0.0 0.0 0.0 0.0 0.0 0.0 
130.19241333007812 -107.78375244140625 -9.905951499938965 -352.67822265625 -179.39273071289062 235.031982421875 119.04004669189453 181.61709594726562 -48.82540512084961 196.62411499023438 -174.19073486328125 -347.04254150390625 59.70053482055664 76.70703125 125.612548828125 -245.22906494140625 87.38898468017578 162.54440307617188 -109.61970520019531 200.20895385742188 output 10 5 7 9 4 1 8 2 6 3 indices 2 -1 3 4 -1 1 3 4 2 1 -1 4 -1 3 1 2 2 1 3 4 2 1 3 4 2 1 3 4 2 1 3 4 2 1 3 4 2 1 3 4 value 0.0 0.0 0.0 0.0 0.0 0.0 0.0 0.0 0.0 0.0 0.0 0.0 10.0 0.0 0.0 0.0 0.0 0.0 0.0 0.0 0.0 0.0 0.0 0.0 0.0 0.0 0.0 0.0 0.0 0.0 0.0 0.0 0.0 0.0 0.0 0.0 0.0 0.0 0.0 0.0 
119.92341613769531 -79.3443832397461 -15.779476165771484 -104.09848022460938 144.50311279296875 206.44119262695312 -121.133056640625 -244.5133056640625 142.25888061523438 -128.71067810058594 -41.71473693847656 314.2271728515625 -6.296912670135498 -14.552419662475586 -149.5870361328125 67.036865234375 -170.57386779785156 4.730298042297363 98.39966583251953 -21.216278076171875 output 2 7 8 9 4 6 3 5 1 10 indices 2 -1 3 4 -1 1 3 4 2 1 -1 4 2 1 3 -1 2 1 3 4 -1 3 1 2 2 1 3 4 2 1 3 4 2 1 3 4 2 1 3 4 value 0.0 0.0 0.0 0.0 0.0 0.0 0.0 0.0 0.0 0.0 0.0 0.0 0.0 0.0 0.0 0.0 0.0 0.0 0.0 0.0 10.0 0.0 0.0 0.0 0.0 0.0 0.0 0.0 0.0 0.0 0.0 0.0 0.0 0.0 0.0 0.0 0.0 0.0 0.0 0.0 
59.921146392822266 -11.233309745788574 110.3886489868164 133.53652954101562 -80.46958923339844 191.3426055908203 -49.114768981933594 30.062358856201172 -66.881103515625 -242.01089477539062 -26.382762908935547 -40.24173355102539 -81.01460266113281 -238.61422729492188 28.904006958007812 -100.12625122070312 113.54095458984375 363.5877380371094 -8.891926765441895 -86.30281829833984 output 7 5 9 2 1 8 10 6 4 3 indices 2 -1 3 4 -1 1 3 4 2 1 -1 4 2 1 3 -1 2 1 3 4 2 1 3 4 2 1 3 4 2 1 3 4 -1 3 1 2 2 1 3 4 value 0.0 0.0 0.0 0.0 0.0 0.0 0.0 0.0 0.0 0.0 0.0 0.0 0.0 0.0 0.0 0.0 0.0 0.0 0.0 0.0 0.0 0.0 0.0 0.0 0.0 0.0 0.0 0.0 0.0 0.0 0.0 0.0 10.0 0.0 0.0 0.0 0.0 0.0 0.0 0.0 
146.99493408203125 139.30226135253906 -127.68734741210938 1.049276351928711 -43.70156478881836 191.23854064941406 -90.5907211303711 -123.97761535644531 -97.80372619628906 -133.74012756347656 -70.14521789550781 -171.06271362304688 140.82611083984375 148.93380737304688 153.52011108398438 9.852401733398438 -69.90532684326172 120.22335815429688 58.492774963378906 -181.81919860839844 output 3 9 2 5 4 6 10 8 1 7 indices 2 -1 3 4 -1 1 3 4 -1 4 1 2 2 1 3 -1 2 1 3 4 2 1 3 4 2 1 3 4 2 1 3 4 2 1 3 4 2 1 3 4 value 0.0 0.0 0.0 0.0 0.0 0.0 0.0 0.0 10.0 0.0 0.0 0.0 0.0 0.0 0.0 0.0 0.0 0.0 0.0 0.0 0.0 0.0 0.0 0.0 0.0 0.0 0.0 0.0 0.0 0.0 0.0 0.0 0.0 0.0 0.0 0.0 0.0 0.0 0.0 0.0 
-67.1294174194336 -49.20523452758789 -87.07182312011719 167.67276000976562 -157.4088134765625 93.49556732177734 147.6123809814453 79.47482299804688 59.35280990600586 -0.4653444290161133 -32.72196578979492 356.0984191894531 -145.210693359375 -58.29462814331055 123.69942474365234 -180.71339416503906 159.58163452148438 -224.0544891357422 -0.7035431861877441 -184.0084991455078 output 1 5 4 9 8 10 6 2 3 7 indices 2 -1 3 4 -1 1 3 4 2 1 -1 4 2 1 3 -1 2 1 3 4 -1 3 1 2 2 1 3 4 2 1 3 4 2 1 3 4 2 1 3 4 value 0.0 0.0 0.0 0.0 0.0 0.0 0.0 0.0 0.0 0.0 0.0 0.0 0.0 0.0 0.0 0.0 0.0 0.0 0.0 0.0 10.0 0.0 0.0 0.0 0.0 0.0 0.0 0.0 0.0 0.0 0.0 0.0 0.0 0.0 0.0 0.0 0.0 0.0 0.0 0.0 
-83.60591888427734 107.783203125 25.974618911743164 -13.626908302307129 101.66442108154297 -21.769222259521484 -122.37055206298828 170.3869171142578 43.0385856628418 168.58758544921875 140.1464080810547 -107.14965057373047 -142.72518920898438 170.1139373779297 169.16354370117188 -301.2332763671875 -132.48866271972656 44.09321975708008 1.202743411064148 -217.18582153320312 output 1 5 2 3 6 8 10 9 7 4 indices 2 -1 3 4 -1 1 3 4 2 1 -1 4 2 1 3 -1 -1 3 1 2 2 1 3 4 2 1 3 4 2 1 3 4 2 1 3 4 2 1 3 4 value 0.0 0.0 0.0 0.0 0.0 0.0 0.0 0.0 0.0 0.0 0.0 0.0 0.0 0.0 0.0 0.0 10.0 0.0 0.0 0.0 0.0 0.0 0.0 0.0 0.0 0.0 0.0 0.0 0.0 0.0 0.0 0.0 0.0 0.0 0.0 0.0 0.0 0.0 0.0 0.0 
-69.09671783447266 2.673417568206787 127.2388687133789 327.1982727050781 -123.51309967041016 -87.65532684326172 145.49661254882812 -259.9381103515625 4.508034706115723 307.9712829589844 18.19373321533203 -237.4037628173828 62.458953857421875 -174.8267059326172 37.096046447753906 46.29563903808594 -164.28057861328125 388.84722900390625 -38.10185241699219 -313.16192626953125 output 9 3 1 8 2 4 7 6 10 5 indices 2 -1 3 4 -1 1 3 4 2 1 -1 4 2 1 3 -1 2 1 3 4 2 1 3 4 2 1 3 4 2 1 3 4 -1 3 1 2 2 1 3 4 value 0.0 0.0 0.0 0.0 0.0 0.0 0.0 0.0 0.0 0.0 0.0 0.0 0.0 0.0 0.0 0.0 0.0 0.0 0.0 0.0 0.0 0.0 0.0 0.0 0.0 0.0 0.0 0.0 0.0 0.0 0.0 0.0 10.0 0.0 0.0 0.0 0.0 0.0 0.0 0.0 
-19.29184341430664 264.2772521972656 -27.76854705810547 150.9986572265625 20.914352416992188 45.21406555175781 48.787357330322266 -305.0040283203125 -148.84983825683594 38.170372009277344 -14.104073524475098 -63.5545768737793 -56.05266571044922 61.97618865966797 158.6160125732422 6.489480018615723 -92.99613952636719 -392.1698913574219 130.74539184570312 193.6024932861328 output 1 9 4 10 8 3 6 5 7 2 indices -1 4 2 3 -1 1 3 4 2 1 -1 4 2 1 3 -1 2 1 3 4 2 1 3 4 2 1 3 4 2 1 3 4 2 1 3 4 2 1 3 4 value 10.0 0.0 0.0 0.0 0.0 0.0 0.0 0.0 0.0 0.0 0.0 0.0 0.0 0.0 0.0 0.0 0.0 0.0 0.0 0.0 0.0 0.0 0.0 0.0 0.0 0.0 0.0 0.0 0.0 0.0 0.0 0.0 0.0 0.0 0.0 0.0 0.0 0.0 0.0 0.0 
106.45722198486328 253.37936401367188 -70.35982513427734 45.63938522338867 -50.832305908203125 242.3977813720703 75.39257049560547 -189.59658813476562 -65.0126953125 -300.9423522949219 -109.64289855957031 -41.16081619262695 132.92724609375 -115.05748748779297 51.315853118896484 -16.594701766967773 62.41636276245117 57.38746643066406 -132.66152954101562 64.5479507446289 output 9 8 2 6 10 3 5 4 7 1 indices -1 4 2 3 -1 1 3 4 2 1 -1 4 2 1 3 -1 2 1 3 4 2 1 3 4 2 1 3 4 2 1 3 4 2 1 3 4 2 1 3 4 value 10.0 0.0 0.0 0.0 0.0 0.0 0.0 0.0 0.0 0.0 0.0 0.0 0.0 0.0 0.0 0.0 0.0 0.0 0.0 0.0 0.0 0.0 0.0 0.0 0.0 0.0 0.0 0.0 0.0 0.0 0.0 0.0 0.0 0.0 0.0 0.0 0.0 0.0 0.0 0.0 
-157.04527282714844 -173.33277893066406 -30.577157974243164 -211.1979217529297 -67.45855712890625 35.602352142333984 136.98411560058594 -251.38182067871094 29.318693161010742 62.37090301513672 -60.37485885620117 134.31805419921875 -27.716930389404297 -16.032934188842773 118.31964874267578 336.3059997558594 -20.68333625793457 245.1925506591797 79.23365020751953 -161.84439086914062 output 1 3 7 5 6 9 8 4 10 2 indices 2 -1 3 4 -1 1 3 4 2 1 -1 4 2 1 3 -1 2 1 3 4 2 1 3 4 2 1 3 4 -1 3 1 2 2 1 3 4 2 1 3 4 value 0.0 0.0 0.0 0.0 0.0 0.0 0.0 0.0 0.0 0.0 0.0 0.0 0.0 0.0 0.0 0.0 0.0 0.0 0.0 0.0 0.0 0.0 0.0 0.0 0.0 0.0 0.0 0.0 10.0 0.0 0.0 0.0 0.0 0.0 0.0 0.0 0.0 0.0 0.0 0.0 
-46.166526794433594 182.53887939453125 158.2984161376953 194.13320922851562 163.83090209960938 -247.6982879638672 -10.640727996826172 -359.5122375488281 -52.28972625732422 -87.66223907470703 50.296852111816406 -7.8549065589904785 -160.07940673828125 320.0594482421875 -108.38946533203125 227.1945037841797 -29.24765968322754 -204.91708374023438 34.387351989746094 -16.28130340576172 output 1 8 7 9 5 10 6 2 3 4 indices 2 -1 3 4 -1 1 3 4 2 1 -1 4 2 1 3 -1 2 1 3 4 2 1 3 4 -1 3 1 2 2 1 3 4 2 1 3 4 2 1 3 4 value 0.0 0.0 0.0 0.0 0.0 0.0 0.0 0.0 0.0 0.0 0.0 0.0 0.0 0.0 0.0 0.0 0.0 0.0 0.0 0.0 0.0 0.0 0.0 0.0 10.0 0.0 0.0 0.0 0.0 0.0 0.0 0.0 0.0 0.0 0.0 0.0 0.0 0.0 0.0 0.0 
-51.06917953491211 240.11456298828125 -25.877635955810547 -239.4235076904297 -40.77801513671875 -41.98264694213867 25.057546615600586 11.65316104888916 -29.553640365600586 -30.28009033203125 66.26704406738281 119.399658203125 19.295185089111328 137.89601135253906 -133.77223205566406 -324.30169677734375 72.45050811767578 -113.8984146118164 97.98042297363281 240.8229522705078 output 8 2 9 3 5 4 7 6 10 1 indices 2 -1 3 4 -1 1 3 4 2 1 -1 4 2 1 3 -1 2 1 3 4 2 1 3 4 2 1 3 4 2 1 3 4 2 1 3 4 -1 3 1 2 value 0.0 0.0 0.0 0.0 0.0 0.0 0.0 0.0 0.0 0.0 0.0 0.0 0.0 0.0 0.0 0.0 0.0 0.0 0.0 0.0 0.0 0.0 0.0 0.0 0.0 0.0 0.0 0.0 0.0 0.0 0.0 0.0 0.0 0.0 0.0 0.0 10.0 0.0 0.0 0.0 
-78.03252410888672 37.659141540527344 62.93942642211914 20.35940170288086 145.78921508789062 -82.58673095703125 29.0692195892334 -179.9164276123047 -114.46366119384766 208.83984375 0.3207917809486389 -297.409423828125 86.1937484741211 -144.9130401611328 136.42242431640625 188.34034729003906 -172.88673400878906 65.73912048339844 -95.3519058227539 183.8877410888672 output 3 7 4 6 9 5 10 1 2 8 indices 2 -1 3 4 -1 1 3 4 2 1 -1 4 2 1 3 -1 2 1 3 4 2 1 3 4 2 1 3 4 -1 3 1 2 2 1 3 4 2 1 3 4 value 0.0 0.0 0.0 0.0 0.0 0.0 0.0 0.0 0.0 0.0 0.0 0.0 0.0 0.0 0.0 0.0 0.0 0.0 0.0 0.0 0.0 0.0 0.0 0.0 0.0 0.0 0.0 0.0 10.0 0.0 0.0 0.0 0.0 0.0 0.0 0.0 0.0 0.0 0.0 0.0 
-77.16706085205078 300.5919189453125 -54.9264030456543 -8.770856857299805 42.8458137512207 -141.58863830566406 14.894015312194824 321.892822265625 -184.518798828125 -104.42537689208984 30.07306480407715 -51.97736358642578 128.7823944091797 361.3306579589844 22.27290916442871 -292.7988586425781 69.40119171142578 -130.6536102294922 8.342866897583008 -253.60069274902344 output 9 3 6 2 5 1 4 8 10 7 indices 2 -1 3 4 -1 1 3 4 2 1 -1 4 2 1 3 -1 2 1 3 4 2 1 3 4 -1 3 1 2 2 1 3 4 2 1 3 4 2 1 3 4 value 0.0 0.0 0.0 0.0 0.0 0.0 0.0 0.0 0.0 0.0 0.0 0.0 0.0 0.0 0.0 0.0 0.0 0.0 0.0 0.0 0.0 0.0 0.0 0.0 10.0 0.0 0.0 0.0 0.0 0.0 0.0 0.0 0.0 0.0 0.0 0.0 0.0 0.0 0.0 0.0 
105.29257202148438 121.6980209350586 -108.6802978515625 70.7996597290039 131.7557830810547 234.6718292236328 73.31150817871094 -99.31510162353516 -150.11187744140625 19.713817596435547 153.70594787597656 -72.80692291259766 139.6728057861328 -61.44694900512695 -143.0756072998047 40.213348388671875 -60.38996124267578 37.537818908691406 -141.4808807373047 -291.0655212402344 output 1 3 6 7 4 10 5 8 2 9 indices 2 -1 3 4 -1 1 3 4 -1 4 1 2 2 1 3 -1 2 1 3 4 2 1 3 4 2 1 3 4 2 1 3 4 2 1 3 4 2 1 3 4 value 0.0 0.0 0.0 0.0 0.0 0.0 0.0 0.0 10.0 0.0 0.0 0.0 0.0 0.0 0.0 0.0 0.0 0.0 0.0 0.0 0.0 0.0 0.0 0.0 0.0 0.0 0.0 0.0 0.0 0.0 0.0 0.0 0.0 0.0 0.0 0.0 0.0 0.0 0.0 0.0 
142.4475555419922 358.8717041015625 72.3862533569336 212.65408325195312 106.75617218017578 -337.81488037109375 -133.67788696289062 65.32255554199219 -50.747901916503906 -250.58531188964844 -23.361848831176758 -283.652587890625 74.59276580810547 104.43851470947266 -189.68544006347656 -18.639415740966797 -34.94351577758789 276.2024230957031 36.233856201171875 -126.79707336425781 output 1 7 2 9 4 8 5 6 10 3 indices -1 4 2 3 -1 1 3 4 2 1 -1 4 2 1 3 -1 2 1 3 4 2 1 3 4 2 1 3 4 2 1 3 4 2 1 3 4 2 1 3 4 value 10.0 0.0 0.0 0.0 0.0 0.0 0.0 0.0 0.0 0.0 0.0 0.0 0.0 0.0 0.0 0.0 0.0 0.0 0.0 0.0 0.0 0.0 0.0 0.0 0.0 0.0 0.0 0.0 0.0 0.0 0.0 0.0 0.0 0.0 0.0 0.0 0.0 0.0 0.0 0.0 
-3.246715784072876 266.5838623046875 70.48236083984375 108.96399688720703 86.11729431152344 -284.196533203125 -13.002431869506836 -292.5061340332031 -117.73554229736328 -279.2181701660156 159.30575561523438 352.5091247558594 -155.6148681640625 328.80242919921875 118.15769958496094 -58.07366180419922 -53.976192474365234 30.23080825805664 -90.48735809326172 -173.095703125 output 1 7 5 10 9 2 8 6 3 4 indices 2 -1 3 4 -1 1 3 4 2 1 -1 4 2 1 3 -1 2 1 3 4 -1 3 1 2 2 1 3 4 2 1 3 4 2 1 3 4 2 1 3 4 value 0.0 0.0 0.0 0.0 0.0 0.0 0.0 0.0 0.0 0.0 0.0 0.0 0.0 0.0 0.0 0.0 0.0 0.0 0.0 0.0 10.0 0.0 0.0 0.0 0.0 0.0 0.0 0.0 0.0 0.0 0.0 0.0 0.0 0.0 0.0 0.0 0.0 0.0 0.0 0.0 
-37.49447250366211 -46.06734848022461 131.03970336914062 51.345340728759766 49.66117858886719 -199.40443420410156 -30.119367599487305 -127.09397888183594 -189.01173400878906 239.03866577148438 16.907901763916016 -200.8723602294922 -53.614986419677734 -359.4212341308594 70.46786499023438 167.70263671875 84.68097686767578 224.1001739501953 -42.51707077026367 250.6725616455078 output 6 3 2 9 8 10 7 5 1 4 indices 2 -1 3 4 -1 1 3 4 2 1 -1 4 2 1 3 -1 2 1 3 4 2 1 3 4 2 1 3 4 2 1 3 4 2 1 3 4 -1 3 1 2 value 0.0 0.0 0.0 0.0 0.0 0.0 0.0 0.0 0.0 0.0 0.0 0.0 0.0 0.0 0.0 0.0 0.0 0.0 0.0 0.0 0.0 0.0 0.0 0.0 0.0 0.0 0.0 0.0 0.0 0.0 0.0 0.0 0.0 0.0 0.0 0.0 10.0 0.0 0.0 0.0 
-75.21712493896484 -238.72857666015625 -6.833771228790283 218.06512451171875 31.21860122680664 -287.15386962890625 -157.86399841308594 293.4526672363281 74.68240356445312 295.5671691894531 117.95682525634766 -270.7285461425781 -194.43882751464844 166.0560760498047 157.32412719726562 -8.850316047668457 7.677210807800293 -122.64924621582031 45.49455642700195 -45.03048324584961 output 1 7 4 2 5 3 6 8 10 9 indices 2 -1 3 4 -1 1 3 4 2 1 -1 4 2 1 3 -1 -1 3 1 2 2 1 3 4 2 1 3 4 2 1 3 4 2 1 3 4 2 1 3 4 value 0.0 0.0 0.0 0.0 0.0 0.0 0.0 0.0 0.0 0.0 0.0 0.0 0.0 0.0 0.0 0.0 10.0 0.0 0.0 0.0 0.0 0.0 0.0 0.0 0.0 0.0 0.0 0.0 0.0 0.0 0.0 0.0 0.0 0.0 0.0 0.0 0.0 0.0 0.0 0.0 
151.880126953125 122.02618408203125 -65.0283203125 -41.94688415527344 51.36489486694336 -201.65687561035156 -118.58186340332031 -188.57693481445312 105.36365509033203 273.1595458984375 -103.55718231201172 332.6814880371094 117.76554107666016 203.5027313232422 -135.0029296875 -209.67138671875 -174.43626403808594 -91.65547180175781 170.2323455810547 -197.86239624023438 output 9 6 5 7 1 10 3 2 4 8 indices 2 -1 3 4 -1 1 3 4 2 1 -1 4 2 1 3 -1 2 1 3 4 -1 3 1 2 2 1 3 4 2 1 3 4 2 1 3 4 2 1 3 4 value 0.0 0.0 0.0 0.0 0.0 0.0 0.0 0.0 0.0 0.0 0.0 0.0 0.0 0.0 0.0 0.0 0.0 0.0 0.0 0.0 10.0 0.0 0.0 0.0 0.0 0.0 0.0 0.0 0.0 0.0 0.0 0.0 0.0 0.0 0.0 0.0 0.0 0.0 0.0 0.0 
-109.01476287841797 293.9941711425781 -28.593984603881836 -99.24182891845703 -13.902569770812988 -230.73785400390625 79.3726577758789 -18.01943016052246 87.32744598388672 -385.7834777832031 -14.293036460876465 87.81697082519531 -106.57459259033203 -406.630859375 8.80376148223877 256.7520751953125 12.710226058959961 250.53089904785156 84.16485595703125 251.31935119628906 output 1 7 3 2 6 4 5 10 9 8 indices -1 4 2 3 -1 1 3 4 2 1 -1 4 2 1 3 -1 2 1 3 4 2 1 3 4 2 1 3 4 2 1 3 4 2 1 3 4 2 1 3 4 value 10.0 0.0 0.0 0.0 0.0 0.0 0.0 0.0 0.0 0.0 0.0 0.0 0.0 0.0 0.0 0.0 0.0 0.0 0.0 0.0 0.0 0.0 0.0 0.0 0.0 0.0 0.0 0.0 0.0 0.0 0.0 0.0 0.0 0.0 0.0 0.0 0.0 0.0 0.0 0.0 
-16.467567443847656 -64.75511169433594 31.021310806274414 -200.30816650390625 -159.30494689941406 249.9392852783203 -126.47644805908203 -105.10514831542969 -66.46533966064453 -243.26370239257812 -84.33452606201172 25.680601119995117 38.76538848876953 -21.637544631958008 136.30975341796875 215.9886016845703 128.9121856689453 -172.8248748779297 118.04019165039062 316.2860412597656 output 1 6 4 3 5 2 9 10 8 7 indices 2 -1 3 4 -1 1 3 4 2 1 -1 4 2 1 3 -1 2 1 3 4 2 1 3 4 2 1 3 4 2 1 3 4 2 1 3 4 -1 3 1 2 value 0.0 0.0 0.0 0.0 0.0 0.0 0.0 0.0 0.0 0.0 0.0 0.0 0.0 0.0 0.0 0.0 0.0 0.0 0.0 0.0 0.0 0.0 0.0 0.0 0.0 0.0 0.0 0.0 0.0 0.0 0.0 0.0 0.0 0.0 0.0 0.0 10.0 0.0 0.0 0.0 
-32.061214447021484 70.81556701660156 190.78688049316406 -243.9956817626953 -110.40403747558594 -202.2939453125 -114.4604721069336 23.49481773376465 27.364761352539062 257.8337707519531 -38.09292984008789 -246.48448181152344 -26.61412239074707 -84.23644256591797 26.609882354736328 156.16943359375 -49.00233840942383 335.2630920410156 125.87358856201172 -66.56611633300781 output 1 4 3 9 6 7 10 2 5 8 indices 2 -1 3 4 -1 1 3 4 2 1 -1 4 2 1 3 -1 2 1 3 4 2 1 3 4 2 1 3 4 2 1 3 4 -1 3 1 2 2 1 3 4 value 0.0 0.0 0.0 0.0 0.0 0.0 0.0 0.0 0.0 0.0 0.0 0.0 0.0 0.0 0.0 0.0 0.0 0.0 0.0 0.0 0.0 0.0 0.0 0.0 0.0 0.0 0.0 0.0 0.0 0.0 0.0 0.0 10.0 0.0 0.0 0.0 0.0 0.0 0.0 0.0 
-39.33467483520508 -250.6008758544922 49.10143280029297 -55.812278747558594 68.7212905883789 195.0738525390625 49.14866638183594 -217.1800994873047 -35.469268798828125 183.82017517089844 -109.71392822265625 180.76942443847656 153.61837768554688 -164.4693145751953 -119.29158020019531 19.72600555419922 -14.111992835998535 244.6870574951172 -2.668325185775757 -136.0139617919922 output 4 10 2 7 3 9 5 6 8 1 indices 2 -1 3 4 -1 1 3 4 2 1 -1 4 2 1 3 -1 2 1 3 4 2 1 3 4 2 1 3 4 2 1 3 4 -1 3 1 2 2 1 3 4 value 0.0 0.0 0.0 0.0 0.0 0.0 0.0 0.0 0.0 0.0 0.0 0.0 0.0 0.0 0.0 0.0 0.0 0.0 0.0 0.0 0.0 0.0 0.0 0.0 0.0 0.0 0.0 0.0 0.0 0.0 0.0 0.0 10.0 0.0 0.0 0.0 0.0 0.0 0.0 0.0 
52.41979217529297 -14.545625686645508 -14.346233367919922 43.497989654541016 -143.81434631347656 -257.39483642578125 -15.502946853637695 -49.5417594909668 -122.70733642578125 166.62217712402344 22.13349723815918 166.6826171875 29.28932762145996 54.8221321105957 63.45339584350586 214.74867248535156 32.4625244140625 -265.8182373046875 96.61231994628906 -59.07315444946289 output 9 10 1 4 2 7 8 6 5 3 indices 2 -1 3 4 -1 1 3 4 2 1 -1 4 2 1 3 -1 2 1 3 4 2 1 3 4 2 1 3 4 -1 3 1 2 2 1 3 4 2 1 3 4 value 0.0 0.0 0.0 0.0 0.0 0.0 0.0 0.0 0.0 0.0 0.0 0.0 0.0 0.0 0.0 0.0 0.0 0.0 0.0 0.0 0.0 0.0 0.0 0.0 0.0 0.0 0.0 0.0 10.0 0.0 0.0 0.0 0.0 0.0 0.0 0.0 0.0 0.0 0.0 0.0 
64.20539855957031 -49.382991790771484 -100.98994445800781 -50.91984176635742 34.90530014038086 -203.57192993164062 0.0015716291964054108 334.6280517578125 26.633764266967773 208.85824584960938 35.27376937866211 -42.89474105834961 78.2269515991211 -116.30342102050781 -119.88337707519531 -80.33226013183594 61.420223236083984 -252.4434356689453 -79.79366302490234 252.36231994628906 output 6 1 7 3 9 4 5 10 8 2 indices 2 -1 3 4 -1 1 3 4 2 1 -1 4 -1 3 1 2 2 1 3 4 2 1 3 4 2 1 3 4 2 1 3 4 2 1 3 4 2 1 3 4 value 0.0 0.0 0.0 0.0 0.0 0.0 0.0 0.0 0.0 0.0 0.0 0.0 10.0 0.0 0.0 0.0 0.0 0.0 0.0 0.0 0.0 0.0 0.0 0.0 0.0 0.0 0.0 0.0 0.0 0.0 0.0 0.0 0.0 0.0 0.0 0.0 0.0 0.0 0.0 0.0 
-49.865352630615234 -4.633275985717773 -121.7546157836914 231.25753784179688 -10.108202934265137 -121.45757293701172 -37.69306182861328 -28.950244903564453 81.28114318847656 113.21685028076172 -9.916228294372559 -57.730224609375 -162.8633270263672 -116.10428619384766 136.26153564453125 196.75303649902344 27.980382919311523 -341.1371154785156 146.67771911621094 128.78530883789062 output 4 1 5 10 8 9 2 7 3 6 indices 2 -1 3 4 -1 1 3 4 2 1 -1 4 2 1 3 -1 2 1 3 4 2 1 3 4 2 1 3 4 -1 3 1 2 2 1 3 4 2 1 3 4 value 0.0 0.0 0.0 0.0 0.0 0.0 0.0 0.0 0.0 0.0 0.0 0.0 0.0 0.0 0.0 0.0 0.0 0.0 0.0 0.0 0.0 0.0 0.0 0.0 0.0 0.0 0.0 0.0 10.0 0.0 0.0 0.0 0.0 0.0 0.0 0.0 0.0 0.0 0.0 0.0 
105.3628158569336 105.1945571899414 -51.10844421386719 81.05198669433594 181.3558349609375 -43.14216995239258 140.6980438232422 -109.22367858886719 -91.97200012207031 294.3919677734375 -172.3357696533203 -218.7157745361328 -70.54365539550781 -336.8689270019531 6.151520729064941 286.97711181640625 -168.408203125 -239.9753875732422 120.79985046386719 180.310302734375 output 3 4 1 2 6 9 7 5 8 10 indices 2 -1 3 4 -1 1 3 4 2 1 -1 4 2 1 3 -1 2 1 3 4 2 1 3 4 2 1 3 4 -1 3 1 2 2 1 3 4 2 1 3 4 value 0.0 0.0 0.0 0.0 0.0 0.0 0.0 0.0 0.0 0.0 0.0 0.0 0.0 0.0 0.0 0.0 0.0 0.0 0.0 0.0 0.0 0.0 0.0 0.0 0.0 0.0 0.0 0.0 10.0 0.0 0.0 0.0 0.0 0.0 0.0 0.0 0.0 0.0 0.0 0.0 
-59.547855377197266 -257.2028503417969 -13.433138847351074 30.491371154785156 78.5730972290039 218.46141052246094 -119.84098815917969 -353.1376953125 141.00820922851562 195.41551208496094 -56.59184646606445 -35.61201477050781 106.69185638427734 -124.87063598632812 -60.37013244628906 -103.66315460205078 -85.4649887084961 183.79684448242188 68.97578430175781 246.3212432861328 output 2 6 8 1 4 9 10 3 5 7 indices 2 -1 3 4 -1 1 3 4 2 1 -1 4 2 1 3 -1 2 1 3 4 2 1 3 4 2 1 3 4 2 1 3 4 2 1 3 4 -1 3 1 2 value 0.0 0.0 0.0 0.0 0.0 0.0 0.0 0.0 0.0 0.0 0.0 0.0 0.0 0.0 0.0 0.0 0.0 0.0 0.0 0.0 0.0 0.0 0.0 0.0 0.0 0.0 0.0 0.0 0.0 0.0 0.0 0.0 0.0 0.0 0.0 0.0 10.0 0.0 0.0 0.0 
-109.69184875488281 -391.52069091796875 -71.95320129394531 -21.935848236083984 43.65267562866211 104.40106964111328 36.290409088134766 -358.734619140625 155.7400665283203 306.29815673828125 81.66533660888672 -161.55198669433594 -24.399948120117188 99.00823211669922 110.91350555419922 54.469703674316406 -143.39476013183594 245.70697021484375 -78.82225036621094 123.8590316772461 output 1 4 6 5 8 3 7 2 10 9 indices 2 -1 3 4 -1 1 3 4 2 1 -1 4 2 1 3 -1 -1 3 1 2 2 1 3 4 2 1 3 4 2 1 3 4 2 1 3 4 2 1 3 4 value 0.0 0.0 0.0 0.0 0.0 0.0 0.0 0.0 0.0 0.0 0.0 0.0 0.0 0.0 0.0 0.0 10.0 0.0 0.0 0.0 0.0 0.0 0.0 0.0 0.0 0.0 0.0 0.0 0.0 0.0 0.0 0.0 0.0 0.0 0.0 0.0 0.0 0.0 0.0 0.0 
-11.013082504272461 80.00700378417969 118.97554016113281 -152.4462127685547 161.07879638671875 38.024864196777344 158.1075439453125 -31.83867645263672 -143.45562744140625 -84.38351440429688 154.47654724121094 246.5843048095703 37.37331771850586 -172.54681396484375 -152.5938720703125 35.67886734008789 -146.705078125 263.8849792480469 -176.2440948486328 -222.9647979736328 output 3 4 2 7 5 10 9 8 1 6 indices 2 -1 3 4 -1 1 3 4 2 1 -1 4 2 1 3 -1 2 1 3 4 -1 3 1 2 2 1 3 4 2 1 3 4 2 1 3 4 2 1 3 4 value 0.0 0.0 0.0 0.0 0.0 0.0 0.0 0.0 0.0 0.0 0.0 0.0 0.0 0.0 0.0 0.0 0.0 0.0 0.0 0.0 10.0 0.0 0.0 0.0 0.0 0.0 0.0 0.0 0.0 0.0 0.0 0.0 0.0 0.0 0.0 0.0 0.0 0.0 0.0 0.0 
-63.02788543701172 -196.29080200195312 42.1741943359375 59.786705017089844 43.73939514160156 -265.1685485839844 76.77272033691406 75.28738403320312 43.63660430908203 22.047224044799805 -113.79110717773438 64.06088256835938 65.38817596435547 187.76841735839844 -31.970218658447266 -35.35148620605469 27.238269805908203 15.878362655639648 -90.16014099121094 71.98185729980469 output 7 4 2 5 9 8 10 6 1 3 indices 2 -1 3 4 -1 1 3 4 2 1 -1 4 2 1 3 -1 2 1 3 4 2 1 3 4 -1 3 1 2 2 1 3 4 2 1 3 4 2 1 3 4 value 0.0 0.0 0.0 0.0 0.0 0.0 0.0 0.0 0.0 0.0 0.0 0.0 0.0 0.0 0.0 0.0 0.0 0.0 0.0 0.0 0.0 0.0 0.0 0.0 10.0 0.0 0.0 0.0 0.0 0.0 0.0 0.0 0.0 0.0 0.0 0.0 0.0 0.0 0.0 0.0 
-30.30421257019043 352.33880615234375 168.02748107910156 -159.62619018554688 -115.31304931640625 -338.2306823730469 1.2250864505767822 102.04224395751953 -25.392770767211914 -280.9033203125 105.16875457763672 122.7132568359375 4.055413246154785 119.0522232055664 115.37139892578125 112.55082702636719 -51.55727767944336 137.941162109375 -171.28082275390625 -167.87832641601562 output 7 4 9 10 3 1 5 2 8 6 indices -1 4 2 3 -1 1 3 4 2 1 -1 4 2 1 3 -1 2 1 3 4 2 1 3 4 2 1 3 4 2 1 3 4 2 1 3 4 2 1 3 4 value 10.0 0.0 0.0 0.0 0.0 0.0 0.0 0.0 0.0 0.0 0.0 0.0 0.0 0.0 0.0 0.0 0.0 0.0 0.0 0.0 0.0 0.0 0.0 0.0 0.0 0.0 0.0 0.0 0.0 0.0 0.0 0.0 0.0 0.0 0.0 0.0 0.0 0.0 0.0 0.0 
0.794599711894989 -385.4020080566406 34.27867889404297 297.6858215332031 185.6204833984375 117.99014282226562 -84.35831451416016 182.1740264892578 41.6446418762207 260.4405212402344 -75.92684936523438 146.74569702148438 -92.13399505615234 -217.0897216796875 172.22930908203125 -64.37608337402344 -47.49165344238281 30.549013137817383 -134.6569061279297 -368.7173767089844 output 8 3 5 2 1 7 10 4 6 9 indices 2 -1 3 4 -1 4 1 3 2 1 -1 4 2 1 3 -1 2 1 3 4 2 1 3 4 2 1 3 4 2 1 3 4 2 1 3 4 2 1 3 4 value 0.0 0.0 0.0 0.0 10.0 0.0 0.0 0.0 0.0 0.0 0.0 0.0 0.0 0.0 0.0 0.0 0.0 0.0 0.0 0.0 0.0 0.0 0.0 0.0 0.0 0.0 0.0 0.0 0.0 0.0 0.0 0.0 0.0 0.0 0.0 0.0 0.0 0.0 0.0 0.0 
10.34831428527832 56.090267181396484 68.15371704101562 132.0742645263672 -19.09137535095215 -87.63308715820312 -154.93714904785156 -23.668615341186523 6.93799352645874 16.05589485168457 78.85560607910156 -249.80474853515625 89.88787078857422 87.6803207397461 -112.7763671875 -205.2882843017578 -90.70581817626953 127.1167984008789 123.32722473144531 147.37718200683594 output 1 2 7 10 6 3 8 4 9 5 indices 2 -1 3 4 -1 1 3 4 2 1 -1 4 2 1 3 -1 2 1 3 4 2 1 3 4 2 1 3 4 2 1 3 4 2 1 3 4 -1 3 1 2 value 0.0 0.0 0.0 0.0 0.0 0.0 0.0 0.0 0.0 0.0 0.0 0.0 0.0 0.0 0.0 0.0 0.0 0.0 0.0 0.0 0.0 0.0 0.0 0.0 0.0 0.0 0.0 0.0 0.0 0.0 0.0 0.0 0.0 0.0 0.0 0.0 10.0 0.0 0.0 0.0 
50.105045318603516 71.39289855957031 92.64852905273438 -200.7053680419922 2.216615915298462 218.95738220214844 92.32746887207031 -112.98209381103516 118.45069885253906 249.50660705566406 -86.7240982055664 -277.84515380859375 -90.47017669677734 52.246726989746094 -74.39002227783203 335.78759765625 -49.17019271850586 -208.0816650390625 -54.99386978149414 -128.27696228027344 output 1 7 10 9 6 8 3 5 2 4 indices 2 -1 3 4 -1 1 3 4 2 1 -1 4 2 1 3 -1 2 1 3 4 2 1 3 4 2 1 3 4 -1 3 1 2 2 1 3 4 2 1 3 4 value 0.0 0.0 0.0 0.0 0.0 0.0 0.0 0.0 0.0 0.0 0.0 0.0 0.0 0.0 0.0 0.0 0.0 0.0 0.0 0.0 0.0 0.0 0.0 0.0 0.0 0.0 0.0 0.0 10.0 0.0 0.0 0.0 0.0 0.0 0.0 0.0 0.0 0.0 0.0 0.0 
-147.8142547607422 -145.74490356445312 180.5479736328125 83.97679901123047 140.60888671875 115.42240142822266 -165.32769775390625 -304.92877197265625 -127.94932556152344 36.370399475097656 173.685546875 138.8097686767578 -3.1783084869384766 10.261237144470215 -128.07713317871094 194.94216918945312 131.07449340820312 11.32434368133545 -53.570186614990234 -140.43345642089844 output 7 5 8 4 1 10 2 6 3 9 indices 2 -1 3 4 -1 1 3 4 2 1 -1 4 2 1 3 -1 2 1 3 4 2 1 3 4 2 1 3 4 -1 3 1 2 2 1 3 4 2 1 3 4 value 0.0 0.0 0.0 0.0 0.0 0.0 0.0 0.0 0.0 0.0 0.0 0.0 0.0 0.0 0.0 0.0 0.0 0.0 0.0 0.0 0.0 0.0 0.0 0.0 0.0 0.0 0.0 0.0 10.0 0.0 0.0 0.0 0.0 0.0 0.0 0.0 0.0 0.0 0.0 0.0 
52.05138397216797 -356.9952392578125 -83.84085083007812 158.31813049316406 -37.84626007080078 66.99690246582031 -61.3297233581543 22.261507034301758 1.1301288604736328 162.21929931640625 203.79315185546875 113.32677459716797 -85.13648986816406 -331.5119323730469 91.20997619628906 162.28330993652344 -108.80098724365234 -158.099609375 28.769678115844727 161.2008819580078 output 9 2 4 3 5 10 8 6 1 7 indices 2 -1 3 4 -1 1 3 4 2 1 -1 4 2 1 3 -1 2 1 3 4 2 1 3 4 2 1 3 4 -1 3 1 2 2 1 3 4 2 1 3 4 value 0.0 0.0 0.0 0.0 0.0 0.0 0.0 0.0 0.0 0.0 0.0 0.0 0.0 0.0 0.0 0.0 0.0 0.0 0.0 0.0 0.0 0.0 0.0 0.0 0.0 0.0 0.0 0.0 10.0 0.0 0.0 0.0 0.0 0.0 0.0 0.0 0.0 0.0 0.0 0.0 
-83.66525268554688 -58.1756477355957 -76.60948181152344 252.5853729248047 -111.29364776611328 -213.96409606933594 -53.86772155761719 -87.33660888671875 154.95306396484375 -117.9288558959961 158.9684295654297 297.0743713378906 57.09395217895508 -80.89424896240234 95.06673431396484 -349.1274108886719 20.467561721801758 225.8065643310547 -161.11363220214844 131.9605712890625 output 5 6 8 9 2 10 3 1 4 7 indices 2 -1 3 4 -1 1 3 4 2 1 -1 4 2 1 3 -1 2 1 3 4 -1 3 1 2 2 1 3 4 2 1 3 4 2 1 3 4 2 1 3 4 value 0.0 0.0 0.0 0.0 0.0 0.0 0.0 0.0 0.0 0.0 0.0 0.0 0.0 0.0 0.0 0.0 0.0 0.0 0.0 0.0 10.0 0.0 0.0 0.0 0.0 0.0 0.0 0.0 0.0 0.0 0.0 0.0 0.0 0.0 0.0 0.0 0.0 0.0 0.0 0.0 
-72.91169738769531 361.46563720703125 182.4856414794922 25.12296485900879 181.15432739257812 -93.82036590576172 -104.79409790039062 79.40410614013672 -22.774274826049805 80.00691223144531 152.18069458007812 -65.04585266113281 -159.27622985839844 -131.67581176757812 -90.9656982421875 -38.53417205810547 -14.030550003051758 -247.34271240234375 -51.06810760498047 30.4193115234375 output 9 1 7 4 8 10 5 6 2 3 indices -1 4 2 3 -1 1 3 4 2 1 -1 4 2 1 3 -1 2 1 3 4 2 1 3 4 2 1 3 4 2 1 3 4 2 1 3 4 2 1 3 4 value 10.0 0.0 0.0 0.0 0.0 0.0 0.0 0.0 0.0 0.0 0.0 0.0 0.0 0.0 0.0 0.0 0.0 0.0 0.0 0.0 0.0 0.0 0.0 0.0 0.0 0.0 0.0 0.0 0.0 0.0 0.0 0.0 0.0 0.0 0.0 0.0 0.0 0.0 0.0 0.0 
-21.88282012939453 233.80198669433594 -19.188974380493164 -188.0113983154297 -157.774169921875 227.74746704101562 -39.906272888183594 20.992963790893555 109.3980484008789 -387.6212463378906 36.810977935791016 280.0775451660156 -99.22870635986328 137.93202209472656 87.14029693603516 -224.9331512451172 58.56110382080078 -331.2018127441406 46.07051467895508 231.21563720703125 output 9 5 6 10 1 3 7 4 2 8 indices 2 -1 3 4 -1 1 3 4 2 1 -1 4 2 1 3 -1 2 1 3 4 -1 3 1 2 2 1 3 4 2 1 3 4 2 1 3 4 2 1 3 4 value 0.0 0.0 0.0 0.0 0.0 0.0 0.0 0.0 0.0 0.0 0.0 0.0 0.0 0.0 0.0 0.0 0.0 0.0 0.0 0.0 10.0 0.0 0.0 0.0 0.0 0.0 0.0 0.0 0.0 0.0 0.0 0.0 0.0 0.0 0.0 0.0 0.0 0.0 0.0 0.0 
-157.72303771972656 215.115966796875 -124.4821548461914 155.4947052001953 -11.217204093933105 86.38191986083984 -50.618621826171875 -292.9303283691406 142.2135467529297 -8.998320579528809 169.55697631835938 -165.88658142089844 -15.146395683288574 -124.8291244506836 -151.6148223876953 24.09264373779297 25.787519454956055 -59.3717155456543 173.24420166015625 170.9308319091797 output 1 4 7 9 5 6 10 3 2 8 indices 2 -1 3 4 -1 1 3 4 2 1 -1 4 2 1 3 -1 2 1 3 4 2 1 3 4 2 1 3 4 2 1 3 4 2 1 3 4 -1 3 1 2 value 0.0 0.0 0.0 0.0 0.0 0.0 0.0 0.0 0.0 0.0 0.0 0.0 0.0 0.0 0.0 0.0 0.0 0.0 0.0 0.0 0.0 0.0 0.0 0.0 0.0 0.0 0.0 0.0 0.0 0.0 0.0 0.0 0.0 0.0 0.0 0.0 10.0 0.0 0.0 0.0 
-43.866539001464844 44.14295959472656 75.49181365966797 217.94126892089844 -99.63227844238281 -196.13046264648438 13.442724227905273 -272.89874267578125 36.301551818847656 -365.06396484375 22.501676559448242 169.4888153076172 121.7469711303711 233.1024627685547 -123.91122436523438 191.76852416992188 65.07090759277344 -289.3369140625 -67.1456069946289 266.9860534667969 output 1 8 10 3 4 9 5 7 2 6 indices 2 -1 3 4 -1 1 3 4 2 1 -1 4 2 1 3 -1 2 1 3 4 2 1 3 4 2 1 3 4 2 1 3 4 2 1 3 4 -1 3 1 2 value 0.0 0.0 0.0 0.0 0.0 0.0 0.0 0.0 0.0 0.0 0.0 0.0 0.0 0.0 0.0 0.0 0.0 0.0 0.0 0.0 0.0 0.0 0.0 0.0 0.0 0.0 0.0 0.0 0.0 0.0 0.0 0.0 0.0 0.0 0.0 0.0 10.0 0.0 0.0 0.0 
-21.950775146484375 -285.43988037109375 -107.85809326171875 274.1624755859375 -139.64976501464844 -29.440597534179688 -3.000922441482544 -224.0498046875 -18.67000961303711 -160.8755340576172 0.014098524115979671 21.350141525268555 163.13818359375 -314.8730773925781 -71.91038513183594 355.84722900390625 77.59840393066406 4.980025768280029 122.28927612304688 358.3390197753906 output 9 6 3 2 8 1 4 5 10 7 indices 2 -1 3 4 -1 1 3 4 2 1 -1 4 2 1 3 -1 2 1 3 4 2 1 3 4 2 1 3 4 2 1 3 4 2 1 3 4 -1 3 1 2 value 0.0 0.0 0.0 0.0 0.0 0.0 0.0 0.0 0.0 0.0 0.0 0.0 0.0 0.0 0.0 0.0 0.0 0.0 0.0 0.0 0.0 0.0 0.0 0.0 0.0 0.0 0.0 0.0 0.0 0.0 0.0 0.0 0.0 0.0 0.0 0.0 10.0 0.0 0.0 0.0 
64.69261932373047 -208.28097534179688 86.82183074951172 88.29452514648438 -48.754486083984375 306.283935546875 -45.21732711791992 243.30308532714844 -74.97173309326172 -125.8255386352539 -50.67619705200195 -193.56004333496094 -22.608755111694336 -211.0747528076172 -116.51541900634766 -263.3333740234375 122.05844116210938 345.1830139160156 85.17102813720703 19.01014518737793 output 2 10 9 1 7 6 5 8 3 4 indices 2 -1 3 4 -1 1 3 4 2 1 -1 4 2 1 3 -1 2 1 3 4 2 1 3 4 2 1 3 4 2 1 3 4 -1 3 1 2 2 1 3 4 value 0.0 0.0 0.0 0.0 0.0 0.0 0.0 0.0 0.0 0.0 0.0 0.0 0.0 0.0 0.0 0.0 0.0 0.0 0.0 0.0 0.0 0.0 0.0 0.0 0.0 0.0 0.0 0.0 0.0 0.0 0.0 0.0 10.0 0.0 0.0 0.0 0.0 0.0 0.0 0.0 
140.56385803222656 -183.19174194335938 -110.50270080566406 -144.52957153320312 -49.247947692871094 -0.8108072280883789 23.986116409301758 10.117232322692871 -21.575483322143555 -270.8472595214844 -128.8401641845703 -18.976594924926758 186.1394805908203 257.0662536621094 -43.77253341674805 -18.472448348999023 -48.517765045166016 154.85760498046875 51.76714324951172 214.78733825683594 output 7 1 5 2 6 3 8 4 9 10 indices 2 -1 3 4 -1 1 3 4 2 1 -1 4 2 1 3 -1 2 1 3 4 2 1 3 4 -1 3 1 2 2 1 3 4 2 1 3 4 2 1 3 4 value 0.0 0.0 0.0 0.0 0.0 0.0 0.0 0.0 0.0 0.0 0.0 0.0 0.0 0.0 0.0 0.0 0.0 0.0 0.0 0.0 0.0 0.0 0.0 0.0 10.0 0.0 0.0 0.0 0.0 0.0 0.0 0.0 0.0 0.0 0.0 0.0 0.0 0.0 0.0 0.0 
175.01846313476562 -301.34228515625 77.98863983154297 131.19216918945312 -152.48475646972656 74.31922912597656 -48.97776412963867 170.34518432617188 -72.06266784667969 -227.9330596923828 -92.79924011230469 -4.360530853271484 42.831626892089844 -298.3497009277344 -64.89855194091797 216.0826416015625 139.6785888671875 24.335186004638672 -4.29433536529541 215.711181640625 output 1 7 5 6 3 8 4 10 2 9 indices 2 -1 3 4 -1 1 3 4 2 1 -1 4 2 1 3 -1 2 1 3 4 2 1 3 4 2 1 3 4 2 1 3 4 2 1 3 4 -1 3 1 2 value 0.0 0.0 0.0 0.0 0.0 0.0 0.0 0.0 0.0 0.0 0.0 0.0 0.0 0.0 0.0 0.0 0.0 0.0 0.0 0.0 0.0 0.0 0.0 0.0 0.0 0.0 0.0 0.0 0.0 0.0 0.0 0.0 0.0 0.0 0.0 0.0 10.0 0.0 0.0 0.0 
-134.6892852783203 -27.669815063476562 60.35464859008789 -302.35992431640625 33.0474967956543 -209.98330688476562 37.54146957397461 86.3089370727539 -29.353660583496094 269.6371154785156 69.81108856201172 205.65280151367188 -139.52195739746094 47.032814025878906 -31.778905868530273 -192.3505859375 167.60870361328125 35.72303009033203 -33.019615173339844 88.0089340209961 output 5 6 9 4 10 7 1 8 3 2 indices 2 -1 3 4 -1 1 3 4 2 1 -1 4 2 1 3 -1 -1 3 1 2 2 1 3 4 2 1 3 4 2 1 3 4 2 1 3 4 2 1 3 4 value 0.0 0.0 0.0 0.0 0.0 0.0 0.0 0.0 0.0 0.0 0.0 0.0 0.0 0.0 0.0 0.0 10.0 0.0 0.0 0.0 0.0 0.0 0.0 0.0 0.0 0.0 0.0 0.0 0.0 0.0 0.0 0.0 0.0 0.0 0.0 0.0 0.0 0.0 0.0 0.0 
67.66860961914062 9.275127410888672 67.52300262451172 -213.28353881835938 48.46015167236328 -9.561532020568848 83.671875 19.174036026000977 -67.9065170288086 -365.82269287109375 117.76176452636719 144.99417114257812 -9.037567138671875 266.7386169433594 -174.8125457763672 -83.3313217163086 -205.9460906982422 56.018802642822266 72.6173095703125 175.79833984375 output 2 3 1 4 6 10 7 5 9 8 indices 2 -1 3 4 -1 1 3 4 2 1 -1 4 2 1 3 -1 2 1 3 4 2 1 3 4 -1 3 1 2 2 1 3 4 2 1 3 4 2 1 3 4 value 0.0 0.0 0.0 0.0 0.0 0.0 0.0 0.0 0.0 0.0 0.0 0.0 0.0 0.0 0.0 0.0 0.0 0.0 0.0 0.0 0.0 0.0 0.0 0.0 10.0 0.0 0.0 0.0 0.0 0.0 0.0 0.0 0.0 0.0 0.0 0.0 0.0 0.0 0.0 0.0 
-36.053470611572266 -141.70709228515625 -158.7569580078125 143.142578125 11.38893985748291 -5.845723628997803 67.41698455810547 -93.50394439697266 -143.02993774414062 173.0189208984375 37.699703216552734 262.926513671875 -128.53396606445312 237.30279541015625 32.899417877197266 -257.5035400390625 147.31735229492188 -120.6180648803711 169.6519317626953 -197.21243286132812 output 1 4 3 2 5 7 6 10 9 8 indices 2 -1 3 4 -1 1 3 4 2 1 -1 4 2 1 3 -1 2 1 3 4 -1 3 1 2 2 1 3 4 2 1 3 4 2 1 3 4 2 1 3 4 value 0.0 0.0 0.0 0.0 0.0 0.0 0.0 0.0 0.0 0.0 0.0 0.0 0.0 0.0 0.0 0.0 0.0 0.0 0.0 0.0 10.0 0.0 0.0 0.0 0.0 0.0 0.0 0.0 0.0 0.0 0.0 0.0 0.0 0.0 0.0 0.0 0.0 0.0 0.0 0.0 
9.406805992126465 -170.43150329589844 -4.483643054962158 -251.2895965576172 70.03168487548828 98.50231170654297 18.120424270629883 313.60748291015625 42.13181686401367 -154.08238220214844 -61.06633377075195 65.41419219970703 29.220109939575195 -81.52196502685547 57.18137741088867 87.40587615966797 -213.97869873046875 66.58161163330078 53.43645095825195 25.813983917236328 output 6 8 3 10 7 5 1 2 4 9 indices 2 -1 3 4 -1 1 3 4 2 1 -1 4 -1 3 1 2 2 1 3 4 2 1 3 4 2 1 3 4 2 1 3 4 2 1 3 4 2 1 3 4 value 0.0 0.0 0.0 0.0 0.0 0.0 0.0 0.0 0.0 0.0 0.0 0.0 10.0 0.0 0.0 0.0 0.0 0.0 0.0 0.0 0.0 0.0 0.0 0.0 0.0 0.0 0.0 0.0 0.0 0.0 0.0 0.0 0.0 0.0 0.0 0.0 0.0 0.0 0.0 0.0 
-58.74269104003906 81.67375946044922 82.05880737304688 -78.14329528808594 -10.223187446594238 -87.28946685791016 -39.8244743347168 8.571918487548828 -2.075373888015747 -51.82228469848633 -118.31303405761719 -1.1418064832687378 -36.66416549682617 -106.96554565429688 97.04927062988281 216.8875274658203 146.61306762695312 179.94619750976562 -59.87821578979492 -161.71701049804688 output 8 9 2 5 3 7 10 6 4 1 indices 2 -1 3 4 -1 1 3 4 2 1 -1 4 2 1 3 -1 2 1 3 4 2 1 3 4 2 1 3 4 -1 3 1 2 2 1 3 4 2 1 3 4 value 0.0 0.0 0.0 0.0 0.0 0.0 0.0 0.0 0.0 0.0 0.0 0.0 0.0 0.0 0.0 0.0 0.0 0.0 0.0 0.0 0.0 0.0 0.0 0.0 0.0 0.0 0.0 0.0 10.0 0.0 0.0 0.0 0.0 0.0 0.0 0.0 0.0 0.0 0.0 0.0 
95.55923461914062 -110.11653900146484 -84.79141998291016 -195.54769897460938 134.2866973876953 208.32492065429688 -14.66086483001709 179.0401153564453 -50.24601745605469 -292.700439453125 10.161036491394043 -47.448299407958984 -145.51246643066406 49.02857971191406 -8.308279037475586 84.62374114990234 20.783422470092773 68.02174377441406 42.72865676879883 56.77388000488281 output 1 6 2 5 7 4 8 9 10 3 indices 2 -1 3 4 -1 1 3 4 -1 4 1 2 2 1 3 -1 2 1 3 4 2 1 3 4 2 1 3 4 2 1 3 4 2 1 3 4 2 1 3 4 value 0.0 0.0 0.0 0.0 0.0 0.0 0.0 0.0 10.0 0.0 0.0 0.0 0.0 0.0 0.0 0.0 0.0 0.0 0.0 0.0 0.0 0.0 0.0 0.0 0.0 0.0 0.0 0.0 0.0 0.0 0.0 0.0 0.0 0.0 0.0 0.0 0.0 0.0 0.0 0.0 
-15.998543739318848 232.86680603027344 50.01659393310547 285.734375 -81.68597412109375 229.89306640625 64.11400604248047 -343.55621337890625 106.24835968017578 155.35787963867188 -22.042160034179688 -152.62493896484375 127.13876342773438 -314.88134765625 -166.23495483398438 61.6047248840332 -37.06856155395508 -125.6501693725586 -24.487531661987305 -28.74416732788086 output 1 3 8 10 9 6 7 5 4 2 indices 2 -1 3 4 -1 4 1 3 2 1 -1 4 2 1 3 -1 2 1 3 4 2 1 3 4 2 1 3 4 2 1 3 4 2 1 3 4 2 1 3 4 value 0.0 0.0 0.0 0.0 10.0 0.0 0.0 0.0 0.0 0.0 0.0 0.0 0.0 0.0 0.0 0.0 0.0 0.0 0.0 0.0 0.0 0.0 0.0 0.0 0.0 0.0 0.0 0.0 0.0 0.0 0.0 0.0 0.0 0.0 0.0 0.0 0.0 0.0 0.0 0.0 
-18.90785789489746 -301.7247009277344 91.74806213378906 198.55935668945312 30.347959518432617 -272.60943603515625 -97.32489776611328 -188.93934631347656 -197.1961669921875 96.51155090332031 21.79445457458496 -171.68125915527344 113.9835205078125 202.0696563720703 -29.16038703918457 100.10160827636719 28.380117416381836 106.61507415771484 56.3351936340332 231.09751892089844 output 1 4 5 8 9 10 2 7 6 3 indices 2 -1 3 4 -1 1 3 4 2 1 -1 4 2 1 3 -1 2 1 3 4 2 1 3 4 2 1 3 4 2 1 3 4 2 1 3 4 -1 3 1 2 value 0.0 0.0 0.0 0.0 0.0 0.0 0.0 0.0 0.0 0.0 0.0 0.0 0.0 0.0 0.0 0.0 0.0 0.0 0.0 0.0 0.0 0.0 0.0 0.0 0.0 0.0 0.0 0.0 0.0 0.0 0.0 0.0 0.0 0.0 0.0 0.0 10.0 0.0 0.0 0.0 
-59.64097595214844 -68.87075805664062 -44.598976135253906 194.16824340820312 -59.20774841308594 248.04684448242188 34.18577194213867 252.5594482421875 9.438002586364746 -349.34332275390625 -180.00144958496094 113.03395080566406 76.99358367919922 -319.94110107421875 148.72682189941406 -155.7484588623047 -75.49029541015625 8.222293853759766 149.5952606201172 77.87288665771484 output 8 10 1 9 6 3 2 4 5 7 indices 2 -1 3 4 -1 1 3 4 2 1 -1 4 -1 3 1 2 2 1 3 4 2 1 3 4 2 1 3 4 2 1 3 4 2 1 3 4 2 1 3 4 value 0.0 0.0 0.0 0.0 0.0 0.0 0.0 0.0 0.0 0.0 0.0 0.0 10.0 0.0 0.0 0.0 0.0 0.0 0.0 0.0 0.0 0.0 0.0 0.0 0.0 0.0 0.0 0.0 0.0 0.0 0.0 0.0 0.0 0.0 0.0 0.0 0.0 0.0 0.0 0.0 
26.098901748657227 67.98054504394531 -90.94900512695312 -107.80592346191406 134.18643188476562 99.48348236083984 -10.827946662902832 -136.88140869140625 -146.15158081054688 184.0750274658203 130.36395263671875 72.59550476074219 25.733415603637695 240.33460998535156 -116.75431823730469 -400.1388244628906 82.17134094238281 -98.87411499023438 -33.87118911743164 79.23111724853516 output 1 10 5 8 2 4 9 6 3 7 indices 2 -1 3 4 -1 1 3 4 2 1 -1 4 2 1 3 -1 2 1 3 4 2 1 3 4 -1 3 1 2 2 1 3 4 2 1 3 4 2 1 3 4 value 0.0 0.0 0.0 0.0 0.0 0.0 0.0 0.0 0.0 0.0 0.0 0.0 0.0 0.0 0.0 0.0 0.0 0.0 0.0 0.0 0.0 0.0 0.0 0.0 10.0 0.0 0.0 0.0 0.0 0.0 0.0 0.0 0.0 0.0 0.0 0.0 0.0 0.0 0.0 0.0 
1.781620979309082 -18.80289649963379 39.51920700073242 -137.47084045410156 24.68230438232422 44.453651428222656 -87.8941650390625 -122.17431640625 -137.64456176757812 -199.96560668945312 -35.902801513671875 303.3536682128906 168.4211883544922 71.55241394042969 -48.394351959228516 197.53533935546875 65.9485855102539 -346.42620849609375 9.482972145080566 207.94480895996094 output 1 3 7 9 6 10 8 5 4 2 indices 2 -1 3 4 -1 1 3 4 2 1 -1 4 2 1 3 -1 2 1 3 4 -1 3 1 2 2 1 3 4 2 1 3 4 2 1 3 4 2 1 3 4 value 0.0 0.0 0.0 0.0 0.0 0.0 0.0 0.0 0.0 0.0 0.0 0.0 0.0 0.0 0.0 0.0 0.0 0.0 0.0 0.0 10.0 0.0 0.0 0.0 0.0 0.0 0.0 0.0 0.0 0.0 0.0 0.0 0.0 0.0 0.0 0.0 0.0 0.0 0.0 0.0 
12.45395565032959 99.3237075805664 -25.1202449798584 -110.4974136352539 188.8332061767578 -223.5029754638672 -25.604148864746094 -115.08488464355469 -53.81590270996094 177.1669158935547 -77.67766571044922 -81.57913970947266 168.66952514648438 -97.99755096435547 -67.2914047241211 324.9796447753906 -21.961294174194336 -66.74829864501953 -98.48602294921875 93.93997955322266 output 1 3 7 9 2 4 6 10 8 5 indices 2 -1 3 4 -1 1 3 4 2 1 -1 4 2 1 3 -1 2 1 3 4 2 1 3 4 2 1 3 4 -1 3 1 2 2 1 3 4 2 1 3 4 value 0.0 0.0 0.0 0.0 0.0 0.0 0.0 0.0 0.0 0.0 0.0 0.0 0.0 0.0 0.0 0.0 0.0 0.0 0.0 0.0 0.0 0.0 0.0 0.0 0.0 0.0 0.0 0.0 10.0 0.0 0.0 0.0 0.0 0.0 0.0 0.0 0.0 0.0 0.0 0.0 
4.766067981719971 173.63624572753906 30.529388427734375 -295.0629577636719 -43.56073760986328 -132.17193603515625 -47.60381317138672 288.83380126953125 -45.70113754272461 -392.16943359375 91.7158432006836 -51.838478088378906 -11.56026840209961 -16.380887985229492 19.186603546142578 -61.2331428527832 -157.92039489746094 293.0453796386719 160.1484375 193.3413848876953 output 9 3 7 8 6 10 2 5 4 1 indices 2 -1 3 4 -1 1 3 4 2 1 -1 4 -1 3 1 2 2 1 3 4 2 1 3 4 2 1 3 4 2 1 3 4 2 1 3 4 2 1 3 4 value 0.0 0.0 0.0 0.0 0.0 0.0 0.0 0.0 0.0 0.0 0.0 0.0 10.0 0.0 0.0 0.0 0.0 0.0 0.0 0.0 0.0 0.0 0.0 0.0 0.0 0.0 0.0 0.0 0.0 0.0 0.0 0.0 0.0 0.0 0.0 0.0 0.0 0.0 0.0 0.0 
-107.3994369506836 185.0829315185547 19.61924171447754 -52.40570831298828 27.621068954467773 -160.70285034179688 -29.37549591064453 -93.73074340820312 -86.30087280273438 -23.906513214111328 -8.020977020263672 -45.471343994140625 -92.37808227539062 -188.6129608154297 -50.5666618347168 166.6683349609375 182.8908233642578 369.5665588378906 143.910400390625 -156.4877166748047 output 1 8 5 4 6 2 9 10 3 7 indices 2 -1 3 4 -1 1 3 4 2 1 -1 4 2 1 3 -1 2 1 3 4 2 1 3 4 2 1 3 4 2 1 3 4 -1 3 1 2 2 1 3 4 value 0.0 0.0 0.0 0.0 0.0 0.0 0.0 0.0 0.0 0.0 0.0 0.0 0.0 0.0 0.0 0.0 0.0 0.0 0.0 0.0 0.0 0.0 0.0 0.0 0.0 0.0 0.0 0.0 0.0 0.0 0.0 0.0 10.0 0.0 0.0 0.0 0.0 0.0 0.0 0.0 
-12.049285888671875 -43.096519470214844 -97.79135131835938 -193.3734893798828 -7.044418811798096 347.4844665527344 -49.64264678955078 -155.15122985839844 3.490319013595581 -136.818359375 171.98863220214844 52.313358306884766 77.49057006835938 235.7426300048828 -90.5228042602539 261.459228515625 62.80953598022461 -130.28663635253906 -58.72856140136719 -238.27345275878906 output 1 5 9 6 7 3 8 2 10 4 indices 2 -1 3 4 -1 1 3 4 -1 4 1 2 2 1 3 -1 2 1 3 4 2 1 3 4 2 1 3 4 2 1 3 4 2 1 3 4 2 1 3 4 value 0.0 0.0 0.0 0.0 0.0 0.0 0.0 0.0 10.0 0.0 0.0 0.0 0.0 0.0 0.0 0.0 0.0 0.0 0.0 0.0 0.0 0.0 0.0 0.0 0.0 0.0 0.0 0.0 0.0 0.0 0.0 0.0 0.0 0.0 0.0 0.0 0.0 0.0 0.0 0.0 
-108.04173278808594 -217.35177612304688 -65.76866912841797 -94.92385864257812 75.09567260742188 56.75419235229492 -121.5112075805664 97.85479736328125 99.9041519165039 263.6502990722656 73.9775619506836 297.68310546875 -88.14142608642578 -252.9049835205078 66.90303039550781 -73.38031005859375 -21.186016082763672 28.687580108642578 88.76864624023438 -106.06903839111328 output 2 9 8 10 3 5 6 7 1 4 indices 2 -1 3 4 -1 1 3 4 2 1 -1 4 2 1 3 -1 2 1 3 4 -1 3 1 2 2 1 3 4 2 1 3 4 2 1 3 4 2 1 3 4 value 0.0 0.0 0.0 0.0 0.0 0.0 0.0 0.0 0.0 0.0 0.0 0.0 0.0 0.0 0.0 0.0 0.0 0.0 0.0 0.0 10.0 0.0 0.0 0.0 0.0 0.0 0.0 0.0 0.0 0.0 0.0 0.0 0.0 0.0 0.0 0.0 0.0 0.0 0.0 0.0 
118.86244201660156 77.22038269042969 118.70259094238281 60.59463119506836 46.628395080566406 294.5367431640625 -76.90967559814453 95.67147064208984 -104.75580596923828 34.297176361083984 -72.11202239990234 -367.04473876953125 -24.83595848083496 189.6904296875 13.930830955505371 286.8638000488281 -81.93633270263672 -274.4416198730469 62.425533294677734 -397.3882751464844 output 9 6 8 3 10 2 1 7 4 5 indices 2 -1 3 4 -1 1 3 4 -1 4 1 2 2 1 3 -1 2 1 3 4 2 1 3 4 2 1 3 4 2 1 3 4 2 1 3 4 2 1 3 4 value 0.0 0.0 0.0 0.0 0.0 0.0 0.0 0.0 10.0 0.0 0.0 0.0 0.0 0.0 0.0 0.0 0.0 0.0 0.0 0.0 0.0 0.0 0.0 0.0 0.0 0.0 0.0 0.0 0.0 0.0 0.0 0.0 0.0 0.0 0.0 0.0 0.0 0.0 0.0 0.0 
-45.01845169067383 -181.37403869628906 36.37467575073242 330.6014099121094 79.10679626464844 -119.91444396972656 -19.461164474487305 94.69303894042969 94.49148559570312 152.0978546142578 -10.971734046936035 -170.18992614746094 -43.06705093383789 127.38858795166016 -18.597702026367188 -227.67523193359375 107.41845703125 -171.3549041748047 -180.2753143310547 165.72764587402344 output 5 4 7 10 1 8 6 3 9 2 indices 2 -1 3 4 -1 4 1 3 2 1 -1 4 2 1 3 -1 2 1 3 4 2 1 3 4 2 1 3 4 2 1 3 4 2 1 3 4 2 1 3 4 value 0.0 0.0 0.0 0.0 10.0 0.0 0.0 0.0 0.0 0.0 0.0 0.0 0.0 0.0 0.0 0.0 0.0 0.0 0.0 0.0 0.0 0.0 0.0 0.0 0.0 0.0 0.0 0.0 0.0 0.0 0.0 0.0 0.0 0.0 0.0 0.0 0.0 0.0 0.0 0.0 
11.322086334228516 -362.906494140625 -31.01543617248535 138.59849548339844 -116.86161041259766 246.3544158935547 143.24559020996094 128.28753662109375 7.655657768249512 -23.930492401123047 -35.94872283935547 17.439977645874023 -24.24257469177246 195.8566131591797 145.5005645751953 -220.6875457763672 34.58065414428711 175.49330139160156 -134.2362060546875 -294.50579833984375 output 1 8 4 5 6 2 9 7 3 10 indices 2 -1 3 4 -1 1 3 4 -1 4 1 2 2 1 3 -1 2 1 3 4 2 1 3 4 2 1 3 4 2 1 3 4 2 1 3 4 2 1 3 4 value 0.0 0.0 0.0 0.0 0.0 0.0 0.0 0.0 10.0 0.0 0.0 0.0 0.0 0.0 0.0 0.0 0.0 0.0 0.0 0.0 0.0 0.0 0.0 0.0 0.0 0.0 0.0 0.0 0.0 0.0 0.0 0.0 0.0 0.0 0.0 0.0 0.0 0.0 0.0 0.0 
-112.10890197753906 -120.96751403808594 17.40477752685547 59.67606735229492 -148.8282928466797 15.68692684173584 21.78868865966797 328.4622497558594 -6.449105262756348 97.22845458984375 200.7726287841797 178.51463317871094 -55.61323928833008 -317.65850830078125 117.77014923095703 190.08840942382812 -113.39202117919922 -143.9232635498047 78.65532684326172 -287.1074523925781 output 9 1 3 5 2 8 6 10 4 7 indices 2 -1 3 4 -1 1 3 4 2 1 -1 4 -1 3 1 2 2 1 3 4 2 1 3 4 2 1 3 4 2 1 3 4 2 1 3 4 2 1 3 4 value 0.0 0.0 0.0 0.0 0.0 0.0 0.0 0.0 0.0 0.0 0.0 0.0 10.0 0.0 0.0 0.0 0.0 0.0 0.0 0.0 0.0 0.0 0.0 0.0 0.0 0.0 0.0 0.0 0.0 0.0 0.0 0.0 0.0 0.0 0.0 0.0 0.0 0.0 0.0 0.0 
-30.020145416259766 -34.86338806152344 -0.9099835753440857 217.2510223388672 -72.79203033447266 189.86605834960938 55.56971740722656 -141.04046630859375 51.28403091430664 -162.11119079589844 -14.743318557739258 88.3040771484375 -8.575064659118652 -271.1165771484375 -11.764389991760254 32.8712158203125 -43.30229568481445 288.92681884765625 75.25347900390625 -208.0875701904297 output 1 10 4 5 7 9 2 3 6 8 indices 2 -1 3 4 -1 1 3 4 2 1 -1 4 2 1 3 -1 2 1 3 4 2 1 3 4 2 1 3 4 2 1 3 4 -1 3 1 2 2 1 3 4 value 0.0 0.0 0.0 0.0 0.0 0.0 0.0 0.0 0.0 0.0 0.0 0.0 0.0 0.0 0.0 0.0 0.0 0.0 0.0 0.0 0.0 0.0 0.0 0.0 0.0 0.0 0.0 0.0 0.0 0.0 0.0 0.0 10.0 0.0 0.0 0.0 0.0 0.0 0.0 0.0 
6.261336326599121 -21.914432525634766 -111.16333770751953 160.44874572753906 92.56300354003906 40.568843841552734 77.15584564208984 -402.6242370605469 33.883949279785156 -106.04973602294922 114.31690216064453 153.16769409179688 -192.7671661376953 102.1989974975586 73.49678039550781 -181.28274536132812 -17.600343704223633 2.607452630996704 -76.14696502685547 252.87940979003906 output 4 6 3 8 5 1 9 7 2 10 indices 2 -1 3 4 -1 1 3 4 2 1 -1 4 2 1 3 -1 2 1 3 4 2 1 3 4 2 1 3 4 2 1 3 4 2 1 3 4 -1 3 1 2 value 0.0 0.0 0.0 0.0 0.0 0.0 0.0 0.0 0.0 0.0 0.0 0.0 0.0 0.0 0.0 0.0 0.0 0.0 0.0 0.0 0.0 0.0 0.0 0.0 0.0 0.0 0.0 0.0 0.0 0.0 0.0 0.0 0.0 0.0 0.0 0.0 10.0 0.0 0.0 0.0 
-79.0199203491211 11.538043975830078 -58.06565475463867 -48.1871337890625 -93.51567077636719 -79.46376037597656 182.6358642578125 -21.15726089477539 -49.847835540771484 49.09787368774414 128.41238403320312 -325.144287109375 180.9759521484375 324.8472900390625 -146.0910186767578 224.9038848876953 -113.64745330810547 -211.87850952148438 48.16335678100586 75.4438705444336 output 1 5 10 4 7 6 9 8 3 2 indices 2 -1 3 4 -1 1 3 4 2 1 -1 4 2 1 3 -1 2 1 3 4 2 1 3 4 -1 3 1 2 2 1 3 4 2 1 3 4 2 1 3 4 value 0.0 0.0 0.0 0.0 0.0 0.0 0.0 0.0 0.0 0.0 0.0 0.0 0.0 0.0 0.0 0.0 0.0 0.0 0.0 0.0 0.0 0.0 0.0 0.0 10.0 0.0 0.0 0.0 0.0 0.0 0.0 0.0 0.0 0.0 0.0 0.0 0.0 0.0 0.0 0.0 
18.457542419433594 227.45919799804688 -73.42951202392578 67.85025024414062 -83.70956420898438 -264.57080078125 17.971277236938477 -185.20697021484375 97.7949447631836 271.7823791503906 37.22322082519531 294.31219482421875 174.8894805908203 -384.4694519042969 -107.57203674316406 124.03255462646484 -56.838069915771484 235.47299194335938 -24.78727912902832 -386.66229248046875 output 3 4 7 5 1 6 10 9 2 8 indices 2 -1 3 4 -1 1 3 4 2 1 -1 4 2 1 3 -1 2 1 3 4 -1 3 1 2 2 1 3 4 2 1 3 4 2 1 3 4 2 1 3 4 value 0.0 0.0 0.0 0.0 0.0 0.0 0.0 0.0 0.0 0.0 0.0 0.0 0.0 0.0 0.0 0.0 0.0 0.0 0.0 0.0 10.0 0.0 0.0 0.0 0.0 0.0 0.0 0.0 0.0 0.0 0.0 0.0 0.0 0.0 0.0 0.0 0.0 0.0 0.0 0.0 
-183.70433044433594 296.282470703125 -13.376045227050781 131.18727111816406 -70.58256530761719 -219.96240234375 111.12500762939453 154.56167602539062 34.5877799987793 -17.065095901489258 -75.21985626220703 -24.31143569946289 26.24541473388672 296.9032897949219 86.07493591308594 -22.99677848815918 -37.67164993286133 -351.29052734375 122.52130889892578 -243.30845642089844 output 1 3 9 7 2 4 10 8 5 6 indices 2 -1 3 4 -1 1 3 4 2 1 -1 4 2 1 3 -1 2 1 3 4 2 1 3 4 -1 3 1 2 2 1 3 4 2 1 3 4 2 1 3 4 value 0.0 0.0 0.0 0.0 0.0 0.0 0.0 0.0 0.0 0.0 0.0 0.0 0.0 0.0 0.0 0.0 0.0 0.0 0.0 0.0 0.0 0.0 0.0 0.0 10.0 0.0 0.0 0.0 0.0 0.0 0.0 0.0 0.0 0.0 0.0 0.0 0.0 0.0 0.0 0.0 
-47.799983978271484 179.90090942382812 31.5291690826416 104.50634765625 -40.953086853027344 -129.201904296875 -6.031705856323242 -269.4410400390625 -104.10253143310547 180.19686889648438 22.642423629760742 117.75452423095703 36.73166275024414 62.197853088378906 104.11624145507812 -227.9932098388672 -90.74032592773438 69.43904876708984 94.6081314086914 -87.35938262939453 output 8 4 3 9 5 1 6 2 7 10 indices -1 4 2 3 -1 1 3 4 2 1 -1 4 2 1 3 -1 2 1 3 4 2 1 3 4 2 1 3 4 2 1 3 4 2 1 3 4 2 1 3 4 value 10.0 0.0 0.0 0.0 0.0 0.0 0.0 0.0 0.0 0.0 0.0 0.0 0.0 0.0 0.0 0.0 0.0 0.0 0.0 0.0 0.0 0.0 0.0 0.0 0.0 0.0 0.0 0.0 0.0 0.0 0.0 0.0 0.0 0.0 0.0 0.0 0.0 0.0 0.0 0.0 
-8.62716293334961 -32.7544059753418 87.48949432373047 112.52466583251953 138.0154266357422 7.465534210205078 -137.94419860839844 175.2151336669922 32.03712463378906 5.277085781097412 122.4731216430664 277.22314453125 -94.66731262207031 -10.999639511108398 71.7701644897461 91.84092712402344 -173.01954650878906 -248.7109832763672 -37.527095794677734 -377.08148193359375 output 8 2 3 6 10 9 4 7 1 5 indices 2 -1 3 4 -1 1 3 4 2 1 -1 4 2 1 3 -1 2 1 3 4 -1 3 1 2 2 1 3 4 2 1 3 4 2 1 3 4 2 1 3 4 value 0.0 0.0 0.0 0.0 0.0 0.0 0.0 0.0 0.0 0.0 0.0 0.0 0.0 0.0 0.0 0.0 0.0 0.0 0.0 0.0 10.0 0.0 0.0 0.0 0.0 0.0 0.0 0.0 0.0 0.0 0.0 0.0 0.0 0.0 0.0 0.0 0.0 0.0 0.0 0.0 
15.763297080993652 -27.677608489990234 -121.45867919921875 -283.2015686035156 -33.882511138916016 -27.918840408325195 -143.99176025390625 50.931976318359375 70.88674926757812 -70.0280532836914 82.90172576904297 -201.74093627929688 4.2963032722473145 184.39129638671875 101.16102600097656 220.4063262939453 -25.900012969970703 185.55935668945312 50.22386169433594 -30.72194480895996 output 3 1 10 5 6 8 7 9 2 4 indices 2 -1 3 4 -1 1 3 4 2 1 -1 4 2 1 3 -1 2 1 3 4 2 1 3 4 2 1 3 4 -1 3 1 2 2 1 3 4 2 1 3 4 value 0.0 0.0 0.0 0.0 0.0 0.0 0.0 0.0 0.0 0.0 0.0 0.0 0.0 0.0 0.0 0.0 0.0 0.0 0.0 0.0 0.0 0.0 0.0 0.0 0.0 0.0 0.0 0.0 10.0 0.0 0.0 0.0 0.0 0.0 0.0 0.0 0.0 0.0 0.0 0.0 
88.03829956054688 88.71408081054688 -130.32919311523438 128.07200622558594 64.54750061035156 56.69528579711914 77.78192138671875 146.9535675048828 -130.73944091796875 34.763671875 132.35414123535156 -104.67355346679688 -141.29734802246094 -282.8847351074219 27.703628540039062 -177.9603271484375 135.60081481933594 -101.70065307617188 -123.66032409667969 212.0206756591797 output 2 10 7 8 6 9 4 1 3 5 indices 2 -1 3 4 -1 1 3 4 2 1 -1 4 2 1 3 -1 2 1 3 4 2 1 3 4 2 1 3 4 2 1 3 4 2 1 3 4 -1 3 1 2 value 0.0 0.0 0.0 0.0 0.0 0.0 0.0 0.0 0.0 0.0 0.0 0.0 0.0 0.0 0.0 0.0 0.0 0.0 0.0 0.0 0.0 0.0 0.0 0.0 0.0 0.0 0.0 0.0 0.0 0.0 0.0 0.0 0.0 0.0 0.0 0.0 10.0 0.0 0.0 0.0 
8.784854888916016 179.66552734375 38.46905517578125 -221.3741455078125 -9.374963760375977 -263.505126953125 -105.7447509765625 308.27435302734375 11.439238548278809 82.19548797607422 -110.14095306396484 -198.3268280029297 -77.5575942993164 -253.38494873046875 92.41134643554688 49.8441047668457 19.687828063964844 69.67263793945312 132.02593994140625 246.93894958496094 output 7 6 4 1 5 9 8 10 2 3 indices 2 -1 3 4 -1 1 3 4 2 1 -1 4 -1 3 1 2 2 1 3 4 2 1 3 4 2 1 3 4 2 1 3 4 2 1 3 4 2 1 3 4 value 0.0 0.0 0.0 0.0 0.0 0.0 0.0 0.0 0.0 0.0 0.0 0.0 10.0 0.0 0.0 0.0 0.0 0.0 0.0 0.0 0.0 0.0 0.0 0.0 0.0 0.0 0.0 0.0 0.0 0.0 0.0 0.0 0.0 0.0 0.0 0.0 0.0 0.0 0.0 0.0 
112.09222412109375 -219.9347686767578 -102.78978729248047 393.6410217285156 -40.87370681762695 235.9871063232422 200.39846801757812 -132.4263153076172 -81.01044464111328 38.32389831542969 -36.04946517944336 -162.94363403320312 118.3944091796875 -55.37368392944336 -72.95958709716797 342.5270080566406 -53.64836883544922 -269.7311706542969 -43.553749084472656 -170.06942749023438 output 1 4 7 5 2 3 8 9 10 6 indices 2 -1 3 4 -1 4 1 3 2 1 -1 4 2 1 3 -1 2 1 3 4 2 1 3 4 2 1 3 4 2 1 3 4 2 1 3 4 2 1 3 4 value 0.0 0.0 0.0 0.0 10.0 0.0 0.0 0.0 0.0 0.0 0.0 0.0 0.0 0.0 0.0 0.0 0.0 0.0 0.0 0.0 0.0 0.0 0.0 0.0 0.0 0.0 0.0 0.0 0.0 0.0 0.0 0.0 0.0 0.0 0.0 0.0 0.0 0.0 0.0 0.0 
-18.31858253479004 376.0159912109375 -26.826038360595703 -42.25953674316406 113.72623443603516 -29.270347595214844 -15.19710922241211 419.8648986816406 -34.046974182128906 -88.9419174194336 44.34783172607422 -269.6660461425781 -88.01557922363281 -290.72265625 -112.33934020996094 295.5622253417969 147.1117401123047 -188.99407958984375 -10.442179679870605 -181.58856201171875 output 1 8 7 10 5 2 3 9 6 4 indices 2 -1 3 4 -1 1 3 4 2 1 -1 4 -1 3 1 2 2 1 3 4 2 1 3 4 2 1 3 4 2 1 3 4 2 1 3 4 2 1 3 4 value 0.0 0.0 0.0 0.0 0.0 0.0 0.0 0.0 0.0 0.0 0.0 0.0 10.0 0.0 0.0 0.0 0.0 0.0 0.0 0.0 0.0 0.0 0.0 0.0 0.0 0.0 0.0 0.0 0.0 0.0 0.0 0.0 0.0 0.0 0.0 0.0 0.0 0.0 0.0 0.0 
-137.2618865966797 -163.04859924316406 -112.44044494628906 -218.00938415527344 -26.76997947692871 189.86859130859375 33.03042221069336 301.9677429199219 65.90608978271484 -38.85508728027344 55.460693359375 -236.6859893798828 -82.29714965820312 66.30648040771484 10.2600736618042 60.860958099365234 144.55322265625 278.15704345703125 49.55895233154297 -240.56178283691406 output 8 7 1 2 10 6 5 9 4 3 indices 2 -1 3 4 -1 1 3 4 2 1 -1 4 -1 3 1 2 2 1 3 4 2 1 3 4 2 1 3 4 2 1 3 4 2 1 3 4 2 1 3 4 value 0.0 0.0 0.0 0.0 0.0 0.0 0.0 0.0 0.0 0.0 0.0 0.0 10.0 0.0 0.0 0.0 0.0 0.0 0.0 0.0 0.0 0.0 0.0 0.0 0.0 0.0 0.0 0.0 0.0 0.0 0.0 0.0 0.0 0.0 0.0 0.0 0.0 0.0 0.0 0.0 
-139.8359375 31.347412109375 -93.29842376708984 -276.1225280761719 -90.30104064941406 -401.548583984375 -3.1172237396240234 -76.79900360107422 83.28968048095703 -196.93667602539062 161.20050048828125 264.2887878417969 -94.97564697265625 130.58193969726562 61.61870574951172 114.21210479736328 -41.42304611206055 286.9554443359375 156.84242248535156 124.02110290527344 output 7 1 2 3 9 8 10 6 5 4 indices 2 -1 3 4 -1 1 3 4 2 1 -1 4 2 1 3 -1 2 1 3 4 -1 3 1 2 2 1 3 4 2 1 3 4 2 1 3 4 2 1 3 4 value 0.0 0.0 0.0 0.0 0.0 0.0 0.0 0.0 0.0 0.0 0.0 0.0 0.0 0.0 0.0 0.0 0.0 0.0 0.0 0.0 10.0 0.0 0.0 0.0 0.0 0.0 0.0 0.0 0.0 0.0 0.0 0.0 0.0 0.0 0.0 0.0 0.0 0.0 0.0 0.0 
-167.17739868164062 232.7440185546875 138.22604370117188 -324.5392150878906 -93.35404205322266 33.44562911987305 33.1046028137207 -90.10517120361328 103.74908447265625 -125.47706604003906 154.8436279296875 239.39144897460938 -138.37179565429688 88.45279693603516 -17.926620483398438 -327.3280029296875 61.28147506713867 121.80921173095703 -74.37496948242188 151.60635375976562 output 1 8 2 6 5 4 9 10 3 7 indices 2 -1 3 4 -1 1 3 4 2 1 -1 4 2 1 3 -1 2 1 3 4 -1 3 1 2 2 1 3 4 2 1 3 4 2 1 3 4 2 1 3 4 value 0.0 0.0 0.0 0.0 0.0 0.0 0.0 0.0 0.0 0.0 0.0 0.0 0.0 0.0 0.0 0.0 0.0 0.0 0.0 0.0 10.0 0.0 0.0 0.0 0.0 0.0 0.0 0.0 0.0 0.0 0.0 0.0 0.0 0.0 0.0 0.0 0.0 0.0 0.0 0.0 
-41.932491302490234 203.2761688232422 53.084293365478516 137.7230987548828 -56.004940032958984 -358.2461242675781 -77.69812774658203 -83.21300506591797 124.69293975830078 154.33590698242188 -42.60795211791992 -403.6455383300781 -17.145788192749023 -130.8469696044922 -34.90736389160156 220.83831787109375 79.72321319580078 -21.35811996459961 12.796218872070312 281.13629150390625 output 6 3 4 7 9 5 2 1 8 10 indices 2 -1 3 4 -1 1 3 4 2 1 -1 4 2 1 3 -1 2 1 3 4 2 1 3 4 2 1 3 4 2 1 3 4 2 1 3 4 -1 3 1 2 value 0.0 0.0 0.0 0.0 0.0 0.0 0.0 0.0 0.0 0.0 0.0 0.0 0.0 0.0 0.0 0.0 0.0 0.0 0.0 0.0 0.0 0.0 0.0 0.0 0.0 0.0 0.0 0.0 0.0 0.0 0.0 0.0 0.0 0.0 0.0 0.0 10.0 0.0 0.0 0.0 
-127.74183654785156 121.20909118652344 140.37010192871094 -117.51952362060547 78.07144927978516 115.83142852783203 -82.60852813720703 -63.665828704833984 58.591949462890625 233.63648986816406 168.9385528564453 132.8881378173828 9.0422945022583 -30.52007484436035 -82.24012756347656 -302.1142578125 -24.50629234313965 134.87646484375 -137.91757202148438 -224.62193298339844 output 1 10 8 4 7 2 6 3 5 9 indices 2 -1 3 4 -1 1 3 4 2 1 -1 4 2 1 3 -1 -1 3 1 2 2 1 3 4 2 1 3 4 2 1 3 4 2 1 3 4 2 1 3 4 value 0.0 0.0 0.0 0.0 0.0 0.0 0.0 0.0 0.0 0.0 0.0 0.0 0.0 0.0 0.0 0.0 10.0 0.0 0.0 0.0 0.0 0.0 0.0 0.0 0.0 0.0 0.0 0.0 0.0 0.0 0.0 0.0 0.0 0.0 0.0 0.0 0.0 0.0 0.0 0.0 
-122.4048080444336 -209.4267578125 110.08247375488281 -201.7101287841797 -104.33998107910156 -43.433197021484375 171.5412139892578 263.4181823730469 171.3319854736328 -20.323888778686523 121.32344818115234 291.7274475097656 -39.021297454833984 -47.470951080322266 -174.4306182861328 -113.27250671386719 -85.62751007080078 -153.74925231933594 -48.45490646362305 234.24105834960938 output 9 1 8 10 6 4 5 2 7 3 indices 2 -1 3 4 -1 1 3 4 2 1 -1 4 2 1 3 -1 2 1 3 4 -1 3 1 2 2 1 3 4 2 1 3 4 2 1 3 4 2 1 3 4 value 0.0 0.0 0.0 0.0 0.0 0.0 0.0 0.0 0.0 0.0 0.0 0.0 0.0 0.0 0.0 0.0 0.0 0.0 0.0 0.0 10.0 0.0 0.0 0.0 0.0 0.0 0.0 0.0 0.0 0.0 0.0 0.0 0.0 0.0 0.0 0.0 0.0 0.0 0.0 0.0 
-101.7044448852539 328.17242431640625 -4.354997158050537 -301.73895263671875 -104.09808349609375 201.4694061279297 -20.76709747314453 -147.10650634765625 175.25990295410156 -142.47341918945312 97.18728637695312 111.82461547851562 80.39195251464844 205.61688232421875 57.223228454589844 8.829435348510742 -111.907470703125 -153.99356079101562 -67.23028564453125 -110.600341796875 output 1 3 9 10 4 5 8 6 7 2 indices -1 4 2 3 -1 1 3 4 2 1 -1 4 2 1 3 -1 2 1 3 4 2 1 3 4 2 1 3 4 2 1 3 4 2 1 3 4 2 1 3 4 value 10.0 0.0 0.0 0.0 0.0 0.0 0.0 0.0 0.0 0.0 0.0 0.0 0.0 0.0 0.0 0.0 0.0 0.0 0.0 0.0 0.0 0.0 0.0 0.0 0.0 0.0 0.0 0.0 0.0 0.0 0.0 0.0 0.0 0.0 0.0 0.0 0.0 0.0 0.0 0.0 
-175.6844024658203 -155.45086669921875 -16.99155616760254 285.47186279296875 120.48200225830078 -314.5666809082031 143.4460906982422 370.10455322265625 95.69341278076172 155.587890625 58.73052978515625 266.97528076171875 -62.48982620239258 167.5722198486328 -6.512243270874023 -293.2478332519531 -179.6751251220703 -260.9481201171875 23.001117706298828 -221.4983367919922 output 10 8 9 1 7 2 6 5 4 3 indices 2 -1 3 4 -1 1 3 4 2 1 -1 4 -1 3 1 2 2 1 3 4 2 1 3 4 2 1 3 4 2 1 3 4 2 1 3 4 2 1 3 4 value 0.0 0.0 0.0 0.0 0.0 0.0 0.0 0.0 0.0 0.0 0.0 0.0 10.0 0.0 0.0 0.0 0.0 0.0 0.0 0.0 0.0 0.0 0.0 0.0 0.0 0.0 0.0 0.0 0.0 0.0 0.0 0.0 0.0 0.0 0.0 0.0 0.0 0.0 0.0 0.0 
-61.42164993286133 -260.22064208984375 39.089881896972656 -17.038372039794922 -87.17053985595703 69.7508773803711 -134.1725616455078 200.74325561523438 -126.69559478759766 -280.92437744140625 -20.54771614074707 327.0223083496094 -12.835521697998047 -103.52871704101562 189.96273803710938 -172.1029510498047 191.53463745117188 82.98385620117188 22.256328582763672 153.3147735595703 output 1 5 4 3 7 2 8 9 10 6 indices 2 -1 3 4 -1 1 3 4 2 1 -1 4 2 1 3 -1 2 1 3 4 -1 3 1 2 2 1 3 4 2 1 3 4 2 1 3 4 2 1 3 4 value 0.0 0.0 0.0 0.0 0.0 0.0 0.0 0.0 0.0 0.0 0.0 0.0 0.0 0.0 0.0 0.0 0.0 0.0 0.0 0.0 10.0 0.0 0.0 0.0 0.0 0.0 0.0 0.0 0.0 0.0 0.0 0.0 0.0 0.0 0.0 0.0 0.0 0.0 0.0 0.0 
-96.54448699951172 173.28065490722656 74.21294403076172 -205.36598205566406 -120.98274993896484 -117.47516632080078 102.92438507080078 107.61904907226562 -29.078351974487305 288.9014587402344 32.64765167236328 -3.313366413116455 1.1488142013549805 -131.8988494873047 -159.29913330078125 -111.74275207519531 149.8276824951172 -253.9042510986328 45.14323806762695 253.8992156982422 output 6 4 10 5 1 8 3 7 2 9 indices 2 -1 3 4 -1 1 3 4 2 1 -1 4 2 1 3 -1 -1 3 1 2 2 1 3 4 2 1 3 4 2 1 3 4 2 1 3 4 2 1 3 4 value 0.0 0.0 0.0 0.0 0.0 0.0 0.0 0.0 0.0 0.0 0.0 0.0 0.0 0.0 0.0 0.0 10.0 0.0 0.0 0.0 0.0 0.0 0.0 0.0 0.0 0.0 0.0 0.0 0.0 0.0 0.0 0.0 0.0 0.0 0.0 0.0 0.0 0.0 0.0 0.0 
93.337646484375 -106.77230072021484 -164.2471923828125 -404.1133728027344 49.47764587402344 249.7573699951172 -31.555143356323242 73.20122528076172 63.681053161621094 116.77799224853516 -106.45240020751953 143.28018188476562 -4.0653204917907715 216.171875 12.468610763549805 -34.943267822265625 82.18409729003906 -304.0207824707031 5.171016693115234 50.66107177734375 output 8 1 9 3 7 2 6 4 10 5 indices 2 -1 3 4 -1 1 3 4 -1 4 1 2 2 1 3 -1 2 1 3 4 2 1 3 4 2 1 3 4 2 1 3 4 2 1 3 4 2 1 3 4 value 0.0 0.0 0.0 0.0 0.0 0.0 0.0 0.0 10.0 0.0 0.0 0.0 0.0 0.0 0.0 0.0 0.0 0.0 0.0 0.0 0.0 0.0 0.0 0.0 0.0 0.0 0.0 0.0 0.0 0.0 0.0 0.0 0.0 0.0 0.0 0.0 0.0 0.0 0.0 0.0 
-69.93462371826172 163.39195251464844 -15.870437622070312 -47.78630065917969 96.54405975341797 -138.86090087890625 130.6057586669922 -4.213869571685791 -42.62152862548828 48.59468460083008 -142.8564453125 -250.2479248046875 76.87461853027344 1.16103994846344 6.368925094604492 301.62841796875 -16.33905792236328 -5.888964653015137 -22.771278381347656 -67.77812957763672 output 9 5 1 6 8 4 3 7 10 2 indices 2 -1 3 4 -1 1 3 4 2 1 -1 4 2 1 3 -1 2 1 3 4 2 1 3 4 2 1 3 4 -1 3 1 2 2 1 3 4 2 1 3 4 value 0.0 0.0 0.0 0.0 0.0 0.0 0.0 0.0 0.0 0.0 0.0 0.0 0.0 0.0 0.0 0.0 0.0 0.0 0.0 0.0 0.0 0.0 0.0 0.0 0.0 0.0 0.0 0.0 10.0 0.0 0.0 0.0 0.0 0.0 0.0 0.0 0.0 0.0 0.0 0.0 
1.3835116624832153 -235.45425415039062 90.36287689208984 -327.9908142089844 102.68830108642578 258.3592529296875 -94.72483825683594 97.55140686035156 -117.20532989501953 83.35517883300781 -75.40270233154297 73.83317565917969 -1.6667301654815674 10.300358772277832 121.6102294921875 -316.50592041015625 -15.67619514465332 169.5624542236328 -11.369126319885254 186.98916625976562 output 2 8 3 10 9 7 6 4 5 1 indices 2 -1 3 4 -1 1 3 4 -1 4 1 2 2 1 3 -1 2 1 3 4 2 1 3 4 2 1 3 4 2 1 3 4 2 1 3 4 2 1 3 4 value 0.0 0.0 0.0 0.0 0.0 0.0 0.0 0.0 10.0 0.0 0.0 0.0 0.0 0.0 0.0 0.0 0.0 0.0 0.0 0.0 0.0 0.0 0.0 0.0 0.0 0.0 0.0 0.0 0.0 0.0 0.0 0.0 0.0 0.0 0.0 0.0 0.0 0.0 0.0 0.0 
-113.92127227783203 -185.43638610839844 -36.62841033935547 -432.275634765625 -68.69361877441406 89.99079895019531 12.696515083312988 -28.32984161376953 -46.612152099609375 194.50759887695312 -21.741025924682617 200.19700622558594 141.4498291015625 -55.69328689575195 12.026843070983887 91.44183349609375 55.8072395324707 -118.76668548583984 65.61605834960938 244.3645782470703 output 1 4 8 3 5 6 2 10 7 9 indices 2 -1 3 4 -1 1 3 4 2 1 -1 4 2 1 3 -1 2 1 3 4 2 1 3 4 2 1 3 4 2 1 3 4 2 1 3 4 -1 3 1 2 value 0.0 0.0 0.0 0.0 0.0 0.0 0.0 0.0 0.0 0.0 0.0 0.0 0.0 0.0 0.0 0.0 0.0 0.0 0.0 0.0 0.0 0.0 0.0 0.0 0.0 0.0 0.0 0.0 0.0 0.0 0.0 0.0 0.0 0.0 0.0 0.0 10.0 0.0 0.0 0.0 
138.1405029296875 -122.09762573242188 103.21334838867188 302.5665283203125 157.66244506835938 240.01248168945312 23.397693634033203 -104.66626739501953 -167.7643280029297 239.77169799804688 -42.444156646728516 54.76420974731445 27.975032806396484 143.45242309570312 -23.089984893798828 -289.1759033203125 -79.04651641845703 -294.60565185546875 -138.04405212402344 -170.02191162109375 output 8 9 10 5 6 7 2 3 1 4 indices 2 -1 3 4 -1 4 1 3 2 1 -1 4 2 1 3 -1 2 1 3 4 2 1 3 4 2 1 3 4 2 1 3 4 2 1 3 4 2 1 3 4 value 0.0 0.0 0.0 0.0 10.0 0.0 0.0 0.0 0.0 0.0 0.0 0.0 0.0 0.0 0.0 0.0 0.0 0.0 0.0 0.0 0.0 0.0 0.0 0.0 0.0 0.0 0.0 0.0 0.0 0.0 0.0 0.0 0.0 0.0 0.0 0.0 0.0 0.0 0.0 0.0 
-0.8659124970436096 267.82952880859375 -50.911808013916016 174.86740112304688 99.04792785644531 -251.6476593017578 78.48274230957031 161.38137817382812 -24.53000831604004 -78.63188934326172 28.838407516479492 -49.754058837890625 -110.6142578125 -299.60595703125 1.031207799911499 -241.55007934570312 -40.198509216308594 331.5520324707031 19.7202091217041 -14.440706253051758 output 7 9 1 2 4 10 6 5 3 8 indices 2 -1 3 4 -1 1 3 4 2 1 -1 4 2 1 3 -1 2 1 3 4 2 1 3 4 2 1 3 4 2 1 3 4 -1 3 1 2 2 1 3 4 value 0.0 0.0 0.0 0.0 0.0 0.0 0.0 0.0 0.0 0.0 0.0 0.0 0.0 0.0 0.0 0.0 0.0 0.0 0.0 0.0 0.0 0.0 0.0 0.0 0.0 0.0 0.0 0.0 0.0 0.0 0.0 0.0 10.0 0.0 0.0 0.0 0.0 0.0 0.0 0.0 
-73.50391387939453 126.61458587646484 -9.039363861083984 -24.11081314086914 16.4807186126709 -150.99610900878906 146.7531280517578 -278.2935791015625 -75.18218231201172 308.500732421875 102.15386199951172 -280.67242431640625 -54.84374237060547 15.015033721923828 -115.41160583496094 -309.1019592285156 30.639333724975586 313.0603332519531 31.95376968383789 279.9841613769531 output 1 7 2 3 4 6 9 10 5 8 indices 2 -1 3 4 -1 1 3 4 2 1 -1 4 2 1 3 -1 2 1 3 4 2 1 3 4 2 1 3 4 2 1 3 4 -1 3 1 2 2 1 3 4 value 0.0 0.0 0.0 0.0 0.0 0.0 0.0 0.0 0.0 0.0 0.0 0.0 0.0 0.0 0.0 0.0 0.0 0.0 0.0 0.0 0.0 0.0 0.0 0.0 0.0 0.0 0.0 0.0 0.0 0.0 0.0 0.0 10.0 0.0 0.0 0.0 0.0 0.0 0.0 0.0 
53.40325164794922 195.04322814941406 -52.80573654174805 104.97002410888672 -127.67943572998047 -413.9429931640625 99.57929229736328 203.7136688232422 -122.97159576416016 8.99101448059082 1.3536845445632935 92.6817855834961 21.280044555664062 91.57286834716797 40.66256332397461 191.7427520751953 98.06999206542969 -262.0525817871094 -10.892058372497559 -212.7197723388672 output 2 6 7 8 1 4 9 10 3 5 indices 2 -1 3 4 -1 1 3 4 2 1 -1 4 -1 3 1 2 2 1 3 4 2 1 3 4 2 1 3 4 2 1 3 4 2 1 3 4 2 1 3 4 value 0.0 0.0 0.0 0.0 0.0 0.0 0.0 0.0 0.0 0.0 0.0 0.0 10.0 0.0 0.0 0.0 0.0 0.0 0.0 0.0 0.0 0.0 0.0 0.0 0.0 0.0 0.0 0.0 0.0 0.0 0.0 0.0 0.0 0.0 0.0 0.0 0.0 0.0 0.0 0.0 
-50.20205307006836 192.7400360107422 -155.87527465820312 -328.8315124511719 171.94503784179688 -58.038082122802734 -144.33883666992188 316.6543273925781 -122.10694885253906 7.166627407073975 158.02392578125 -168.29238891601562 68.28364562988281 119.65056610107422 22.282922744750977 159.22286987304688 -28.611726760864258 67.0964584350586 80.59931945800781 -307.3689270019531 output 9 5 2 4 10 6 3 7 8 1 indices 2 -1 3 4 -1 1 3 4 2 1 -1 4 -1 3 1 2 2 1 3 4 2 1 3 4 2 1 3 4 2 1 3 4 2 1 3 4 2 1 3 4 value 0.0 0.0 0.0 0.0 0.0 0.0 0.0 0.0 0.0 0.0 0.0 0.0 10.0 0.0 0.0 0.0 0.0 0.0 0.0 0.0 0.0 0.0 0.0 0.0 0.0 0.0 0.0 0.0 0.0 0.0 0.0 0.0 0.0 0.0 0.0 0.0 0.0 0.0 0.0 0.0 
-196.7164306640625 -174.0947723388672 133.72401428222656 173.5925750732422 15.427175521850586 164.41004943847656 35.67809295654297 48.48746871948242 -11.82714557647705 -339.001708984375 70.4271011352539 57.16429138183594 86.92108154296875 87.95943450927734 -60.13263702392578 -350.56988525390625 -147.09017944335938 232.5874481201172 73.58892822265625 99.46512603759766 output 3 4 6 10 7 2 5 8 1 9 indices 2 -1 3 4 -1 1 3 4 2 1 -1 4 2 1 3 -1 2 1 3 4 2 1 3 4 2 1 3 4 2 1 3 4 -1 3 1 2 2 1 3 4 value 0.0 0.0 0.0 0.0 0.0 0.0 0.0 0.0 0.0 0.0 0.0 0.0 0.0 0.0 0.0 0.0 0.0 0.0 0.0 0.0 0.0 0.0 0.0 0.0 0.0 0.0 0.0 0.0 0.0 0.0 0.0 0.0 10.0 0.0 0.0 0.0 0.0 0.0 0.0 0.0 
-87.7309341430664 -61.452327728271484 116.39974212646484 -214.08709716796875 117.73290252685547 -109.66400146484375 59.276615142822266 -114.73201751708984 86.59303283691406 208.52664184570312 -113.37464141845703 229.36996459960938 -178.1514892578125 -29.246767044067383 -113.48873901367188 -128.22439575195312 42.87031936645508 -97.22765350341797 69.87319946289062 316.7376708984375 output 8 1 9 4 3 2 10 5 6 7 indices 2 -1 3 4 -1 1 3 4 2 1 -1 4 2 1 3 -1 2 1 3 4 2 1 3 4 2 1 3 4 2 1 3 4 2 1 3 4 -1 3 1 2 value 0.0 0.0 0.0 0.0 0.0 0.0 0.0 0.0 0.0 0.0 0.0 0.0 0.0 0.0 0.0 0.0 0.0 0.0 0.0 0.0 0.0 0.0 0.0 0.0 0.0 0.0 0.0 0.0 0.0 0.0 0.0 0.0 0.0 0.0 0.0 0.0 10.0 0.0 0.0 0.0 
-67.99755096435547 182.91526794433594 -91.07685089111328 -120.33647918701172 -50.771610260009766 286.3896179199219 134.5340118408203 -97.4625473022461 40.458404541015625 -46.4813232421875 -168.9569549560547 -105.00174713134766 135.0198974609375 -3.325321674346924 108.36707305908203 99.5604476928711 61.250823974609375 149.71937561035156 -100.8272476196289 -345.977294921875 output 1 3 10 6 2 5 4 7 8 9 indices 2 -1 3 4 -1 1 3 4 -1 4 1 2 2 1 3 -1 2 1 3 4 2 1 3 4 2 1 3 4 2 1 3 4 2 1 3 4 2 1 3 4 value 0.0 0.0 0.0 0.0 0.0 0.0 0.0 0.0 10.0 0.0 0.0 0.0 0.0 0.0 0.0 0.0 0.0 0.0 0.0 0.0 0.0 0.0 0.0 0.0 0.0 0.0 0.0 0.0 0.0 0.0 0.0 0.0 0.0 0.0 0.0 0.0 0.0 0.0 0.0 0.0 
118.48078918457031 -215.6456298828125 49.32123565673828 227.07736206054688 -118.74928283691406 -23.801679611206055 -84.33917999267578 336.12274169921875 -80.41365814208984 140.4583740234375 54.533084869384766 -251.74842834472656 57.37892150878906 -317.9211120605469 -175.02967834472656 190.88638305664062 40.736324310302734 242.66763305664062 138.08143615722656 -328.09564208984375 output 4 8 3 5 2 9 10 1 6 7 indices 2 -1 3 4 -1 1 3 4 2 1 -1 4 -1 3 1 2 2 1 3 4 2 1 3 4 2 1 3 4 2 1 3 4 2 1 3 4 2 1 3 4 value 0.0 0.0 0.0 0.0 0.0 0.0 0.0 0.0 0.0 0.0 0.0 0.0 10.0 0.0 0.0 0.0 0.0 0.0 0.0 0.0 0.0 0.0 0.0 0.0 0.0 0.0 0.0 0.0 0.0 0.0 0.0 0.0 0.0 0.0 0.0 0.0 0.0 0.0 0.0 0.0 
-74.30692291259766 171.49156188964844 78.46989440917969 -63.407012939453125 -65.72706604003906 295.9007873535156 -122.97215270996094 -309.1115417480469 69.46096801757812 123.15498352050781 41.0839729309082 -189.79879760742188 20.343900680541992 -92.68128204345703 -73.60221862792969 190.62867736816406 114.05614471435547 18.954299926757812 13.1934814453125 -145.1316680908203 output 1 5 9 2 7 10 6 4 3 8 indices 2 -1 3 4 -1 1 3 4 -1 4 1 2 2 1 3 -1 2 1 3 4 2 1 3 4 2 1 3 4 2 1 3 4 2 1 3 4 2 1 3 4 value 0.0 0.0 0.0 0.0 0.0 0.0 0.0 0.0 10.0 0.0 0.0 0.0 0.0 0.0 0.0 0.0 0.0 0.0 0.0 0.0 0.0 0.0 0.0 0.0 0.0 0.0 0.0 0.0 0.0 0.0 0.0 0.0 0.0 0.0 0.0 0.0 0.0 0.0 0.0 0.0 
-149.1407470703125 -119.14579772949219 43.16084671020508 -0.02281288430094719 44.24675750732422 -113.781494140625 -155.06585693359375 152.6721954345703 166.8841094970703 -316.0791015625 197.86734008789062 -93.62054443359375 -29.866540908813477 94.60337829589844 -119.36182403564453 41.64889907836914 -144.2361602783203 191.20616149902344 145.51206970214844 162.5191192626953 output 1 4 9 8 7 2 10 6 5 3 indices 2 -1 3 4 -1 1 3 4 2 1 -1 4 2 1 3 -1 2 1 3 4 2 1 3 4 2 1 3 4 2 1 3 4 2 1 3 4 -1 3 1 2 value 0.0 0.0 0.0 0.0 0.0 0.0 0.0 0.0 0.0 0.0 0.0 0.0 0.0 0.0 0.0 0.0 0.0 0.0 0.0 0.0 0.0 0.0 0.0 0.0 0.0 0.0 0.0 0.0 0.0 0.0 0.0 0.0 0.0 0.0 0.0 0.0 10.0 0.0 0.0 0.0 
88.48810577392578 88.99244689941406 -66.36756134033203 -71.780029296875 37.778900146484375 -157.2118377685547 -140.0371856689453 87.13618469238281 96.3552474975586 25.70206069946289 -34.51039505004883 -66.17814636230469 149.49729919433594 385.4861145019531 -45.81886291503906 -107.26692962646484 31.887754440307617 9.031341552734375 -117.2733154296875 -193.9112091064453 output 1 7 3 8 10 4 2 6 9 5 indices 2 -1 3 4 -1 1 3 4 2 1 -1 4 2 1 3 -1 2 1 3 4 2 1 3 4 -1 3 1 2 2 1 3 4 2 1 3 4 2 1 3 4 value 0.0 0.0 0.0 0.0 0.0 0.0 0.0 0.0 0.0 0.0 0.0 0.0 0.0 0.0 0.0 0.0 0.0 0.0 0.0 0.0 0.0 0.0 0.0 0.0 10.0 0.0 0.0 0.0 0.0 0.0 0.0 0.0 0.0 0.0 0.0 0.0 0.0 0.0 0.0 0.0 
139.6580047607422 138.50868225097656 134.6751708984375 215.28607177734375 -143.87107849121094 -265.5530700683594 -95.33612060546875 31.51833152770996 -28.90924835205078 -404.9978942871094 14.950751304626465 -296.6456604003906 31.80179786682129 245.12562561035156 -76.1579818725586 195.29110717773438 134.7908172607422 -138.2794647216797 -111.60208892822266 279.74627685546875 output 1 2 7 8 4 3 10 5 6 9 indices 2 -1 3 4 -1 1 3 4 2 1 -1 4 2 1 3 -1 2 1 3 4 2 1 3 4 2 1 3 4 2 1 3 4 2 1 3 4 -1 3 1 2 value 0.0 0.0 0.0 0.0 0.0 0.0 0.0 0.0 0.0 0.0 0.0 0.0 0.0 0.0 0.0 0.0 0.0 0.0 0.0 0.0 0.0 0.0 0.0 0.0 0.0 0.0 0.0 0.0 0.0 0.0 0.0 0.0 0.0 0.0 0.0 0.0 10.0 0.0 0.0 0.0 
-52.51250076293945 33.683162689208984 -128.71646118164062 181.0756072998047 154.83106994628906 -141.6998291015625 69.2259521484375 -218.8759765625 218.90924072265625 202.95516967773438 112.283935546875 -38.2591438293457 -31.37226104736328 -90.56014251708984 -122.8704833984375 218.68397521972656 -133.57583618164062 90.94111633300781 -86.20265197753906 -237.94393920898438 output 1 8 2 9 10 4 3 5 6 7 indices 2 -1 3 4 -1 1 3 4 2 1 -1 4 2 1 3 -1 -1 3 1 2 2 1 3 4 2 1 3 4 2 1 3 4 2 1 3 4 2 1 3 4 value 0.0 0.0 0.0 0.0 0.0 0.0 0.0 0.0 0.0 0.0 0.0 0.0 0.0 0.0 0.0 0.0 10.0 0.0 0.0 0.0 0.0 0.0 0.0 0.0 0.0 0.0 0.0 0.0 0.0 0.0 0.0 0.0 0.0 0.0 0.0 0.0 0.0 0.0 0.0 0.0 
65.66836547851562 -95.90686798095703 158.520751953125 -143.48550415039062 54.71995544433594 -49.64543914794922 60.4894905090332 415.5846252441406 -112.20940399169922 -192.92323303222656 71.92168426513672 17.744741439819336 -164.1444091796875 391.96044921875 -77.95496368408203 -112.8988265991211 123.46033477783203 -251.93350219726562 -180.47181701660156 21.5035400390625 output 10 7 4 9 2 6 3 1 8 5 indices 2 -1 3 4 -1 1 3 4 2 1 -1 4 -1 3 1 2 2 1 3 4 2 1 3 4 2 1 3 4 2 1 3 4 2 1 3 4 2 1 3 4 value 0.0 0.0 0.0 0.0 0.0 0.0 0.0 0.0 0.0 0.0 0.0 0.0 10.0 0.0 0.0 0.0 0.0 0.0 0.0 0.0 0.0 0.0 0.0 0.0 0.0 0.0 0.0 0.0 0.0 0.0 0.0 0.0 0.0 0.0 0.0 0.0 0.0 0.0 0.0 0.0 
116.61538696289062 -5.2805962562561035 -114.88246154785156 -31.788991928100586 159.36598205566406 -332.98712158203125 57.456077575683594 -21.227554321289062 17.15329933166504 315.7774658203125 -69.86005401611328 6.69367790222168 -187.07058715820312 -63.4466438293457 -109.98707580566406 160.6234588623047 68.35768127441406 -302.1925048828125 62.851749420166016 273.82879638671875 output 7 2 6 4 1 3 9 10 5 8 indices 2 -1 3 4 -1 1 3 4 2 1 -1 4 2 1 3 -1 -1 3 1 2 2 1 3 4 2 1 3 4 2 1 3 4 2 1 3 4 2 1 3 4 value 0.0 0.0 0.0 0.0 0.0 0.0 0.0 0.0 0.0 0.0 0.0 0.0 0.0 0.0 0.0 0.0 10.0 0.0 0.0 0.0 0.0 0.0 0.0 0.0 0.0 0.0 0.0 0.0 0.0 0.0 0.0 0.0 0.0 0.0 0.0 0.0 0.0 0.0 0.0 0.0 
75.25514221191406 35.41014099121094 91.4045181274414 58.86925506591797 108.56364440917969 -224.37472534179688 2.36940598487854 -84.7863998413086 -22.96343994140625 -325.09515380859375 96.02715301513672 41.6172981262207 -5.0624003410339355 -253.044189453125 -119.16773986816406 330.2431945800781 -79.9951400756836 124.91588592529297 -146.43115234375 296.24468994140625 output 4 1 2 6 3 7 5 8 10 9 indices 2 -1 3 4 -1 1 3 4 2 1 -1 4 2 1 3 -1 2 1 3 4 2 1 3 4 2 1 3 4 -1 3 1 2 2 1 3 4 2 1 3 4 value 0.0 0.0 0.0 0.0 0.0 0.0 0.0 0.0 0.0 0.0 0.0 0.0 0.0 0.0 0.0 0.0 0.0 0.0 0.0 0.0 0.0 0.0 0.0 0.0 0.0 0.0 0.0 0.0 10.0 0.0 0.0 0.0 0.0 0.0 0.0 0.0 0.0 0.0 0.0 0.0 
188.74649047851562 204.70126342773438 -106.1498794555664 237.9762725830078 -136.22019958496094 -239.2681427001953 167.3131561279297 175.22998046875 139.56748962402344 -376.32061767578125 -113.4181137084961 64.4488754272461 -132.55906677246094 244.4141082763672 -107.7833480834961 -280.01422119140625 20.322296142578125 187.9944610595703 80.18119812011719 -219.16197204589844 output 1 4 9 2 7 6 3 8 10 5 indices -1 4 2 3 -1 1 3 4 2 1 -1 4 2 1 3 -1 2 1 3 4 2 1 3 4 2 1 3 4 2 1 3 4 2 1 3 4 2 1 3 4 value 10.0 0.0 0.0 0.0 0.0 0.0 0.0 0.0 0.0 0.0 0.0 0.0 0.0 0.0 0.0 0.0 0.0 0.0 0.0 0.0 0.0 0.0 0.0 0.0 0.0 0.0 0.0 0.0 0.0 0.0 0.0 0.0 0.0 0.0 0.0 0.0 0.0 0.0 0.0 0.0 
-75.04325866699219 233.17095947265625 -53.355674743652344 -86.79154205322266 93.97886657714844 -127.78201293945312 149.43853759765625 70.37257385253906 -2.833921194076538 -284.177490234375 -188.3625946044922 291.8724060058594 124.06885528564453 -39.7056770324707 -14.317953109741211 -119.61717987060547 72.64205169677734 -105.91876220703125 -106.21492004394531 168.57672119140625 output 8 2 6 10 1 5 4 7 3 9 indices 2 -1 3 4 -1 1 3 4 2 1 -1 4 2 1 3 -1 2 1 3 4 -1 3 1 2 2 1 3 4 2 1 3 4 2 1 3 4 2 1 3 4 value 0.0 0.0 0.0 0.0 0.0 0.0 0.0 0.0 0.0 0.0 0.0 0.0 0.0 0.0 0.0 0.0 0.0 0.0 0.0 0.0 10.0 0.0 0.0 0.0 0.0 0.0 0.0 0.0 0.0 0.0 0.0 0.0 0.0 0.0 0.0 0.0 0.0 0.0 0.0 0.0 
-68.46089172363281 80.18022155761719 114.01010131835938 68.52191162109375 4.48439359664917 179.30618286132812 -159.47802734375 299.9219055175781 -77.1899185180664 -277.7422790527344 -40.608192443847656 -77.3923568725586 -134.14828491210938 55.23827362060547 112.98404693603516 -287.7884216308594 66.16972351074219 34.15971374511719 182.23704528808594 -74.40512084960938 output 1 6 7 4 5 8 10 2 9 3 indices 2 -1 3 4 -1 1 3 4 2 1 -1 4 -1 3 1 2 2 1 3 4 2 1 3 4 2 1 3 4 2 1 3 4 2 1 3 4 2 1 3 4 value 0.0 0.0 0.0 0.0 0.0 0.0 0.0 0.0 0.0 0.0 0.0 0.0 10.0 0.0 0.0 0.0 0.0 0.0 0.0 0.0 0.0 0.0 0.0 0.0 0.0 0.0 0.0 0.0 0.0 0.0 0.0 0.0 0.0 0.0 0.0 0.0 0.0 0.0 0.0 0.0 
-79.00357055664062 -189.18692016601562 -83.78240966796875 86.33733367919922 24.20745277404785 157.79824829101562 -31.34970474243164 215.92483520507812 13.518447875976562 -116.40389251708984 77.04782104492188 184.78916931152344 128.71311950683594 -200.8914031982422 110.26319122314453 -344.67242431640625 -79.20108795166016 19.60776138305664 -80.41326904296875 186.69729614257812 output 2 9 1 5 7 8 6 3 4 10 indices 2 -1 3 4 -1 1 3 4 2 1 -1 4 -1 3 1 2 2 1 3 4 2 1 3 4 2 1 3 4 2 1 3 4 2 1 3 4 2 1 3 4 value 0.0 0.0 0.0 0.0 0.0 0.0 0.0 0.0 0.0 0.0 0.0 0.0 10.0 0.0 0.0 0.0 0.0 0.0 0.0 0.0 0.0 0.0 0.0 0.0 0.0 0.0 0.0 0.0 0.0 0.0 0.0 0.0 0.0 0.0 0.0 0.0 0.0 0.0 0.0 0.0 
-67.11399841308594 158.03099060058594 -149.27871704101562 25.599212646484375 -43.004154205322266 -161.0116729736328 -47.14501953125 201.41453552246094 15.862146377563477 -107.41202545166016 39.50688171386719 -170.50991821289062 85.22478485107422 292.5229187011719 153.73617553710938 -27.24276351928711 129.71795654296875 -168.99569702148438 -117.50605010986328 -42.39558029174805 output 2 10 3 5 6 9 8 7 4 1 indices 2 -1 3 4 -1 1 3 4 2 1 -1 4 2 1 3 -1 2 1 3 4 2 1 3 4 -1 3 1 2 2 1 3 4 2 1 3 4 2 1 3 4 value 0.0 0.0 0.0 0.0 0.0 0.0 0.0 0.0 0.0 0.0 0.0 0.0 0.0 0.0 0.0 0.0 0.0 0.0 0.0 0.0 0.0 0.0 0.0 0.0 10.0 0.0 0.0 0.0 0.0 0.0 0.0 0.0 0.0 0.0 0.0 0.0 0.0 0.0 0.0 0.0 
66.90095520019531 -114.69270324707031 -73.03169250488281 92.99303436279297 -46.653297424316406 -256.16302490234375 28.207340240478516 93.11507415771484 5.477101802825928 75.91078186035156 72.78246307373047 -151.4503631591797 -5.569304943084717 -36.90188980102539 -7.556783199310303 -183.14036560058594 27.832555770874023 222.02044677734375 -68.38933563232422 258.30902099609375 output 1 6 8 3 10 9 4 5 2 7 indices 2 -1 3 4 -1 1 3 4 2 1 -1 4 2 1 3 -1 2 1 3 4 2 1 3 4 2 1 3 4 2 1 3 4 2 1 3 4 -1 3 1 2 value 0.0 0.0 0.0 0.0 0.0 0.0 0.0 0.0 0.0 0.0 0.0 0.0 0.0 0.0 0.0 0.0 0.0 0.0 0.0 0.0 0.0 0.0 0.0 0.0 0.0 0.0 0.0 0.0 0.0 0.0 0.0 0.0 0.0 0.0 0.0 0.0 10.0 0.0 0.0 0.0 
64.34642028808594 126.87399291992188 46.917152404785156 -10.755279541015625 21.676664352416992 344.67718505859375 11.124570846557617 69.24246978759766 -159.8847198486328 -250.8913116455078 64.42748260498047 -268.6927185058594 64.38483428955078 88.00116729736328 -90.54896545410156 -170.15283203125 -52.652549743652344 34.60853576660156 30.209102630615234 37.08879470825195 output 1 6 3 5 8 9 4 10 2 7 indices 2 -1 3 4 -1 1 3 4 -1 4 1 2 2 1 3 -1 2 1 3 4 2 1 3 4 2 1 3 4 2 1 3 4 2 1 3 4 2 1 3 4 value 0.0 0.0 0.0 0.0 0.0 0.0 0.0 0.0 10.0 0.0 0.0 0.0 0.0 0.0 0.0 0.0 0.0 0.0 0.0 0.0 0.0 0.0 0.0 0.0 0.0 0.0 0.0 0.0 0.0 0.0 0.0 0.0 0.0 0.0 0.0 0.0 0.0 0.0 0.0 0.0 
89.05795288085938 93.49703216552734 -90.88139343261719 121.7560043334961 82.72187805175781 -269.15478515625 -75.88058471679688 209.7203369140625 3.410987138748169 61.355194091796875 -55.03510284423828 -135.66244506835938 76.37810516357422 18.524471282958984 18.010807037353516 -198.80738830566406 89.80357360839844 -25.09461784362793 -137.58621215820312 123.86619567871094 output 1 7 9 3 8 6 10 4 2 5 indices 2 -1 3 4 -1 1 3 4 2 1 -1 4 -1 3 1 2 2 1 3 4 2 1 3 4 2 1 3 4 2 1 3 4 2 1 3 4 2 1 3 4 value 0.0 0.0 0.0 0.0 0.0 0.0 0.0 0.0 0.0 0.0 0.0 0.0 10.0 0.0 0.0 0.0 0.0 0.0 0.0 0.0 0.0 0.0 0.0 0.0 0.0 0.0 0.0 0.0 0.0 0.0 0.0 0.0 0.0 0.0 0.0 0.0 0.0 0.0 0.0 0.0 
-23.9016170501709 -250.24722290039062 -18.57355499267578 223.3082275390625 54.79264831542969 227.8198699951172 116.38440704345703 -367.68853759765625 -86.11002349853516 -126.1281967163086 57.88936233520508 194.50279235839844 39.949371337890625 288.0308532714844 64.32850646972656 -15.839122772216797 -57.46975326538086 -188.7166290283203 -147.2893524169922 14.957935333251953 output 1 4 7 2 3 6 8 10 5 9 indices 2 -1 3 4 -1 1 3 4 2 1 -1 4 2 1 3 -1 2 1 3 4 2 1 3 4 -1 3 1 2 2 1 3 4 2 1 3 4 2 1 3 4 value 0.0 0.0 0.0 0.0 0.0 0.0 0.0 0.0 0.0 0.0 0.0 0.0 0.0 0.0 0.0 0.0 0.0 0.0 0.0 0.0 0.0 0.0 0.0 0.0 10.0 0.0 0.0 0.0 0.0 0.0 0.0 0.0 0.0 0.0 0.0 0.0 0.0 0.0 0.0 0.0 
-102.35204315185547 -181.86932373046875 -125.84652709960938 268.9790954589844 -19.232280731201172 34.47993850708008 149.12667846679688 -144.38604736328125 -111.36920166015625 -169.3114471435547 49.879920959472656 -148.775146484375 -53.39579772949219 84.23387908935547 137.8538360595703 -187.4744415283203 -27.562143325805664 74.85209655761719 102.8975601196289 369.2713928222656 output 10 8 4 3 9 7 2 5 1 6 indices 2 -1 3 4 -1 1 3 4 2 1 -1 4 2 1 3 -1 2 1 3 4 2 1 3 4 2 1 3 4 2 1 3 4 2 1 3 4 -1 3 1 2 value 0.0 0.0 0.0 0.0 0.0 0.0 0.0 0.0 0.0 0.0 0.0 0.0 0.0 0.0 0.0 0.0 0.0 0.0 0.0 0.0 0.0 0.0 0.0 0.0 0.0 0.0 0.0 0.0 0.0 0.0 0.0 0.0 0.0 0.0 0.0 0.0 10.0 0.0 0.0 0.0 
-200.74281311035156 -55.31288528442383 103.85214233398438 -32.92148208618164 -193.6545867919922 35.996395111083984 127.61502075195312 81.8708724975586 75.38245391845703 77.47611236572266 80.53939819335938 198.69561767578125 31.023252487182617 -372.1203918457031 28.956436157226562 91.23668670654297 31.345735549926758 170.82614135742188 -84.31704711914062 -195.7470703125 output 1 10 7 6 4 2 5 8 9 3 indices 2 -1 3 4 -1 1 3 4 2 1 -1 4 2 1 3 -1 2 1 3 4 -1 3 1 2 2 1 3 4 2 1 3 4 2 1 3 4 2 1 3 4 value 0.0 0.0 0.0 0.0 0.0 0.0 0.0 0.0 0.0 0.0 0.0 0.0 0.0 0.0 0.0 0.0 0.0 0.0 0.0 0.0 10.0 0.0 0.0 0.0 0.0 0.0 0.0 0.0 0.0 0.0 0.0 0.0 0.0 0.0 0.0 0.0 0.0 0.0 0.0 0.0 
129.83438110351562 -144.24122619628906 -66.75923919677734 130.34893798828125 83.37796020507812 -383.8343200683594 25.695310592651367 309.9349060058594 96.02141571044922 127.63248443603516 21.705867767333984 18.20873260498047 -49.67580795288086 181.92457580566406 -136.57705688476562 -64.43462371826172 -143.08421325683594 -372.9064636230469 39.46140670776367 197.3669891357422 output 1 3 4 9 8 2 7 10 5 6 indices 2 -1 3 4 -1 1 3 4 2 1 -1 4 -1 3 1 2 2 1 3 4 2 1 3 4 2 1 3 4 2 1 3 4 2 1 3 4 2 1 3 4 value 0.0 0.0 0.0 0.0 0.0 0.0 0.0 0.0 0.0 0.0 0.0 0.0 10.0 0.0 0.0 0.0 0.0 0.0 0.0 0.0 0.0 0.0 0.0 0.0 0.0 0.0 0.0 0.0 0.0 0.0 0.0 0.0 0.0 0.0 0.0 0.0 0.0 0.0 0.0 0.0 
-157.50552368164062 -96.91354370117188 103.63121032714844 123.02532196044922 46.635215759277344 -43.196434020996094 -20.497756958007812 -169.16415405273438 -76.72403717041016 328.17132568359375 -36.993499755859375 -58.101783752441406 -150.22125244140625 116.96012878417969 124.11620330810547 -60.439579010009766 46.860374450683594 22.462635040283203 120.6990737915039 -162.8039093017578 output 1 7 5 4 10 8 2 9 3 6 indices 2 -1 3 4 -1 1 3 4 2 1 -1 4 2 1 3 -1 -1 3 1 2 2 1 3 4 2 1 3 4 2 1 3 4 2 1 3 4 2 1 3 4 value 0.0 0.0 0.0 0.0 0.0 0.0 0.0 0.0 0.0 0.0 0.0 0.0 0.0 0.0 0.0 0.0 10.0 0.0 0.0 0.0 0.0 0.0 0.0 0.0 0.0 0.0 0.0 0.0 0.0 0.0 0.0 0.0 0.0 0.0 0.0 0.0 0.0 0.0 0.0 0.0 
21.182106018066406 134.25180053710938 -25.01519775390625 184.55467224121094 -59.51007843017578 222.7348175048828 27.646705627441406 -357.1936950683594 104.07294464111328 -141.0674285888672 -80.70722961425781 297.23101806640625 -160.95230102539062 -54.30087661743164 72.1414566040039 -169.31312561035156 141.03099060058594 47.48283386230469 -39.8893928527832 -164.38003540039062 output 2 1 9 5 8 10 7 6 4 3 indices 2 -1 3 4 -1 1 3 4 2 1 -1 4 2 1 3 -1 2 1 3 4 -1 3 1 2 2 1 3 4 2 1 3 4 2 1 3 4 2 1 3 4 value 0.0 0.0 0.0 0.0 0.0 0.0 0.0 0.0 0.0 0.0 0.0 0.0 0.0 0.0 0.0 0.0 0.0 0.0 0.0 0.0 10.0 0.0 0.0 0.0 0.0 0.0 0.0 0.0 0.0 0.0 0.0 0.0 0.0 0.0 0.0 0.0 0.0 0.0 0.0 0.0 
132.86343383789062 -393.7459716796875 -86.6465072631836 158.6724090576172 209.65097045898438 177.07594299316406 -50.725975036621094 111.32600402832031 128.87771606445312 235.24537658691406 -93.25065612792969 49.34789276123047 -120.1485595703125 -141.10980224609375 -121.11811065673828 16.12869644165039 9.586220741271973 -3.1675541400909424 -9.088534355163574 -209.77297973632812 output 5 3 9 4 2 6 8 7 10 1 indices 2 -1 3 4 -1 1 3 4 2 1 -1 4 2 1 3 -1 -1 3 1 2 2 1 3 4 2 1 3 4 2 1 3 4 2 1 3 4 2 1 3 4 value 0.0 0.0 0.0 0.0 0.0 0.0 0.0 0.0 0.0 0.0 0.0 0.0 0.0 0.0 0.0 0.0 10.0 0.0 0.0 0.0 0.0 0.0 0.0 0.0 0.0 0.0 0.0 0.0 0.0 0.0 0.0 0.0 0.0 0.0 0.0 0.0 0.0 0.0 0.0 0.0 
-113.1169204711914 95.77909851074219 -9.134979248046875 -21.9931640625 73.91492462158203 235.17105102539062 56.60569763183594 -149.39686584472656 -53.14417266845703 -59.65347671508789 -16.718557357788086 95.13259887695312 -41.18459701538086 -174.44210815429688 125.31924438476562 71.36148071289062 64.9427490234375 -309.3602294921875 -87.48338317871094 217.401611328125 output 10 1 6 2 5 7 4 9 8 3 indices 2 -1 3 4 -1 1 3 4 -1 4 1 2 2 1 3 -1 2 1 3 4 2 1 3 4 2 1 3 4 2 1 3 4 2 1 3 4 2 1 3 4 value 0.0 0.0 0.0 0.0 0.0 0.0 0.0 0.0 10.0 0.0 0.0 0.0 0.0 0.0 0.0 0.0 0.0 0.0 0.0 0.0 0.0 0.0 0.0 0.0 0.0 0.0 0.0 0.0 0.0 0.0 0.0 0.0 0.0 0.0 0.0 0.0 0.0 0.0 0.0 0.0 
11.397537231445312 -138.8641357421875 -61.18600845336914 307.59075927734375 190.13941955566406 -56.637168884277344 -137.7434844970703 215.5515899658203 -62.791015625 298.8917541503906 111.84031677246094 -96.6330337524414 157.575927734375 -72.4895248413086 -44.18187713623047 -281.827880859375 -74.38175964355469 -128.71180725097656 -90.6690444946289 -46.870548248291016 output 6 7 3 8 2 5 4 10 9 1 indices 2 -1 3 4 -1 4 1 3 2 1 -1 4 2 1 3 -1 2 1 3 4 2 1 3 4 2 1 3 4 2 1 3 4 2 1 3 4 2 1 3 4 value 0.0 0.0 0.0 0.0 10.0 0.0 0.0 0.0 0.0 0.0 0.0 0.0 0.0 0.0 0.0 0.0 0.0 0.0 0.0 0.0 0.0 0.0 0.0 0.0 0.0 0.0 0.0 0.0 0.0 0.0 0.0 0.0 0.0 0.0 0.0 0.0 0.0 0.0 0.0 0.0 
96.99179077148438 105.33451843261719 -109.03582000732422 -84.19111633300781 -110.45244598388672 -281.6927490234375 -112.6400375366211 262.4109802246094 77.2076644897461 -269.4865417480469 2.383679151535034 79.47225189208984 32.84432601928711 270.10107421875 134.89013671875 344.4770812988281 131.8048095703125 -130.0747833251953 -143.99411010742188 -296.3507080078125 output 1 6 2 3 10 4 7 8 5 9 indices 2 -1 3 4 -1 1 3 4 2 1 -1 4 2 1 3 -1 2 1 3 4 2 1 3 4 2 1 3 4 -1 3 1 2 2 1 3 4 2 1 3 4 value 0.0 0.0 0.0 0.0 0.0 0.0 0.0 0.0 0.0 0.0 0.0 0.0 0.0 0.0 0.0 0.0 0.0 0.0 0.0 0.0 0.0 0.0 0.0 0.0 0.0 0.0 0.0 0.0 10.0 0.0 0.0 0.0 0.0 0.0 0.0 0.0 0.0 0.0 0.0 0.0 
-46.14762496948242 -55.87336349487305 25.85767936706543 -44.13677978515625 2.3351545333862305 -187.1815948486328 188.44744873046875 294.6628112792969 173.68399047851562 -216.90249633789062 -91.85546875 -315.25445556640625 36.20152282714844 347.8851013183594 -147.09567260742188 25.59833526611328 -82.48567962646484 55.4238395690918 -58.94135665893555 95.77859497070312 output 3 2 1 9 10 8 6 7 4 5 indices 2 -1 3 4 -1 1 3 4 2 1 -1 4 2 1 3 -1 2 1 3 4 2 1 3 4 -1 3 1 2 2 1 3 4 2 1 3 4 2 1 3 4 value 0.0 0.0 0.0 0.0 0.0 0.0 0.0 0.0 0.0 0.0 0.0 0.0 0.0 0.0 0.0 0.0 0.0 0.0 0.0 0.0 0.0 0.0 0.0 0.0 10.0 0.0 0.0 0.0 0.0 0.0 0.0 0.0 0.0 0.0 0.0 0.0 0.0 0.0 0.0 0.0 
100.6784896850586 145.1858673095703 -93.40733337402344 270.577880859375 94.58934020996094 15.279281616210938 -153.7989044189453 -28.189844131469727 84.52167510986328 -61.991966247558594 -83.05123138427734 -412.8737487792969 18.13588523864746 -17.69182777404785 50.208221435546875 -138.1074676513672 129.82388305664062 283.88409423828125 -147.7000274658203 -56.07227325439453 output 6 2 4 10 7 8 5 3 1 9 indices 2 -1 3 4 -1 1 3 4 2 1 -1 4 2 1 3 -1 2 1 3 4 2 1 3 4 2 1 3 4 2 1 3 4 -1 3 1 2 2 1 3 4 value 0.0 0.0 0.0 0.0 0.0 0.0 0.0 0.0 0.0 0.0 0.0 0.0 0.0 0.0 0.0 0.0 0.0 0.0 0.0 0.0 0.0 0.0 0.0 0.0 0.0 0.0 0.0 0.0 0.0 0.0 0.0 0.0 10.0 0.0 0.0 0.0 0.0 0.0 0.0 0.0 
-172.03382873535156 -210.95193481445312 108.43354797363281 -163.67819213867188 -8.308269500732422 275.6732177734375 82.07884979248047 -139.93218994140625 -38.154354095458984 171.0975799560547 -124.26710510253906 120.28019714355469 123.00251007080078 43.3145751953125 165.1739044189453 -57.03881072998047 -63.096519470214844 -255.9585723876953 -72.82874298095703 217.19412231445312 output 1 6 5 10 3 7 8 2 4 9 indices 2 -1 3 4 -1 1 3 4 -1 4 1 2 2 1 3 -1 2 1 3 4 2 1 3 4 2 1 3 4 2 1 3 4 2 1 3 4 2 1 3 4 value 0.0 0.0 0.0 0.0 0.0 0.0 0.0 0.0 10.0 0.0 0.0 0.0 0.0 0.0 0.0 0.0 0.0 0.0 0.0 0.0 0.0 0.0 0.0 0.0 0.0 0.0 0.0 0.0 0.0 0.0 0.0 0.0 0.0 0.0 0.0 0.0 0.0 0.0 0.0 0.0 
163.58192443847656 -44.12309646606445 -91.11813354492188 -313.2035217285156 86.44294738769531 153.93576049804688 20.75957489013672 222.1373291015625 -123.31741333007812 -9.071771621704102 9.150986671447754 272.87237548828125 -30.80970001220703 77.77774810791016 41.207801818847656 10.029476165771484 30.881826400756836 -345.4187316894531 -106.77982330322266 -24.93559455871582 output 2 5 10 7 8 1 3 4 6 9 indices 2 -1 3 4 -1 1 3 4 2 1 -1 4 2 1 3 -1 2 1 3 4 -1 3 1 2 2 1 3 4 2 1 3 4 2 1 3 4 2 1 3 4 value 0.0 0.0 0.0 0.0 0.0 0.0 0.0 0.0 0.0 0.0 0.0 0.0 0.0 0.0 0.0 0.0 0.0 0.0 0.0 0.0 10.0 0.0 0.0 0.0 0.0 0.0 0.0 0.0 0.0 0.0 0.0 0.0 0.0 0.0 0.0 0.0 0.0 0.0 0.0 0.0 
140.20794677734375 -6.324732780456543 -147.49134826660156 47.166297912597656 -25.82820701599121 -186.0249786376953 18.855260848999023 -156.07777404785156 76.84078979492188 117.67911529541016 92.44595336914062 -272.2523498535156 -89.6698989868164 35.919864654541016 -75.58441925048828 88.72479248046875 19.250600814819336 297.6518859863281 -9.026679039001465 33.537879943847656 output 1 9 6 4 3 2 7 8 10 5 indices 2 -1 3 4 -1 1 3 4 2 1 -1 4 2 1 3 -1 2 1 3 4 2 1 3 4 2 1 3 4 2 1 3 4 -1 3 1 2 2 1 3 4 value 0.0 0.0 0.0 0.0 0.0 0.0 0.0 0.0 0.0 0.0 0.0 0.0 0.0 0.0 0.0 0.0 0.0 0.0 0.0 0.0 0.0 0.0 0.0 0.0 0.0 0.0 0.0 0.0 0.0 0.0 0.0 0.0 10.0 0.0 0.0 0.0 0.0 0.0 0.0 0.0 
-4.732112407684326 284.56011962890625 27.81922149658203 179.09397888183594 -30.726152420043945 -183.70709228515625 -86.01792907714844 265.4586486816406 -13.170804023742676 -81.97499084472656 114.76437377929688 -92.49149322509766 176.71368408203125 -272.41363525390625 46.497005462646484 177.0351104736328 -143.30450439453125 49.35224914550781 -87.84278106689453 -324.9128723144531 output 9 4 1 2 8 7 6 5 3 10 indices -1 4 2 3 -1 1 3 4 2 1 -1 4 2 1 3 -1 2 1 3 4 2 1 3 4 2 1 3 4 2 1 3 4 2 1 3 4 2 1 3 4 value 10.0 0.0 0.0 0.0 0.0 0.0 0.0 0.0 0.0 0.0 0.0 0.0 0.0 0.0 0.0 0.0 0.0 0.0 0.0 0.0 0.0 0.0 0.0 0.0 0.0 0.0 0.0 0.0 0.0 0.0 0.0 0.0 0.0 0.0 0.0 0.0 0.0 0.0 0.0 0.0 
-141.32757568359375 235.4578399658203 -100.11375427246094 -265.02423095703125 13.886754035949707 207.07415771484375 127.30342864990234 -279.7986755371094 17.799863815307617 -0.14231087267398834 163.0528564453125 124.58055877685547 -31.612655639648438 25.949892044067383 -16.29283332824707 48.472267150878906 -156.08042907714844 62.70969009399414 123.38435363769531 -159.27919006347656 output 5 8 7 9 2 1 3 6 4 10 indices 2 -1 3 4 -1 1 3 4 -1 4 1 2 2 1 3 -1 2 1 3 4 2 1 3 4 2 1 3 4 2 1 3 4 2 1 3 4 2 1 3 4 value 0.0 0.0 0.0 0.0 0.0 0.0 0.0 0.0 10.0 0.0 0.0 0.0 0.0 0.0 0.0 0.0 0.0 0.0 0.0 0.0 0.0 0.0 0.0 0.0 0.0 0.0 0.0 0.0 0.0 0.0 0.0 0.0 0.0 0.0 0.0 0.0 0.0 0.0 0.0 0.0 
-13.259591102600098 287.34161376953125 -58.150970458984375 -25.516721725463867 -19.68256378173828 -155.4015655517578 -62.568115234375 330.6235046386719 36.73792266845703 49.01752853393555 164.96067810058594 -217.94166564941406 90.38076782226562 68.16353607177734 -147.08929443359375 -287.7490234375 -0.565328061580658 113.64469909667969 9.236490249633789 -162.18191528320312 output 1 4 8 2 3 10 6 7 5 9 indices 2 -1 3 4 -1 1 3 4 2 1 -1 4 -1 3 1 2 2 1 3 4 2 1 3 4 2 1 3 4 2 1 3 4 2 1 3 4 2 1 3 4 value 0.0 0.0 0.0 0.0 0.0 0.0 0.0 0.0 0.0 0.0 0.0 0.0 10.0 0.0 0.0 0.0 0.0 0.0 0.0 0.0 0.0 0.0 0.0 0.0 0.0 0.0 0.0 0.0 0.0 0.0 0.0 0.0 0.0 0.0 0.0 0.0 0.0 0.0 0.0 0.0 
152.437744140625 172.55442810058594 -170.72657775878906 -252.70904541015625 131.03948974609375 49.40473175048828 -42.153472900390625 -43.94835662841797 -118.01362609863281 150.54812622070312 -167.43275451660156 242.79983520507812 -87.71495056152344 -109.3695297241211 155.2379608154297 160.29345703125 -7.41953706741333 -101.11149597167969 154.74574279785156 -268.462158203125 output 4 7 2 6 5 3 1 8 10 9 indices 2 -1 3 4 -1 1 3 4 2 1 -1 4 2 1 3 -1 2 1 3 4 -1 3 1 2 2 1 3 4 2 1 3 4 2 1 3 4 2 1 3 4 value 0.0 0.0 0.0 0.0 0.0 0.0 0.0 0.0 0.0 0.0 0.0 0.0 0.0 0.0 0.0 0.0 0.0 0.0 0.0 0.0 10.0 0.0 0.0 0.0 0.0 0.0 0.0 0.0 0.0 0.0 0.0 0.0 0.0 0.0 0.0 0.0 0.0 0.0 0.0 0.0 
106.40766906738281 183.9056396484375 82.67436981201172 220.37513732910156 -8.065274238586426 -3.6935927867889404 -25.49631118774414 276.3082275390625 -48.7843132019043 347.61871337890625 79.87699127197266 -293.4219665527344 30.53036880493164 -318.6252136230469 -39.8007698059082 -30.62517738342285 -83.31918334960938 -74.3565444946289 -94.02354431152344 -307.4852294921875 output 9 10 5 4 7 6 2 1 3 8 indices 2 -1 3 4 -1 1 3 4 2 1 -1 4 2 1 3 -1 -1 3 1 2 2 1 3 4 2 1 3 4 2 1 3 4 2 1 3 4 2 1 3 4 value 0.0 0.0 0.0 0.0 0.0 0.0 0.0 0.0 0.0 0.0 0.0 0.0 0.0 0.0 0.0 0.0 10.0 0.0 0.0 0.0 0.0 0.0 0.0 0.0 0.0 0.0 0.0 0.0 0.0 0.0 0.0 0.0 0.0 0.0 0.0 0.0 0.0 0.0 0.0 0.0 
52.660606384277344 -68.17756652832031 -119.74315643310547 -286.2853698730469 92.64635467529297 -124.63216400146484 -54.60649871826172 -8.481363296508789 143.639892578125 193.5382080078125 -170.24359130859375 194.67079162597656 175.09298706054688 -247.96975708007812 -146.94692993164062 283.2310791015625 93.01953125 5.593110084533691 -65.51918029785156 58.513038635253906 output 1 9 5 7 3 2 8 6 10 4 indices 2 -1 3 4 -1 1 3 4 2 1 -1 4 2 1 3 -1 2 1 3 4 2 1 3 4 2 1 3 4 -1 3 1 2 2 1 3 4 2 1 3 4 value 0.0 0.0 0.0 0.0 0.0 0.0 0.0 0.0 0.0 0.0 0.0 0.0 0.0 0.0 0.0 0.0 0.0 0.0 0.0 0.0 0.0 0.0 0.0 0.0 0.0 0.0 0.0 0.0 10.0 0.0 0.0 0.0 0.0 0.0 0.0 0.0 0.0 0.0 0.0 0.0 
99.94769287109375 -236.87628173828125 42.76633071899414 134.5 -138.979248046875 114.82849884033203 96.58464813232422 191.8207244873047 -82.83697509765625 307.2130126953125 -28.881132125854492 -35.14229965209961 64.58631134033203 -280.4150390625 -218.73989868164062 -177.85006713867188 59.14836120605469 291.9815368652344 106.40390014648438 -310.0600891113281 output 1 7 9 5 8 3 6 2 4 10 indices 2 -1 3 4 -1 1 3 4 2 1 -1 4 2 1 3 -1 2 1 3 4 2 1 3 4 2 1 3 4 2 1 3 4 -1 3 1 2 2 1 3 4 value 0.0 0.0 0.0 0.0 0.0 0.0 0.0 0.0 0.0 0.0 0.0 0.0 0.0 0.0 0.0 0.0 0.0 0.0 0.0 0.0 0.0 0.0 0.0 0.0 0.0 0.0 0.0 0.0 0.0 0.0 0.0 0.0 10.0 0.0 0.0 0.0 0.0 0.0 0.0 0.0 
4.711082935333252 33.170894622802734 67.11813354492188 148.38389587402344 -36.84978103637695 36.773277282714844 -66.04052734375 -38.42100143432617 -45.8637809753418 219.03851318359375 8.703075408935547 -11.428771018981934 8.937721252441406 -91.9961166381836 45.253326416015625 -317.7801818847656 50.82902526855469 -187.7023162841797 -36.79827117919922 209.96180725097656 output 1 6 3 4 7 9 8 5 10 2 indices 2 -1 3 4 -1 1 3 4 2 1 -1 4 2 1 3 -1 -1 3 1 2 2 1 3 4 2 1 3 4 2 1 3 4 2 1 3 4 2 1 3 4 value 0.0 0.0 0.0 0.0 0.0 0.0 0.0 0.0 0.0 0.0 0.0 0.0 0.0 0.0 0.0 0.0 10.0 0.0 0.0 0.0 0.0 0.0 0.0 0.0 0.0 0.0 0.0 0.0 0.0 0.0 0.0 0.0 0.0 0.0 0.0 0.0 0.0 0.0 0.0 0.0 
149.5892791748047 -224.84841918945312 -136.3922882080078 -3.996802568435669 94.8792953491211 181.7902069091797 43.79689407348633 144.43846130371094 -33.75993347167969 -28.62217140197754 -176.18678283691406 59.09740447998047 -50.205345153808594 116.91993713378906 79.210693359375 -118.62793731689453 -119.9547348022461 -363.73712158203125 149.02293395996094 237.58644104003906 output 2 5 8 1 10 3 4 7 9 6 indices 2 -1 3 4 -1 1 3 4 2 1 -1 4 2 1 3 -1 2 1 3 4 2 1 3 4 2 1 3 4 2 1 3 4 2 1 3 4 -1 3 1 2 value 0.0 0.0 0.0 0.0 0.0 0.0 0.0 0.0 0.0 0.0 0.0 0.0 0.0 0.0 0.0 0.0 0.0 0.0 0.0 0.0 0.0 0.0 0.0 0.0 0.0 0.0 0.0 0.0 0.0 0.0 0.0 0.0 0.0 0.0 0.0 0.0 10.0 0.0 0.0 0.0 
-54.79339599609375 -113.55758666992188 34.13233184814453 147.91653442382812 -194.8362579345703 -51.801456451416016 -73.71620178222656 167.83355712890625 81.26806640625 -190.11119079589844 52.17736053466797 -143.4024200439453 -33.61581802368164 -28.55134391784668 75.48509216308594 26.084871292114258 -40.706336975097656 145.66261291503906 154.60516357421875 39.926422119140625 output 8 10 5 6 1 7 3 4 9 2 indices 2 -1 3 4 -1 1 3 4 2 1 -1 4 -1 3 1 2 2 1 3 4 2 1 3 4 2 1 3 4 2 1 3 4 2 1 3 4 2 1 3 4 value 0.0 0.0 0.0 0.0 0.0 0.0 0.0 0.0 0.0 0.0 0.0 0.0 10.0 0.0 0.0 0.0 0.0 0.0 0.0 0.0 0.0 0.0 0.0 0.0 0.0 0.0 0.0 0.0 0.0 0.0 0.0 0.0 0.0 0.0 0.0 0.0 0.0 0.0 0.0 0.0 
125.32264709472656 276.05438232421875 136.56129455566406 -189.13136291503906 -204.611328125 -4.285175323486328 -0.1377944052219391 -236.92945861816406 -14.854035377502441 65.08668518066406 -74.50267791748047 -51.10287857055664 37.3585205078125 76.6068115234375 26.458829879760742 -133.45709228515625 84.21372985839844 87.66952514648438 -115.80919647216797 109.48854064941406 output 1 2 4 8 6 3 10 5 7 9 indices -1 4 2 3 -1 1 3 4 2 1 -1 4 2 1 3 -1 2 1 3 4 2 1 3 4 2 1 3 4 2 1 3 4 2 1 3 4 2 1 3 4 value 10.0 0.0 0.0 0.0 0.0 0.0 0.0 0.0 0.0 0.0 0.0 0.0 0.0 0.0 0.0 0.0 0.0 0.0 0.0 0.0 0.0 0.0 0.0 0.0 0.0 0.0 0.0 0.0 0.0 0.0 0.0 0.0 0.0 0.0 0.0 0.0 0.0 0.0 0.0 0.0 
77.71175384521484 -30.67327117919922 60.96819305419922 -161.93307495117188 -154.79974365234375 71.19657897949219 -29.839725494384766 124.81145477294922 -126.22671508789062 -372.19537353515625 -162.51406860351562 -25.665298461914062 68.12513732910156 230.40480041503906 66.88735961914062 -141.21450805664062 121.98712158203125 90.72020721435547 77.70069885253906 214.54849243164062 output 1 9 10 7 4 3 6 5 2 8 indices 2 -1 3 4 -1 1 3 4 2 1 -1 4 2 1 3 -1 2 1 3 4 2 1 3 4 -1 3 1 2 2 1 3 4 2 1 3 4 2 1 3 4 value 0.0 0.0 0.0 0.0 0.0 0.0 0.0 0.0 0.0 0.0 0.0 0.0 0.0 0.0 0.0 0.0 0.0 0.0 0.0 0.0 0.0 0.0 0.0 0.0 10.0 0.0 0.0 0.0 0.0 0.0 0.0 0.0 0.0 0.0 0.0 0.0 0.0 0.0 0.0 0.0 
173.83888244628906 -180.4129180908203 147.70237731933594 71.92440032958984 -127.30807495117188 -330.67095947265625 -94.80308532714844 -67.27427673339844 113.02357482910156 72.37071990966797 27.404714584350586 247.66287231445312 88.93279266357422 229.73561096191406 -183.2117462158203 93.1323013305664 -58.66969680786133 66.13683319091797 -86.90973663330078 -202.6045684814453 output 6 7 1 2 5 9 4 10 8 3 indices 2 -1 3 4 -1 1 3 4 2 1 -1 4 2 1 3 -1 2 1 3 4 -1 3 1 2 2 1 3 4 2 1 3 4 2 1 3 4 2 1 3 4 value 0.0 0.0 0.0 0.0 0.0 0.0 0.0 0.0 0.0 0.0 0.0 0.0 0.0 0.0 0.0 0.0 0.0 0.0 0.0 0.0 10.0 0.0 0.0 0.0 0.0 0.0 0.0 0.0 0.0 0.0 0.0 0.0 0.0 0.0 0.0 0.0 0.0 0.0 0.0 0.0 
-123.90462493896484 -33.223209381103516 147.15939331054688 -285.01116943359375 -169.39297485351562 -189.29714965820312 25.29033851623535 304.0002136230469 45.71609115600586 348.2796325683594 -44.00177764892578 354.55572509765625 -156.72271728515625 351.64349365234375 88.87146759033203 -237.18582153320312 130.31724548339844 -308.6381530761719 56.66756820678711 -305.1235656738281 output 1 3 7 6 4 5 10 8 9 2 indices 2 -1 3 4 -1 1 3 4 2 1 -1 4 2 1 3 -1 -1 3 1 2 2 1 3 4 2 1 3 4 2 1 3 4 2 1 3 4 2 1 3 4 value 0.0 0.0 0.0 0.0 0.0 0.0 0.0 0.0 0.0 0.0 0.0 0.0 0.0 0.0 0.0 0.0 10.0 0.0 0.0 0.0 0.0 0.0 0.0 0.0 0.0 0.0 0.0 0.0 0.0 0.0 0.0 0.0 0.0 0.0 0.0 0.0 0.0 0.0 0.0 0.0 
-101.21054077148438 19.60660171508789 126.33821105957031 229.19261169433594 -104.41081237792969 -342.86712646484375 154.60269165039062 -160.35057067871094 -72.23490142822266 57.96511459350586 109.69474792480469 69.30766296386719 -146.4655303955078 81.36080932617188 -54.72038269042969 -60.88045120239258 112.1635513305664 -95.6653060913086 -23.75703239440918 202.3306427001953 output 2 6 4 9 8 1 5 7 3 10 indices 2 -1 3 4 -1 4 1 3 2 1 -1 4 2 1 3 -1 2 1 3 4 2 1 3 4 2 1 3 4 2 1 3 4 2 1 3 4 2 1 3 4 value 0.0 0.0 0.0 0.0 10.0 0.0 0.0 0.0 0.0 0.0 0.0 0.0 0.0 0.0 0.0 0.0 0.0 0.0 0.0 0.0 0.0 0.0 0.0 0.0 0.0 0.0 0.0 0.0 0.0 0.0 0.0 0.0 0.0 0.0 0.0 0.0 0.0 0.0 0.0 0.0 
-15.965883255004883 110.1234130859375 43.436649322509766 159.03257751464844 116.64008331298828 191.68267822265625 -45.40352249145508 185.45994567871094 -12.184633255004883 -143.58558654785156 -18.1339054107666 -67.18953704833984 -131.4084930419922 -210.68373107910156 -2.2701165676116943 186.32858276367188 84.63053131103516 -7.845491409301758 -19.3407039642334 -403.3228759765625 output 8 4 10 7 5 6 9 3 2 1 indices 2 -1 3 4 -1 1 3 4 -1 4 1 2 2 1 3 -1 2 1 3 4 2 1 3 4 2 1 3 4 2 1 3 4 2 1 3 4 2 1 3 4 value 0.0 0.0 0.0 0.0 0.0 0.0 0.0 0.0 10.0 0.0 0.0 0.0 0.0 0.0 0.0 0.0 0.0 0.0 0.0 0.0 0.0 0.0 0.0 0.0 0.0 0.0 0.0 0.0 0.0 0.0 0.0 0.0 0.0 0.0 0.0 0.0 0.0 0.0 0.0 0.0 
-55.696739196777344 -65.88796997070312 160.7335968017578 104.40413665771484 43.51862335205078 -257.0543518066406 39.76002502441406 -178.599365234375 -17.780376434326172 -262.40911865234375 -4.400726795196533 -158.18118286132812 93.63380432128906 320.85272216796875 -65.08174133300781 306.1674499511719 -50.97837448120117 397.03582763671875 -143.7080841064453 -206.328125 output 1 10 8 9 5 3 7 2 4 6 indices 2 -1 3 4 -1 1 3 4 2 1 -1 4 2 1 3 -1 2 1 3 4 2 1 3 4 2 1 3 4 2 1 3 4 -1 3 1 2 2 1 3 4 value 0.0 0.0 0.0 0.0 0.0 0.0 0.0 0.0 0.0 0.0 0.0 0.0 0.0 0.0 0.0 0.0 0.0 0.0 0.0 0.0 0.0 0.0 0.0 0.0 0.0 0.0 0.0 0.0 0.0 0.0 0.0 0.0 10.0 0.0 0.0 0.0 0.0 0.0 0.0 0.0 
151.5696258544922 -65.60978698730469 -80.30038452148438 49.67893600463867 147.15089416503906 -152.6524200439453 92.19430541992188 54.53406524658203 -24.47602081298828 84.19499206542969 -77.87364196777344 -193.0449676513672 -104.10762023925781 138.8610076904297 -117.12423706054688 -175.4281463623047 -7.732156753540039 320.8218994140625 20.69923210144043 -61.35556411743164 output 1 3 4 10 5 2 7 8 6 9 indices 2 -1 3 4 -1 1 3 4 2 1 -1 4 2 1 3 -1 2 1 3 4 2 1 3 4 2 1 3 4 2 1 3 4 -1 3 1 2 2 1 3 4 value 0.0 0.0 0.0 0.0 0.0 0.0 0.0 0.0 0.0 0.0 0.0 0.0 0.0 0.0 0.0 0.0 0.0 0.0 0.0 0.0 0.0 0.0 0.0 0.0 0.0 0.0 0.0 0.0 0.0 0.0 0.0 0.0 10.0 0.0 0.0 0.0 0.0 0.0 0.0 0.0 
81.36839294433594 231.71786499023438 148.31845092773438 -367.3777770996094 -155.10597229003906 -174.1096649169922 -108.81012725830078 39.01400375366211 -129.07278442382812 112.05774688720703 -79.0166244506836 -105.63056945800781 56.938499450683594 107.05982971191406 48.76339340209961 -134.28802490234375 63.63024139404297 112.83197784423828 72.98651885986328 178.72463989257812 output 7 9 10 1 2 8 6 3 5 4 indices -1 4 2 3 -1 1 3 4 2 1 -1 4 2 1 3 -1 2 1 3 4 2 1 3 4 2 1 3 4 2 1 3 4 2 1 3 4 2 1 3 4 value 10.0 0.0 0.0 0.0 0.0 0.0 0.0 0.0 0.0 0.0 0.0 0.0 0.0 0.0 0.0 0.0 0.0 0.0 0.0 0.0 0.0 0.0 0.0 0.0 0.0 0.0 0.0 0.0 0.0 0.0 0.0 0.0 0.0 0.0 0.0 0.0 0.0 0.0 0.0 0.0 
-49.1335563659668 -284.95111083984375 -103.57538604736328 121.70338439941406 121.16519165039062 37.58421325683594 1.7597436904907227 212.47825622558594 76.1797103881836 -338.9819641113281 72.40843963623047 58.86842727661133 -41.937007904052734 -358.3926086425781 2.0203471183776855 269.2574157714844 -70.72611236572266 58.40522003173828 -8.161375999450684 224.0287628173828 output 6 3 5 1 7 8 10 4 2 9 indices 2 -1 3 4 -1 1 3 4 2 1 -1 4 2 1 3 -1 2 1 3 4 2 1 3 4 2 1 3 4 -1 3 1 2 2 1 3 4 2 1 3 4 value 0.0 0.0 0.0 0.0 0.0 0.0 0.0 0.0 0.0 0.0 0.0 0.0 0.0 0.0 0.0 0.0 0.0 0.0 0.0 0.0 0.0 0.0 0.0 0.0 0.0 0.0 0.0 0.0 10.0 0.0 0.0 0.0 0.0 0.0 0.0 0.0 0.0 0.0 0.0 0.0 
101.58184051513672 300.0018310546875 -210.86965942382812 -293.98089599609375 -147.47837829589844 -21.971240997314453 24.339445114135742 -22.133426666259766 119.68830871582031 88.04239654541016 38.0299186706543 29.79833221435547 97.95175170898438 97.21025085449219 -58.6914176940918 134.47471618652344 86.20122528076172 -206.1059112548828 -50.75303649902344 -105.33604431152344 output 1 9 4 10 3 2 8 6 7 5 indices -1 4 2 3 -1 1 3 4 2 1 -1 4 2 1 3 -1 2 1 3 4 2 1 3 4 2 1 3 4 2 1 3 4 2 1 3 4 2 1 3 4 value 10.0 0.0 0.0 0.0 0.0 0.0 0.0 0.0 0.0 0.0 0.0 0.0 0.0 0.0 0.0 0.0 0.0 0.0 0.0 0.0 0.0 0.0 0.0 0.0 0.0 0.0 0.0 0.0 0.0 0.0 0.0 0.0 0.0 0.0 0.0 0.0 0.0 0.0 0.0 0.0 
163.55299377441406 254.5046844482422 -101.96978759765625 34.88539123535156 -116.99920654296875 266.788818359375 -20.65188217163086 -172.4124298095703 8.726325988769531 -172.96530151367188 -68.32135009765625 -115.71294403076172 -0.2784755825996399 1.4271726608276367 -146.6165008544922 76.5806655883789 128.5373992919922 31.6352596282959 154.02047729492188 -204.73133850097656 output 2 3 8 6 4 5 10 1 9 7 indices -1 4 2 3 -1 1 3 4 2 1 -1 4 2 1 3 -1 2 1 3 4 2 1 3 4 2 1 3 4 2 1 3 4 2 1 3 4 2 1 3 4 value 10.0 0.0 0.0 0.0 0.0 0.0 0.0 0.0 0.0 0.0 0.0 0.0 0.0 0.0 0.0 0.0 0.0 0.0 0.0 0.0 0.0 0.0 0.0 0.0 0.0 0.0 0.0 0.0 0.0 0.0 0.0 0.0 0.0 0.0 0.0 0.0 0.0 0.0 0.0 0.0 
90.62864685058594 -8.034634590148926 87.33658599853516 -112.16706848144531 99.18001556396484 52.63587951660156 -134.6566162109375 -212.68423461914062 -48.75229263305664 249.5977325439453 -49.54512405395508 131.42176818847656 -83.00871276855469 -130.00656127929688 -49.293418884277344 269.70941162109375 71.70870971679688 -298.87939453125 16.40220832824707 58.40711975097656 output 9 2 1 3 10 6 5 8 4 7 indices 2 -1 3 4 -1 1 3 4 2 1 -1 4 2 1 3 -1 2 1 3 4 2 1 3 4 2 1 3 4 -1 3 1 2 2 1 3 4 2 1 3 4 value 0.0 0.0 0.0 0.0 0.0 0.0 0.0 0.0 0.0 0.0 0.0 0.0 0.0 0.0 0.0 0.0 0.0 0.0 0.0 0.0 0.0 0.0 0.0 0.0 0.0 0.0 0.0 0.0 10.0 0.0 0.0 0.0 0.0 0.0 0.0 0.0 0.0 0.0 0.0 0.0 
92.97949981689453 364.1003112792969 74.36387634277344 -304.83184814453125 -32.433292388916016 336.10198974609375 -62.6971549987793 -297.61663818359375 125.8049087524414 37.41287612915039 -105.15332794189453 147.8710479736328 116.97176361083984 -299.6188659667969 -112.17752838134766 -122.76364135742188 -162.453369140625 58.94790267944336 64.79463958740234 80.39684295654297 output 8 9 6 10 5 7 1 2 3 4 indices -1 4 2 3 -1 1 3 4 2 1 -1 4 2 1 3 -1 2 1 3 4 2 1 3 4 2 1 3 4 2 1 3 4 2 1 3 4 2 1 3 4 value 10.0 0.0 0.0 0.0 0.0 0.0 0.0 0.0 0.0 0.0 0.0 0.0 0.0 0.0 0.0 0.0 0.0 0.0 0.0 0.0 0.0 0.0 0.0 0.0 0.0 0.0 0.0 0.0 0.0 0.0 0.0 0.0 0.0 0.0 0.0 0.0 0.0 0.0 0.0 0.0 
-48.237892150878906 18.552562713623047 126.28413391113281 95.32117462158203 -87.73948669433594 222.3797149658203 -123.60948181152344 -55.61948013305664 123.81807708740234 -48.66620635986328 -132.6045684814453 -50.866111755371094 34.78767395019531 -113.18251037597656 -151.2869415283203 11.338665962219238 133.64056396484375 98.84025573730469 124.94792938232422 -178.0980682373047 output 8 6 4 1 7 10 5 9 2 3 indices 2 -1 3 4 -1 1 3 4 -1 4 1 2 2 1 3 -1 2 1 3 4 2 1 3 4 2 1 3 4 2 1 3 4 2 1 3 4 2 1 3 4 value 0.0 0.0 0.0 0.0 0.0 0.0 0.0 0.0 10.0 0.0 0.0 0.0 0.0 0.0 0.0 0.0 0.0 0.0 0.0 0.0 0.0 0.0 0.0 0.0 0.0 0.0 0.0 0.0 0.0 0.0 0.0 0.0 0.0 0.0 0.0 0.0 0.0 0.0 0.0 0.0 
54.14644241333008 281.3721008300781 -71.11702728271484 -222.29771423339844 -61.746559143066406 -226.5832977294922 84.50391387939453 -184.05616760253906 -31.513896942138672 238.38209533691406 -110.77606201171875 -185.0019073486328 -172.8046417236328 -91.59197235107422 93.07286071777344 200.67713928222656 99.5827865600586 227.9799041748047 116.65218353271484 -38.880157470703125 output 4 10 8 9 1 5 7 6 2 3 indices -1 4 2 3 -1 1 3 4 2 1 -1 4 2 1 3 -1 2 1 3 4 2 1 3 4 2 1 3 4 2 1 3 4 2 1 3 4 2 1 3 4 value 10.0 0.0 0.0 0.0 0.0 0.0 0.0 0.0 0.0 0.0 0.0 0.0 0.0 0.0 0.0 0.0 0.0 0.0 0.0 0.0 0.0 0.0 0.0 0.0 0.0 0.0 0.0 0.0 0.0 0.0 0.0 0.0 0.0 0.0 0.0 0.0 0.0 0.0 0.0 0.0 
3.374521493911743 -64.55245208740234 151.15846252441406 0.28664296865463257 -122.32969665527344 -56.98884582519531 -110.34921264648438 6.479508876800537 71.74124908447266 -174.66036987304688 -10.826570510864258 -42.3983268737793 139.31988525390625 350.5248107910156 88.78715515136719 150.42576599121094 -128.10763549804688 -157.06752014160156 -82.7681655883789 -12.04921817779541 output 1 6 10 4 3 9 5 7 8 2 indices 2 -1 3 4 -1 1 3 4 2 1 -1 4 2 1 3 -1 2 1 3 4 2 1 3 4 -1 3 1 2 2 1 3 4 2 1 3 4 2 1 3 4 value 0.0 0.0 0.0 0.0 0.0 0.0 0.0 0.0 0.0 0.0 0.0 0.0 0.0 0.0 0.0 0.0 0.0 0.0 0.0 0.0 0.0 0.0 0.0 0.0 10.0 0.0 0.0 0.0 0.0 0.0 0.0 0.0 0.0 0.0 0.0 0.0 0.0 0.0 0.0 0.0 
183.28636169433594 301.9689636230469 -100.92557525634766 185.5059814453125 128.7162628173828 38.26374435424805 -106.87449645996094 -310.968017578125 115.59523010253906 308.82080078125 -85.80550384521484 180.6258544921875 -106.42240142822266 164.6627960205078 -65.32875061035156 -352.14337158203125 32.330081939697266 -243.73098754882812 5.428788185119629 -273.0057678222656 output 1 5 9 10 8 4 7 2 6 3 indices -1 4 2 3 -1 1 3 4 2 1 -1 4 2 1 3 -1 2 1 3 4 2 1 3 4 2 1 3 4 2 1 3 4 2 1 3 4 2 1 3 4 value 10.0 0.0 0.0 0.0 0.0 0.0 0.0 0.0 0.0 0.0 0.0 0.0 0.0 0.0 0.0 0.0 0.0 0.0 0.0 0.0 0.0 0.0 0.0 0.0 0.0 0.0 0.0 0.0 0.0 0.0 0.0 0.0 0.0 0.0 0.0 0.0 0.0 0.0 0.0 0.0 
110.03279113769531 86.9497299194336 -31.930919647216797 -358.11773681640625 60.0709342956543 -213.9847412109375 -12.808941841125488 -103.67115020751953 31.809459686279297 282.67828369140625 -144.2850341796875 -151.73699951171875 -45.62269973754883 268.0150451660156 96.10032653808594 142.74403381347656 -4.175629615783691 -237.80966186523438 -59.19029235839844 284.9331970214844 output 10 7 5 8 1 3 9 4 6 2 indices 2 -1 3 4 -1 1 3 4 2 1 -1 4 2 1 3 -1 -1 3 1 2 2 1 3 4 2 1 3 4 2 1 3 4 2 1 3 4 2 1 3 4 value 0.0 0.0 0.0 0.0 0.0 0.0 0.0 0.0 0.0 0.0 0.0 0.0 0.0 0.0 0.0 0.0 10.0 0.0 0.0 0.0 0.0 0.0 0.0 0.0 0.0 0.0 0.0 0.0 0.0 0.0 0.0 0.0 0.0 0.0 0.0 0.0 0.0 0.0 0.0 0.0 
107.9676742553711 195.6029052734375 -138.42453002929688 -26.144344329833984 94.25721740722656 -72.58907318115234 161.9170684814453 107.23055267333984 22.284828186035156 -180.69671630859375 109.64736938476562 58.68896484375 -184.51214599609375 -105.16064453125 14.065898895263672 78.85816955566406 -14.578469276428223 219.4855499267578 -172.62490844726562 -275.2753601074219 output 10 7 2 5 3 4 1 6 8 9 indices 2 -1 3 4 -1 1 3 4 2 1 -1 4 2 1 3 -1 2 1 3 4 2 1 3 4 2 1 3 4 2 1 3 4 -1 3 1 2 2 1 3 4 value 0.0 0.0 0.0 0.0 0.0 0.0 0.0 0.0 0.0 0.0 0.0 0.0 0.0 0.0 0.0 0.0 0.0 0.0 0.0 0.0 0.0 0.0 0.0 0.0 0.0 0.0 0.0 0.0 0.0 0.0 0.0 0.0 10.0 0.0 0.0 0.0 0.0 0.0 0.0 0.0 
1.9258754253387451 152.898193359375 -147.92349243164062 -4.083038806915283 -19.943927764892578 -209.61923217773438 -155.77203369140625 254.59429931640625 19.217302322387695 -109.25309753417969 119.28131866455078 -147.88868713378906 -23.1519832611084 237.7987823486328 -22.55327796936035 -55.43498229980469 93.8062515258789 -65.81047821044922 135.1139678955078 -53.20176315307617 output 1 7 4 2 8 5 3 6 9 10 indices 2 -1 3 4 -1 1 3 4 2 1 -1 4 2 1 3 -1 2 1 3 4 2 1 3 4 -1 3 1 2 2 1 3 4 2 1 3 4 2 1 3 4 value 0.0 0.0 0.0 0.0 0.0 0.0 0.0 0.0 0.0 0.0 0.0 0.0 0.0 0.0 0.0 0.0 0.0 0.0 0.0 0.0 0.0 0.0 0.0 0.0 10.0 0.0 0.0 0.0 0.0 0.0 0.0 0.0 0.0 0.0 0.0 0.0 0.0 0.0 0.0 0.0 
21.703397750854492 -48.63663864135742 -168.71095275878906 181.16952514648438 129.95294189453125 -52.27065658569336 -66.99874114990234 88.0665512084961 115.48912048339844 6.452582359313965 -125.30589294433594 -158.75828552246094 -92.49738311767578 162.8794708251953 148.50514221191406 -108.21684265136719 -76.45556640625 240.9698486328125 114.31793975830078 -311.65557861328125 output 9 7 4 2 6 1 5 3 8 10 indices 2 -1 3 4 -1 1 3 4 2 1 -1 4 2 1 3 -1 2 1 3 4 2 1 3 4 2 1 3 4 2 1 3 4 -1 3 1 2 2 1 3 4 value 0.0 0.0 0.0 0.0 0.0 0.0 0.0 0.0 0.0 0.0 0.0 0.0 0.0 0.0 0.0 0.0 0.0 0.0 0.0 0.0 0.0 0.0 0.0 0.0 0.0 0.0 0.0 0.0 0.0 0.0 0.0 0.0 10.0 0.0 0.0 0.0 0.0 0.0 0.0 0.0 
-141.24594116210938 -20.209495544433594 109.64034271240234 238.34661865234375 38.60304641723633 359.7254943847656 -115.17472076416016 118.47513580322266 119.00617218017578 -45.774166107177734 -83.63581848144531 -201.02943420410156 26.84544563293457 -311.28240966796875 -35.190956115722656 -138.87530517578125 128.37789916992188 13.521530151367188 -47.2254753112793 -12.897967338562012 output 6 7 3 2 9 5 10 4 1 8 indices 2 -1 3 4 -1 1 3 4 -1 4 1 2 2 1 3 -1 2 1 3 4 2 1 3 4 2 1 3 4 2 1 3 4 2 1 3 4 2 1 3 4 value 0.0 0.0 0.0 0.0 0.0 0.0 0.0 0.0 10.0 0.0 0.0 0.0 0.0 0.0 0.0 0.0 0.0 0.0 0.0 0.0 0.0 0.0 0.0 0.0 0.0 0.0 0.0 0.0 0.0 0.0 0.0 0.0 0.0 0.0 0.0 0.0 0.0 0.0 0.0 0.0 
38.221744537353516 125.2431640625 -143.80355834960938 265.243896484375 -85.43647003173828 -83.02840423583984 41.338871002197266 -99.79517364501953 -166.4251708984375 -243.95135498046875 150.14053344726562 30.170900344848633 34.846824645996094 40.999412536621094 -21.87583351135254 -192.310302734375 128.2001495361328 -12.04943561553955 24.79291534423828 169.477294921875 output 8 4 6 9 7 1 10 2 5 3 indices 2 -1 3 4 -1 4 1 3 2 1 -1 4 2 1 3 -1 2 1 3 4 2 1 3 4 2 1 3 4 2 1 3 4 2 1 3 4 2 1 3 4 value 0.0 0.0 0.0 0.0 10.0 0.0 0.0 0.0 0.0 0.0 0.0 0.0 0.0 0.0 0.0 0.0 0.0 0.0 0.0 0.0 0.0 0.0 0.0 0.0 0.0 0.0 0.0 0.0 0.0 0.0 0.0 0.0 0.0 0.0 0.0 0.0 0.0 0.0 0.0 0.0 
-117.82657623291016 221.79876708984375 -89.98198699951172 130.56202697753906 47.96943664550781 113.86017608642578 -118.72347259521484 0.1282605230808258 152.39474487304688 -263.5108947753906 177.2802276611328 15.039464950561523 112.06005096435547 -258.5137023925781 -66.35892486572266 413.50537109375 -24.631874084472656 -151.45053100585938 -72.1816177368164 -221.41893005371094 output 6 5 7 9 10 8 1 4 2 3 indices 2 -1 3 4 -1 1 3 4 2 1 -1 4 2 1 3 -1 2 1 3 4 2 1 3 4 2 1 3 4 -1 3 1 2 2 1 3 4 2 1 3 4 value 0.0 0.0 0.0 0.0 0.0 0.0 0.0 0.0 0.0 0.0 0.0 0.0 0.0 0.0 0.0 0.0 0.0 0.0 0.0 0.0 0.0 0.0 0.0 0.0 0.0 0.0 0.0 0.0 10.0 0.0 0.0 0.0 0.0 0.0 0.0 0.0 0.0 0.0 0.0 0.0 
-188.32803344726562 364.1525573730469 -56.622798919677734 -174.51962280273438 -60.58755874633789 227.1031951904297 160.19227600097656 -20.57015037536621 -0.20227225124835968 206.47723388671875 -160.61416625976562 -7.398375034332275 157.692138671875 -86.93872833251953 107.85101318359375 -194.40066528320312 -57.39725112915039 -189.43553161621094 98.01665496826172 -124.46990966796875 output 10 8 7 4 5 3 1 6 9 2 indices -1 4 2 3 -1 1 3 4 2 1 -1 4 2 1 3 -1 2 1 3 4 2 1 3 4 2 1 3 4 2 1 3 4 2 1 3 4 2 1 3 4 value 10.0 0.0 0.0 0.0 0.0 0.0 0.0 0.0 0.0 0.0 0.0 0.0 0.0 0.0 0.0 0.0 0.0 0.0 0.0 0.0 0.0 0.0 0.0 0.0 0.0 0.0 0.0 0.0 0.0 0.0 0.0 0.0 0.0 0.0 0.0 0.0 0.0 0.0 0.0 0.0 
58.5053825378418 323.4327697753906 -16.168031692504883 -175.60728454589844 65.5206069946289 4.7771453857421875 4.966310024261475 -63.386131286621094 -85.18550872802734 -92.3873062133789 102.59562683105469 186.02220153808594 -35.914451599121094 195.24501037597656 -20.892337799072266 -86.43187713623047 119.24373626708984 -99.96125030517578 -192.6713409423828 -191.70326232910156 output 1 7 10 5 2 8 4 3 9 6 indices -1 4 2 3 -1 1 3 4 2 1 -1 4 2 1 3 -1 2 1 3 4 2 1 3 4 2 1 3 4 2 1 3 4 2 1 3 4 2 1 3 4 value 10.0 0.0 0.0 0.0 0.0 0.0 0.0 0.0 0.0 0.0 0.0 0.0 0.0 0.0 0.0 0.0 0.0 0.0 0.0 0.0 0.0 0.0 0.0 0.0 0.0 0.0 0.0 0.0 0.0 0.0 0.0 0.0 0.0 0.0 0.0 0.0 0.0 0.0 0.0 0.0 
120.1273422241211 -271.0214538574219 -64.70064544677734 -186.78538513183594 -81.42053985595703 -224.19325256347656 169.08096313476562 121.95289611816406 -128.82522583007812 118.3474349975586 -81.9341049194336 143.33087158203125 142.1856231689453 -303.79931640625 -99.77974700927734 50.993202209472656 -65.49295806884766 321.0837707519531 90.75928497314453 230.0912322998047 output 9 6 8 5 3 2 1 7 4 10 indices 2 -1 3 4 -1 1 3 4 2 1 -1 4 2 1 3 -1 2 1 3 4 2 1 3 4 2 1 3 4 2 1 3 4 -1 3 1 2 2 1 3 4 value 0.0 0.0 0.0 0.0 0.0 0.0 0.0 0.0 0.0 0.0 0.0 0.0 0.0 0.0 0.0 0.0 0.0 0.0 0.0 0.0 0.0 0.0 0.0 0.0 0.0 0.0 0.0 0.0 0.0 0.0 0.0 0.0 10.0 0.0 0.0 0.0 0.0 0.0 0.0 0.0 
-18.169998168945312 -160.60435485839844 -76.1947250366211 -302.9739074707031 -70.66783142089844 13.846041679382324 -174.85369873046875 228.44451904296875 49.501075744628906 272.73687744140625 -50.772151947021484 -189.67791748046875 48.08005142211914 -148.12158203125 128.39303588867188 297.2189025878906 24.098447799682617 67.45355987548828 140.58580017089844 -78.3221435546875 output 4 2 6 1 7 10 8 5 9 3 indices 2 -1 3 4 -1 1 3 4 2 1 -1 4 2 1 3 -1 2 1 3 4 2 1 3 4 2 1 3 4 -1 3 1 2 2 1 3 4 2 1 3 4 value 0.0 0.0 0.0 0.0 0.0 0.0 0.0 0.0 0.0 0.0 0.0 0.0 0.0 0.0 0.0 0.0 0.0 0.0 0.0 0.0 0.0 0.0 0.0 0.0 0.0 0.0 0.0 0.0 10.0 0.0 0.0 0.0 0.0 0.0 0.0 0.0 0.0 0.0 0.0 0.0 
150.27325439453125 326.0972900390625 125.8014907836914 188.83389282226562 -108.74109649658203 -243.65847778320312 155.0111846923828 61.510074615478516 27.67192268371582 -261.3579406738281 -83.32109069824219 -300.56414794921875 -73.56708526611328 -53.843719482421875 -102.61497497558594 29.552534103393555 96.35961151123047 -32.371482849121094 -186.8732147216797 285.8019714355469 output 7 8 10 3 6 5 1 2 4 9 indices -1 4 2 3 -1 1 3 4 2 1 -1 4 2 1 3 -1 2 1 3 4 2 1 3 4 2 1 3 4 2 1 3 4 2 1 3 4 2 1 3 4 value 10.0 0.0 0.0 0.0 0.0 0.0 0.0 0.0 0.0 0.0 0.0 0.0 0.0 0.0 0.0 0.0 0.0 0.0 0.0 0.0 0.0 0.0 0.0 0.0 0.0 0.0 0.0 0.0 0.0 0.0 0.0 0.0 0.0 0.0 0.0 0.0 0.0 0.0 0.0 0.0 
-24.494365692138672 -86.40392303466797 -3.8951141834259033 -291.2997131347656 -102.43067169189453 41.28851318359375 -161.3442840576172 -255.9788360595703 168.8129119873047 5.022166728973389 34.8232536315918 101.88146209716797 -31.918291091918945 278.1239318847656 41.68303680419922 32.11500549316406 25.785629272460938 24.50725746154785 52.977901458740234 150.744140625 output 9 8 6 10 5 2 7 4 3 1 indices 2 -1 3 4 -1 1 3 4 2 1 -1 4 2 1 3 -1 2 1 3 4 2 1 3 4 -1 3 1 2 2 1 3 4 2 1 3 4 2 1 3 4 value 0.0 0.0 0.0 0.0 0.0 0.0 0.0 0.0 0.0 0.0 0.0 0.0 0.0 0.0 0.0 0.0 0.0 0.0 0.0 0.0 0.0 0.0 0.0 0.0 10.0 0.0 0.0 0.0 0.0 0.0 0.0 0.0 0.0 0.0 0.0 0.0 0.0 0.0 0.0 0.0 
-27.31406021118164 259.194091796875 -79.06475067138672 -330.143798828125 115.15477752685547 -202.26368713378906 -22.110246658325195 -52.091129302978516 46.104251861572266 -212.4193878173828 116.75049591064453 -220.4458465576172 86.08065795898438 165.4077606201172 -170.30430603027344 303.1268615722656 15.78317928314209 179.91024780273438 -81.08000183105469 109.724853515625 output 3 5 4 10 8 2 1 9 7 6 indices 2 -1 3 4 -1 1 3 4 2 1 -1 4 2 1 3 -1 2 1 3 4 2 1 3 4 2 1 3 4 -1 3 1 2 2 1 3 4 2 1 3 4 value 0.0 0.0 0.0 0.0 0.0 0.0 0.0 0.0 0.0 0.0 0.0 0.0 0.0 0.0 0.0 0.0 0.0 0.0 0.0 0.0 0.0 0.0 0.0 0.0 0.0 0.0 0.0 0.0 10.0 0.0 0.0 0.0 0.0 0.0 0.0 0.0 0.0 0.0 0.0 0.0 
-133.7841796875 216.09371948242188 42.3624267578125 94.36238861083984 49.17334747314453 -26.57086753845215 81.9325942993164 118.95807647705078 51.774261474609375 -27.516887664794922 -75.71353912353516 -123.52538299560547 170.1003875732422 211.69879150390625 108.20841979980469 -426.647705078125 -146.21543884277344 234.27096557617188 -147.83828735351562 -271.12310791015625 output 7 8 1 9 10 6 3 5 2 4 indices 2 -1 3 4 -1 1 3 4 2 1 -1 4 2 1 3 -1 2 1 3 4 2 1 3 4 -1 3 1 2 2 1 3 4 2 1 3 4 2 1 3 4 value 0.0 0.0 0.0 0.0 0.0 0.0 0.0 0.0 0.0 0.0 0.0 0.0 0.0 0.0 0.0 0.0 0.0 0.0 0.0 0.0 0.0 0.0 0.0 0.0 10.0 0.0 0.0 0.0 0.0 0.0 0.0 0.0 0.0 0.0 0.0 0.0 0.0 0.0 0.0 0.0 
-47.823280334472656 81.43070983886719 -37.16862869262695 224.03640747070312 144.88417053222656 386.11553955078125 -115.62203216552734 -271.40496826171875 -41.3853759765625 -66.20771789550781 81.48957824707031 -238.1549072265625 -11.490971565246582 46.27876281738281 -21.909671783447266 -94.17510223388672 -68.59380340576172 175.15040588378906 117.6200180053711 -243.06912231445312 output 1 7 5 8 6 10 3 2 9 4 indices 2 -1 3 4 -1 1 3 4 -1 4 1 2 2 1 3 -1 2 1 3 4 2 1 3 4 2 1 3 4 2 1 3 4 2 1 3 4 2 1 3 4 value 0.0 0.0 0.0 0.0 0.0 0.0 0.0 0.0 10.0 0.0 0.0 0.0 0.0 0.0 0.0 0.0 0.0 0.0 0.0 0.0 0.0 0.0 0.0 0.0 0.0 0.0 0.0 0.0 0.0 0.0 0.0 0.0 0.0 0.0 0.0 0.0 0.0 0.0 0.0 0.0 
80.05694580078125 176.89364624023438 -214.1329803466797 174.33065795898438 53.704612731933594 179.37135314941406 82.73389434814453 -273.15447998046875 -68.11844635009766 -242.1033172607422 -40.40658187866211 -220.86483764648438 13.036916732788086 57.98218536376953 69.30870819091797 -236.0182342529297 82.40351867675781 374.1427307128906 -58.58658981323242 9.420307159423828 output 6 5 2 10 7 3 1 9 4 8 indices 2 -1 3 4 -1 1 3 4 2 1 -1 4 2 1 3 -1 2 1 3 4 2 1 3 4 2 1 3 4 2 1 3 4 -1 3 1 2 2 1 3 4 value 0.0 0.0 0.0 0.0 0.0 0.0 0.0 0.0 0.0 0.0 0.0 0.0 0.0 0.0 0.0 0.0 0.0 0.0 0.0 0.0 0.0 0.0 0.0 0.0 0.0 0.0 0.0 0.0 0.0 0.0 0.0 0.0 10.0 0.0 0.0 0.0 0.0 0.0 0.0 0.0 
65.57182312011719 62.48225402832031 -111.15828704833984 -174.1831512451172 165.01437377929688 -176.90008544921875 -20.535884857177734 -134.766845703125 28.54507827758789 181.58973693847656 -84.0692367553711 233.24620056152344 78.97967529296875 254.61529541015625 -92.02779388427734 -41.06542205810547 -91.11249542236328 -29.44672203063965 60.79275131225586 -175.57127380371094 output 6 2 8 9 4 10 3 1 5 7 indices 2 -1 3 4 -1 1 3 4 2 1 -1 4 2 1 3 -1 2 1 3 4 2 1 3 4 -1 3 1 2 2 1 3 4 2 1 3 4 2 1 3 4 value 0.0 0.0 0.0 0.0 0.0 0.0 0.0 0.0 0.0 0.0 0.0 0.0 0.0 0.0 0.0 0.0 0.0 0.0 0.0 0.0 0.0 0.0 0.0 0.0 10.0 0.0 0.0 0.0 0.0 0.0 0.0 0.0 0.0 0.0 0.0 0.0 0.0 0.0 0.0 0.0 
-109.32586669921875 -169.60406494140625 76.34120178222656 -133.40000915527344 17.95583724975586 141.61619567871094 -128.11416625976562 232.48284912109375 112.98588562011719 -209.16403198242188 -3.2782626152038574 70.24772644042969 -167.2474365234375 224.5635223388672 103.59630584716797 -244.09603881835938 96.80655670166016 6.335514545440674 0.2799508571624756 81.01832580566406 output 7 4 3 10 6 9 5 8 2 1 indices 2 -1 3 4 -1 1 3 4 2 1 -1 4 -1 3 1 2 2 1 3 4 2 1 3 4 2 1 3 4 2 1 3 4 2 1 3 4 2 1 3 4 value 0.0 0.0 0.0 0.0 0.0 0.0 0.0 0.0 0.0 0.0 0.0 0.0 10.0 0.0 0.0 0.0 0.0 0.0 0.0 0.0 0.0 0.0 0.0 0.0 0.0 0.0 0.0 0.0 0.0 0.0 0.0 0.0 0.0 0.0 0.0 0.0 0.0 0.0 0.0 0.0 
-124.80422973632812 242.9687042236328 -146.31915283203125 142.30551147460938 85.05011749267578 16.897987365722656 116.73436737060547 116.78028869628906 25.494535446166992 -8.852907180786133 -136.4939727783203 106.54840850830078 -112.57859802246094 -326.4876708984375 190.5137176513672 -361.0253601074219 -89.15067291259766 198.6139373779297 191.55389404296875 -127.74890899658203 output 5 3 10 8 4 9 1 7 2 6 indices -1 4 2 3 -1 1 3 4 2 1 -1 4 2 1 3 -1 2 1 3 4 2 1 3 4 2 1 3 4 2 1 3 4 2 1 3 4 2 1 3 4 value 10.0 0.0 0.0 0.0 0.0 0.0 0.0 0.0 0.0 0.0 0.0 0.0 0.0 0.0 0.0 0.0 0.0 0.0 0.0 0.0 0.0 0.0 0.0 0.0 0.0 0.0 0.0 0.0 0.0 0.0 0.0 0.0 0.0 0.0 0.0 0.0 0.0 0.0 0.0 0.0 
71.20973205566406 219.4803924560547 26.712182998657227 184.08932495117188 8.186759948730469 6.503293991088867 -15.626396179199219 -284.86090087890625 112.55903625488281 -352.3155822753906 -12.077390670776367 217.70791625976562 19.47150993347168 261.33160400390625 -113.840576171875 0.7324397563934326 -62.86262130737305 -108.52965545654297 -33.73223114013672 -144.1388397216797 output 1 7 6 2 3 8 9 10 4 5 indices 2 -1 3 4 -1 1 3 4 2 1 -1 4 2 1 3 -1 2 1 3 4 2 1 3 4 -1 3 1 2 2 1 3 4 2 1 3 4 2 1 3 4 value 0.0 0.0 0.0 0.0 0.0 0.0 0.0 0.0 0.0 0.0 0.0 0.0 0.0 0.0 0.0 0.0 0.0 0.0 0.0 0.0 0.0 0.0 0.0 0.0 10.0 0.0 0.0 0.0 0.0 0.0 0.0 0.0 0.0 0.0 0.0 0.0 0.0 0.0 0.0 0.0 
21.77470588684082 207.1661376953125 65.12580108642578 -14.986292839050293 -195.18008422851562 215.4925079345703 -118.37460327148438 -159.15631103515625 -43.88069152832031 180.6029510498047 87.721923828125 -185.46192932128906 19.66272735595703 -226.2686767578125 76.38804626464844 -402.0201721191406 79.3905029296875 261.9284362792969 7.371669769287109 122.70333099365234 output 1 10 5 3 4 7 2 6 8 9 indices 2 -1 3 4 -1 1 3 4 2 1 -1 4 2 1 3 -1 2 1 3 4 2 1 3 4 2 1 3 4 2 1 3 4 -1 3 1 2 2 1 3 4 value 0.0 0.0 0.0 0.0 0.0 0.0 0.0 0.0 0.0 0.0 0.0 0.0 0.0 0.0 0.0 0.0 0.0 0.0 0.0 0.0 0.0 0.0 0.0 0.0 0.0 0.0 0.0 0.0 0.0 0.0 0.0 0.0 10.0 0.0 0.0 0.0 0.0 0.0 0.0 0.0 
41.297210693359375 284.2913513183594 -39.834129333496094 -20.47942352294922 -161.83392333984375 185.7301483154297 2.2127463817596436 25.047101974487305 87.7158203125 -263.942626953125 29.459882736206055 -167.6287841796875 77.92369079589844 -210.71287536621094 110.05722045898438 285.0799255371094 -96.08007049560547 34.789920806884766 -50.91845703125 -152.1747589111328 output 3 9 4 2 10 6 7 5 8 1 indices 2 -1 3 4 -1 1 3 4 2 1 -1 4 2 1 3 -1 2 1 3 4 2 1 3 4 2 1 3 4 -1 3 1 2 2 1 3 4 2 1 3 4 value 0.0 0.0 0.0 0.0 0.0 0.0 0.0 0.0 0.0 0.0 0.0 0.0 0.0 0.0 0.0 0.0 0.0 0.0 0.0 0.0 0.0 0.0 0.0 0.0 0.0 0.0 0.0 0.0 10.0 0.0 0.0 0.0 0.0 0.0 0.0 0.0 0.0 0.0 0.0 0.0 
10.388623237609863 77.39164733886719 73.97611999511719 -264.2127685546875 -75.00310516357422 251.78199768066406 95.6114730834961 -188.40191650390625 92.51301574707031 -255.56723022460938 -143.17759704589844 276.05694580078125 -136.15394592285156 61.37818908691406 118.64718627929688 -18.302488327026367 48.70148468017578 340.1430358886719 -85.50325012207031 -280.2674255371094 output 4 5 2 9 10 6 7 3 1 8 indices 2 -1 3 4 -1 1 3 4 2 1 -1 4 2 1 3 -1 2 1 3 4 2 1 3 4 2 1 3 4 2 1 3 4 -1 3 1 2 2 1 3 4 value 0.0 0.0 0.0 0.0 0.0 0.0 0.0 0.0 0.0 0.0 0.0 0.0 0.0 0.0 0.0 0.0 0.0 0.0 0.0 0.0 0.0 0.0 0.0 0.0 0.0 0.0 0.0 0.0 0.0 0.0 0.0 0.0 10.0 0.0 0.0 0.0 0.0 0.0 0.0 0.0 
-26.27227210998535 -193.3026885986328 -104.6937026977539 -36.80207061767578 -173.3123779296875 -107.06988525390625 87.04097747802734 -192.53248596191406 -154.9176788330078 144.9833526611328 1.8591220378875732 -6.786393642425537 121.7779312133789 284.58526611328125 97.25178527832031 35.25493621826172 103.76547241210938 -116.9779052734375 47.500732421875 188.6478729248047 output 1 4 9 7 10 8 6 2 5 3 indices 2 -1 3 4 -1 1 3 4 2 1 -1 4 2 1 3 -1 2 1 3 4 2 1 3 4 -1 3 1 2 2 1 3 4 2 1 3 4 2 1 3 4 value 0.0 0.0 0.0 0.0 0.0 0.0 0.0 0.0 0.0 0.0 0.0 0.0 0.0 0.0 0.0 0.0 0.0 0.0 0.0 0.0 0.0 0.0 0.0 0.0 10.0 0.0 0.0 0.0 0.0 0.0 0.0 0.0 0.0 0.0 0.0 0.0 0.0 0.0 0.0 0.0 
-23.766817092895508 -329.0552673339844 1.622745394706726 89.11481475830078 -12.190190315246582 35.018856048583984 -197.1920166015625 199.09335327148438 72.95414733886719 -332.1543884277344 142.94638061523438 -135.9949493408203 -141.34088134765625 178.86697387695312 50.39524841308594 80.78948974609375 32.63813400268555 237.7660369873047 73.93324279785156 -23.44491958618164 output 1 5 6 10 3 2 8 9 7 4 indices 2 -1 3 4 -1 1 3 4 2 1 -1 4 2 1 3 -1 2 1 3 4 2 1 3 4 2 1 3 4 2 1 3 4 -1 3 1 2 2 1 3 4 value 0.0 0.0 0.0 0.0 0.0 0.0 0.0 0.0 0.0 0.0 0.0 0.0 0.0 0.0 0.0 0.0 0.0 0.0 0.0 0.0 0.0 0.0 0.0 0.0 0.0 0.0 0.0 0.0 0.0 0.0 0.0 0.0 10.0 0.0 0.0 0.0 0.0 0.0 0.0 0.0 
126.51073455810547 87.00471496582031 53.58707809448242 -45.268577575683594 -9.410656929016113 -144.59469604492188 55.21212387084961 -335.4951171875 9.038622856140137 255.87014770507812 50.39274978637695 59.154598236083984 17.775976181030273 115.17496490478516 -162.7735595703125 100.47227478027344 -35.92842483520508 99.05960083007812 -104.40464782714844 -191.37789916992188 output 1 4 5 7 9 8 10 3 2 6 indices 2 -1 3 4 -1 1 3 4 2 1 -1 4 2 1 3 -1 -1 3 1 2 2 1 3 4 2 1 3 4 2 1 3 4 2 1 3 4 2 1 3 4 value 0.0 0.0 0.0 0.0 0.0 0.0 0.0 0.0 0.0 0.0 0.0 0.0 0.0 0.0 0.0 0.0 10.0 0.0 0.0 0.0 0.0 0.0 0.0 0.0 0.0 0.0 0.0 0.0 0.0 0.0 0.0 0.0 0.0 0.0 0.0 0.0 0.0 0.0 0.0 0.0 
18.711210250854492 237.79971313476562 1.013301134109497 -225.7307891845703 118.13773345947266 -63.919620513916016 12.217120170593262 -248.91445922851562 -62.328582763671875 5.892122745513916 30.315275192260742 291.60595703125 162.62477111816406 -205.41481018066406 -3.650151491165161 113.28715515136719 -160.35633850097656 -7.600937843322754 -116.684326171875 102.99565887451172 output 5 8 1 6 7 3 4 2 9 10 indices 2 -1 3 4 -1 1 3 4 2 1 -1 4 2 1 3 -1 2 1 3 4 -1 3 1 2 2 1 3 4 2 1 3 4 2 1 3 4 2 1 3 4 value 0.0 0.0 0.0 0.0 0.0 0.0 0.0 0.0 0.0 0.0 0.0 0.0 0.0 0.0 0.0 0.0 0.0 0.0 0.0 0.0 10.0 0.0 0.0 0.0 0.0 0.0 0.0 0.0 0.0 0.0 0.0 0.0 0.0 0.0 0.0 0.0 0.0 0.0 0.0 0.0 
149.40585327148438 133.10910034179688 -183.45538330078125 -76.0335922241211 122.30636596679688 166.39186096191406 45.679344177246094 150.31021118164062 -34.55643844604492 45.72923278808594 41.711692810058594 -177.734375 63.87439727783203 108.3813705444336 -122.69000244140625 111.28418731689453 85.91970825195312 -231.79978942871094 -168.19554138183594 -229.63821411132812 output 1 3 4 7 5 8 2 10 6 9 indices 2 -1 3 4 -1 1 3 4 -1 4 1 2 2 1 3 -1 2 1 3 4 2 1 3 4 2 1 3 4 2 1 3 4 2 1 3 4 2 1 3 4 value 0.0 0.0 0.0 0.0 0.0 0.0 0.0 0.0 10.0 0.0 0.0 0.0 0.0 0.0 0.0 0.0 0.0 0.0 0.0 0.0 0.0 0.0 0.0 0.0 0.0 0.0 0.0 0.0 0.0 0.0 0.0 0.0 0.0 0.0 0.0 0.0 0.0 0.0 0.0 0.0 
-123.54253387451172 -48.6912727355957 104.09239959716797 10.867469787597656 -1.4939652681350708 257.98199462890625 99.14583587646484 -197.21707153320312 102.51676177978516 -156.04501342773438 75.46090698242188 248.0641326904297 -109.832763671875 -174.72926330566406 -66.0558090209961 -151.35655212402344 -45.12812042236328 116.21694946289062 -35.16271209716797 94.90863037109375 output 9 10 1 7 8 4 5 2 6 3 indices 2 -1 3 4 -1 1 3 4 2 1 -1 4 2 1 3 -1 2 1 3 4 -1 3 1 2 2 1 3 4 2 1 3 4 2 1 3 4 2 1 3 4 value 0.0 0.0 0.0 0.0 0.0 0.0 0.0 0.0 0.0 0.0 0.0 0.0 0.0 0.0 0.0 0.0 0.0 0.0 0.0 0.0 10.0 0.0 0.0 0.0 0.0 0.0 0.0 0.0 0.0 0.0 0.0 0.0 0.0 0.0 0.0 0.0 0.0 0.0 0.0 0.0 
-107.13545989990234 266.4223937988281 43.954219818115234 -61.45709228515625 -67.46746826171875 143.5584259033203 -187.19102478027344 -293.5084228515625 58.846195220947266 112.22480773925781 148.660888671875 -79.75503540039062 140.33578491210938 101.95376586914062 79.92558288574219 225.33755493164062 -158.85873413085938 -383.4377136230469 48.930015563964844 -31.33865737915039 output 5 8 7 6 10 2 4 9 1 3 indices -1 4 2 3 -1 1 3 4 2 1 -1 4 2 1 3 -1 2 1 3 4 2 1 3 4 2 1 3 4 2 1 3 4 2 1 3 4 2 1 3 4 value 10.0 0.0 0.0 0.0 0.0 0.0 0.0 0.0 0.0 0.0 0.0 0.0 0.0 0.0 0.0 0.0 0.0 0.0 0.0 0.0 0.0 0.0 0.0 0.0 0.0 0.0 0.0 0.0 0.0 0.0 0.0 0.0 0.0 0.0 0.0 0.0 0.0 0.0 0.0 0.0 
64.6406021118164 283.71221923828125 -59.66692352294922 -78.95293426513672 -79.58831024169922 124.34791564941406 65.20914459228516 -63.969154357910156 -5.459809303283691 -154.27488708496094 53.6307258605957 -172.29898071289062 -12.67818832397461 248.7562255859375 40.3082389831543 -21.090618133544922 38.65631866455078 -61.921669006347656 -105.05179595947266 -104.30812072753906 output 1 6 4 8 9 5 10 2 3 7 indices -1 4 2 3 -1 1 3 4 2 1 -1 4 2 1 3 -1 2 1 3 4 2 1 3 4 2 1 3 4 2 1 3 4 2 1 3 4 2 1 3 4 value 10.0 0.0 0.0 0.0 0.0 0.0 0.0 0.0 0.0 0.0 0.0 0.0 0.0 0.0 0.0 0.0 0.0 0.0 0.0 0.0 0.0 0.0 0.0 0.0 0.0 0.0 0.0 0.0 0.0 0.0 0.0 0.0 0.0 0.0 0.0 0.0 0.0 0.0 0.0 0.0 
101.67060089111328 -82.15259552001953 127.46260070800781 -312.61474609375 -58.75286865234375 -184.05908203125 -32.104129791259766 156.8730010986328 131.70201110839844 -316.5859069824219 -109.6335220336914 332.47119140625 -118.05677032470703 129.34654235839844 -81.90644836425781 325.65423583984375 163.36846923828125 -136.05984497070312 -123.74994659423828 87.1272201538086 output 1 3 8 6 10 7 4 5 2 9 indices 2 -1 3 4 -1 1 3 4 2 1 -1 4 2 1 3 -1 2 1 3 4 -1 3 1 2 2 1 3 4 2 1 3 4 2 1 3 4 2 1 3 4 value 0.0 0.0 0.0 0.0 0.0 0.0 0.0 0.0 0.0 0.0 0.0 0.0 0.0 0.0 0.0 0.0 0.0 0.0 0.0 0.0 10.0 0.0 0.0 0.0 0.0 0.0 0.0 0.0 0.0 0.0 0.0 0.0 0.0 0.0 0.0 0.0 0.0 0.0 0.0 0.0 
0.7715396285057068 -139.15054321289062 174.2406768798828 -61.843441009521484 -132.12973022460938 185.92318725585938 -132.046142578125 -154.36935424804688 -90.81625366210938 374.6493225097656 79.65933990478516 -194.7237091064453 105.12732696533203 -152.03427124023438 -111.76156616210938 -38.98958206176758 123.70690155029297 158.0677490234375 -16.75208282470703 22.470645904541016 output 4 8 10 9 2 7 6 1 5 3 indices 2 -1 3 4 -1 1 3 4 2 1 -1 4 2 1 3 -1 -1 3 1 2 2 1 3 4 2 1 3 4 2 1 3 4 2 1 3 4 2 1 3 4 value 0.0 0.0 0.0 0.0 0.0 0.0 0.0 0.0 0.0 0.0 0.0 0.0 0.0 0.0 0.0 0.0 10.0 0.0 0.0 0.0 0.0 0.0 0.0 0.0 0.0 0.0 0.0 0.0 0.0 0.0 0.0 0.0 0.0 0.0 0.0 0.0 0.0 0.0 0.0 0.0 
34.50066375732422 -261.8582458496094 48.28998565673828 307.4600524902344 103.24553680419922 367.1524963378906 -188.88360595703125 18.58892059326172 109.43842315673828 -292.88922119140625 -108.0596923828125 -232.75982666015625 111.48336791992188 31.167949676513672 119.1658706665039 68.17674255371094 -32.67710494995117 141.50335693359375 -196.50343322753906 -146.54220581054688 output 1 2 3 5 8 7 9 4 10 6 indices 2 -1 3 4 -1 1 3 4 -1 4 1 2 2 1 3 -1 2 1 3 4 2 1 3 4 2 1 3 4 2 1 3 4 2 1 3 4 2 1 3 4 value 0.0 0.0 0.0 0.0 0.0 0.0 0.0 0.0 10.0 0.0 0.0 0.0 0.0 0.0 0.0 0.0 0.0 0.0 0.0 0.0 0.0 0.0 0.0 0.0 0.0 0.0 0.0 0.0 0.0 0.0 0.0 0.0 0.0 0.0 0.0 0.0 0.0 0.0 0.0 0.0 
-58.8172492980957 316.1695556640625 52.32891845703125 -167.9826202392578 41.26266860961914 144.24679565429688 90.27709197998047 -153.39987182617188 -145.44027709960938 -220.53720092773438 6.840494155883789 34.00120162963867 -130.09561157226562 -21.737220764160156 158.58285522460938 297.53192138671875 -133.58981323242188 -95.9205551147461 118.65093231201172 -132.3720245361328 output 10 4 2 1 5 9 7 6 3 8 indices 2 -1 3 4 -1 1 3 4 2 1 -1 4 2 1 3 -1 2 1 3 4 2 1 3 4 2 1 3 4 -1 3 1 2 2 1 3 4 2 1 3 4 value 0.0 0.0 0.0 0.0 0.0 0.0 0.0 0.0 0.0 0.0 0.0 0.0 0.0 0.0 0.0 0.0 0.0 0.0 0.0 0.0 0.0 0.0 0.0 0.0 0.0 0.0 0.0 0.0 10.0 0.0 0.0 0.0 0.0 0.0 0.0 0.0 0.0 0.0 0.0 0.0 
-136.07699584960938 391.9713439941406 61.607242584228516 -42.90915298461914 168.60633850097656 198.15480041503906 -28.06085968017578 -232.79940795898438 -12.650341033935547 -183.13807678222656 110.36235046386719 -17.95301628112793 -92.15254211425781 397.4206237792969 -25.201190948486328 -130.77151489257812 -152.54446411132812 -209.45916748046875 106.11045837402344 -170.5164337158203 output 10 3 6 2 8 9 1 7 4 5 indices 2 -1 3 4 -1 1 3 4 2 1 -1 4 2 1 3 -1 2 1 3 4 2 1 3 4 -1 3 1 2 2 1 3 4 2 1 3 4 2 1 3 4 value 0.0 0.0 0.0 0.0 0.0 0.0 0.0 0.0 0.0 0.0 0.0 0.0 0.0 0.0 0.0 0.0 0.0 0.0 0.0 0.0 0.0 0.0 0.0 0.0 10.0 0.0 0.0 0.0 0.0 0.0 0.0 0.0 0.0 0.0 0.0 0.0 0.0 0.0 0.0 0.0 
122.8553237915039 -189.32354736328125 -68.92813110351562 -319.42205810546875 26.63593292236328 -261.47613525390625 -207.61492919921875 -282.2030944824219 31.640119552612305 191.9160919189453 121.60761260986328 182.02574157714844 -25.540796279907227 94.70975494384766 18.517879486083984 266.632080078125 -82.14382934570312 218.3899688720703 62.97081756591797 98.75119018554688 output 8 5 7 10 6 1 3 2 4 9 indices 2 -1 3 4 -1 1 3 4 2 1 -1 4 2 1 3 -1 2 1 3 4 2 1 3 4 2 1 3 4 -1 3 1 2 2 1 3 4 2 1 3 4 value 0.0 0.0 0.0 0.0 0.0 0.0 0.0 0.0 0.0 0.0 0.0 0.0 0.0 0.0 0.0 0.0 0.0 0.0 0.0 0.0 0.0 0.0 0.0 0.0 0.0 0.0 0.0 0.0 10.0 0.0 0.0 0.0 0.0 0.0 0.0 0.0 0.0 0.0 0.0 0.0 
-13.398432731628418 272.4830322265625 -41.76995849609375 307.3534851074219 -97.61751556396484 -140.2774200439453 16.543088912963867 -94.62528991699219 -78.06001281738281 -4.504983425140381 -121.67945098876953 14.862192153930664 -11.5947265625 -313.79107666015625 111.31201934814453 145.77586364746094 173.2799072265625 -137.0552215576172 62.98508071899414 -50.220584869384766 output 1 8 9 10 4 5 6 3 7 2 indices 2 -1 3 4 -1 4 1 3 2 1 -1 4 2 1 3 -1 2 1 3 4 2 1 3 4 2 1 3 4 2 1 3 4 2 1 3 4 2 1 3 4 value 0.0 0.0 0.0 0.0 10.0 0.0 0.0 0.0 0.0 0.0 0.0 0.0 0.0 0.0 0.0 0.0 0.0 0.0 0.0 0.0 0.0 0.0 0.0 0.0 0.0 0.0 0.0 0.0 0.0 0.0 0.0 0.0 0.0 0.0 0.0 0.0 0.0 0.0 0.0 0.0 
-91.73963165283203 163.86074829101562 1.5369049310684204 -49.55186462402344 -144.0336151123047 -68.94539642333984 14.360143661499023 -432.55633544921875 -92.4372329711914 -103.49948120117188 7.911853790283203 159.83070373535156 65.81232452392578 78.05561065673828 -32.28826904296875 115.65418243408203 67.9308853149414 -121.49507904052734 202.94664001464844 258.64691162109375 output 1 3 5 2 9 10 7 8 6 4 indices 2 -1 3 4 -1 1 3 4 2 1 -1 4 2 1 3 -1 2 1 3 4 2 1 3 4 2 1 3 4 2 1 3 4 2 1 3 4 -1 3 1 2 value 0.0 0.0 0.0 0.0 0.0 0.0 0.0 0.0 0.0 0.0 0.0 0.0 0.0 0.0 0.0 0.0 0.0 0.0 0.0 0.0 0.0 0.0 0.0 0.0 0.0 0.0 0.0 0.0 0.0 0.0 0.0 0.0 0.0 0.0 0.0 0.0 10.0 0.0 0.0 0.0 
197.558837890625 295.67962646484375 -65.78076934814453 126.87882995605469 63.01601028442383 251.25830078125 163.5574188232422 -4.434338569641113 -123.36734008789062 -149.1566162109375 -105.59513854980469 -297.64801025390625 -70.94009399414062 -170.0841827392578 79.9316635131836 -155.7024383544922 -0.37538576126098633 -89.32405853271484 -138.0052032470703 192.53286743164062 output 3 1 4 8 9 7 5 6 10 2 indices -1 4 2 3 -1 1 3 4 2 1 -1 4 2 1 3 -1 2 1 3 4 2 1 3 4 2 1 3 4 2 1 3 4 2 1 3 4 2 1 3 4 value 10.0 0.0 0.0 0.0 0.0 0.0 0.0 0.0 0.0 0.0 0.0 0.0 0.0 0.0 0.0 0.0 0.0 0.0 0.0 0.0 0.0 0.0 0.0 0.0 0.0 0.0 0.0 0.0 0.0 0.0 0.0 0.0 0.0 0.0 0.0 0.0 0.0 0.0 0.0 0.0 
-102.7948226928711 269.88165283203125 89.75487518310547 -303.6055908203125 30.973356246948242 -225.869384765625 72.38062286376953 116.19776153564453 -30.15597915649414 -153.74630737304688 -139.02462768554688 -186.5966339111328 -70.72622680664062 151.25607299804688 -20.95001983642578 -163.09617614746094 84.72351837158203 289.1956481933594 85.81929779052734 206.3829803466797 output 5 8 3 2 9 10 4 7 1 6 indices 2 -1 3 4 -1 1 3 4 2 1 -1 4 2 1 3 -1 2 1 3 4 2 1 3 4 2 1 3 4 2 1 3 4 -1 3 1 2 2 1 3 4 value 0.0 0.0 0.0 0.0 0.0 0.0 0.0 0.0 0.0 0.0 0.0 0.0 0.0 0.0 0.0 0.0 0.0 0.0 0.0 0.0 0.0 0.0 0.0 0.0 0.0 0.0 0.0 0.0 0.0 0.0 0.0 0.0 10.0 0.0 0.0 0.0 0.0 0.0 0.0 0.0 
145.2640838623047 -42.068145751953125 51.564659118652344 -64.65019226074219 -124.80247497558594 268.63983154296875 48.449764251708984 263.68951416015625 47.453453063964844 274.6439514160156 -65.49568176269531 -38.754119873046875 -135.91842651367188 -269.3426208496094 78.02686309814453 -304.22271728515625 57.84286117553711 173.16773986816406 -102.3851089477539 -261.1032409667969 output 8 5 4 9 1 2 6 3 7 10 indices 2 -1 3 4 -1 1 3 4 2 1 -1 4 2 1 3 -1 -1 3 1 2 2 1 3 4 2 1 3 4 2 1 3 4 2 1 3 4 2 1 3 4 value 0.0 0.0 0.0 0.0 0.0 0.0 0.0 0.0 0.0 0.0 0.0 0.0 0.0 0.0 0.0 0.0 10.0 0.0 0.0 0.0 0.0 0.0 0.0 0.0 0.0 0.0 0.0 0.0 0.0 0.0 0.0 0.0 0.0 0.0 0.0 0.0 0.0 0.0 0.0 0.0 
198.55918884277344 -84.32721710205078 24.923473358154297 40.1827392578125 -73.95112609863281 84.78096008300781 -118.49542236328125 37.08949661254883 132.4170379638672 -229.77532958984375 -77.43679809570312 389.11773681640625 114.4378662109375 -117.58175659179688 -24.800323486328125 191.75119018554688 -53.847042083740234 -95.1646728515625 -121.80685424804688 -216.07315063476562 output 1 2 3 8 6 10 4 9 7 5 indices 2 -1 3 4 -1 1 3 4 2 1 -1 4 2 1 3 -1 2 1 3 4 -1 3 1 2 2 1 3 4 2 1 3 4 2 1 3 4 2 1 3 4 value 0.0 0.0 0.0 0.0 0.0 0.0 0.0 0.0 0.0 0.0 0.0 0.0 0.0 0.0 0.0 0.0 0.0 0.0 0.0 0.0 10.0 0.0 0.0 0.0 0.0 0.0 0.0 0.0 0.0 0.0 0.0 0.0 0.0 0.0 0.0 0.0 0.0 0.0 0.0 0.0 
-48.844337463378906 198.16189575195312 41.35950469970703 183.39019775390625 -37.07315444946289 366.12042236328125 83.01266479492188 321.87042236328125 88.553466796875 -223.4613494873047 -111.53762817382812 -161.37550354003906 70.8200912475586 -231.35354614257812 -36.9129753112793 20.795948028564453 -84.988037109375 -279.5438232421875 35.61041259765625 -194.6046600341797 output 1 2 4 5 7 10 3 9 6 8 indices 2 -1 3 4 -1 1 3 4 -1 4 1 2 2 1 3 -1 2 1 3 4 2 1 3 4 2 1 3 4 2 1 3 4 2 1 3 4 2 1 3 4 value 0.0 0.0 0.0 0.0 0.0 0.0 0.0 0.0 10.0 0.0 0.0 0.0 0.0 0.0 0.0 0.0 0.0 0.0 0.0 0.0 0.0 0.0 0.0 0.0 0.0 0.0 0.0 0.0 0.0 0.0 0.0 0.0 0.0 0.0 0.0 0.0 0.0 0.0 0.0 0.0 
-103.7657699584961 211.9050750732422 -41.76053237915039 -209.8179168701172 36.927452087402344 -68.40642547607422 65.34001159667969 -192.0633544921875 -100.23797607421875 -65.28107452392578 88.48148345947266 8.64599323272705 148.62936401367188 100.11751556396484 -180.1839141845703 -173.00672912597656 103.74309539794922 483.4435119628906 -17.173229217529297 -95.5365982055664 output 9 4 2 8 1 5 10 3 6 7 indices 2 -1 3 4 -1 1 3 4 2 1 -1 4 2 1 3 -1 2 1 3 4 2 1 3 4 2 1 3 4 2 1 3 4 -1 3 1 2 2 1 3 4 value 0.0 0.0 0.0 0.0 0.0 0.0 0.0 0.0 0.0 0.0 0.0 0.0 0.0 0.0 0.0 0.0 0.0 0.0 0.0 0.0 0.0 0.0 0.0 0.0 0.0 0.0 0.0 0.0 0.0 0.0 0.0 0.0 10.0 0.0 0.0 0.0 0.0 0.0 0.0 0.0 
42.05996322631836 -124.55679321289062 -182.91993713378906 41.370487213134766 4.692920684814453 -89.03907775878906 -171.4880828857422 -234.1941375732422 -6.22055196762085 -345.6834411621094 -14.423707962036133 327.6999816894531 111.72887420654297 214.80975341796875 82.75611114501953 137.49429321289062 -8.811741828918457 310.62939453125 142.62615966796875 -238.5304718017578 output 1 3 2 4 5 6 9 8 7 10 indices 2 -1 3 4 -1 1 3 4 2 1 -1 4 2 1 3 -1 2 1 3 4 -1 3 1 2 2 1 3 4 2 1 3 4 2 1 3 4 2 1 3 4 value 0.0 0.0 0.0 0.0 0.0 0.0 0.0 0.0 0.0 0.0 0.0 0.0 0.0 0.0 0.0 0.0 0.0 0.0 0.0 0.0 10.0 0.0 0.0 0.0 0.0 0.0 0.0 0.0 0.0 0.0 0.0 0.0 0.0 0.0 0.0 0.0 0.0 0.0 0.0 0.0 
-101.87198638916016 -247.50840759277344 -102.69940948486328 -76.42000579833984 3.3750054836273193 -85.51868438720703 230.1597137451172 -89.80095672607422 -112.51988983154297 285.3260803222656 -6.278229713439941 286.2328796386719 118.94956970214844 297.43841552734375 2.4406940937042236 -254.369873046875 -52.20128631591797 -45.601749420166016 20.64582061767578 -69.7776870727539 output 9 3 10 4 7 6 8 1 5 2 indices 2 -1 3 4 -1 1 3 4 2 1 -1 4 2 1 3 -1 2 1 3 4 2 1 3 4 -1 3 1 2 2 1 3 4 2 1 3 4 2 1 3 4 value 0.0 0.0 0.0 0.0 0.0 0.0 0.0 0.0 0.0 0.0 0.0 0.0 0.0 0.0 0.0 0.0 0.0 0.0 0.0 0.0 0.0 0.0 0.0 0.0 10.0 0.0 0.0 0.0 0.0 0.0 0.0 0.0 0.0 0.0 0.0 0.0 0.0 0.0 0.0 0.0 
-74.45740509033203 -318.82958984375 132.44639587402344 239.67877197265625 67.47937774658203 223.43051147460938 -12.693746566772461 175.187255859375 -175.01785278320312 239.0390167236328 -78.65873718261719 54.904300689697266 106.12840270996094 -151.4164276123047 -181.54940795898438 79.58118438720703 97.3225326538086 -379.57952880859375 119.00044250488281 -161.99551391601562 output 1 5 8 6 4 3 2 10 7 9 indices 2 -1 3 4 -1 4 1 3 2 1 -1 4 2 1 3 -1 2 1 3 4 2 1 3 4 2 1 3 4 2 1 3 4 2 1 3 4 2 1 3 4 value 0.0 0.0 0.0 0.0 10.0 0.0 0.0 0.0 0.0 0.0 0.0 0.0 0.0 0.0 0.0 0.0 0.0 0.0 0.0 0.0 0.0 0.0 0.0 0.0 0.0 0.0 0.0 0.0 0.0 0.0 0.0 0.0 0.0 0.0 0.0 0.0 0.0 0.0 0.0 0.0 
49.34744644165039 -130.048583984375 -14.560529708862305 -182.59115600585938 -113.54472351074219 -145.5511474609375 22.431333541870117 -33.742706298828125 198.62086486816406 60.35248947143555 -7.12015962600708 101.2494888305664 -113.84709930419922 89.52965545654297 -51.81271743774414 -234.33914184570312 131.0307159423828 93.04432678222656 -100.54512023925781 382.0967712402344 output 1 2 8 10 3 7 6 9 5 4 indices 2 -1 3 4 -1 1 3 4 2 1 -1 4 2 1 3 -1 2 1 3 4 2 1 3 4 2 1 3 4 2 1 3 4 2 1 3 4 -1 3 1 2 value 0.0 0.0 0.0 0.0 0.0 0.0 0.0 0.0 0.0 0.0 0.0 0.0 0.0 0.0 0.0 0.0 0.0 0.0 0.0 0.0 0.0 0.0 0.0 0.0 0.0 0.0 0.0 0.0 0.0 0.0 0.0 0.0 0.0 0.0 0.0 0.0 10.0 0.0 0.0 0.0 
70.11729431152344 -57.23457336425781 8.753300666809082 135.98684692382812 -27.480024337768555 83.41231536865234 20.741947174072266 137.3092803955078 122.56949615478516 -179.9488525390625 66.7131118774414 94.06510925292969 -29.037078857421875 -264.2795715332031 70.49298858642578 90.59951782226562 -139.84912109375 -98.2889633178711 -163.0219268798828 58.378875732421875 output 9 10 3 2 4 6 8 1 5 7 indices 2 -1 3 4 -1 1 3 4 2 1 -1 4 -1 3 1 2 2 1 3 4 2 1 3 4 2 1 3 4 2 1 3 4 2 1 3 4 2 1 3 4 value 0.0 0.0 0.0 0.0 0.0 0.0 0.0 0.0 0.0 0.0 0.0 0.0 10.0 0.0 0.0 0.0 0.0 0.0 0.0 0.0 0.0 0.0 0.0 0.0 0.0 0.0 0.0 0.0 0.0 0.0 0.0 0.0 0.0 0.0 0.0 0.0 0.0 0.0 0.0 0.0 
153.01609802246094 -232.27471923828125 -140.43995666503906 124.76349639892578 98.82664489746094 -115.53077697753906 71.29531860351562 249.0587921142578 -74.4820556640625 186.28289794921875 -74.39199829101562 29.414949417114258 -114.23583221435547 392.3103942871094 58.85691833496094 -140.6091766357422 148.91563415527344 -276.52825927734375 -127.36077117919922 -216.88758850097656 output 1 3 8 10 7 2 6 5 4 9 indices 2 -1 3 4 -1 1 3 4 2 1 -1 4 2 1 3 -1 2 1 3 4 2 1 3 4 -1 3 1 2 2 1 3 4 2 1 3 4 2 1 3 4 value 0.0 0.0 0.0 0.0 0.0 0.0 0.0 0.0 0.0 0.0 0.0 0.0 0.0 0.0 0.0 0.0 0.0 0.0 0.0 0.0 0.0 0.0 0.0 0.0 10.0 0.0 0.0 0.0 0.0 0.0 0.0 0.0 0.0 0.0 0.0 0.0 0.0 0.0 0.0 0.0 
-136.0316162109375 -50.646278381347656 100.4814682006836 -97.72746276855469 30.32199478149414 98.47469329833984 13.79454517364502 -186.290771484375 -120.85960388183594 -50.037864685058594 46.7922248840332 306.6020202636719 -55.903629302978516 164.03135681152344 151.56658935546875 -165.40196228027344 -120.63871765136719 -253.58128356933594 90.47673034667969 234.5775604248047 output 7 3 10 6 8 2 4 9 1 5 indices 2 -1 3 4 -1 1 3 4 2 1 -1 4 2 1 3 -1 2 1 3 4 -1 3 1 2 2 1 3 4 2 1 3 4 2 1 3 4 2 1 3 4 value 0.0 0.0 0.0 0.0 0.0 0.0 0.0 0.0 0.0 0.0 0.0 0.0 0.0 0.0 0.0 0.0 0.0 0.0 0.0 0.0 10.0 0.0 0.0 0.0 0.0 0.0 0.0 0.0 0.0 0.0 0.0 0.0 0.0 0.0 0.0 0.0 0.0 0.0 0.0 0.0 
-15.071736335754395 242.02960205078125 -5.400303363800049 83.76964569091797 105.80361938476562 -3.3261399269104004 -155.49603271484375 -271.8555908203125 -112.1958236694336 -306.3312072753906 92.21573638916016 264.29400634765625 -21.621110916137695 -45.804710388183594 -43.80449295043945 271.63018798828125 74.66850280761719 73.13514709472656 80.90164947509766 -307.54095458984375 output 5 4 7 2 9 3 10 6 1 8 indices 2 -1 3 4 -1 1 3 4 2 1 -1 4 2 1 3 -1 2 1 3 4 -1 3 1 2 2 1 3 4 2 1 3 4 2 1 3 4 2 1 3 4 value 0.0 0.0 0.0 0.0 0.0 0.0 0.0 0.0 0.0 0.0 0.0 0.0 0.0 0.0 0.0 0.0 0.0 0.0 0.0 0.0 10.0 0.0 0.0 0.0 0.0 0.0 0.0 0.0 0.0 0.0 0.0 0.0 0.0 0.0 0.0 0.0 0.0 0.0 0.0 0.0 
23.7878475189209 310.49346923828125 -144.48468017578125 205.07467651367188 130.7808380126953 -267.5230407714844 -161.51089477539062 -261.26470947265625 102.53856658935547 -227.50341796875 15.325057983398438 -183.16168212890625 -117.1456069946289 -120.26300048828125 108.95558166503906 189.03672790527344 -35.3552360534668 -18.872316360473633 77.10851287841797 373.9833068847656 output 2 4 7 9 6 5 3 8 10 1 indices 2 -1 3 4 -1 1 3 4 2 1 -1 4 2 1 3 -1 2 1 3 4 2 1 3 4 2 1 3 4 2 1 3 4 2 1 3 4 -1 3 1 2 value 0.0 0.0 0.0 0.0 0.0 0.0 0.0 0.0 0.0 0.0 0.0 0.0 0.0 0.0 0.0 0.0 0.0 0.0 0.0 0.0 0.0 0.0 0.0 0.0 0.0 0.0 0.0 0.0 0.0 0.0 0.0 0.0 0.0 0.0 0.0 0.0 10.0 0.0 0.0 0.0 
-94.78814697265625 -32.003501892089844 -42.59359359741211 194.1656036376953 -98.83612823486328 155.9845428466797 10.767117500305176 166.59127807617188 21.88960075378418 62.36659240722656 -53.62046813964844 -135.84249877929688 35.3752555847168 -457.2156677246094 190.65049743652344 -68.4890365600586 24.594985961914062 182.9287567138672 6.560881614685059 -68.486083984375 output 6 1 3 2 7 9 4 5 8 10 indices 2 -1 3 4 -1 9 1 3 2 1 -1 4 2 1 3 -1 2 1 3 4 2 1 3 4 2 1 3 4 2 1 3 4 2 -1 1 3 2 1 3 4 value 0.0 0.0 0.0 0.0 10.0 5.73123024190901e-14 0.0 0.0 0.0 0.0 0.0 0.0 0.0 0.0 0.0 0.0 0.0 0.0 0.0 0.0 0.0 0.0 0.0 0.0 0.0 0.0 0.0 0.0 0.0 0.0 0.0 0.0 5.73123024190901e-14 9.55056833948461e-32 0.0 0.0 0.0 0.0 0.0 0.0 
-104.65091705322266 278.64788818359375 6.383664608001709 -132.0216522216797 139.55685424804688 -220.13308715820312 113.21527862548828 77.44966125488281 -128.59613037109375 8.043587684631348 -69.34618377685547 249.14442443847656 -96.24992370605469 -41.8376350402832 111.17735290527344 -292.233154296875 11.823320388793945 251.13772583007812 16.686691284179688 -178.19775390625 output 7 5 1 6 9 4 3 8 10 2 indices -1 4 2 3 -1 1 3 4 2 1 -1 4 2 1 3 -1 2 1 3 4 2 1 3 4 2 1 3 4 2 1 3 4 2 1 3 4 2 1 3 4 value 10.0 0.0 0.0 0.0 0.0 0.0 0.0 0.0 0.0 0.0 0.0 0.0 0.0 0.0 0.0 0.0 0.0 0.0 0.0 0.0 0.0 0.0 0.0 0.0 0.0 0.0 0.0 0.0 0.0 0.0 0.0 0.0 0.0 0.0 0.0 0.0 0.0 0.0 0.0 0.0 
-165.93853759765625 -335.3336486816406 -113.65180206298828 -250.61380004882812 -81.82511138916016 291.4314880371094 22.650981903076172 212.61111450195312 81.70307922363281 154.13021850585938 -114.92058563232422 205.89097595214844 35.50179672241211 104.67725372314453 73.26058197021484 1.5879414081573486 101.53070831298828 -67.17810821533203 161.68887329101562 -317.20343017578125 output 1 6 7 8 9 10 5 4 3 2 indices 2 -1 3 4 -1 1 3 4 -1 4 1 2 2 1 3 -1 2 1 3 4 2 1 3 4 2 1 3 4 2 1 3 4 2 1 3 4 2 1 3 4 value 0.0 0.0 0.0 0.0 0.0 0.0 0.0 0.0 10.0 0.0 0.0 0.0 0.0 0.0 0.0 0.0 0.0 0.0 0.0 0.0 0.0 0.0 0.0 0.0 0.0 0.0 0.0 0.0 0.0 0.0 0.0 0.0 0.0 0.0 0.0 0.0 0.0 0.0 0.0 0.0 
183.28277587890625 -315.5877990722656 0.4844050705432892 391.3608703613281 -94.46597290039062 356.8952941894531 -41.401634216308594 213.77978515625 43.0343132019043 127.54988861083984 -95.99576568603516 -253.64593505859375 -19.340913772583008 -323.5323791503906 26.067974090576172 -235.69444274902344 35.30926513671875 133.33827209472656 -36.97445297241211 -94.46356201171875 output 1 5 9 4 3 6 10 8 7 2 indices 2 -1 3 4 -1 4 1 3 2 1 -1 4 2 1 3 -1 2 1 3 4 2 1 3 4 2 1 3 4 2 1 3 4 2 1 3 4 2 1 3 4 value 0.0 0.0 0.0 0.0 10.0 0.0 0.0 0.0 0.0 0.0 0.0 0.0 0.0 0.0 0.0 0.0 0.0 0.0 0.0 0.0 0.0 0.0 0.0 0.0 0.0 0.0 0.0 0.0 0.0 0.0 0.0 0.0 0.0 0.0 0.0 0.0 0.0 0.0 0.0 0.0 
64.13495635986328 -15.095410346984863 -76.72359466552734 -353.3165283203125 98.79510498046875 -330.54705810546875 79.61229705810547 -168.1607666015625 -172.72445678710938 112.28652954101562 39.1561393737793 130.92323303222656 104.65502166748047 -6.724783420562744 -73.58860778808594 191.456787109375 -173.1676788330078 98.49129486083984 109.85082244873047 340.68670654296875 output 9 5 8 6 1 7 4 10 3 2 indices 2 -1 3 4 -1 1 3 4 2 1 -1 4 2 1 3 -1 2 1 3 4 2 1 3 4 2 1 3 4 2 1 3 4 2 1 3 4 -1 3 1 2 value 0.0 0.0 0.0 0.0 0.0 0.0 0.0 0.0 0.0 0.0 0.0 0.0 0.0 0.0 0.0 0.0 0.0 0.0 0.0 0.0 0.0 0.0 0.0 0.0 0.0 0.0 0.0 0.0 0.0 0.0 0.0 0.0 0.0 0.0 0.0 0.0 10.0 0.0 0.0 0.0 
-39.56853485107422 211.59405517578125 -135.6873321533203 -96.80086517333984 30.843082427978516 -238.89540100097656 -68.45545196533203 -114.27662658691406 88.56784057617188 72.56636810302734 69.94760131835938 -171.3841552734375 129.73165893554688 171.1146240234375 -58.060096740722656 -192.6171417236328 2.2373993396759033 78.82039642333984 -19.556156158447266 279.8787536621094 output 4 8 3 6 7 5 9 1 10 2 indices 2 -1 3 4 -1 1 3 4 2 1 -1 4 2 1 3 -1 2 1 3 4 2 1 3 4 2 1 3 4 2 1 3 4 2 1 3 4 -1 3 1 2 value 0.0 0.0 0.0 0.0 0.0 0.0 0.0 0.0 0.0 0.0 0.0 0.0 0.0 0.0 0.0 0.0 0.0 0.0 0.0 0.0 0.0 0.0 0.0 0.0 0.0 0.0 0.0 0.0 0.0 0.0 0.0 0.0 0.0 0.0 0.0 0.0 10.0 0.0 0.0 0.0 
-36.50801467895508 145.0222930908203 156.24285888671875 -207.94448852539062 -95.12391662597656 -197.38241577148438 -165.2476348876953 244.7552032470703 136.9988250732422 -107.21099853515625 -11.066027641296387 233.9741973876953 50.48356246948242 -156.2452850341797 -12.561689376831055 -176.55198669433594 16.48625946044922 -131.23509216308594 -39.7042350769043 352.8185729980469 output 1 4 3 8 9 7 5 2 10 6 indices 2 -1 3 4 -1 1 3 4 2 1 -1 4 2 1 3 -1 2 1 3 4 2 1 3 4 2 1 3 4 2 1 3 4 2 1 3 4 -1 3 1 2 value 0.0 0.0 0.0 0.0 0.0 0.0 0.0 0.0 0.0 0.0 0.0 0.0 0.0 0.0 0.0 0.0 0.0 0.0 0.0 0.0 0.0 0.0 0.0 0.0 0.0 0.0 0.0 0.0 0.0 0.0 0.0 0.0 0.0 0.0 0.0 0.0 10.0 0.0 0.0 0.0 
30.818302154541016 243.55934143066406 62.982994079589844 212.38311767578125 35.58586883544922 -329.7679748535156 -94.64324188232422 -413.1186218261719 28.04312515258789 64.81238555908203 84.02296447753906 193.02940368652344 31.040672302246094 206.6183319091797 -153.89366149902344 -207.2283935546875 -166.11070251464844 41.238765716552734 142.15367126464844 -11.526352882385254 output 3 1 7 2 6 10 5 9 8 4 indices -1 4 2 3 -1 1 3 4 2 1 -1 4 2 1 3 -1 2 1 3 4 2 1 3 4 2 1 3 4 2 1 3 4 2 1 3 4 2 1 3 4 value 10.0 0.0 0.0 0.0 0.0 0.0 0.0 0.0 0.0 0.0 0.0 0.0 0.0 0.0 0.0 0.0 0.0 0.0 0.0 0.0 0.0 0.0 0.0 0.0 0.0 0.0 0.0 0.0 0.0 0.0 0.0 0.0 0.0 0.0 0.0 0.0 0.0 0.0 0.0 0.0 
111.8304443359375 169.78306579589844 -47.02503204345703 -60.51319122314453 -153.72669982910156 -116.2912826538086 67.58963775634766 -305.31805419921875 -205.27420043945312 -242.27178955078125 102.00169372558594 107.6423110961914 45.34159469604492 -92.54518127441406 33.377281188964844 111.17826843261719 -77.76187896728516 339.1805114746094 123.64715576171875 89.15534973144531 output 8 6 1 10 4 9 5 3 2 7 indices 2 -1 3 4 -1 1 3 4 2 1 -1 4 2 1 3 -1 2 1 3 4 2 1 3 4 2 1 3 4 2 1 3 4 -1 3 1 2 2 1 3 4 value 0.0 0.0 0.0 0.0 0.0 0.0 0.0 0.0 0.0 0.0 0.0 0.0 0.0 0.0 0.0 0.0 0.0 0.0 0.0 0.0 0.0 0.0 0.0 0.0 0.0 0.0 0.0 0.0 0.0 0.0 0.0 0.0 10.0 0.0 0.0 0.0 0.0 0.0 0.0 0.0 
0.5555688738822937 -206.4676971435547 81.18956756591797 -118.04590606689453 84.10432434082031 -48.99368667602539 84.99764251708984 304.7073669433594 -96.53237915039062 103.0606918334961 88.69417572021484 -222.31903076171875 -111.99422454833984 34.73645782470703 -22.342927932739258 219.04641723632812 -15.773513793945312 -63.847713470458984 -92.89822387695312 -1.876894474029541 output 1 6 4 8 5 7 10 9 3 2 indices 2 -1 3 4 -1 1 3 4 2 1 -1 4 -1 3 1 2 2 1 3 4 2 1 3 4 2 1 3 4 2 1 3 4 2 1 3 4 2 1 3 4 value 0.0 0.0 0.0 0.0 0.0 0.0 0.0 0.0 0.0 0.0 0.0 0.0 10.0 0.0 0.0 0.0 0.0 0.0 0.0 0.0 0.0 0.0 0.0 0.0 0.0 0.0 0.0 0.0 0.0 0.0 0.0 0.0 0.0 0.0 0.0 0.0 0.0 0.0 0.0 0.0 
-44.35944747924805 -65.53150177001953 3.4711410999298096 -218.83395385742188 133.2013702392578 59.07112121582031 -14.666871070861816 126.58111572265625 -94.63319396972656 26.80010414123535 -160.01759338378906 -394.8607177734375 96.51618194580078 152.4434356689453 99.91329193115234 109.62864685058594 111.55469512939453 2.1871042251586914 -130.9795684814453 202.51463317871094 output 1 2 3 9 8 7 4 10 6 5 indices 2 -1 3 4 -1 1 3 4 2 1 -1 4 2 1 3 -1 2 1 3 4 2 1 3 4 2 1 3 4 2 1 3 4 2 1 3 4 -1 3 1 2 value 0.0 0.0 0.0 0.0 0.0 0.0 0.0 0.0 0.0 0.0 0.0 0.0 0.0 0.0 0.0 0.0 0.0 0.0 0.0 0.0 0.0 0.0 0.0 0.0 0.0 0.0 0.0 0.0 0.0 0.0 0.0 0.0 0.0 0.0 0.0 0.0 10.0 0.0 0.0 0.0 
89.91976928710938 -95.79930877685547 -129.04322814941406 155.52635192871094 35.42853546142578 184.30914306640625 -40.96455764770508 -38.27119445800781 147.51260375976562 -287.0281982421875 -106.23178100585938 -169.638671875 65.05267333984375 -219.81211853027344 -103.07462310791016 61.95750427246094 -25.865598678588867 46.896324157714844 67.26620483398438 361.86016845703125 output 3 9 8 2 6 4 1 7 5 10 indices 2 -1 3 4 -1 1 3 4 2 1 -1 4 2 1 3 -1 2 1 3 4 2 1 3 4 2 1 3 4 2 1 3 4 2 1 3 4 -1 3 1 2 value 0.0 0.0 0.0 0.0 0.0 0.0 0.0 0.0 0.0 0.0 0.0 0.0 0.0 0.0 0.0 0.0 0.0 0.0 0.0 0.0 0.0 0.0 0.0 0.0 0.0 0.0 0.0 0.0 0.0 0.0 0.0 0.0 0.0 0.0 0.0 0.0 10.0 0.0 0.0 0.0 
-27.1223087310791 -84.82594299316406 -36.2659797668457 51.476444244384766 -30.30241584777832 155.0893096923828 -75.27410888671875 -169.7100067138672 87.13788604736328 160.7945098876953 42.87705993652344 206.435791015625 -62.512454986572266 -336.1672058105469 88.73641967773438 -104.17543029785156 0.9696740508079529 13.0112886428833 11.756231307983398 108.07124328613281 output 1 4 7 3 6 5 10 2 9 8 indices 2 -1 3 4 -1 1 3 4 2 1 -1 4 2 1 3 -1 2 1 3 4 -1 3 1 2 2 1 3 4 2 1 3 4 2 1 3 4 2 1 3 4 value 0.0 0.0 0.0 0.0 0.0 0.0 0.0 0.0 0.0 0.0 0.0 0.0 0.0 0.0 0.0 0.0 0.0 0.0 0.0 0.0 10.0 0.0 0.0 0.0 0.0 0.0 0.0 0.0 0.0 0.0 0.0 0.0 0.0 0.0 0.0 0.0 0.0 0.0 0.0 0.0 
